config_id,group,agents_per_gender,ticks,network,utility,conformism,rep,tick,seconds
pop_n25_t1,pop,25,1,watts_strogatz,ces,10,1,0,0.001226
pop_n25_t1,pop,25,1,watts_strogatz,ces,10,2,0,0.001215
pop_n25_t1,pop,25,1,watts_strogatz,ces,10,3,0,0.001214
pop_n25_t1,pop,25,1,watts_strogatz,ces,10,4,0,0.001225
pop_n25_t1,pop,25,1,watts_strogatz,ces,10,5,0,0.001214
pop_n25_t1,pop,25,1,watts_strogatz,ces,10,6,0,0.001232
pop_n25_t1,pop,25,1,watts_strogatz,ces,10,7,0,0.001216
pop_n25_t1,pop,25,1,watts_strogatz,ces,10,8,0,0.001215
pop_n25_t5,pop,25,5,watts_strogatz,ces,10,1,0,0.001227
pop_n25_t5,pop,25,5,watts_strogatz,ces,10,1,1,0.001230
pop_n25_t5,pop,25,5,watts_strogatz,ces,10,1,2,0.001247
pop_n25_t5,pop,25,5,watts_strogatz,ces,10,1,3,0.001225
pop_n25_t5,pop,25,5,watts_strogatz,ces,10,1,4,0.001259
pop_n25_t5,pop,25,5,watts_strogatz,ces,10,2,0,0.001237
pop_n25_t5,pop,25,5,watts_strogatz,ces,10,2,1,0.001224
pop_n25_t5,pop,25,5,watts_strogatz,ces,10,2,2,0.001221
pop_n25_t5,pop,25,5,watts_strogatz,ces,10,2,3,0.001230
pop_n25_t5,pop,25,5,watts_strogatz,ces,10,2,4,0.001241
pop_n25_t5,pop,25,5,watts_strogatz,ces,10,3,0,0.001223
pop_n25_t5,pop,25,5,watts_strogatz,ces,10,3,1,0.001227
pop_n25_t5,pop,25,5,watts_strogatz,ces,10,3,2,0.001226
pop_n25_t5,pop,25,5,watts_strogatz,ces,10,3,3,0.001234
pop_n25_t5,pop,25,5,watts_strogatz,ces,10,3,4,0.001242
pop_n25_t5,pop,25,5,watts_strogatz,ces,10,4,0,0.001232
pop_n25_t5,pop,25,5,watts_strogatz,ces,10,4,1,0.001222
pop_n25_t5,pop,25,5,watts_strogatz,ces,10,4,2,0.001237
pop_n25_t5,pop,25,5,watts_strogatz,ces,10,4,3,0.001230
pop_n25_t5,pop,25,5,watts_strogatz,ces,10,4,4,0.001236
pop_n25_t5,pop,25,5,watts_strogatz,ces,10,5,0,0.001229
pop_n25_t5,pop,25,5,watts_strogatz,ces,10,5,1,0.001223
pop_n25_t5,pop,25,5,watts_strogatz,ces,10,5,2,0.001244
pop_n25_t5,pop,25,5,watts_strogatz,ces,10,5,3,0.001234
pop_n25_t5,pop,25,5,watts_strogatz,ces,10,5,4,0.001244
pop_n25_t5,pop,25,5,watts_strogatz,ces,10,6,0,0.001230
pop_n25_t5,pop,25,5,watts_strogatz,ces,10,6,1,0.001229
pop_n25_t5,pop,25,5,watts_strogatz,ces,10,6,2,0.001228
pop_n25_t5,pop,25,5,watts_strogatz,ces,10,6,3,0.001228
pop_n25_t5,pop,25,5,watts_strogatz,ces,10,6,4,0.001236
pop_n25_t5,pop,25,5,watts_strogatz,ces,10,7,0,0.001225
pop_n25_t5,pop,25,5,watts_strogatz,ces,10,7,1,0.001222
pop_n25_t5,pop,25,5,watts_strogatz,ces,10,7,2,0.001245
pop_n25_t5,pop,25,5,watts_strogatz,ces,10,7,3,0.001232
pop_n25_t5,pop,25,5,watts_strogatz,ces,10,7,4,0.001239
pop_n25_t5,pop,25,5,watts_strogatz,ces,10,8,0,0.001225
pop_n25_t5,pop,25,5,watts_strogatz,ces,10,8,1,0.001228
pop_n25_t5,pop,25,5,watts_strogatz,ces,10,8,2,0.001226
pop_n25_t5,pop,25,5,watts_strogatz,ces,10,8,3,0.001229
pop_n25_t5,pop,25,5,watts_strogatz,ces,10,8,4,0.001278
pop_n25_t20,pop,25,20,watts_strogatz,ces,10,1,0,0.001246
pop_n25_t20,pop,25,20,watts_strogatz,ces,10,1,1,0.001228
pop_n25_t20,pop,25,20,watts_strogatz,ces,10,1,2,0.001225
pop_n25_t20,pop,25,20,watts_strogatz,ces,10,1,3,0.001237
pop_n25_t20,pop,25,20,watts_strogatz,ces,10,1,4,0.001237
pop_n25_t20,pop,25,20,watts_strogatz,ces,10,1,5,0.001239
pop_n25_t20,pop,25,20,watts_strogatz,ces,10,1,6,0.001247
pop_n25_t20,pop,25,20,watts_strogatz,ces,10,1,7,0.001257
pop_n25_t20,pop,25,20,watts_strogatz,ces,10,1,8,0.001249
pop_n25_t20,pop,25,20,watts_strogatz,ces,10,1,9,0.001251
pop_n25_t20,pop,25,20,watts_strogatz,ces,10,1,10,0.001255
pop_n25_t20,pop,25,20,watts_strogatz,ces,10,1,11,0.001261
pop_n25_t20,pop,25,20,watts_strogatz,ces,10,1,12,0.001262
pop_n25_t20,pop,25,20,watts_strogatz,ces,10,1,13,0.001271
pop_n25_t20,pop,25,20,watts_strogatz,ces,10,1,14,0.001266
pop_n25_t20,pop,25,20,watts_strogatz,ces,10,1,15,0.001270
pop_n25_t20,pop,25,20,watts_strogatz,ces,10,1,16,0.001264
pop_n25_t20,pop,25,20,watts_strogatz,ces,10,1,17,0.001276
pop_n25_t20,pop,25,20,watts_strogatz,ces,10,1,18,0.001287
pop_n25_t20,pop,25,20,watts_strogatz,ces,10,1,19,0.001284
pop_n25_t20,pop,25,20,watts_strogatz,ces,10,2,0,0.001225
pop_n25_t20,pop,25,20,watts_strogatz,ces,10,2,1,0.001224
pop_n25_t20,pop,25,20,watts_strogatz,ces,10,2,2,0.001224
pop_n25_t20,pop,25,20,watts_strogatz,ces,10,2,3,0.001224
pop_n25_t20,pop,25,20,watts_strogatz,ces,10,2,4,0.001233
pop_n25_t20,pop,25,20,watts_strogatz,ces,10,2,5,0.001238
pop_n25_t20,pop,25,20,watts_strogatz,ces,10,2,6,0.001248
pop_n25_t20,pop,25,20,watts_strogatz,ces,10,2,7,0.001252
pop_n25_t20,pop,25,20,watts_strogatz,ces,10,2,8,0.001248
pop_n25_t20,pop,25,20,watts_strogatz,ces,10,2,9,0.001250
pop_n25_t20,pop,25,20,watts_strogatz,ces,10,2,10,0.001261
pop_n25_t20,pop,25,20,watts_strogatz,ces,10,2,11,0.001253
pop_n25_t20,pop,25,20,watts_strogatz,ces,10,2,12,0.001260
pop_n25_t20,pop,25,20,watts_strogatz,ces,10,2,13,0.001267
pop_n25_t20,pop,25,20,watts_strogatz,ces,10,2,14,0.001274
pop_n25_t20,pop,25,20,watts_strogatz,ces,10,2,15,0.001270
pop_n25_t20,pop,25,20,watts_strogatz,ces,10,2,16,0.001271
pop_n25_t20,pop,25,20,watts_strogatz,ces,10,2,17,0.001279
pop_n25_t20,pop,25,20,watts_strogatz,ces,10,2,18,0.001283
pop_n25_t20,pop,25,20,watts_strogatz,ces,10,2,19,0.001284
pop_n25_t20,pop,25,20,watts_strogatz,ces,10,3,0,0.001238
pop_n25_t20,pop,25,20,watts_strogatz,ces,10,3,1,0.001230
pop_n25_t20,pop,25,20,watts_strogatz,ces,10,3,2,0.001226
pop_n25_t20,pop,25,20,watts_strogatz,ces,10,3,3,0.001230
pop_n25_t20,pop,25,20,watts_strogatz,ces,10,3,4,0.001235
pop_n25_t20,pop,25,20,watts_strogatz,ces,10,3,5,0.001243
pop_n25_t20,pop,25,20,watts_strogatz,ces,10,3,6,0.001252
pop_n25_t20,pop,25,20,watts_strogatz,ces,10,3,7,0.001244
pop_n25_t20,pop,25,20,watts_strogatz,ces,10,3,8,0.001248
pop_n25_t20,pop,25,20,watts_strogatz,ces,10,3,9,0.001249
pop_n25_t20,pop,25,20,watts_strogatz,ces,10,3,10,0.001255
pop_n25_t20,pop,25,20,watts_strogatz,ces,10,3,11,0.001259
pop_n25_t20,pop,25,20,watts_strogatz,ces,10,3,12,0.001263
pop_n25_t20,pop,25,20,watts_strogatz,ces,10,3,13,0.001276
pop_n25_t20,pop,25,20,watts_strogatz,ces,10,3,14,0.001275
pop_n25_t20,pop,25,20,watts_strogatz,ces,10,3,15,0.001264
pop_n25_t20,pop,25,20,watts_strogatz,ces,10,3,16,0.001270
pop_n25_t20,pop,25,20,watts_strogatz,ces,10,3,17,0.001285
pop_n25_t20,pop,25,20,watts_strogatz,ces,10,3,18,0.001275
pop_n25_t20,pop,25,20,watts_strogatz,ces,10,3,19,0.001277
pop_n25_t20,pop,25,20,watts_strogatz,ces,10,4,0,0.001217
pop_n25_t20,pop,25,20,watts_strogatz,ces,10,4,1,0.001225
pop_n25_t20,pop,25,20,watts_strogatz,ces,10,4,2,0.001226
pop_n25_t20,pop,25,20,watts_strogatz,ces,10,4,3,0.001221
pop_n25_t20,pop,25,20,watts_strogatz,ces,10,4,4,0.001240
pop_n25_t20,pop,25,20,watts_strogatz,ces,10,4,5,0.001243
pop_n25_t20,pop,25,20,watts_strogatz,ces,10,4,6,0.001255
pop_n25_t20,pop,25,20,watts_strogatz,ces,10,4,7,0.001264
pop_n25_t20,pop,25,20,watts_strogatz,ces,10,4,8,0.001249
pop_n25_t20,pop,25,20,watts_strogatz,ces,10,4,9,0.001250
pop_n25_t20,pop,25,20,watts_strogatz,ces,10,4,10,0.001251
pop_n25_t20,pop,25,20,watts_strogatz,ces,10,4,11,0.001247
pop_n25_t20,pop,25,20,watts_strogatz,ces,10,4,12,0.001254
pop_n25_t20,pop,25,20,watts_strogatz,ces,10,4,13,0.001274
pop_n25_t20,pop,25,20,watts_strogatz,ces,10,4,14,0.001266
pop_n25_t20,pop,25,20,watts_strogatz,ces,10,4,15,0.001265
pop_n25_t20,pop,25,20,watts_strogatz,ces,10,4,16,0.001265
pop_n25_t20,pop,25,20,watts_strogatz,ces,10,4,17,0.001284
pop_n25_t20,pop,25,20,watts_strogatz,ces,10,4,18,0.001279
pop_n25_t20,pop,25,20,watts_strogatz,ces,10,4,19,0.001314
pop_n25_t20,pop,25,20,watts_strogatz,ces,10,5,0,0.001239
pop_n25_t20,pop,25,20,watts_strogatz,ces,10,5,1,0.001217
pop_n25_t20,pop,25,20,watts_strogatz,ces,10,5,2,0.001218
pop_n25_t20,pop,25,20,watts_strogatz,ces,10,5,3,0.001223
pop_n25_t20,pop,25,20,watts_strogatz,ces,10,5,4,0.001235
pop_n25_t20,pop,25,20,watts_strogatz,ces,10,5,5,0.001234
pop_n25_t20,pop,25,20,watts_strogatz,ces,10,5,6,0.001250
pop_n25_t20,pop,25,20,watts_strogatz,ces,10,5,7,0.001241
pop_n25_t20,pop,25,20,watts_strogatz,ces,10,5,8,0.001257
pop_n25_t20,pop,25,20,watts_strogatz,ces,10,5,9,0.001253
pop_n25_t20,pop,25,20,watts_strogatz,ces,10,5,10,0.001251
pop_n25_t20,pop,25,20,watts_strogatz,ces,10,5,11,0.001255
pop_n25_t20,pop,25,20,watts_strogatz,ces,10,5,12,0.001271
pop_n25_t20,pop,25,20,watts_strogatz,ces,10,5,13,0.001306
pop_n25_t20,pop,25,20,watts_strogatz,ces,10,5,14,0.001273
pop_n25_t20,pop,25,20,watts_strogatz,ces,10,5,15,0.001264
pop_n25_t20,pop,25,20,watts_strogatz,ces,10,5,16,0.001275
pop_n25_t20,pop,25,20,watts_strogatz,ces,10,5,17,0.001289
pop_n25_t20,pop,25,20,watts_strogatz,ces,10,5,18,0.001280
pop_n25_t20,pop,25,20,watts_strogatz,ces,10,5,19,0.001287
pop_n25_t20,pop,25,20,watts_strogatz,ces,10,6,0,0.001223
pop_n25_t20,pop,25,20,watts_strogatz,ces,10,6,1,0.001212
pop_n25_t20,pop,25,20,watts_strogatz,ces,10,6,2,0.001223
pop_n25_t20,pop,25,20,watts_strogatz,ces,10,6,3,0.001227
pop_n25_t20,pop,25,20,watts_strogatz,ces,10,6,4,0.001243
pop_n25_t20,pop,25,20,watts_strogatz,ces,10,6,5,0.001239
pop_n25_t20,pop,25,20,watts_strogatz,ces,10,6,6,0.001256
pop_n25_t20,pop,25,20,watts_strogatz,ces,10,6,7,0.001255
pop_n25_t20,pop,25,20,watts_strogatz,ces,10,6,8,0.001255
pop_n25_t20,pop,25,20,watts_strogatz,ces,10,6,9,0.001246
pop_n25_t20,pop,25,20,watts_strogatz,ces,10,6,10,0.001251
pop_n25_t20,pop,25,20,watts_strogatz,ces,10,6,11,0.001258
pop_n25_t20,pop,25,20,watts_strogatz,ces,10,6,12,0.001264
pop_n25_t20,pop,25,20,watts_strogatz,ces,10,6,13,0.001265
pop_n25_t20,pop,25,20,watts_strogatz,ces,10,6,14,0.001271
pop_n25_t20,pop,25,20,watts_strogatz,ces,10,6,15,0.001271
pop_n25_t20,pop,25,20,watts_strogatz,ces,10,6,16,0.001264
pop_n25_t20,pop,25,20,watts_strogatz,ces,10,6,17,0.001276
pop_n25_t20,pop,25,20,watts_strogatz,ces,10,6,18,0.001263
pop_n25_t20,pop,25,20,watts_strogatz,ces,10,6,19,0.001293
pop_n25_t20,pop,25,20,watts_strogatz,ces,10,7,0,0.001231
pop_n25_t20,pop,25,20,watts_strogatz,ces,10,7,1,0.001216
pop_n25_t20,pop,25,20,watts_strogatz,ces,10,7,2,0.001219
pop_n25_t20,pop,25,20,watts_strogatz,ces,10,7,3,0.001227
pop_n25_t20,pop,25,20,watts_strogatz,ces,10,7,4,0.001230
pop_n25_t20,pop,25,20,watts_strogatz,ces,10,7,5,0.001241
pop_n25_t20,pop,25,20,watts_strogatz,ces,10,7,6,0.001247
pop_n25_t20,pop,25,20,watts_strogatz,ces,10,7,7,0.001257
pop_n25_t20,pop,25,20,watts_strogatz,ces,10,7,8,0.001249
pop_n25_t20,pop,25,20,watts_strogatz,ces,10,7,9,0.001253
pop_n25_t20,pop,25,20,watts_strogatz,ces,10,7,10,0.001256
pop_n25_t20,pop,25,20,watts_strogatz,ces,10,7,11,0.001253
pop_n25_t20,pop,25,20,watts_strogatz,ces,10,7,12,0.001266
pop_n25_t20,pop,25,20,watts_strogatz,ces,10,7,13,0.001271
pop_n25_t20,pop,25,20,watts_strogatz,ces,10,7,14,0.001265
pop_n25_t20,pop,25,20,watts_strogatz,ces,10,7,15,0.001269
pop_n25_t20,pop,25,20,watts_strogatz,ces,10,7,16,0.001267
pop_n25_t20,pop,25,20,watts_strogatz,ces,10,7,17,0.001272
pop_n25_t20,pop,25,20,watts_strogatz,ces,10,7,18,0.001279
pop_n25_t20,pop,25,20,watts_strogatz,ces,10,7,19,0.001291
pop_n25_t20,pop,25,20,watts_strogatz,ces,10,8,0,0.001226
pop_n25_t20,pop,25,20,watts_strogatz,ces,10,8,1,0.001220
pop_n25_t20,pop,25,20,watts_strogatz,ces,10,8,2,0.001226
pop_n25_t20,pop,25,20,watts_strogatz,ces,10,8,3,0.001227
pop_n25_t20,pop,25,20,watts_strogatz,ces,10,8,4,0.001232
pop_n25_t20,pop,25,20,watts_strogatz,ces,10,8,5,0.001245
pop_n25_t20,pop,25,20,watts_strogatz,ces,10,8,6,0.001247
pop_n25_t20,pop,25,20,watts_strogatz,ces,10,8,7,0.001243
pop_n25_t20,pop,25,20,watts_strogatz,ces,10,8,8,0.001245
pop_n25_t20,pop,25,20,watts_strogatz,ces,10,8,9,0.001254
pop_n25_t20,pop,25,20,watts_strogatz,ces,10,8,10,0.001251
pop_n25_t20,pop,25,20,watts_strogatz,ces,10,8,11,0.001257
pop_n25_t20,pop,25,20,watts_strogatz,ces,10,8,12,0.001264
pop_n25_t20,pop,25,20,watts_strogatz,ces,10,8,13,0.001265
pop_n25_t20,pop,25,20,watts_strogatz,ces,10,8,14,0.001265
pop_n25_t20,pop,25,20,watts_strogatz,ces,10,8,15,0.001277
pop_n25_t20,pop,25,20,watts_strogatz,ces,10,8,16,0.001270
pop_n25_t20,pop,25,20,watts_strogatz,ces,10,8,17,0.001276
pop_n25_t20,pop,25,20,watts_strogatz,ces,10,8,18,0.001293
pop_n25_t20,pop,25,20,watts_strogatz,ces,10,8,19,0.001285
pop_n25_t50,pop,25,50,watts_strogatz,ces,10,1,0,0.001262
pop_n25_t50,pop,25,50,watts_strogatz,ces,10,1,1,0.001222
pop_n25_t50,pop,25,50,watts_strogatz,ces,10,1,2,0.001229
pop_n25_t50,pop,25,50,watts_strogatz,ces,10,1,3,0.001236
pop_n25_t50,pop,25,50,watts_strogatz,ces,10,1,4,0.001238
pop_n25_t50,pop,25,50,watts_strogatz,ces,10,1,5,0.001252
pop_n25_t50,pop,25,50,watts_strogatz,ces,10,1,6,0.001254
pop_n25_t50,pop,25,50,watts_strogatz,ces,10,1,7,0.001257
pop_n25_t50,pop,25,50,watts_strogatz,ces,10,1,8,0.001250
pop_n25_t50,pop,25,50,watts_strogatz,ces,10,1,9,0.001254
pop_n25_t50,pop,25,50,watts_strogatz,ces,10,1,10,0.001252
pop_n25_t50,pop,25,50,watts_strogatz,ces,10,1,11,0.001261
pop_n25_t50,pop,25,50,watts_strogatz,ces,10,1,12,0.001267
pop_n25_t50,pop,25,50,watts_strogatz,ces,10,1,13,0.001267
pop_n25_t50,pop,25,50,watts_strogatz,ces,10,1,14,0.001268
pop_n25_t50,pop,25,50,watts_strogatz,ces,10,1,15,0.001279
pop_n25_t50,pop,25,50,watts_strogatz,ces,10,1,16,0.001272
pop_n25_t50,pop,25,50,watts_strogatz,ces,10,1,17,0.001274
pop_n25_t50,pop,25,50,watts_strogatz,ces,10,1,18,0.001302
pop_n25_t50,pop,25,50,watts_strogatz,ces,10,1,19,0.001288
pop_n25_t50,pop,25,50,watts_strogatz,ces,10,1,20,0.001292
pop_n25_t50,pop,25,50,watts_strogatz,ces,10,1,21,0.001299
pop_n25_t50,pop,25,50,watts_strogatz,ces,10,1,22,0.001297
pop_n25_t50,pop,25,50,watts_strogatz,ces,10,1,23,0.001290
pop_n25_t50,pop,25,50,watts_strogatz,ces,10,1,24,0.001294
pop_n25_t50,pop,25,50,watts_strogatz,ces,10,1,25,0.001294
pop_n25_t50,pop,25,50,watts_strogatz,ces,10,1,26,0.001293
pop_n25_t50,pop,25,50,watts_strogatz,ces,10,1,27,0.001297
pop_n25_t50,pop,25,50,watts_strogatz,ces,10,1,28,0.001295
pop_n25_t50,pop,25,50,watts_strogatz,ces,10,1,29,0.001293
pop_n25_t50,pop,25,50,watts_strogatz,ces,10,1,30,0.001314
pop_n25_t50,pop,25,50,watts_strogatz,ces,10,1,31,0.001306
pop_n25_t50,pop,25,50,watts_strogatz,ces,10,1,32,0.001305
pop_n25_t50,pop,25,50,watts_strogatz,ces,10,1,33,0.001300
pop_n25_t50,pop,25,50,watts_strogatz,ces,10,1,34,0.001304
pop_n25_t50,pop,25,50,watts_strogatz,ces,10,1,35,0.001307
pop_n25_t50,pop,25,50,watts_strogatz,ces,10,1,36,0.001301
pop_n25_t50,pop,25,50,watts_strogatz,ces,10,1,37,0.001298
pop_n25_t50,pop,25,50,watts_strogatz,ces,10,1,38,0.001309
pop_n25_t50,pop,25,50,watts_strogatz,ces,10,1,39,0.001300
pop_n25_t50,pop,25,50,watts_strogatz,ces,10,1,40,0.001304
pop_n25_t50,pop,25,50,watts_strogatz,ces,10,1,41,0.001300
pop_n25_t50,pop,25,50,watts_strogatz,ces,10,1,42,0.001304
pop_n25_t50,pop,25,50,watts_strogatz,ces,10,1,43,0.001329
pop_n25_t50,pop,25,50,watts_strogatz,ces,10,1,44,0.001305
pop_n25_t50,pop,25,50,watts_strogatz,ces,10,1,45,0.001317
pop_n25_t50,pop,25,50,watts_strogatz,ces,10,1,46,0.001310
pop_n25_t50,pop,25,50,watts_strogatz,ces,10,1,47,0.001311
pop_n25_t50,pop,25,50,watts_strogatz,ces,10,1,48,0.001312
pop_n25_t50,pop,25,50,watts_strogatz,ces,10,1,49,0.001311
pop_n25_t50,pop,25,50,watts_strogatz,ces,10,2,0,0.001227
pop_n25_t50,pop,25,50,watts_strogatz,ces,10,2,1,0.001217
pop_n25_t50,pop,25,50,watts_strogatz,ces,10,2,2,0.001225
pop_n25_t50,pop,25,50,watts_strogatz,ces,10,2,3,0.001222
pop_n25_t50,pop,25,50,watts_strogatz,ces,10,2,4,0.001234
pop_n25_t50,pop,25,50,watts_strogatz,ces,10,2,5,0.001238
pop_n25_t50,pop,25,50,watts_strogatz,ces,10,2,6,0.001270
pop_n25_t50,pop,25,50,watts_strogatz,ces,10,2,7,0.001248
pop_n25_t50,pop,25,50,watts_strogatz,ces,10,2,8,0.001252
pop_n25_t50,pop,25,50,watts_strogatz,ces,10,2,9,0.001252
pop_n25_t50,pop,25,50,watts_strogatz,ces,10,2,10,0.001263
pop_n25_t50,pop,25,50,watts_strogatz,ces,10,2,11,0.001255
pop_n25_t50,pop,25,50,watts_strogatz,ces,10,2,12,0.001263
pop_n25_t50,pop,25,50,watts_strogatz,ces,10,2,13,0.001267
pop_n25_t50,pop,25,50,watts_strogatz,ces,10,2,14,0.001267
pop_n25_t50,pop,25,50,watts_strogatz,ces,10,2,15,0.001267
pop_n25_t50,pop,25,50,watts_strogatz,ces,10,2,16,0.001274
pop_n25_t50,pop,25,50,watts_strogatz,ces,10,2,17,0.001282
pop_n25_t50,pop,25,50,watts_strogatz,ces,10,2,18,0.001279
pop_n25_t50,pop,25,50,watts_strogatz,ces,10,2,19,0.001285
pop_n25_t50,pop,25,50,watts_strogatz,ces,10,2,20,0.001290
pop_n25_t50,pop,25,50,watts_strogatz,ces,10,2,21,0.001296
pop_n25_t50,pop,25,50,watts_strogatz,ces,10,2,22,0.001288
pop_n25_t50,pop,25,50,watts_strogatz,ces,10,2,23,0.001297
pop_n25_t50,pop,25,50,watts_strogatz,ces,10,2,24,0.001291
pop_n25_t50,pop,25,50,watts_strogatz,ces,10,2,25,0.001323
pop_n25_t50,pop,25,50,watts_strogatz,ces,10,2,26,0.001297
pop_n25_t50,pop,25,50,watts_strogatz,ces,10,2,27,0.001308
pop_n25_t50,pop,25,50,watts_strogatz,ces,10,2,28,0.001298
pop_n25_t50,pop,25,50,watts_strogatz,ces,10,2,29,0.001298
pop_n25_t50,pop,25,50,watts_strogatz,ces,10,2,30,0.001293
pop_n25_t50,pop,25,50,watts_strogatz,ces,10,2,31,0.001297
pop_n25_t50,pop,25,50,watts_strogatz,ces,10,2,32,0.001299
pop_n25_t50,pop,25,50,watts_strogatz,ces,10,2,33,0.001296
pop_n25_t50,pop,25,50,watts_strogatz,ces,10,2,34,0.001307
pop_n25_t50,pop,25,50,watts_strogatz,ces,10,2,35,0.001308
pop_n25_t50,pop,25,50,watts_strogatz,ces,10,2,36,0.001302
pop_n25_t50,pop,25,50,watts_strogatz,ces,10,2,37,0.001298
pop_n25_t50,pop,25,50,watts_strogatz,ces,10,2,38,0.001301
pop_n25_t50,pop,25,50,watts_strogatz,ces,10,2,39,0.001431
pop_n25_t50,pop,25,50,watts_strogatz,ces,10,2,40,0.001308
pop_n25_t50,pop,25,50,watts_strogatz,ces,10,2,41,0.001306
pop_n25_t50,pop,25,50,watts_strogatz,ces,10,2,42,0.001303
pop_n25_t50,pop,25,50,watts_strogatz,ces,10,2,43,0.001304
pop_n25_t50,pop,25,50,watts_strogatz,ces,10,2,44,0.001310
pop_n25_t50,pop,25,50,watts_strogatz,ces,10,2,45,0.001304
pop_n25_t50,pop,25,50,watts_strogatz,ces,10,2,46,0.001304
pop_n25_t50,pop,25,50,watts_strogatz,ces,10,2,47,0.001314
pop_n25_t50,pop,25,50,watts_strogatz,ces,10,2,48,0.001418
pop_n25_t50,pop,25,50,watts_strogatz,ces,10,2,49,0.001308
pop_n25_t50,pop,25,50,watts_strogatz,ces,10,3,0,0.001231
pop_n25_t50,pop,25,50,watts_strogatz,ces,10,3,1,0.001220
pop_n25_t50,pop,25,50,watts_strogatz,ces,10,3,2,0.001221
pop_n25_t50,pop,25,50,watts_strogatz,ces,10,3,3,0.001219
pop_n25_t50,pop,25,50,watts_strogatz,ces,10,3,4,0.001243
pop_n25_t50,pop,25,50,watts_strogatz,ces,10,3,5,0.001238
pop_n25_t50,pop,25,50,watts_strogatz,ces,10,3,6,0.001246
pop_n25_t50,pop,25,50,watts_strogatz,ces,10,3,7,0.001251
pop_n25_t50,pop,25,50,watts_strogatz,ces,10,3,8,0.001252
pop_n25_t50,pop,25,50,watts_strogatz,ces,10,3,9,0.001251
pop_n25_t50,pop,25,50,watts_strogatz,ces,10,3,10,0.001257
pop_n25_t50,pop,25,50,watts_strogatz,ces,10,3,11,0.001254
pop_n25_t50,pop,25,50,watts_strogatz,ces,10,3,12,0.001265
pop_n25_t50,pop,25,50,watts_strogatz,ces,10,3,13,0.001268
pop_n25_t50,pop,25,50,watts_strogatz,ces,10,3,14,0.001264
pop_n25_t50,pop,25,50,watts_strogatz,ces,10,3,15,0.001271
pop_n25_t50,pop,25,50,watts_strogatz,ces,10,3,16,0.001274
pop_n25_t50,pop,25,50,watts_strogatz,ces,10,3,17,0.001273
pop_n25_t50,pop,25,50,watts_strogatz,ces,10,3,18,0.001280
pop_n25_t50,pop,25,50,watts_strogatz,ces,10,3,19,0.001293
pop_n25_t50,pop,25,50,watts_strogatz,ces,10,3,20,0.001288
pop_n25_t50,pop,25,50,watts_strogatz,ces,10,3,21,0.001291
pop_n25_t50,pop,25,50,watts_strogatz,ces,10,3,22,0.001295
pop_n25_t50,pop,25,50,watts_strogatz,ces,10,3,23,0.001290
pop_n25_t50,pop,25,50,watts_strogatz,ces,10,3,24,0.001290
pop_n25_t50,pop,25,50,watts_strogatz,ces,10,3,25,0.001391
pop_n25_t50,pop,25,50,watts_strogatz,ces,10,3,26,0.001287
pop_n25_t50,pop,25,50,watts_strogatz,ces,10,3,27,0.001285
pop_n25_t50,pop,25,50,watts_strogatz,ces,10,3,28,0.001289
pop_n25_t50,pop,25,50,watts_strogatz,ces,10,3,29,0.001299
pop_n25_t50,pop,25,50,watts_strogatz,ces,10,3,30,0.001290
pop_n25_t50,pop,25,50,watts_strogatz,ces,10,3,31,0.001291
pop_n25_t50,pop,25,50,watts_strogatz,ces,10,3,32,0.001302
pop_n25_t50,pop,25,50,watts_strogatz,ces,10,3,33,0.001295
pop_n25_t50,pop,25,50,watts_strogatz,ces,10,3,34,0.001298
pop_n25_t50,pop,25,50,watts_strogatz,ces,10,3,35,0.001304
pop_n25_t50,pop,25,50,watts_strogatz,ces,10,3,36,0.001302
pop_n25_t50,pop,25,50,watts_strogatz,ces,10,3,37,0.001299
pop_n25_t50,pop,25,50,watts_strogatz,ces,10,3,38,0.001305
pop_n25_t50,pop,25,50,watts_strogatz,ces,10,3,39,0.001302
pop_n25_t50,pop,25,50,watts_strogatz,ces,10,3,40,0.001298
pop_n25_t50,pop,25,50,watts_strogatz,ces,10,3,41,0.001311
pop_n25_t50,pop,25,50,watts_strogatz,ces,10,3,42,0.001303
pop_n25_t50,pop,25,50,watts_strogatz,ces,10,3,43,0.001305
pop_n25_t50,pop,25,50,watts_strogatz,ces,10,3,44,0.001305
pop_n25_t50,pop,25,50,watts_strogatz,ces,10,3,45,0.001301
pop_n25_t50,pop,25,50,watts_strogatz,ces,10,3,46,0.001306
pop_n25_t50,pop,25,50,watts_strogatz,ces,10,3,47,0.001308
pop_n25_t50,pop,25,50,watts_strogatz,ces,10,3,48,0.001308
pop_n25_t50,pop,25,50,watts_strogatz,ces,10,3,49,0.001308
pop_n25_t50,pop,25,50,watts_strogatz,ces,10,4,0,0.001224
pop_n25_t50,pop,25,50,watts_strogatz,ces,10,4,1,0.001225
pop_n25_t50,pop,25,50,watts_strogatz,ces,10,4,2,0.001229
pop_n25_t50,pop,25,50,watts_strogatz,ces,10,4,3,0.001227
pop_n25_t50,pop,25,50,watts_strogatz,ces,10,4,4,0.001240
pop_n25_t50,pop,25,50,watts_strogatz,ces,10,4,5,0.001240
pop_n25_t50,pop,25,50,watts_strogatz,ces,10,4,6,0.001247
pop_n25_t50,pop,25,50,watts_strogatz,ces,10,4,7,0.001255
pop_n25_t50,pop,25,50,watts_strogatz,ces,10,4,8,0.001250
pop_n25_t50,pop,25,50,watts_strogatz,ces,10,4,9,0.001249
pop_n25_t50,pop,25,50,watts_strogatz,ces,10,4,10,0.001251
pop_n25_t50,pop,25,50,watts_strogatz,ces,10,4,11,0.001262
pop_n25_t50,pop,25,50,watts_strogatz,ces,10,4,12,0.001262
pop_n25_t50,pop,25,50,watts_strogatz,ces,10,4,13,0.001267
pop_n25_t50,pop,25,50,watts_strogatz,ces,10,4,14,0.001273
pop_n25_t50,pop,25,50,watts_strogatz,ces,10,4,15,0.001266
pop_n25_t50,pop,25,50,watts_strogatz,ces,10,4,16,0.001272
pop_n25_t50,pop,25,50,watts_strogatz,ces,10,4,17,0.001445
pop_n25_t50,pop,25,50,watts_strogatz,ces,10,4,18,0.001291
pop_n25_t50,pop,25,50,watts_strogatz,ces,10,4,19,0.001283
pop_n25_t50,pop,25,50,watts_strogatz,ces,10,4,20,0.001294
pop_n25_t50,pop,25,50,watts_strogatz,ces,10,4,21,0.001293
pop_n25_t50,pop,25,50,watts_strogatz,ces,10,4,22,0.001288
pop_n25_t50,pop,25,50,watts_strogatz,ces,10,4,23,0.001294
pop_n25_t50,pop,25,50,watts_strogatz,ces,10,4,24,0.001299
pop_n25_t50,pop,25,50,watts_strogatz,ces,10,4,25,0.001289
pop_n25_t50,pop,25,50,watts_strogatz,ces,10,4,26,0.001291
pop_n25_t50,pop,25,50,watts_strogatz,ces,10,4,27,0.001291
pop_n25_t50,pop,25,50,watts_strogatz,ces,10,4,28,0.001298
pop_n25_t50,pop,25,50,watts_strogatz,ces,10,4,29,0.001289
pop_n25_t50,pop,25,50,watts_strogatz,ces,10,4,30,0.001294
pop_n25_t50,pop,25,50,watts_strogatz,ces,10,4,31,0.001295
pop_n25_t50,pop,25,50,watts_strogatz,ces,10,4,32,0.001294
pop_n25_t50,pop,25,50,watts_strogatz,ces,10,4,33,0.001300
pop_n25_t50,pop,25,50,watts_strogatz,ces,10,4,34,0.001298
pop_n25_t50,pop,25,50,watts_strogatz,ces,10,4,35,0.001302
pop_n25_t50,pop,25,50,watts_strogatz,ces,10,4,36,0.001304
pop_n25_t50,pop,25,50,watts_strogatz,ces,10,4,37,0.001298
pop_n25_t50,pop,25,50,watts_strogatz,ces,10,4,38,0.001302
pop_n25_t50,pop,25,50,watts_strogatz,ces,10,4,39,0.001301
pop_n25_t50,pop,25,50,watts_strogatz,ces,10,4,40,0.001300
pop_n25_t50,pop,25,50,watts_strogatz,ces,10,4,41,0.001302
pop_n25_t50,pop,25,50,watts_strogatz,ces,10,4,42,0.001305
pop_n25_t50,pop,25,50,watts_strogatz,ces,10,4,43,0.001302
pop_n25_t50,pop,25,50,watts_strogatz,ces,10,4,44,0.001314
pop_n25_t50,pop,25,50,watts_strogatz,ces,10,4,45,0.001308
pop_n25_t50,pop,25,50,watts_strogatz,ces,10,4,46,0.001304
pop_n25_t50,pop,25,50,watts_strogatz,ces,10,4,47,0.001307
pop_n25_t50,pop,25,50,watts_strogatz,ces,10,4,48,0.001312
pop_n25_t50,pop,25,50,watts_strogatz,ces,10,4,49,0.001305
pop_n25_t50,pop,25,50,watts_strogatz,ces,10,5,0,0.001224
pop_n25_t50,pop,25,50,watts_strogatz,ces,10,5,1,0.001228
pop_n25_t50,pop,25,50,watts_strogatz,ces,10,5,2,0.001225
pop_n25_t50,pop,25,50,watts_strogatz,ces,10,5,3,0.001225
pop_n25_t50,pop,25,50,watts_strogatz,ces,10,5,4,0.001237
pop_n25_t50,pop,25,50,watts_strogatz,ces,10,5,5,0.001248
pop_n25_t50,pop,25,50,watts_strogatz,ces,10,5,6,0.001244
pop_n25_t50,pop,25,50,watts_strogatz,ces,10,5,7,0.001247
pop_n25_t50,pop,25,50,watts_strogatz,ces,10,5,8,0.001253
pop_n25_t50,pop,25,50,watts_strogatz,ces,10,5,9,0.001252
pop_n25_t50,pop,25,50,watts_strogatz,ces,10,5,10,0.001250
pop_n25_t50,pop,25,50,watts_strogatz,ces,10,5,11,0.001257
pop_n25_t50,pop,25,50,watts_strogatz,ces,10,5,12,0.001261
pop_n25_t50,pop,25,50,watts_strogatz,ces,10,5,13,0.001270
pop_n25_t50,pop,25,50,watts_strogatz,ces,10,5,14,0.001268
pop_n25_t50,pop,25,50,watts_strogatz,ces,10,5,15,0.001269
pop_n25_t50,pop,25,50,watts_strogatz,ces,10,5,16,0.001270
pop_n25_t50,pop,25,50,watts_strogatz,ces,10,5,17,0.001281
pop_n25_t50,pop,25,50,watts_strogatz,ces,10,5,18,0.001279
pop_n25_t50,pop,25,50,watts_strogatz,ces,10,5,19,0.001284
pop_n25_t50,pop,25,50,watts_strogatz,ces,10,5,20,0.001294
pop_n25_t50,pop,25,50,watts_strogatz,ces,10,5,21,0.001291
pop_n25_t50,pop,25,50,watts_strogatz,ces,10,5,22,0.001288
pop_n25_t50,pop,25,50,watts_strogatz,ces,10,5,23,0.001482
pop_n25_t50,pop,25,50,watts_strogatz,ces,10,5,24,0.001342
pop_n25_t50,pop,25,50,watts_strogatz,ces,10,5,25,0.001293
pop_n25_t50,pop,25,50,watts_strogatz,ces,10,5,26,0.001299
pop_n25_t50,pop,25,50,watts_strogatz,ces,10,5,27,0.001291
pop_n25_t50,pop,25,50,watts_strogatz,ces,10,5,28,0.001291
pop_n25_t50,pop,25,50,watts_strogatz,ces,10,5,29,0.001290
pop_n25_t50,pop,25,50,watts_strogatz,ces,10,5,30,0.001297
pop_n25_t50,pop,25,50,watts_strogatz,ces,10,5,31,0.001291
pop_n25_t50,pop,25,50,watts_strogatz,ces,10,5,32,0.001296
pop_n25_t50,pop,25,50,watts_strogatz,ces,10,5,33,0.001304
pop_n25_t50,pop,25,50,watts_strogatz,ces,10,5,34,0.001297
pop_n25_t50,pop,25,50,watts_strogatz,ces,10,5,35,0.001297
pop_n25_t50,pop,25,50,watts_strogatz,ces,10,5,36,0.001303
pop_n25_t50,pop,25,50,watts_strogatz,ces,10,5,37,0.001301
pop_n25_t50,pop,25,50,watts_strogatz,ces,10,5,38,0.001297
pop_n25_t50,pop,25,50,watts_strogatz,ces,10,5,39,0.001308
pop_n25_t50,pop,25,50,watts_strogatz,ces,10,5,40,0.001305
pop_n25_t50,pop,25,50,watts_strogatz,ces,10,5,41,0.001299
pop_n25_t50,pop,25,50,watts_strogatz,ces,10,5,42,0.001306
pop_n25_t50,pop,25,50,watts_strogatz,ces,10,5,43,0.001304
pop_n25_t50,pop,25,50,watts_strogatz,ces,10,5,44,0.001302
pop_n25_t50,pop,25,50,watts_strogatz,ces,10,5,45,0.001311
pop_n25_t50,pop,25,50,watts_strogatz,ces,10,5,46,0.001309
pop_n25_t50,pop,25,50,watts_strogatz,ces,10,5,47,0.001304
pop_n25_t50,pop,25,50,watts_strogatz,ces,10,5,48,0.001311
pop_n25_t50,pop,25,50,watts_strogatz,ces,10,5,49,0.001308
pop_n25_t50,pop,25,50,watts_strogatz,ces,10,6,0,0.001223
pop_n25_t50,pop,25,50,watts_strogatz,ces,10,6,1,0.001226
pop_n25_t50,pop,25,50,watts_strogatz,ces,10,6,2,0.001226
pop_n25_t50,pop,25,50,watts_strogatz,ces,10,6,3,0.001226
pop_n25_t50,pop,25,50,watts_strogatz,ces,10,6,4,0.001244
pop_n25_t50,pop,25,50,watts_strogatz,ces,10,6,5,0.001239
pop_n25_t50,pop,25,50,watts_strogatz,ces,10,6,6,0.001246
pop_n25_t50,pop,25,50,watts_strogatz,ces,10,6,7,0.001247
pop_n25_t50,pop,25,50,watts_strogatz,ces,10,6,8,0.001256
pop_n25_t50,pop,25,50,watts_strogatz,ces,10,6,9,0.001250
pop_n25_t50,pop,25,50,watts_strogatz,ces,10,6,10,0.001251
pop_n25_t50,pop,25,50,watts_strogatz,ces,10,6,11,0.001257
pop_n25_t50,pop,25,50,watts_strogatz,ces,10,6,12,0.001265
pop_n25_t50,pop,25,50,watts_strogatz,ces,10,6,13,0.001265
pop_n25_t50,pop,25,50,watts_strogatz,ces,10,6,14,0.001271
pop_n25_t50,pop,25,50,watts_strogatz,ces,10,6,15,0.001272
pop_n25_t50,pop,25,50,watts_strogatz,ces,10,6,16,0.001269
pop_n25_t50,pop,25,50,watts_strogatz,ces,10,6,17,0.001278
pop_n25_t50,pop,25,50,watts_strogatz,ces,10,6,18,0.001277
pop_n25_t50,pop,25,50,watts_strogatz,ces,10,6,19,0.001290
pop_n25_t50,pop,25,50,watts_strogatz,ces,10,6,20,0.001287
pop_n25_t50,pop,25,50,watts_strogatz,ces,10,6,21,0.001289
pop_n25_t50,pop,25,50,watts_strogatz,ces,10,6,22,0.001287
pop_n25_t50,pop,25,50,watts_strogatz,ces,10,6,23,0.001297
pop_n25_t50,pop,25,50,watts_strogatz,ces,10,6,24,0.001292
pop_n25_t50,pop,25,50,watts_strogatz,ces,10,6,25,0.001289
pop_n25_t50,pop,25,50,watts_strogatz,ces,10,6,26,0.001297
pop_n25_t50,pop,25,50,watts_strogatz,ces,10,6,27,0.001292
pop_n25_t50,pop,25,50,watts_strogatz,ces,10,6,28,0.001293
pop_n25_t50,pop,25,50,watts_strogatz,ces,10,6,29,0.001301
pop_n25_t50,pop,25,50,watts_strogatz,ces,10,6,30,0.001291
pop_n25_t50,pop,25,50,watts_strogatz,ces,10,6,31,0.001293
pop_n25_t50,pop,25,50,watts_strogatz,ces,10,6,32,0.001295
pop_n25_t50,pop,25,50,watts_strogatz,ces,10,6,33,0.001304
pop_n25_t50,pop,25,50,watts_strogatz,ces,10,6,34,0.001298
pop_n25_t50,pop,25,50,watts_strogatz,ces,10,6,35,0.001299
pop_n25_t50,pop,25,50,watts_strogatz,ces,10,6,36,0.001311
pop_n25_t50,pop,25,50,watts_strogatz,ces,10,6,37,0.001299
pop_n25_t50,pop,25,50,watts_strogatz,ces,10,6,38,0.001301
pop_n25_t50,pop,25,50,watts_strogatz,ces,10,6,39,0.001306
pop_n25_t50,pop,25,50,watts_strogatz,ces,10,6,40,0.001299
pop_n25_t50,pop,25,50,watts_strogatz,ces,10,6,41,0.001297
pop_n25_t50,pop,25,50,watts_strogatz,ces,10,6,42,0.001300
pop_n25_t50,pop,25,50,watts_strogatz,ces,10,6,43,0.001308
pop_n25_t50,pop,25,50,watts_strogatz,ces,10,6,44,0.001303
pop_n25_t50,pop,25,50,watts_strogatz,ces,10,6,45,0.001304
pop_n25_t50,pop,25,50,watts_strogatz,ces,10,6,46,0.001310
pop_n25_t50,pop,25,50,watts_strogatz,ces,10,6,47,0.001305
pop_n25_t50,pop,25,50,watts_strogatz,ces,10,6,48,0.001309
pop_n25_t50,pop,25,50,watts_strogatz,ces,10,6,49,0.001309
pop_n25_t50,pop,25,50,watts_strogatz,ces,10,7,0,0.001224
pop_n25_t50,pop,25,50,watts_strogatz,ces,10,7,1,0.001225
pop_n25_t50,pop,25,50,watts_strogatz,ces,10,7,2,0.001225
pop_n25_t50,pop,25,50,watts_strogatz,ces,10,7,3,0.001232
pop_n25_t50,pop,25,50,watts_strogatz,ces,10,7,4,0.001239
pop_n25_t50,pop,25,50,watts_strogatz,ces,10,7,5,0.001238
pop_n25_t50,pop,25,50,watts_strogatz,ces,10,7,6,0.001251
pop_n25_t50,pop,25,50,watts_strogatz,ces,10,7,7,0.001255
pop_n25_t50,pop,25,50,watts_strogatz,ces,10,7,8,0.001250
pop_n25_t50,pop,25,50,watts_strogatz,ces,10,7,9,0.001249
pop_n25_t50,pop,25,50,watts_strogatz,ces,10,7,10,0.001250
pop_n25_t50,pop,25,50,watts_strogatz,ces,10,7,11,0.001263
pop_n25_t50,pop,25,50,watts_strogatz,ces,10,7,12,0.001262
pop_n25_t50,pop,25,50,watts_strogatz,ces,10,7,13,0.001263
pop_n25_t50,pop,25,50,watts_strogatz,ces,10,7,14,0.001270
pop_n25_t50,pop,25,50,watts_strogatz,ces,10,7,15,0.001274
pop_n25_t50,pop,25,50,watts_strogatz,ces,10,7,16,0.001271
pop_n25_t50,pop,25,50,watts_strogatz,ces,10,7,17,0.001279
pop_n25_t50,pop,25,50,watts_strogatz,ces,10,7,18,0.001279
pop_n25_t50,pop,25,50,watts_strogatz,ces,10,7,19,0.001285
pop_n25_t50,pop,25,50,watts_strogatz,ces,10,7,20,0.001292
pop_n25_t50,pop,25,50,watts_strogatz,ces,10,7,21,0.001289
pop_n25_t50,pop,25,50,watts_strogatz,ces,10,7,22,0.001291
pop_n25_t50,pop,25,50,watts_strogatz,ces,10,7,23,0.001296
pop_n25_t50,pop,25,50,watts_strogatz,ces,10,7,24,0.001289
pop_n25_t50,pop,25,50,watts_strogatz,ces,10,7,25,0.001292
pop_n25_t50,pop,25,50,watts_strogatz,ces,10,7,26,0.001295
pop_n25_t50,pop,25,50,watts_strogatz,ces,10,7,27,0.001293
pop_n25_t50,pop,25,50,watts_strogatz,ces,10,7,28,0.001290
pop_n25_t50,pop,25,50,watts_strogatz,ces,10,7,29,0.001297
pop_n25_t50,pop,25,50,watts_strogatz,ces,10,7,30,0.001292
pop_n25_t50,pop,25,50,watts_strogatz,ces,10,7,31,0.001291
pop_n25_t50,pop,25,50,watts_strogatz,ces,10,7,32,0.001300
pop_n25_t50,pop,25,50,watts_strogatz,ces,10,7,33,0.001296
pop_n25_t50,pop,25,50,watts_strogatz,ces,10,7,34,0.001299
pop_n25_t50,pop,25,50,watts_strogatz,ces,10,7,35,0.001302
pop_n25_t50,pop,25,50,watts_strogatz,ces,10,7,36,0.001305
pop_n25_t50,pop,25,50,watts_strogatz,ces,10,7,37,0.001300
pop_n25_t50,pop,25,50,watts_strogatz,ces,10,7,38,0.001302
pop_n25_t50,pop,25,50,watts_strogatz,ces,10,7,39,0.001302
pop_n25_t50,pop,25,50,watts_strogatz,ces,10,7,40,0.001298
pop_n25_t50,pop,25,50,watts_strogatz,ces,10,7,41,0.001299
pop_n25_t50,pop,25,50,watts_strogatz,ces,10,7,42,0.001304
pop_n25_t50,pop,25,50,watts_strogatz,ces,10,7,43,0.001306
pop_n25_t50,pop,25,50,watts_strogatz,ces,10,7,44,0.001311
pop_n25_t50,pop,25,50,watts_strogatz,ces,10,7,45,0.001309
pop_n25_t50,pop,25,50,watts_strogatz,ces,10,7,46,0.001308
pop_n25_t50,pop,25,50,watts_strogatz,ces,10,7,47,0.001306
pop_n25_t50,pop,25,50,watts_strogatz,ces,10,7,48,0.001308
pop_n25_t50,pop,25,50,watts_strogatz,ces,10,7,49,0.001307
pop_n25_t50,pop,25,50,watts_strogatz,ces,10,8,0,0.001232
pop_n25_t50,pop,25,50,watts_strogatz,ces,10,8,1,0.001228
pop_n25_t50,pop,25,50,watts_strogatz,ces,10,8,2,0.001228
pop_n25_t50,pop,25,50,watts_strogatz,ces,10,8,3,0.001228
pop_n25_t50,pop,25,50,watts_strogatz,ces,10,8,4,0.001239
pop_n25_t50,pop,25,50,watts_strogatz,ces,10,8,5,0.001238
pop_n25_t50,pop,25,50,watts_strogatz,ces,10,8,6,0.001250
pop_n25_t50,pop,25,50,watts_strogatz,ces,10,8,7,0.001250
pop_n25_t50,pop,25,50,watts_strogatz,ces,10,8,8,0.001250
pop_n25_t50,pop,25,50,watts_strogatz,ces,10,8,9,0.001255
pop_n25_t50,pop,25,50,watts_strogatz,ces,10,8,10,0.001251
pop_n25_t50,pop,25,50,watts_strogatz,ces,10,8,11,0.001261
pop_n25_t50,pop,25,50,watts_strogatz,ces,10,8,12,0.001263
pop_n25_t50,pop,25,50,watts_strogatz,ces,10,8,13,0.001264
pop_n25_t50,pop,25,50,watts_strogatz,ces,10,8,14,0.001277
pop_n25_t50,pop,25,50,watts_strogatz,ces,10,8,15,0.001267
pop_n25_t50,pop,25,50,watts_strogatz,ces,10,8,16,0.001272
pop_n25_t50,pop,25,50,watts_strogatz,ces,10,8,17,0.001276
pop_n25_t50,pop,25,50,watts_strogatz,ces,10,8,18,0.001285
pop_n25_t50,pop,25,50,watts_strogatz,ces,10,8,19,0.001284
pop_n25_t50,pop,25,50,watts_strogatz,ces,10,8,20,0.001290
pop_n25_t50,pop,25,50,watts_strogatz,ces,10,8,21,0.001297
pop_n25_t50,pop,25,50,watts_strogatz,ces,10,8,22,0.001288
pop_n25_t50,pop,25,50,watts_strogatz,ces,10,8,23,0.001283
pop_n25_t50,pop,25,50,watts_strogatz,ces,10,8,24,0.001294
pop_n25_t50,pop,25,50,watts_strogatz,ces,10,8,25,0.001294
pop_n25_t50,pop,25,50,watts_strogatz,ces,10,8,26,0.001290
pop_n25_t50,pop,25,50,watts_strogatz,ces,10,8,27,0.001295
pop_n25_t50,pop,25,50,watts_strogatz,ces,10,8,28,0.001295
pop_n25_t50,pop,25,50,watts_strogatz,ces,10,8,29,0.001289
pop_n25_t50,pop,25,50,watts_strogatz,ces,10,8,30,0.001294
pop_n25_t50,pop,25,50,watts_strogatz,ces,10,8,31,0.001290
pop_n25_t50,pop,25,50,watts_strogatz,ces,10,8,32,0.001301
pop_n25_t50,pop,25,50,watts_strogatz,ces,10,8,33,0.001297
pop_n25_t50,pop,25,50,watts_strogatz,ces,10,8,34,0.001296
pop_n25_t50,pop,25,50,watts_strogatz,ces,10,8,35,0.001304
pop_n25_t50,pop,25,50,watts_strogatz,ces,10,8,36,0.001301
pop_n25_t50,pop,25,50,watts_strogatz,ces,10,8,37,0.001299
pop_n25_t50,pop,25,50,watts_strogatz,ces,10,8,38,0.001306
pop_n25_t50,pop,25,50,watts_strogatz,ces,10,8,39,0.001299
pop_n25_t50,pop,25,50,watts_strogatz,ces,10,8,40,0.001297
pop_n25_t50,pop,25,50,watts_strogatz,ces,10,8,41,0.001301
pop_n25_t50,pop,25,50,watts_strogatz,ces,10,8,42,0.001303
pop_n25_t50,pop,25,50,watts_strogatz,ces,10,8,43,0.001300
pop_n25_t50,pop,25,50,watts_strogatz,ces,10,8,44,0.001306
pop_n25_t50,pop,25,50,watts_strogatz,ces,10,8,45,0.001307
pop_n25_t50,pop,25,50,watts_strogatz,ces,10,8,46,0.001305
pop_n25_t50,pop,25,50,watts_strogatz,ces,10,8,47,0.001311
pop_n25_t50,pop,25,50,watts_strogatz,ces,10,8,48,0.001310
pop_n25_t50,pop,25,50,watts_strogatz,ces,10,8,49,0.001308
pop_n50_t1,pop,50,1,watts_strogatz,ces,10,1,0,0.002551
pop_n50_t1,pop,50,1,watts_strogatz,ces,10,2,0,0.002531
pop_n50_t1,pop,50,1,watts_strogatz,ces,10,3,0,0.002530
pop_n50_t1,pop,50,1,watts_strogatz,ces,10,4,0,0.002531
pop_n50_t1,pop,50,1,watts_strogatz,ces,10,5,0,0.002541
pop_n50_t1,pop,50,1,watts_strogatz,ces,10,6,0,0.002555
pop_n50_t1,pop,50,1,watts_strogatz,ces,10,7,0,0.002522
pop_n50_t1,pop,50,1,watts_strogatz,ces,10,8,0,0.002528
pop_n50_t5,pop,50,5,watts_strogatz,ces,10,1,0,0.002523
pop_n50_t5,pop,50,5,watts_strogatz,ces,10,1,1,0.002508
pop_n50_t5,pop,50,5,watts_strogatz,ces,10,1,2,0.002512
pop_n50_t5,pop,50,5,watts_strogatz,ces,10,1,3,0.002508
pop_n50_t5,pop,50,5,watts_strogatz,ces,10,1,4,0.002544
pop_n50_t5,pop,50,5,watts_strogatz,ces,10,2,0,0.002516
pop_n50_t5,pop,50,5,watts_strogatz,ces,10,2,1,0.002513
pop_n50_t5,pop,50,5,watts_strogatz,ces,10,2,2,0.002505
pop_n50_t5,pop,50,5,watts_strogatz,ces,10,2,3,0.002516
pop_n50_t5,pop,50,5,watts_strogatz,ces,10,2,4,0.002528
pop_n50_t5,pop,50,5,watts_strogatz,ces,10,3,0,0.002504
pop_n50_t5,pop,50,5,watts_strogatz,ces,10,3,1,0.002530
pop_n50_t5,pop,50,5,watts_strogatz,ces,10,3,2,0.002505
pop_n50_t5,pop,50,5,watts_strogatz,ces,10,3,3,0.002522
pop_n50_t5,pop,50,5,watts_strogatz,ces,10,3,4,0.002526
pop_n50_t5,pop,50,5,watts_strogatz,ces,10,4,0,0.002510
pop_n50_t5,pop,50,5,watts_strogatz,ces,10,4,1,0.002506
pop_n50_t5,pop,50,5,watts_strogatz,ces,10,4,2,0.002505
pop_n50_t5,pop,50,5,watts_strogatz,ces,10,4,3,0.002686
pop_n50_t5,pop,50,5,watts_strogatz,ces,10,4,4,0.002535
pop_n50_t5,pop,50,5,watts_strogatz,ces,10,5,0,0.002511
pop_n50_t5,pop,50,5,watts_strogatz,ces,10,5,1,0.002510
pop_n50_t5,pop,50,5,watts_strogatz,ces,10,5,2,0.002513
pop_n50_t5,pop,50,5,watts_strogatz,ces,10,5,3,0.002507
pop_n50_t5,pop,50,5,watts_strogatz,ces,10,5,4,0.002806
pop_n50_t5,pop,50,5,watts_strogatz,ces,10,6,0,0.002573
pop_n50_t5,pop,50,5,watts_strogatz,ces,10,6,1,0.002498
pop_n50_t5,pop,50,5,watts_strogatz,ces,10,6,2,0.002504
pop_n50_t5,pop,50,5,watts_strogatz,ces,10,6,3,0.002733
pop_n50_t5,pop,50,5,watts_strogatz,ces,10,6,4,0.002495
pop_n50_t5,pop,50,5,watts_strogatz,ces,10,7,0,0.002719
pop_n50_t5,pop,50,5,watts_strogatz,ces,10,7,1,0.002500
pop_n50_t5,pop,50,5,watts_strogatz,ces,10,7,2,0.002550
pop_n50_t5,pop,50,5,watts_strogatz,ces,10,7,3,0.002494
pop_n50_t5,pop,50,5,watts_strogatz,ces,10,7,4,0.002507
pop_n50_t5,pop,50,5,watts_strogatz,ces,10,8,0,0.002499
pop_n50_t5,pop,50,5,watts_strogatz,ces,10,8,1,0.002506
pop_n50_t5,pop,50,5,watts_strogatz,ces,10,8,2,0.002743
pop_n50_t5,pop,50,5,watts_strogatz,ces,10,8,3,0.002579
pop_n50_t5,pop,50,5,watts_strogatz,ces,10,8,4,0.002574
pop_n50_t20,pop,50,20,watts_strogatz,ces,10,1,0,0.002563
pop_n50_t20,pop,50,20,watts_strogatz,ces,10,1,1,0.002576
pop_n50_t20,pop,50,20,watts_strogatz,ces,10,1,2,0.002564
pop_n50_t20,pop,50,20,watts_strogatz,ces,10,1,3,0.002569
pop_n50_t20,pop,50,20,watts_strogatz,ces,10,1,4,0.002592
pop_n50_t20,pop,50,20,watts_strogatz,ces,10,1,5,0.002589
pop_n50_t20,pop,50,20,watts_strogatz,ces,10,1,6,0.002598
pop_n50_t20,pop,50,20,watts_strogatz,ces,10,1,7,0.002625
pop_n50_t20,pop,50,20,watts_strogatz,ces,10,1,8,0.002622
pop_n50_t20,pop,50,20,watts_strogatz,ces,10,1,9,0.002625
pop_n50_t20,pop,50,20,watts_strogatz,ces,10,1,10,0.002623
pop_n50_t20,pop,50,20,watts_strogatz,ces,10,1,11,0.002647
pop_n50_t20,pop,50,20,watts_strogatz,ces,10,1,12,0.002657
pop_n50_t20,pop,50,20,watts_strogatz,ces,10,1,13,0.002647
pop_n50_t20,pop,50,20,watts_strogatz,ces,10,1,14,0.002637
pop_n50_t20,pop,50,20,watts_strogatz,ces,10,1,15,0.002645
pop_n50_t20,pop,50,20,watts_strogatz,ces,10,1,16,0.002667
pop_n50_t20,pop,50,20,watts_strogatz,ces,10,1,17,0.002670
pop_n50_t20,pop,50,20,watts_strogatz,ces,10,1,18,0.002683
pop_n50_t20,pop,50,20,watts_strogatz,ces,10,1,19,0.002672
pop_n50_t20,pop,50,20,watts_strogatz,ces,10,2,0,0.002572
pop_n50_t20,pop,50,20,watts_strogatz,ces,10,2,1,0.002580
pop_n50_t20,pop,50,20,watts_strogatz,ces,10,2,2,0.002575
pop_n50_t20,pop,50,20,watts_strogatz,ces,10,2,3,0.002582
pop_n50_t20,pop,50,20,watts_strogatz,ces,10,2,4,0.002592
pop_n50_t20,pop,50,20,watts_strogatz,ces,10,2,5,0.002594
pop_n50_t20,pop,50,20,watts_strogatz,ces,10,2,6,0.002607
pop_n50_t20,pop,50,20,watts_strogatz,ces,10,2,7,0.002609
pop_n50_t20,pop,50,20,watts_strogatz,ces,10,2,8,0.002579
pop_n50_t20,pop,50,20,watts_strogatz,ces,10,2,9,0.002608
pop_n50_t20,pop,50,20,watts_strogatz,ces,10,2,10,0.002638
pop_n50_t20,pop,50,20,watts_strogatz,ces,10,2,11,0.002658
pop_n50_t20,pop,50,20,watts_strogatz,ces,10,2,12,0.002649
pop_n50_t20,pop,50,20,watts_strogatz,ces,10,2,13,0.002644
pop_n50_t20,pop,50,20,watts_strogatz,ces,10,2,14,0.002647
pop_n50_t20,pop,50,20,watts_strogatz,ces,10,2,15,0.002630
pop_n50_t20,pop,50,20,watts_strogatz,ces,10,2,16,0.002650
pop_n50_t20,pop,50,20,watts_strogatz,ces,10,2,17,0.002639
pop_n50_t20,pop,50,20,watts_strogatz,ces,10,2,18,0.002660
pop_n50_t20,pop,50,20,watts_strogatz,ces,10,2,19,0.002653
pop_n50_t20,pop,50,20,watts_strogatz,ces,10,3,0,0.002573
pop_n50_t20,pop,50,20,watts_strogatz,ces,10,3,1,0.002570
pop_n50_t20,pop,50,20,watts_strogatz,ces,10,3,2,0.002580
pop_n50_t20,pop,50,20,watts_strogatz,ces,10,3,3,0.002581
pop_n50_t20,pop,50,20,watts_strogatz,ces,10,3,4,0.002592
pop_n50_t20,pop,50,20,watts_strogatz,ces,10,3,5,0.002616
pop_n50_t20,pop,50,20,watts_strogatz,ces,10,3,6,0.002612
pop_n50_t20,pop,50,20,watts_strogatz,ces,10,3,7,0.002599
pop_n50_t20,pop,50,20,watts_strogatz,ces,10,3,8,0.002611
pop_n50_t20,pop,50,20,watts_strogatz,ces,10,3,9,0.002630
pop_n50_t20,pop,50,20,watts_strogatz,ces,10,3,10,0.002621
pop_n50_t20,pop,50,20,watts_strogatz,ces,10,3,11,0.002638
pop_n50_t20,pop,50,20,watts_strogatz,ces,10,3,12,0.002647
pop_n50_t20,pop,50,20,watts_strogatz,ces,10,3,13,0.002636
pop_n50_t20,pop,50,20,watts_strogatz,ces,10,3,14,0.002642
pop_n50_t20,pop,50,20,watts_strogatz,ces,10,3,15,0.002649
pop_n50_t20,pop,50,20,watts_strogatz,ces,10,3,16,0.002647
pop_n50_t20,pop,50,20,watts_strogatz,ces,10,3,17,0.002661
pop_n50_t20,pop,50,20,watts_strogatz,ces,10,3,18,0.002653
pop_n50_t20,pop,50,20,watts_strogatz,ces,10,3,19,0.002664
pop_n50_t20,pop,50,20,watts_strogatz,ces,10,4,0,0.002576
pop_n50_t20,pop,50,20,watts_strogatz,ces,10,4,1,0.002563
pop_n50_t20,pop,50,20,watts_strogatz,ces,10,4,2,0.002571
pop_n50_t20,pop,50,20,watts_strogatz,ces,10,4,3,0.002605
pop_n50_t20,pop,50,20,watts_strogatz,ces,10,4,4,0.002697
pop_n50_t20,pop,50,20,watts_strogatz,ces,10,4,5,0.002690
pop_n50_t20,pop,50,20,watts_strogatz,ces,10,4,6,0.002655
pop_n50_t20,pop,50,20,watts_strogatz,ces,10,4,7,0.002667
pop_n50_t20,pop,50,20,watts_strogatz,ces,10,4,8,0.002673
pop_n50_t20,pop,50,20,watts_strogatz,ces,10,4,9,0.002686
pop_n50_t20,pop,50,20,watts_strogatz,ces,10,4,10,0.002639
pop_n50_t20,pop,50,20,watts_strogatz,ces,10,4,11,0.002636
pop_n50_t20,pop,50,20,watts_strogatz,ces,10,4,12,0.002645
pop_n50_t20,pop,50,20,watts_strogatz,ces,10,4,13,0.002640
pop_n50_t20,pop,50,20,watts_strogatz,ces,10,4,14,0.002650
pop_n50_t20,pop,50,20,watts_strogatz,ces,10,4,15,0.002631
pop_n50_t20,pop,50,20,watts_strogatz,ces,10,4,16,0.002620
pop_n50_t20,pop,50,20,watts_strogatz,ces,10,4,17,0.002655
pop_n50_t20,pop,50,20,watts_strogatz,ces,10,4,18,0.002667
pop_n50_t20,pop,50,20,watts_strogatz,ces,10,4,19,0.002703
pop_n50_t20,pop,50,20,watts_strogatz,ces,10,5,0,0.002629
pop_n50_t20,pop,50,20,watts_strogatz,ces,10,5,1,0.002590
pop_n50_t20,pop,50,20,watts_strogatz,ces,10,5,2,0.002571
pop_n50_t20,pop,50,20,watts_strogatz,ces,10,5,3,0.002582
pop_n50_t20,pop,50,20,watts_strogatz,ces,10,5,4,0.002600
pop_n50_t20,pop,50,20,watts_strogatz,ces,10,5,5,0.002598
pop_n50_t20,pop,50,20,watts_strogatz,ces,10,5,6,0.002602
pop_n50_t20,pop,50,20,watts_strogatz,ces,10,5,7,0.002607
pop_n50_t20,pop,50,20,watts_strogatz,ces,10,5,8,0.002619
pop_n50_t20,pop,50,20,watts_strogatz,ces,10,5,9,0.002614
pop_n50_t20,pop,50,20,watts_strogatz,ces,10,5,10,0.002631
pop_n50_t20,pop,50,20,watts_strogatz,ces,10,5,11,0.002655
pop_n50_t20,pop,50,20,watts_strogatz,ces,10,5,12,0.002636
pop_n50_t20,pop,50,20,watts_strogatz,ces,10,5,13,0.002632
pop_n50_t20,pop,50,20,watts_strogatz,ces,10,5,14,0.002635
pop_n50_t20,pop,50,20,watts_strogatz,ces,10,5,15,0.002646
pop_n50_t20,pop,50,20,watts_strogatz,ces,10,5,16,0.002671
pop_n50_t20,pop,50,20,watts_strogatz,ces,10,5,17,0.002787
pop_n50_t20,pop,50,20,watts_strogatz,ces,10,5,18,0.002682
pop_n50_t20,pop,50,20,watts_strogatz,ces,10,5,19,0.002684
pop_n50_t20,pop,50,20,watts_strogatz,ces,10,6,0,0.002575
pop_n50_t20,pop,50,20,watts_strogatz,ces,10,6,1,0.002566
pop_n50_t20,pop,50,20,watts_strogatz,ces,10,6,2,0.002583
pop_n50_t20,pop,50,20,watts_strogatz,ces,10,6,3,0.002607
pop_n50_t20,pop,50,20,watts_strogatz,ces,10,6,4,0.002609
pop_n50_t20,pop,50,20,watts_strogatz,ces,10,6,5,0.002613
pop_n50_t20,pop,50,20,watts_strogatz,ces,10,6,6,0.002633
pop_n50_t20,pop,50,20,watts_strogatz,ces,10,6,7,0.002644
pop_n50_t20,pop,50,20,watts_strogatz,ces,10,6,8,0.002645
pop_n50_t20,pop,50,20,watts_strogatz,ces,10,6,9,0.002649
pop_n50_t20,pop,50,20,watts_strogatz,ces,10,6,10,0.002669
pop_n50_t20,pop,50,20,watts_strogatz,ces,10,6,11,0.002656
pop_n50_t20,pop,50,20,watts_strogatz,ces,10,6,12,0.002647
pop_n50_t20,pop,50,20,watts_strogatz,ces,10,6,13,0.002662
pop_n50_t20,pop,50,20,watts_strogatz,ces,10,6,14,0.002658
pop_n50_t20,pop,50,20,watts_strogatz,ces,10,6,15,0.002673
pop_n50_t20,pop,50,20,watts_strogatz,ces,10,6,16,0.002659
pop_n50_t20,pop,50,20,watts_strogatz,ces,10,6,17,0.002687
pop_n50_t20,pop,50,20,watts_strogatz,ces,10,6,18,0.002669
pop_n50_t20,pop,50,20,watts_strogatz,ces,10,6,19,0.002673
pop_n50_t20,pop,50,20,watts_strogatz,ces,10,7,0,0.002598
pop_n50_t20,pop,50,20,watts_strogatz,ces,10,7,1,0.002578
pop_n50_t20,pop,50,20,watts_strogatz,ces,10,7,2,0.002588
pop_n50_t20,pop,50,20,watts_strogatz,ces,10,7,3,0.002596
pop_n50_t20,pop,50,20,watts_strogatz,ces,10,7,4,0.002598
pop_n50_t20,pop,50,20,watts_strogatz,ces,10,7,5,0.002611
pop_n50_t20,pop,50,20,watts_strogatz,ces,10,7,6,0.002626
pop_n50_t20,pop,50,20,watts_strogatz,ces,10,7,7,0.002624
pop_n50_t20,pop,50,20,watts_strogatz,ces,10,7,8,0.002636
pop_n50_t20,pop,50,20,watts_strogatz,ces,10,7,9,0.002676
pop_n50_t20,pop,50,20,watts_strogatz,ces,10,7,10,0.002647
pop_n50_t20,pop,50,20,watts_strogatz,ces,10,7,11,0.002646
pop_n50_t20,pop,50,20,watts_strogatz,ces,10,7,12,0.002663
pop_n50_t20,pop,50,20,watts_strogatz,ces,10,7,13,0.002664
pop_n50_t20,pop,50,20,watts_strogatz,ces,10,7,14,0.002669
pop_n50_t20,pop,50,20,watts_strogatz,ces,10,7,15,0.002661
pop_n50_t20,pop,50,20,watts_strogatz,ces,10,7,16,0.002664
pop_n50_t20,pop,50,20,watts_strogatz,ces,10,7,17,0.002679
pop_n50_t20,pop,50,20,watts_strogatz,ces,10,7,18,0.002678
pop_n50_t20,pop,50,20,watts_strogatz,ces,10,7,19,0.002668
pop_n50_t20,pop,50,20,watts_strogatz,ces,10,8,0,0.002573
pop_n50_t20,pop,50,20,watts_strogatz,ces,10,8,1,0.002569
pop_n50_t20,pop,50,20,watts_strogatz,ces,10,8,2,0.002572
pop_n50_t20,pop,50,20,watts_strogatz,ces,10,8,3,0.002582
pop_n50_t20,pop,50,20,watts_strogatz,ces,10,8,4,0.002608
pop_n50_t20,pop,50,20,watts_strogatz,ces,10,8,5,0.002619
pop_n50_t20,pop,50,20,watts_strogatz,ces,10,8,6,0.002626
pop_n50_t20,pop,50,20,watts_strogatz,ces,10,8,7,0.002647
pop_n50_t20,pop,50,20,watts_strogatz,ces,10,8,8,0.002638
pop_n50_t20,pop,50,20,watts_strogatz,ces,10,8,9,0.002637
pop_n50_t20,pop,50,20,watts_strogatz,ces,10,8,10,0.002645
pop_n50_t20,pop,50,20,watts_strogatz,ces,10,8,11,0.002640
pop_n50_t20,pop,50,20,watts_strogatz,ces,10,8,12,0.002658
pop_n50_t20,pop,50,20,watts_strogatz,ces,10,8,13,0.002690
pop_n50_t20,pop,50,20,watts_strogatz,ces,10,8,14,0.002977
pop_n50_t20,pop,50,20,watts_strogatz,ces,10,8,15,0.002583
pop_n50_t20,pop,50,20,watts_strogatz,ces,10,8,16,0.002562
pop_n50_t20,pop,50,20,watts_strogatz,ces,10,8,17,0.002567
pop_n50_t20,pop,50,20,watts_strogatz,ces,10,8,18,0.002587
pop_n50_t20,pop,50,20,watts_strogatz,ces,10,8,19,0.002851
pop_n50_t50,pop,50,50,watts_strogatz,ces,10,1,0,0.002607
pop_n50_t50,pop,50,50,watts_strogatz,ces,10,1,1,0.002594
pop_n50_t50,pop,50,50,watts_strogatz,ces,10,1,2,0.002591
pop_n50_t50,pop,50,50,watts_strogatz,ces,10,1,3,0.002607
pop_n50_t50,pop,50,50,watts_strogatz,ces,10,1,4,0.002611
pop_n50_t50,pop,50,50,watts_strogatz,ces,10,1,5,0.002610
pop_n50_t50,pop,50,50,watts_strogatz,ces,10,1,6,0.002620
pop_n50_t50,pop,50,50,watts_strogatz,ces,10,1,7,0.002626
pop_n50_t50,pop,50,50,watts_strogatz,ces,10,1,8,0.002624
pop_n50_t50,pop,50,50,watts_strogatz,ces,10,1,9,0.002641
pop_n50_t50,pop,50,50,watts_strogatz,ces,10,1,10,0.002622
pop_n50_t50,pop,50,50,watts_strogatz,ces,10,1,11,0.002655
pop_n50_t50,pop,50,50,watts_strogatz,ces,10,1,12,0.002656
pop_n50_t50,pop,50,50,watts_strogatz,ces,10,1,13,0.002646
pop_n50_t50,pop,50,50,watts_strogatz,ces,10,1,14,0.002666
pop_n50_t50,pop,50,50,watts_strogatz,ces,10,1,15,0.002673
pop_n50_t50,pop,50,50,watts_strogatz,ces,10,1,16,0.002670
pop_n50_t50,pop,50,50,watts_strogatz,ces,10,1,17,0.002677
pop_n50_t50,pop,50,50,watts_strogatz,ces,10,1,18,0.002676
pop_n50_t50,pop,50,50,watts_strogatz,ces,10,1,19,0.002676
pop_n50_t50,pop,50,50,watts_strogatz,ces,10,1,20,0.002699
pop_n50_t50,pop,50,50,watts_strogatz,ces,10,1,21,0.002698
pop_n50_t50,pop,50,50,watts_strogatz,ces,10,1,22,0.002692
pop_n50_t50,pop,50,50,watts_strogatz,ces,10,1,23,0.002677
pop_n50_t50,pop,50,50,watts_strogatz,ces,10,1,24,0.002688
pop_n50_t50,pop,50,50,watts_strogatz,ces,10,1,25,0.002706
pop_n50_t50,pop,50,50,watts_strogatz,ces,10,1,26,0.002721
pop_n50_t50,pop,50,50,watts_strogatz,ces,10,1,27,0.002696
pop_n50_t50,pop,50,50,watts_strogatz,ces,10,1,28,0.002680
pop_n50_t50,pop,50,50,watts_strogatz,ces,10,1,29,0.002675
pop_n50_t50,pop,50,50,watts_strogatz,ces,10,1,30,0.002704
pop_n50_t50,pop,50,50,watts_strogatz,ces,10,1,31,0.002707
pop_n50_t50,pop,50,50,watts_strogatz,ces,10,1,32,0.002702
pop_n50_t50,pop,50,50,watts_strogatz,ces,10,1,33,0.002693
pop_n50_t50,pop,50,50,watts_strogatz,ces,10,1,34,0.002711
pop_n50_t50,pop,50,50,watts_strogatz,ces,10,1,35,0.002814
pop_n50_t50,pop,50,50,watts_strogatz,ces,10,1,36,0.002686
pop_n50_t50,pop,50,50,watts_strogatz,ces,10,1,37,0.002716
pop_n50_t50,pop,50,50,watts_strogatz,ces,10,1,38,0.002719
pop_n50_t50,pop,50,50,watts_strogatz,ces,10,1,39,0.002718
pop_n50_t50,pop,50,50,watts_strogatz,ces,10,1,40,0.002720
pop_n50_t50,pop,50,50,watts_strogatz,ces,10,1,41,0.002722
pop_n50_t50,pop,50,50,watts_strogatz,ces,10,1,42,0.002718
pop_n50_t50,pop,50,50,watts_strogatz,ces,10,1,43,0.002706
pop_n50_t50,pop,50,50,watts_strogatz,ces,10,1,44,0.002734
pop_n50_t50,pop,50,50,watts_strogatz,ces,10,1,45,0.002736
pop_n50_t50,pop,50,50,watts_strogatz,ces,10,1,46,0.002714
pop_n50_t50,pop,50,50,watts_strogatz,ces,10,1,47,0.002727
pop_n50_t50,pop,50,50,watts_strogatz,ces,10,1,48,0.002779
pop_n50_t50,pop,50,50,watts_strogatz,ces,10,1,49,0.002752
pop_n50_t50,pop,50,50,watts_strogatz,ces,10,2,0,0.002603
pop_n50_t50,pop,50,50,watts_strogatz,ces,10,2,1,0.002577
pop_n50_t50,pop,50,50,watts_strogatz,ces,10,2,2,0.002581
pop_n50_t50,pop,50,50,watts_strogatz,ces,10,2,3,0.002601
pop_n50_t50,pop,50,50,watts_strogatz,ces,10,2,4,0.002623
pop_n50_t50,pop,50,50,watts_strogatz,ces,10,2,5,0.002610
pop_n50_t50,pop,50,50,watts_strogatz,ces,10,2,6,0.002615
pop_n50_t50,pop,50,50,watts_strogatz,ces,10,2,7,0.002633
pop_n50_t50,pop,50,50,watts_strogatz,ces,10,2,8,0.002630
pop_n50_t50,pop,50,50,watts_strogatz,ces,10,2,9,0.002643
pop_n50_t50,pop,50,50,watts_strogatz,ces,10,2,10,0.002648
pop_n50_t50,pop,50,50,watts_strogatz,ces,10,2,11,0.002633
pop_n50_t50,pop,50,50,watts_strogatz,ces,10,2,12,0.002658
pop_n50_t50,pop,50,50,watts_strogatz,ces,10,2,13,0.002669
pop_n50_t50,pop,50,50,watts_strogatz,ces,10,2,14,0.002653
pop_n50_t50,pop,50,50,watts_strogatz,ces,10,2,15,0.002664
pop_n50_t50,pop,50,50,watts_strogatz,ces,10,2,16,0.002645
pop_n50_t50,pop,50,50,watts_strogatz,ces,10,2,17,0.002669
pop_n50_t50,pop,50,50,watts_strogatz,ces,10,2,18,0.002682
pop_n50_t50,pop,50,50,watts_strogatz,ces,10,2,19,0.002691
pop_n50_t50,pop,50,50,watts_strogatz,ces,10,2,20,0.002702
pop_n50_t50,pop,50,50,watts_strogatz,ces,10,2,21,0.002702
pop_n50_t50,pop,50,50,watts_strogatz,ces,10,2,22,0.002686
pop_n50_t50,pop,50,50,watts_strogatz,ces,10,2,23,0.002687
pop_n50_t50,pop,50,50,watts_strogatz,ces,10,2,24,0.002674
pop_n50_t50,pop,50,50,watts_strogatz,ces,10,2,25,0.002665
pop_n50_t50,pop,50,50,watts_strogatz,ces,10,2,26,0.002663
pop_n50_t50,pop,50,50,watts_strogatz,ces,10,2,27,0.002668
pop_n50_t50,pop,50,50,watts_strogatz,ces,10,2,28,0.002690
pop_n50_t50,pop,50,50,watts_strogatz,ces,10,2,29,0.002687
pop_n50_t50,pop,50,50,watts_strogatz,ces,10,2,30,0.002722
pop_n50_t50,pop,50,50,watts_strogatz,ces,10,2,31,0.002754
pop_n50_t50,pop,50,50,watts_strogatz,ces,10,2,32,0.002736
pop_n50_t50,pop,50,50,watts_strogatz,ces,10,2,33,0.002756
pop_n50_t50,pop,50,50,watts_strogatz,ces,10,2,34,0.002787
pop_n50_t50,pop,50,50,watts_strogatz,ces,10,2,35,0.002743
pop_n50_t50,pop,50,50,watts_strogatz,ces,10,2,36,0.002720
pop_n50_t50,pop,50,50,watts_strogatz,ces,10,2,37,0.002715
pop_n50_t50,pop,50,50,watts_strogatz,ces,10,2,38,0.002712
pop_n50_t50,pop,50,50,watts_strogatz,ces,10,2,39,0.002702
pop_n50_t50,pop,50,50,watts_strogatz,ces,10,2,40,0.002730
pop_n50_t50,pop,50,50,watts_strogatz,ces,10,2,41,0.002733
pop_n50_t50,pop,50,50,watts_strogatz,ces,10,2,42,0.002737
pop_n50_t50,pop,50,50,watts_strogatz,ces,10,2,43,0.002723
pop_n50_t50,pop,50,50,watts_strogatz,ces,10,2,44,0.002722
pop_n50_t50,pop,50,50,watts_strogatz,ces,10,2,45,0.002715
pop_n50_t50,pop,50,50,watts_strogatz,ces,10,2,46,0.002747
pop_n50_t50,pop,50,50,watts_strogatz,ces,10,2,47,0.002762
pop_n50_t50,pop,50,50,watts_strogatz,ces,10,2,48,0.002737
pop_n50_t50,pop,50,50,watts_strogatz,ces,10,2,49,0.002734
pop_n50_t50,pop,50,50,watts_strogatz,ces,10,3,0,0.002580
pop_n50_t50,pop,50,50,watts_strogatz,ces,10,3,1,0.002587
pop_n50_t50,pop,50,50,watts_strogatz,ces,10,3,2,0.002593
pop_n50_t50,pop,50,50,watts_strogatz,ces,10,3,3,0.002601
pop_n50_t50,pop,50,50,watts_strogatz,ces,10,3,4,0.002594
pop_n50_t50,pop,50,50,watts_strogatz,ces,10,3,5,0.002599
pop_n50_t50,pop,50,50,watts_strogatz,ces,10,3,6,0.002601
pop_n50_t50,pop,50,50,watts_strogatz,ces,10,3,7,0.002608
pop_n50_t50,pop,50,50,watts_strogatz,ces,10,3,8,0.002804
pop_n50_t50,pop,50,50,watts_strogatz,ces,10,3,9,0.003112
pop_n50_t50,pop,50,50,watts_strogatz,ces,10,3,10,0.002589
pop_n50_t50,pop,50,50,watts_strogatz,ces,10,3,11,0.002536
pop_n50_t50,pop,50,50,watts_strogatz,ces,10,3,12,0.002566
pop_n50_t50,pop,50,50,watts_strogatz,ces,10,3,13,0.002560
pop_n50_t50,pop,50,50,watts_strogatz,ces,10,3,14,0.002581
pop_n50_t50,pop,50,50,watts_strogatz,ces,10,3,15,0.002559
pop_n50_t50,pop,50,50,watts_strogatz,ces,10,3,16,0.002572
pop_n50_t50,pop,50,50,watts_strogatz,ces,10,3,17,0.002576
pop_n50_t50,pop,50,50,watts_strogatz,ces,10,3,18,0.002638
pop_n50_t50,pop,50,50,watts_strogatz,ces,10,3,19,0.002582
pop_n50_t50,pop,50,50,watts_strogatz,ces,10,3,20,0.002578
pop_n50_t50,pop,50,50,watts_strogatz,ces,10,3,21,0.002601
pop_n50_t50,pop,50,50,watts_strogatz,ces,10,3,22,0.002589
pop_n50_t50,pop,50,50,watts_strogatz,ces,10,3,23,0.002594
pop_n50_t50,pop,50,50,watts_strogatz,ces,10,3,24,0.002583
pop_n50_t50,pop,50,50,watts_strogatz,ces,10,3,25,0.002590
pop_n50_t50,pop,50,50,watts_strogatz,ces,10,3,26,0.002586
pop_n50_t50,pop,50,50,watts_strogatz,ces,10,3,27,0.002602
pop_n50_t50,pop,50,50,watts_strogatz,ces,10,3,28,0.002590
pop_n50_t50,pop,50,50,watts_strogatz,ces,10,3,29,0.002607
pop_n50_t50,pop,50,50,watts_strogatz,ces,10,3,30,0.002597
pop_n50_t50,pop,50,50,watts_strogatz,ces,10,3,31,0.002609
pop_n50_t50,pop,50,50,watts_strogatz,ces,10,3,32,0.002607
pop_n50_t50,pop,50,50,watts_strogatz,ces,10,3,33,0.002603
pop_n50_t50,pop,50,50,watts_strogatz,ces,10,3,34,0.002639
pop_n50_t50,pop,50,50,watts_strogatz,ces,10,3,35,0.002628
pop_n50_t50,pop,50,50,watts_strogatz,ces,10,3,36,0.002624
pop_n50_t50,pop,50,50,watts_strogatz,ces,10,3,37,0.002618
pop_n50_t50,pop,50,50,watts_strogatz,ces,10,3,38,0.002623
pop_n50_t50,pop,50,50,watts_strogatz,ces,10,3,39,0.002624
pop_n50_t50,pop,50,50,watts_strogatz,ces,10,3,40,0.002653
pop_n50_t50,pop,50,50,watts_strogatz,ces,10,3,41,0.002628
pop_n50_t50,pop,50,50,watts_strogatz,ces,10,3,42,0.002646
pop_n50_t50,pop,50,50,watts_strogatz,ces,10,3,43,0.002632
pop_n50_t50,pop,50,50,watts_strogatz,ces,10,3,44,0.002641
pop_n50_t50,pop,50,50,watts_strogatz,ces,10,3,45,0.002635
pop_n50_t50,pop,50,50,watts_strogatz,ces,10,3,46,0.002650
pop_n50_t50,pop,50,50,watts_strogatz,ces,10,3,47,0.002650
pop_n50_t50,pop,50,50,watts_strogatz,ces,10,3,48,0.002648
pop_n50_t50,pop,50,50,watts_strogatz,ces,10,3,49,0.002643
pop_n50_t50,pop,50,50,watts_strogatz,ces,10,4,0,0.002507
pop_n50_t50,pop,50,50,watts_strogatz,ces,10,4,1,0.002495
pop_n50_t50,pop,50,50,watts_strogatz,ces,10,4,2,0.002501
pop_n50_t50,pop,50,50,watts_strogatz,ces,10,4,3,0.002535
pop_n50_t50,pop,50,50,watts_strogatz,ces,10,4,4,0.002531
pop_n50_t50,pop,50,50,watts_strogatz,ces,10,4,5,0.002529
pop_n50_t50,pop,50,50,watts_strogatz,ces,10,4,6,0.002535
pop_n50_t50,pop,50,50,watts_strogatz,ces,10,4,7,0.002537
pop_n50_t50,pop,50,50,watts_strogatz,ces,10,4,8,0.002539
pop_n50_t50,pop,50,50,watts_strogatz,ces,10,4,9,0.002571
pop_n50_t50,pop,50,50,watts_strogatz,ces,10,4,10,0.002559
pop_n50_t50,pop,50,50,watts_strogatz,ces,10,4,11,0.002570
pop_n50_t50,pop,50,50,watts_strogatz,ces,10,4,12,0.002561
pop_n50_t50,pop,50,50,watts_strogatz,ces,10,4,13,0.002571
pop_n50_t50,pop,50,50,watts_strogatz,ces,10,4,14,0.002586
pop_n50_t50,pop,50,50,watts_strogatz,ces,10,4,15,0.002565
pop_n50_t50,pop,50,50,watts_strogatz,ces,10,4,16,0.002592
pop_n50_t50,pop,50,50,watts_strogatz,ces,10,4,17,0.002583
pop_n50_t50,pop,50,50,watts_strogatz,ces,10,4,18,0.002596
pop_n50_t50,pop,50,50,watts_strogatz,ces,10,4,19,0.002590
pop_n50_t50,pop,50,50,watts_strogatz,ces,10,4,20,0.002595
pop_n50_t50,pop,50,50,watts_strogatz,ces,10,4,21,0.002596
pop_n50_t50,pop,50,50,watts_strogatz,ces,10,4,22,0.002602
pop_n50_t50,pop,50,50,watts_strogatz,ces,10,4,23,0.002605
pop_n50_t50,pop,50,50,watts_strogatz,ces,10,4,24,0.002599
pop_n50_t50,pop,50,50,watts_strogatz,ces,10,4,25,0.002604
pop_n50_t50,pop,50,50,watts_strogatz,ces,10,4,26,0.002610
pop_n50_t50,pop,50,50,watts_strogatz,ces,10,4,27,0.002605
pop_n50_t50,pop,50,50,watts_strogatz,ces,10,4,28,0.002601
pop_n50_t50,pop,50,50,watts_strogatz,ces,10,4,29,0.003120
pop_n50_t50,pop,50,50,watts_strogatz,ces,10,4,30,0.002789
pop_n50_t50,pop,50,50,watts_strogatz,ces,10,4,31,0.002599
pop_n50_t50,pop,50,50,watts_strogatz,ces,10,4,32,0.002606
pop_n50_t50,pop,50,50,watts_strogatz,ces,10,4,33,0.002607
pop_n50_t50,pop,50,50,watts_strogatz,ces,10,4,34,0.002616
pop_n50_t50,pop,50,50,watts_strogatz,ces,10,4,35,0.002639
pop_n50_t50,pop,50,50,watts_strogatz,ces,10,4,36,0.002631
pop_n50_t50,pop,50,50,watts_strogatz,ces,10,4,37,0.002623
pop_n50_t50,pop,50,50,watts_strogatz,ces,10,4,38,0.002630
pop_n50_t50,pop,50,50,watts_strogatz,ces,10,4,39,0.002631
pop_n50_t50,pop,50,50,watts_strogatz,ces,10,4,40,0.002630
pop_n50_t50,pop,50,50,watts_strogatz,ces,10,4,41,0.002652
pop_n50_t50,pop,50,50,watts_strogatz,ces,10,4,42,0.002646
pop_n50_t50,pop,50,50,watts_strogatz,ces,10,4,43,0.002640
pop_n50_t50,pop,50,50,watts_strogatz,ces,10,4,44,0.002642
pop_n50_t50,pop,50,50,watts_strogatz,ces,10,4,45,0.002633
pop_n50_t50,pop,50,50,watts_strogatz,ces,10,4,46,0.002640
pop_n50_t50,pop,50,50,watts_strogatz,ces,10,4,47,0.002640
pop_n50_t50,pop,50,50,watts_strogatz,ces,10,4,48,0.002662
pop_n50_t50,pop,50,50,watts_strogatz,ces,10,4,49,0.002651
pop_n50_t50,pop,50,50,watts_strogatz,ces,10,5,0,0.002500
pop_n50_t50,pop,50,50,watts_strogatz,ces,10,5,1,0.002511
pop_n50_t50,pop,50,50,watts_strogatz,ces,10,5,2,0.002514
pop_n50_t50,pop,50,50,watts_strogatz,ces,10,5,3,0.002516
pop_n50_t50,pop,50,50,watts_strogatz,ces,10,5,4,0.002549
pop_n50_t50,pop,50,50,watts_strogatz,ces,10,5,5,0.002529
pop_n50_t50,pop,50,50,watts_strogatz,ces,10,5,6,0.002534
pop_n50_t50,pop,50,50,watts_strogatz,ces,10,5,7,0.002540
pop_n50_t50,pop,50,50,watts_strogatz,ces,10,5,8,0.002544
pop_n50_t50,pop,50,50,watts_strogatz,ces,10,5,9,0.002565
pop_n50_t50,pop,50,50,watts_strogatz,ces,10,5,10,0.002564
pop_n50_t50,pop,50,50,watts_strogatz,ces,10,5,11,0.002579
pop_n50_t50,pop,50,50,watts_strogatz,ces,10,5,12,0.002582
pop_n50_t50,pop,50,50,watts_strogatz,ces,10,5,13,0.002589
pop_n50_t50,pop,50,50,watts_strogatz,ces,10,5,14,0.002590
pop_n50_t50,pop,50,50,watts_strogatz,ces,10,5,15,0.002575
pop_n50_t50,pop,50,50,watts_strogatz,ces,10,5,16,0.002581
pop_n50_t50,pop,50,50,watts_strogatz,ces,10,5,17,0.002618
pop_n50_t50,pop,50,50,watts_strogatz,ces,10,5,18,0.002600
pop_n50_t50,pop,50,50,watts_strogatz,ces,10,5,19,0.002592
pop_n50_t50,pop,50,50,watts_strogatz,ces,10,5,20,0.002594
pop_n50_t50,pop,50,50,watts_strogatz,ces,10,5,21,0.002589
pop_n50_t50,pop,50,50,watts_strogatz,ces,10,5,22,0.002606
pop_n50_t50,pop,50,50,watts_strogatz,ces,10,5,23,0.002628
pop_n50_t50,pop,50,50,watts_strogatz,ces,10,5,24,0.002607
pop_n50_t50,pop,50,50,watts_strogatz,ces,10,5,25,0.002614
pop_n50_t50,pop,50,50,watts_strogatz,ces,10,5,26,0.002595
pop_n50_t50,pop,50,50,watts_strogatz,ces,10,5,27,0.002613
pop_n50_t50,pop,50,50,watts_strogatz,ces,10,5,28,0.002606
pop_n50_t50,pop,50,50,watts_strogatz,ces,10,5,29,0.002596
pop_n50_t50,pop,50,50,watts_strogatz,ces,10,5,30,0.002717
pop_n50_t50,pop,50,50,watts_strogatz,ces,10,5,31,0.002628
pop_n50_t50,pop,50,50,watts_strogatz,ces,10,5,32,0.002621
pop_n50_t50,pop,50,50,watts_strogatz,ces,10,5,33,0.002644
pop_n50_t50,pop,50,50,watts_strogatz,ces,10,5,34,0.002629
pop_n50_t50,pop,50,50,watts_strogatz,ces,10,5,35,0.002629
pop_n50_t50,pop,50,50,watts_strogatz,ces,10,5,36,0.002644
pop_n50_t50,pop,50,50,watts_strogatz,ces,10,5,37,0.002648
pop_n50_t50,pop,50,50,watts_strogatz,ces,10,5,38,0.002646
pop_n50_t50,pop,50,50,watts_strogatz,ces,10,5,39,0.002633
pop_n50_t50,pop,50,50,watts_strogatz,ces,10,5,40,0.002645
pop_n50_t50,pop,50,50,watts_strogatz,ces,10,5,41,0.002645
pop_n50_t50,pop,50,50,watts_strogatz,ces,10,5,42,0.002656
pop_n50_t50,pop,50,50,watts_strogatz,ces,10,5,43,0.002648
pop_n50_t50,pop,50,50,watts_strogatz,ces,10,5,44,0.002659
pop_n50_t50,pop,50,50,watts_strogatz,ces,10,5,45,0.002669
pop_n50_t50,pop,50,50,watts_strogatz,ces,10,5,46,0.002656
pop_n50_t50,pop,50,50,watts_strogatz,ces,10,5,47,0.002655
pop_n50_t50,pop,50,50,watts_strogatz,ces,10,5,48,0.002653
pop_n50_t50,pop,50,50,watts_strogatz,ces,10,5,49,0.002671
pop_n50_t50,pop,50,50,watts_strogatz,ces,10,6,0,0.002516
pop_n50_t50,pop,50,50,watts_strogatz,ces,10,6,1,0.002498
pop_n50_t50,pop,50,50,watts_strogatz,ces,10,6,2,0.002507
pop_n50_t50,pop,50,50,watts_strogatz,ces,10,6,3,0.002525
pop_n50_t50,pop,50,50,watts_strogatz,ces,10,6,4,0.002536
pop_n50_t50,pop,50,50,watts_strogatz,ces,10,6,5,0.002537
pop_n50_t50,pop,50,50,watts_strogatz,ces,10,6,6,0.002543
pop_n50_t50,pop,50,50,watts_strogatz,ces,10,6,7,0.002555
pop_n50_t50,pop,50,50,watts_strogatz,ces,10,6,8,0.002547
pop_n50_t50,pop,50,50,watts_strogatz,ces,10,6,9,0.002558
pop_n50_t50,pop,50,50,watts_strogatz,ces,10,6,10,0.002566
pop_n50_t50,pop,50,50,watts_strogatz,ces,10,6,11,0.002572
pop_n50_t50,pop,50,50,watts_strogatz,ces,10,6,12,0.002577
pop_n50_t50,pop,50,50,watts_strogatz,ces,10,6,13,0.002579
pop_n50_t50,pop,50,50,watts_strogatz,ces,10,6,14,0.002589
pop_n50_t50,pop,50,50,watts_strogatz,ces,10,6,15,0.002588
pop_n50_t50,pop,50,50,watts_strogatz,ces,10,6,16,0.002584
pop_n50_t50,pop,50,50,watts_strogatz,ces,10,6,17,0.002580
pop_n50_t50,pop,50,50,watts_strogatz,ces,10,6,18,0.002624
pop_n50_t50,pop,50,50,watts_strogatz,ces,10,6,19,0.002619
pop_n50_t50,pop,50,50,watts_strogatz,ces,10,6,20,0.002597
pop_n50_t50,pop,50,50,watts_strogatz,ces,10,6,21,0.002604
pop_n50_t50,pop,50,50,watts_strogatz,ces,10,6,22,0.002618
pop_n50_t50,pop,50,50,watts_strogatz,ces,10,6,23,0.002617
pop_n50_t50,pop,50,50,watts_strogatz,ces,10,6,24,0.002601
pop_n50_t50,pop,50,50,watts_strogatz,ces,10,6,25,0.002618
pop_n50_t50,pop,50,50,watts_strogatz,ces,10,6,26,0.002609
pop_n50_t50,pop,50,50,watts_strogatz,ces,10,6,27,0.002610
pop_n50_t50,pop,50,50,watts_strogatz,ces,10,6,28,0.002621
pop_n50_t50,pop,50,50,watts_strogatz,ces,10,6,29,0.002620
pop_n50_t50,pop,50,50,watts_strogatz,ces,10,6,30,0.002609
pop_n50_t50,pop,50,50,watts_strogatz,ces,10,6,31,0.002656
pop_n50_t50,pop,50,50,watts_strogatz,ces,10,6,32,0.002625
pop_n50_t50,pop,50,50,watts_strogatz,ces,10,6,33,0.002625
pop_n50_t50,pop,50,50,watts_strogatz,ces,10,6,34,0.002632
pop_n50_t50,pop,50,50,watts_strogatz,ces,10,6,35,0.002620
pop_n50_t50,pop,50,50,watts_strogatz,ces,10,6,36,0.002624
pop_n50_t50,pop,50,50,watts_strogatz,ces,10,6,37,0.002656
pop_n50_t50,pop,50,50,watts_strogatz,ces,10,6,38,0.002633
pop_n50_t50,pop,50,50,watts_strogatz,ces,10,6,39,0.002654
pop_n50_t50,pop,50,50,watts_strogatz,ces,10,6,40,0.002659
pop_n50_t50,pop,50,50,watts_strogatz,ces,10,6,41,0.002646
pop_n50_t50,pop,50,50,watts_strogatz,ces,10,6,42,0.002643
pop_n50_t50,pop,50,50,watts_strogatz,ces,10,6,43,0.002637
pop_n50_t50,pop,50,50,watts_strogatz,ces,10,6,44,0.002661
pop_n50_t50,pop,50,50,watts_strogatz,ces,10,6,45,0.002661
pop_n50_t50,pop,50,50,watts_strogatz,ces,10,6,46,0.002658
pop_n50_t50,pop,50,50,watts_strogatz,ces,10,6,47,0.002660
pop_n50_t50,pop,50,50,watts_strogatz,ces,10,6,48,0.002646
pop_n50_t50,pop,50,50,watts_strogatz,ces,10,6,49,0.002653
pop_n50_t50,pop,50,50,watts_strogatz,ces,10,7,0,0.002525
pop_n50_t50,pop,50,50,watts_strogatz,ces,10,7,1,0.002506
pop_n50_t50,pop,50,50,watts_strogatz,ces,10,7,2,0.002507
pop_n50_t50,pop,50,50,watts_strogatz,ces,10,7,3,0.002525
pop_n50_t50,pop,50,50,watts_strogatz,ces,10,7,4,0.002526
pop_n50_t50,pop,50,50,watts_strogatz,ces,10,7,5,0.002531
pop_n50_t50,pop,50,50,watts_strogatz,ces,10,7,6,0.002560
pop_n50_t50,pop,50,50,watts_strogatz,ces,10,7,7,0.002549
pop_n50_t50,pop,50,50,watts_strogatz,ces,10,7,8,0.002545
pop_n50_t50,pop,50,50,watts_strogatz,ces,10,7,9,0.002559
pop_n50_t50,pop,50,50,watts_strogatz,ces,10,7,10,0.002563
pop_n50_t50,pop,50,50,watts_strogatz,ces,10,7,11,0.002565
pop_n50_t50,pop,50,50,watts_strogatz,ces,10,7,12,0.002577
pop_n50_t50,pop,50,50,watts_strogatz,ces,10,7,13,0.002612
pop_n50_t50,pop,50,50,watts_strogatz,ces,10,7,14,0.002600
pop_n50_t50,pop,50,50,watts_strogatz,ces,10,7,15,0.002587
pop_n50_t50,pop,50,50,watts_strogatz,ces,10,7,16,0.002603
pop_n50_t50,pop,50,50,watts_strogatz,ces,10,7,17,0.002594
pop_n50_t50,pop,50,50,watts_strogatz,ces,10,7,18,0.002594
pop_n50_t50,pop,50,50,watts_strogatz,ces,10,7,19,0.002610
pop_n50_t50,pop,50,50,watts_strogatz,ces,10,7,20,0.002606
pop_n50_t50,pop,50,50,watts_strogatz,ces,10,7,21,0.002618
pop_n50_t50,pop,50,50,watts_strogatz,ces,10,7,22,0.002611
pop_n50_t50,pop,50,50,watts_strogatz,ces,10,7,23,0.002592
pop_n50_t50,pop,50,50,watts_strogatz,ces,10,7,24,0.002595
pop_n50_t50,pop,50,50,watts_strogatz,ces,10,7,25,0.002594
pop_n50_t50,pop,50,50,watts_strogatz,ces,10,7,26,0.002626
pop_n50_t50,pop,50,50,watts_strogatz,ces,10,7,27,0.002618
pop_n50_t50,pop,50,50,watts_strogatz,ces,10,7,28,0.002601
pop_n50_t50,pop,50,50,watts_strogatz,ces,10,7,29,0.002620
pop_n50_t50,pop,50,50,watts_strogatz,ces,10,7,30,0.002616
pop_n50_t50,pop,50,50,watts_strogatz,ces,10,7,31,0.002607
pop_n50_t50,pop,50,50,watts_strogatz,ces,10,7,32,0.002640
pop_n50_t50,pop,50,50,watts_strogatz,ces,10,7,33,0.002619
pop_n50_t50,pop,50,50,watts_strogatz,ces,10,7,34,0.002632
pop_n50_t50,pop,50,50,watts_strogatz,ces,10,7,35,0.002663
pop_n50_t50,pop,50,50,watts_strogatz,ces,10,7,36,0.002630
pop_n50_t50,pop,50,50,watts_strogatz,ces,10,7,37,0.002635
pop_n50_t50,pop,50,50,watts_strogatz,ces,10,7,38,0.002654
pop_n50_t50,pop,50,50,watts_strogatz,ces,10,7,39,0.002628
pop_n50_t50,pop,50,50,watts_strogatz,ces,10,7,40,0.002642
pop_n50_t50,pop,50,50,watts_strogatz,ces,10,7,41,0.002634
pop_n50_t50,pop,50,50,watts_strogatz,ces,10,7,42,0.002629
pop_n50_t50,pop,50,50,watts_strogatz,ces,10,7,43,0.002644
pop_n50_t50,pop,50,50,watts_strogatz,ces,10,7,44,0.002632
pop_n50_t50,pop,50,50,watts_strogatz,ces,10,7,45,0.002673
pop_n50_t50,pop,50,50,watts_strogatz,ces,10,7,46,0.002643
pop_n50_t50,pop,50,50,watts_strogatz,ces,10,7,47,0.002640
pop_n50_t50,pop,50,50,watts_strogatz,ces,10,7,48,0.002643
pop_n50_t50,pop,50,50,watts_strogatz,ces,10,7,49,0.002642
pop_n50_t50,pop,50,50,watts_strogatz,ces,10,8,0,0.002516
pop_n50_t50,pop,50,50,watts_strogatz,ces,10,8,1,0.002527
pop_n50_t50,pop,50,50,watts_strogatz,ces,10,8,2,0.002517
pop_n50_t50,pop,50,50,watts_strogatz,ces,10,8,3,0.002526
pop_n50_t50,pop,50,50,watts_strogatz,ces,10,8,4,0.002517
pop_n50_t50,pop,50,50,watts_strogatz,ces,10,8,5,0.002542
pop_n50_t50,pop,50,50,watts_strogatz,ces,10,8,6,0.002549
pop_n50_t50,pop,50,50,watts_strogatz,ces,10,8,7,0.002545
pop_n50_t50,pop,50,50,watts_strogatz,ces,10,8,8,0.002569
pop_n50_t50,pop,50,50,watts_strogatz,ces,10,8,9,0.002556
pop_n50_t50,pop,50,50,watts_strogatz,ces,10,8,10,0.002566
pop_n50_t50,pop,50,50,watts_strogatz,ces,10,8,11,0.002571
pop_n50_t50,pop,50,50,watts_strogatz,ces,10,8,12,0.002605
pop_n50_t50,pop,50,50,watts_strogatz,ces,10,8,13,0.002581
pop_n50_t50,pop,50,50,watts_strogatz,ces,10,8,14,0.002608
pop_n50_t50,pop,50,50,watts_strogatz,ces,10,8,15,0.002581
pop_n50_t50,pop,50,50,watts_strogatz,ces,10,8,16,0.002594
pop_n50_t50,pop,50,50,watts_strogatz,ces,10,8,17,0.002600
pop_n50_t50,pop,50,50,watts_strogatz,ces,10,8,18,0.002600
pop_n50_t50,pop,50,50,watts_strogatz,ces,10,8,19,0.002601
pop_n50_t50,pop,50,50,watts_strogatz,ces,10,8,20,0.002591
pop_n50_t50,pop,50,50,watts_strogatz,ces,10,8,21,0.002632
pop_n50_t50,pop,50,50,watts_strogatz,ces,10,8,22,0.002606
pop_n50_t50,pop,50,50,watts_strogatz,ces,10,8,23,0.002613
pop_n50_t50,pop,50,50,watts_strogatz,ces,10,8,24,0.002605
pop_n50_t50,pop,50,50,watts_strogatz,ces,10,8,25,0.002601
pop_n50_t50,pop,50,50,watts_strogatz,ces,10,8,26,0.002604
pop_n50_t50,pop,50,50,watts_strogatz,ces,10,8,27,0.002648
pop_n50_t50,pop,50,50,watts_strogatz,ces,10,8,28,0.002610
pop_n50_t50,pop,50,50,watts_strogatz,ces,10,8,29,0.002604
pop_n50_t50,pop,50,50,watts_strogatz,ces,10,8,30,0.002620
pop_n50_t50,pop,50,50,watts_strogatz,ces,10,8,31,0.002607
pop_n50_t50,pop,50,50,watts_strogatz,ces,10,8,32,0.002623
pop_n50_t50,pop,50,50,watts_strogatz,ces,10,8,33,0.002654
pop_n50_t50,pop,50,50,watts_strogatz,ces,10,8,34,0.002642
pop_n50_t50,pop,50,50,watts_strogatz,ces,10,8,35,0.002638
pop_n50_t50,pop,50,50,watts_strogatz,ces,10,8,36,0.002656
pop_n50_t50,pop,50,50,watts_strogatz,ces,10,8,37,0.002623
pop_n50_t50,pop,50,50,watts_strogatz,ces,10,8,38,0.002625
pop_n50_t50,pop,50,50,watts_strogatz,ces,10,8,39,0.002640
pop_n50_t50,pop,50,50,watts_strogatz,ces,10,8,40,0.002683
pop_n50_t50,pop,50,50,watts_strogatz,ces,10,8,41,0.002633
pop_n50_t50,pop,50,50,watts_strogatz,ces,10,8,42,0.002632
pop_n50_t50,pop,50,50,watts_strogatz,ces,10,8,43,0.002648
pop_n50_t50,pop,50,50,watts_strogatz,ces,10,8,44,0.002635
pop_n50_t50,pop,50,50,watts_strogatz,ces,10,8,45,0.002631
pop_n50_t50,pop,50,50,watts_strogatz,ces,10,8,46,0.002677
pop_n50_t50,pop,50,50,watts_strogatz,ces,10,8,47,0.002648
pop_n50_t50,pop,50,50,watts_strogatz,ces,10,8,48,0.002644
pop_n50_t50,pop,50,50,watts_strogatz,ces,10,8,49,0.002647
pop_n100_t1,pop,100,1,watts_strogatz,ces,10,1,0,0.005030
pop_n100_t1,pop,100,1,watts_strogatz,ces,10,2,0,0.005086
pop_n100_t1,pop,100,1,watts_strogatz,ces,10,3,0,0.005035
pop_n100_t1,pop,100,1,watts_strogatz,ces,10,4,0,0.005055
pop_n100_t1,pop,100,1,watts_strogatz,ces,10,5,0,0.005026
pop_n100_t1,pop,100,1,watts_strogatz,ces,10,6,0,0.005081
pop_n100_t1,pop,100,1,watts_strogatz,ces,10,7,0,0.005033
pop_n100_t1,pop,100,1,watts_strogatz,ces,10,8,0,0.005025
pop_n100_t5,pop,100,5,watts_strogatz,ces,10,1,0,0.005223
pop_n100_t5,pop,100,5,watts_strogatz,ces,10,1,1,0.005192
pop_n100_t5,pop,100,5,watts_strogatz,ces,10,1,2,0.005213
pop_n100_t5,pop,100,5,watts_strogatz,ces,10,1,3,0.005238
pop_n100_t5,pop,100,5,watts_strogatz,ces,10,1,4,0.005265
pop_n100_t5,pop,100,5,watts_strogatz,ces,10,2,0,0.005227
pop_n100_t5,pop,100,5,watts_strogatz,ces,10,2,1,0.005213
pop_n100_t5,pop,100,5,watts_strogatz,ces,10,2,2,0.005205
pop_n100_t5,pop,100,5,watts_strogatz,ces,10,2,3,0.005250
pop_n100_t5,pop,100,5,watts_strogatz,ces,10,2,4,0.005281
pop_n100_t5,pop,100,5,watts_strogatz,ces,10,3,0,0.005259
pop_n100_t5,pop,100,5,watts_strogatz,ces,10,3,1,0.005225
pop_n100_t5,pop,100,5,watts_strogatz,ces,10,3,2,0.005215
pop_n100_t5,pop,100,5,watts_strogatz,ces,10,3,3,0.005255
pop_n100_t5,pop,100,5,watts_strogatz,ces,10,3,4,0.005242
pop_n100_t5,pop,100,5,watts_strogatz,ces,10,4,0,0.005256
pop_n100_t5,pop,100,5,watts_strogatz,ces,10,4,1,0.005233
pop_n100_t5,pop,100,5,watts_strogatz,ces,10,4,2,0.005206
pop_n100_t5,pop,100,5,watts_strogatz,ces,10,4,3,0.005252
pop_n100_t5,pop,100,5,watts_strogatz,ces,10,4,4,0.005239
pop_n100_t5,pop,100,5,watts_strogatz,ces,10,5,0,0.005231
pop_n100_t5,pop,100,5,watts_strogatz,ces,10,5,1,0.005265
pop_n100_t5,pop,100,5,watts_strogatz,ces,10,5,2,0.005228
pop_n100_t5,pop,100,5,watts_strogatz,ces,10,5,3,0.005249
pop_n100_t5,pop,100,5,watts_strogatz,ces,10,5,4,0.005256
pop_n100_t5,pop,100,5,watts_strogatz,ces,10,6,0,0.005232
pop_n100_t5,pop,100,5,watts_strogatz,ces,10,6,1,0.005192
pop_n100_t5,pop,100,5,watts_strogatz,ces,10,6,2,0.005252
pop_n100_t5,pop,100,5,watts_strogatz,ces,10,6,3,0.005267
pop_n100_t5,pop,100,5,watts_strogatz,ces,10,6,4,0.005273
pop_n100_t5,pop,100,5,watts_strogatz,ces,10,7,0,0.005279
pop_n100_t5,pop,100,5,watts_strogatz,ces,10,7,1,0.005200
pop_n100_t5,pop,100,5,watts_strogatz,ces,10,7,2,0.005233
pop_n100_t5,pop,100,5,watts_strogatz,ces,10,7,3,0.005240
pop_n100_t5,pop,100,5,watts_strogatz,ces,10,7,4,0.005236
pop_n100_t5,pop,100,5,watts_strogatz,ces,10,8,0,0.005236
pop_n100_t5,pop,100,5,watts_strogatz,ces,10,8,1,0.005211
pop_n100_t5,pop,100,5,watts_strogatz,ces,10,8,2,0.005219
pop_n100_t5,pop,100,5,watts_strogatz,ces,10,8,3,0.005235
pop_n100_t5,pop,100,5,watts_strogatz,ces,10,8,4,0.005263
pop_n100_t20,pop,100,20,watts_strogatz,ces,10,1,0,0.005213
pop_n100_t20,pop,100,20,watts_strogatz,ces,10,1,1,0.005223
pop_n100_t20,pop,100,20,watts_strogatz,ces,10,1,2,0.005216
pop_n100_t20,pop,100,20,watts_strogatz,ces,10,1,3,0.005240
pop_n100_t20,pop,100,20,watts_strogatz,ces,10,1,4,0.005270
pop_n100_t20,pop,100,20,watts_strogatz,ces,10,1,5,0.005274
pop_n100_t20,pop,100,20,watts_strogatz,ces,10,1,6,0.005259
pop_n100_t20,pop,100,20,watts_strogatz,ces,10,1,7,0.005278
pop_n100_t20,pop,100,20,watts_strogatz,ces,10,1,8,0.005272
pop_n100_t20,pop,100,20,watts_strogatz,ces,10,1,9,0.005282
pop_n100_t20,pop,100,20,watts_strogatz,ces,10,1,10,0.005284
pop_n100_t20,pop,100,20,watts_strogatz,ces,10,1,11,0.005308
pop_n100_t20,pop,100,20,watts_strogatz,ces,10,1,12,0.005319
pop_n100_t20,pop,100,20,watts_strogatz,ces,10,1,13,0.005312
pop_n100_t20,pop,100,20,watts_strogatz,ces,10,1,14,0.005375
pop_n100_t20,pop,100,20,watts_strogatz,ces,10,1,15,0.005364
pop_n100_t20,pop,100,20,watts_strogatz,ces,10,1,16,0.005334
pop_n100_t20,pop,100,20,watts_strogatz,ces,10,1,17,0.005423
pop_n100_t20,pop,100,20,watts_strogatz,ces,10,1,18,0.005373
pop_n100_t20,pop,100,20,watts_strogatz,ces,10,1,19,0.005377
pop_n100_t20,pop,100,20,watts_strogatz,ces,10,2,0,0.005192
pop_n100_t20,pop,100,20,watts_strogatz,ces,10,2,1,0.005191
pop_n100_t20,pop,100,20,watts_strogatz,ces,10,2,2,0.005181
pop_n100_t20,pop,100,20,watts_strogatz,ces,10,2,3,0.005241
pop_n100_t20,pop,100,20,watts_strogatz,ces,10,2,4,0.005218
pop_n100_t20,pop,100,20,watts_strogatz,ces,10,2,5,0.005251
pop_n100_t20,pop,100,20,watts_strogatz,ces,10,2,6,0.005250
pop_n100_t20,pop,100,20,watts_strogatz,ces,10,2,7,0.005298
pop_n100_t20,pop,100,20,watts_strogatz,ces,10,2,8,0.005256
pop_n100_t20,pop,100,20,watts_strogatz,ces,10,2,9,0.005287
pop_n100_t20,pop,100,20,watts_strogatz,ces,10,2,10,0.005293
pop_n100_t20,pop,100,20,watts_strogatz,ces,10,2,11,0.005306
pop_n100_t20,pop,100,20,watts_strogatz,ces,10,2,12,0.005317
pop_n100_t20,pop,100,20,watts_strogatz,ces,10,2,13,0.005337
pop_n100_t20,pop,100,20,watts_strogatz,ces,10,2,14,0.005349
pop_n100_t20,pop,100,20,watts_strogatz,ces,10,2,15,0.005328
pop_n100_t20,pop,100,20,watts_strogatz,ces,10,2,16,0.005343
pop_n100_t20,pop,100,20,watts_strogatz,ces,10,2,17,0.005363
pop_n100_t20,pop,100,20,watts_strogatz,ces,10,2,18,0.005339
pop_n100_t20,pop,100,20,watts_strogatz,ces,10,2,19,0.005358
pop_n100_t20,pop,100,20,watts_strogatz,ces,10,3,0,0.005226
pop_n100_t20,pop,100,20,watts_strogatz,ces,10,3,1,0.005232
pop_n100_t20,pop,100,20,watts_strogatz,ces,10,3,2,0.005186
pop_n100_t20,pop,100,20,watts_strogatz,ces,10,3,3,0.005231
pop_n100_t20,pop,100,20,watts_strogatz,ces,10,3,4,0.005251
pop_n100_t20,pop,100,20,watts_strogatz,ces,10,3,5,0.005396
pop_n100_t20,pop,100,20,watts_strogatz,ces,10,3,6,0.005399
pop_n100_t20,pop,100,20,watts_strogatz,ces,10,3,7,0.005095
pop_n100_t20,pop,100,20,watts_strogatz,ces,10,3,8,0.005107
pop_n100_t20,pop,100,20,watts_strogatz,ces,10,3,9,0.005080
pop_n100_t20,pop,100,20,watts_strogatz,ces,10,3,10,0.005173
pop_n100_t20,pop,100,20,watts_strogatz,ces,10,3,11,0.005140
pop_n100_t20,pop,100,20,watts_strogatz,ces,10,3,12,0.005153
pop_n100_t20,pop,100,20,watts_strogatz,ces,10,3,13,0.005221
pop_n100_t20,pop,100,20,watts_strogatz,ces,10,3,14,0.005226
pop_n100_t20,pop,100,20,watts_strogatz,ces,10,3,15,0.005202
pop_n100_t20,pop,100,20,watts_strogatz,ces,10,3,16,0.005259
pop_n100_t20,pop,100,20,watts_strogatz,ces,10,3,17,0.005202
pop_n100_t20,pop,100,20,watts_strogatz,ces,10,3,18,0.005231
pop_n100_t20,pop,100,20,watts_strogatz,ces,10,3,19,0.005474
pop_n100_t20,pop,100,20,watts_strogatz,ces,10,4,0,0.005230
pop_n100_t20,pop,100,20,watts_strogatz,ces,10,4,1,0.004995
pop_n100_t20,pop,100,20,watts_strogatz,ces,10,4,2,0.005058
pop_n100_t20,pop,100,20,watts_strogatz,ces,10,4,3,0.005031
pop_n100_t20,pop,100,20,watts_strogatz,ces,10,4,4,0.005054
pop_n100_t20,pop,100,20,watts_strogatz,ces,10,4,5,0.005104
pop_n100_t20,pop,100,20,watts_strogatz,ces,10,4,6,0.005227
pop_n100_t20,pop,100,20,watts_strogatz,ces,10,4,7,0.005176
pop_n100_t20,pop,100,20,watts_strogatz,ces,10,4,8,0.005212
pop_n100_t20,pop,100,20,watts_strogatz,ces,10,4,9,0.005287
pop_n100_t20,pop,100,20,watts_strogatz,ces,10,4,10,0.005257
pop_n100_t20,pop,100,20,watts_strogatz,ces,10,4,11,0.005263
pop_n100_t20,pop,100,20,watts_strogatz,ces,10,4,12,0.005337
pop_n100_t20,pop,100,20,watts_strogatz,ces,10,4,13,0.005310
pop_n100_t20,pop,100,20,watts_strogatz,ces,10,4,14,0.005329
pop_n100_t20,pop,100,20,watts_strogatz,ces,10,4,15,0.005374
pop_n100_t20,pop,100,20,watts_strogatz,ces,10,4,16,0.005337
pop_n100_t20,pop,100,20,watts_strogatz,ces,10,4,17,0.005317
pop_n100_t20,pop,100,20,watts_strogatz,ces,10,4,18,0.005386
pop_n100_t20,pop,100,20,watts_strogatz,ces,10,4,19,0.005375
pop_n100_t20,pop,100,20,watts_strogatz,ces,10,5,0,0.005228
pop_n100_t20,pop,100,20,watts_strogatz,ces,10,5,1,0.005272
pop_n100_t20,pop,100,20,watts_strogatz,ces,10,5,2,0.005192
pop_n100_t20,pop,100,20,watts_strogatz,ces,10,5,3,0.005232
pop_n100_t20,pop,100,20,watts_strogatz,ces,10,5,4,0.005221
pop_n100_t20,pop,100,20,watts_strogatz,ces,10,5,5,0.005318
pop_n100_t20,pop,100,20,watts_strogatz,ces,10,5,6,0.005318
pop_n100_t20,pop,100,20,watts_strogatz,ces,10,5,7,0.005322
pop_n100_t20,pop,100,20,watts_strogatz,ces,10,5,8,0.005357
pop_n100_t20,pop,100,20,watts_strogatz,ces,10,5,9,0.005337
pop_n100_t20,pop,100,20,watts_strogatz,ces,10,5,10,0.005329
pop_n100_t20,pop,100,20,watts_strogatz,ces,10,5,11,0.005368
pop_n100_t20,pop,100,20,watts_strogatz,ces,10,5,12,0.005344
pop_n100_t20,pop,100,20,watts_strogatz,ces,10,5,13,0.005345
pop_n100_t20,pop,100,20,watts_strogatz,ces,10,5,14,0.005392
pop_n100_t20,pop,100,20,watts_strogatz,ces,10,5,15,0.005359
pop_n100_t20,pop,100,20,watts_strogatz,ces,10,5,16,0.005376
pop_n100_t20,pop,100,20,watts_strogatz,ces,10,5,17,0.005407
pop_n100_t20,pop,100,20,watts_strogatz,ces,10,5,18,0.005333
pop_n100_t20,pop,100,20,watts_strogatz,ces,10,5,19,0.005381
pop_n100_t20,pop,100,20,watts_strogatz,ces,10,6,0,0.005337
pop_n100_t20,pop,100,20,watts_strogatz,ces,10,6,1,0.005222
pop_n100_t20,pop,100,20,watts_strogatz,ces,10,6,2,0.005214
pop_n100_t20,pop,100,20,watts_strogatz,ces,10,6,3,0.005272
pop_n100_t20,pop,100,20,watts_strogatz,ces,10,6,4,0.005241
pop_n100_t20,pop,100,20,watts_strogatz,ces,10,6,5,0.005267
pop_n100_t20,pop,100,20,watts_strogatz,ces,10,6,6,0.005267
pop_n100_t20,pop,100,20,watts_strogatz,ces,10,6,7,0.005350
pop_n100_t20,pop,100,20,watts_strogatz,ces,10,6,8,0.005360
pop_n100_t20,pop,100,20,watts_strogatz,ces,10,6,9,0.005330
pop_n100_t20,pop,100,20,watts_strogatz,ces,10,6,10,0.005328
pop_n100_t20,pop,100,20,watts_strogatz,ces,10,6,11,0.005326
pop_n100_t20,pop,100,20,watts_strogatz,ces,10,6,12,0.005317
pop_n100_t20,pop,100,20,watts_strogatz,ces,10,6,13,0.005387
pop_n100_t20,pop,100,20,watts_strogatz,ces,10,6,14,0.005343
pop_n100_t20,pop,100,20,watts_strogatz,ces,10,6,15,0.005369
pop_n100_t20,pop,100,20,watts_strogatz,ces,10,6,16,0.005412
pop_n100_t20,pop,100,20,watts_strogatz,ces,10,6,17,0.005356
pop_n100_t20,pop,100,20,watts_strogatz,ces,10,6,18,0.005386
pop_n100_t20,pop,100,20,watts_strogatz,ces,10,6,19,0.005410
pop_n100_t20,pop,100,20,watts_strogatz,ces,10,7,0,0.005241
pop_n100_t20,pop,100,20,watts_strogatz,ces,10,7,1,0.005204
pop_n100_t20,pop,100,20,watts_strogatz,ces,10,7,2,0.005278
pop_n100_t20,pop,100,20,watts_strogatz,ces,10,7,3,0.005275
pop_n100_t20,pop,100,20,watts_strogatz,ces,10,7,4,0.005302
pop_n100_t20,pop,100,20,watts_strogatz,ces,10,7,5,0.005297
pop_n100_t20,pop,100,20,watts_strogatz,ces,10,7,6,0.005264
pop_n100_t20,pop,100,20,watts_strogatz,ces,10,7,7,0.005265
pop_n100_t20,pop,100,20,watts_strogatz,ces,10,7,8,0.005347
pop_n100_t20,pop,100,20,watts_strogatz,ces,10,7,9,0.005297
pop_n100_t20,pop,100,20,watts_strogatz,ces,10,7,10,0.005289
pop_n100_t20,pop,100,20,watts_strogatz,ces,10,7,11,0.005325
pop_n100_t20,pop,100,20,watts_strogatz,ces,10,7,12,0.005346
pop_n100_t20,pop,100,20,watts_strogatz,ces,10,7,13,0.005309
pop_n100_t20,pop,100,20,watts_strogatz,ces,10,7,14,0.005336
pop_n100_t20,pop,100,20,watts_strogatz,ces,10,7,15,0.005358
pop_n100_t20,pop,100,20,watts_strogatz,ces,10,7,16,0.005344
pop_n100_t20,pop,100,20,watts_strogatz,ces,10,7,17,0.005321
pop_n100_t20,pop,100,20,watts_strogatz,ces,10,7,18,0.005365
pop_n100_t20,pop,100,20,watts_strogatz,ces,10,7,19,0.005406
pop_n100_t20,pop,100,20,watts_strogatz,ces,10,8,0,0.005219
pop_n100_t20,pop,100,20,watts_strogatz,ces,10,8,1,0.005241
pop_n100_t20,pop,100,20,watts_strogatz,ces,10,8,2,0.005221
pop_n100_t20,pop,100,20,watts_strogatz,ces,10,8,3,0.005229
pop_n100_t20,pop,100,20,watts_strogatz,ces,10,8,4,0.005284
pop_n100_t20,pop,100,20,watts_strogatz,ces,10,8,5,0.005270
pop_n100_t20,pop,100,20,watts_strogatz,ces,10,8,6,0.005268
pop_n100_t20,pop,100,20,watts_strogatz,ces,10,8,7,0.005343
pop_n100_t20,pop,100,20,watts_strogatz,ces,10,8,8,0.005261
pop_n100_t20,pop,100,20,watts_strogatz,ces,10,8,9,0.005300
pop_n100_t20,pop,100,20,watts_strogatz,ces,10,8,10,0.005337
pop_n100_t20,pop,100,20,watts_strogatz,ces,10,8,11,0.005482
pop_n100_t20,pop,100,20,watts_strogatz,ces,10,8,12,0.005395
pop_n100_t20,pop,100,20,watts_strogatz,ces,10,8,13,0.005389
pop_n100_t20,pop,100,20,watts_strogatz,ces,10,8,14,0.005374
pop_n100_t20,pop,100,20,watts_strogatz,ces,10,8,15,0.005350
pop_n100_t20,pop,100,20,watts_strogatz,ces,10,8,16,0.005339
pop_n100_t20,pop,100,20,watts_strogatz,ces,10,8,17,0.005414
pop_n100_t20,pop,100,20,watts_strogatz,ces,10,8,18,0.005479
pop_n100_t20,pop,100,20,watts_strogatz,ces,10,8,19,0.005408
pop_n100_t50,pop,100,50,watts_strogatz,ces,10,1,0,0.005079
pop_n100_t50,pop,100,50,watts_strogatz,ces,10,1,1,0.005068
pop_n100_t50,pop,100,50,watts_strogatz,ces,10,1,2,0.005034
pop_n100_t50,pop,100,50,watts_strogatz,ces,10,1,3,0.005077
pop_n100_t50,pop,100,50,watts_strogatz,ces,10,1,4,0.005111
pop_n100_t50,pop,100,50,watts_strogatz,ces,10,1,5,0.005109
pop_n100_t50,pop,100,50,watts_strogatz,ces,10,1,6,0.005113
pop_n100_t50,pop,100,50,watts_strogatz,ces,10,1,7,0.005157
pop_n100_t50,pop,100,50,watts_strogatz,ces,10,1,8,0.005133
pop_n100_t50,pop,100,50,watts_strogatz,ces,10,1,9,0.005147
pop_n100_t50,pop,100,50,watts_strogatz,ces,10,1,10,0.005186
pop_n100_t50,pop,100,50,watts_strogatz,ces,10,1,11,0.005188
pop_n100_t50,pop,100,50,watts_strogatz,ces,10,1,12,0.005189
pop_n100_t50,pop,100,50,watts_strogatz,ces,10,1,13,0.005197
pop_n100_t50,pop,100,50,watts_strogatz,ces,10,1,14,0.005209
pop_n100_t50,pop,100,50,watts_strogatz,ces,10,1,15,0.005178
pop_n100_t50,pop,100,50,watts_strogatz,ces,10,1,16,0.005217
pop_n100_t50,pop,100,50,watts_strogatz,ces,10,1,17,0.005209
pop_n100_t50,pop,100,50,watts_strogatz,ces,10,1,18,0.005210
pop_n100_t50,pop,100,50,watts_strogatz,ces,10,1,19,0.005180
pop_n100_t50,pop,100,50,watts_strogatz,ces,10,1,20,0.005211
pop_n100_t50,pop,100,50,watts_strogatz,ces,10,1,21,0.005208
pop_n100_t50,pop,100,50,watts_strogatz,ces,10,1,22,0.005289
pop_n100_t50,pop,100,50,watts_strogatz,ces,10,1,23,0.005214
pop_n100_t50,pop,100,50,watts_strogatz,ces,10,1,24,0.005223
pop_n100_t50,pop,100,50,watts_strogatz,ces,10,1,25,0.005229
pop_n100_t50,pop,100,50,watts_strogatz,ces,10,1,26,0.005226
pop_n100_t50,pop,100,50,watts_strogatz,ces,10,1,27,0.005238
pop_n100_t50,pop,100,50,watts_strogatz,ces,10,1,28,0.005234
pop_n100_t50,pop,100,50,watts_strogatz,ces,10,1,29,0.005258
pop_n100_t50,pop,100,50,watts_strogatz,ces,10,1,30,0.005247
pop_n100_t50,pop,100,50,watts_strogatz,ces,10,1,31,0.005255
pop_n100_t50,pop,100,50,watts_strogatz,ces,10,1,32,0.005241
pop_n100_t50,pop,100,50,watts_strogatz,ces,10,1,33,0.005237
pop_n100_t50,pop,100,50,watts_strogatz,ces,10,1,34,0.005245
pop_n100_t50,pop,100,50,watts_strogatz,ces,10,1,35,0.005237
pop_n100_t50,pop,100,50,watts_strogatz,ces,10,1,36,0.005257
pop_n100_t50,pop,100,50,watts_strogatz,ces,10,1,37,0.005243
pop_n100_t50,pop,100,50,watts_strogatz,ces,10,1,38,0.005282
pop_n100_t50,pop,100,50,watts_strogatz,ces,10,1,39,0.005253
pop_n100_t50,pop,100,50,watts_strogatz,ces,10,1,40,0.005288
pop_n100_t50,pop,100,50,watts_strogatz,ces,10,1,41,0.005282
pop_n100_t50,pop,100,50,watts_strogatz,ces,10,1,42,0.005291
pop_n100_t50,pop,100,50,watts_strogatz,ces,10,1,43,0.005265
pop_n100_t50,pop,100,50,watts_strogatz,ces,10,1,44,0.005278
pop_n100_t50,pop,100,50,watts_strogatz,ces,10,1,45,0.005297
pop_n100_t50,pop,100,50,watts_strogatz,ces,10,1,46,0.005311
pop_n100_t50,pop,100,50,watts_strogatz,ces,10,1,47,0.005289
pop_n100_t50,pop,100,50,watts_strogatz,ces,10,1,48,0.005303
pop_n100_t50,pop,100,50,watts_strogatz,ces,10,1,49,0.005307
pop_n100_t50,pop,100,50,watts_strogatz,ces,10,2,0,0.005078
pop_n100_t50,pop,100,50,watts_strogatz,ces,10,2,1,0.005052
pop_n100_t50,pop,100,50,watts_strogatz,ces,10,2,2,0.005049
pop_n100_t50,pop,100,50,watts_strogatz,ces,10,2,3,0.005055
pop_n100_t50,pop,100,50,watts_strogatz,ces,10,2,4,0.005071
pop_n100_t50,pop,100,50,watts_strogatz,ces,10,2,5,0.005104
pop_n100_t50,pop,100,50,watts_strogatz,ces,10,2,6,0.005119
pop_n100_t50,pop,100,50,watts_strogatz,ces,10,2,7,0.005114
pop_n100_t50,pop,100,50,watts_strogatz,ces,10,2,8,0.005138
pop_n100_t50,pop,100,50,watts_strogatz,ces,10,2,9,0.005110
pop_n100_t50,pop,100,50,watts_strogatz,ces,10,2,10,0.005159
pop_n100_t50,pop,100,50,watts_strogatz,ces,10,2,11,0.005159
pop_n100_t50,pop,100,50,watts_strogatz,ces,10,2,12,0.005167
pop_n100_t50,pop,100,50,watts_strogatz,ces,10,2,13,0.005168
pop_n100_t50,pop,100,50,watts_strogatz,ces,10,2,14,0.005173
pop_n100_t50,pop,100,50,watts_strogatz,ces,10,2,15,0.005170
pop_n100_t50,pop,100,50,watts_strogatz,ces,10,2,16,0.005197
pop_n100_t50,pop,100,50,watts_strogatz,ces,10,2,17,0.005196
pop_n100_t50,pop,100,50,watts_strogatz,ces,10,2,18,0.005196
pop_n100_t50,pop,100,50,watts_strogatz,ces,10,2,19,0.005183
pop_n100_t50,pop,100,50,watts_strogatz,ces,10,2,20,0.005204
pop_n100_t50,pop,100,50,watts_strogatz,ces,10,2,21,0.005198
pop_n100_t50,pop,100,50,watts_strogatz,ces,10,2,22,0.005215
pop_n100_t50,pop,100,50,watts_strogatz,ces,10,2,23,0.005215
pop_n100_t50,pop,100,50,watts_strogatz,ces,10,2,24,0.005219
pop_n100_t50,pop,100,50,watts_strogatz,ces,10,2,25,0.005247
pop_n100_t50,pop,100,50,watts_strogatz,ces,10,2,26,0.005214
pop_n100_t50,pop,100,50,watts_strogatz,ces,10,2,27,0.005256
pop_n100_t50,pop,100,50,watts_strogatz,ces,10,2,28,0.005232
pop_n100_t50,pop,100,50,watts_strogatz,ces,10,2,29,0.005250
pop_n100_t50,pop,100,50,watts_strogatz,ces,10,2,30,0.005229
pop_n100_t50,pop,100,50,watts_strogatz,ces,10,2,31,0.005233
pop_n100_t50,pop,100,50,watts_strogatz,ces,10,2,32,0.005235
pop_n100_t50,pop,100,50,watts_strogatz,ces,10,2,33,0.005218
pop_n100_t50,pop,100,50,watts_strogatz,ces,10,2,34,0.005307
pop_n100_t50,pop,100,50,watts_strogatz,ces,10,2,35,0.005274
pop_n100_t50,pop,100,50,watts_strogatz,ces,10,2,36,0.005254
pop_n100_t50,pop,100,50,watts_strogatz,ces,10,2,37,0.005276
pop_n100_t50,pop,100,50,watts_strogatz,ces,10,2,38,0.005344
pop_n100_t50,pop,100,50,watts_strogatz,ces,10,2,39,0.005230
pop_n100_t50,pop,100,50,watts_strogatz,ces,10,2,40,0.005279
pop_n100_t50,pop,100,50,watts_strogatz,ces,10,2,41,0.005275
pop_n100_t50,pop,100,50,watts_strogatz,ces,10,2,42,0.005266
pop_n100_t50,pop,100,50,watts_strogatz,ces,10,2,43,0.005313
pop_n100_t50,pop,100,50,watts_strogatz,ces,10,2,44,0.005307
pop_n100_t50,pop,100,50,watts_strogatz,ces,10,2,45,0.005326
pop_n100_t50,pop,100,50,watts_strogatz,ces,10,2,46,0.005333
pop_n100_t50,pop,100,50,watts_strogatz,ces,10,2,47,0.005326
pop_n100_t50,pop,100,50,watts_strogatz,ces,10,2,48,0.005349
pop_n100_t50,pop,100,50,watts_strogatz,ces,10,2,49,0.005419
pop_n100_t50,pop,100,50,watts_strogatz,ces,10,3,0,0.005082
pop_n100_t50,pop,100,50,watts_strogatz,ces,10,3,1,0.005078
pop_n100_t50,pop,100,50,watts_strogatz,ces,10,3,2,0.005094
pop_n100_t50,pop,100,50,watts_strogatz,ces,10,3,3,0.005114
pop_n100_t50,pop,100,50,watts_strogatz,ces,10,3,4,0.005105
pop_n100_t50,pop,100,50,watts_strogatz,ces,10,3,5,0.005126
pop_n100_t50,pop,100,50,watts_strogatz,ces,10,3,6,0.005151
pop_n100_t50,pop,100,50,watts_strogatz,ces,10,3,7,0.005155
pop_n100_t50,pop,100,50,watts_strogatz,ces,10,3,8,0.005183
pop_n100_t50,pop,100,50,watts_strogatz,ces,10,3,9,0.005167
pop_n100_t50,pop,100,50,watts_strogatz,ces,10,3,10,0.005174
pop_n100_t50,pop,100,50,watts_strogatz,ces,10,3,11,0.005221
pop_n100_t50,pop,100,50,watts_strogatz,ces,10,3,12,0.005206
pop_n100_t50,pop,100,50,watts_strogatz,ces,10,3,13,0.005210
pop_n100_t50,pop,100,50,watts_strogatz,ces,10,3,14,0.005203
pop_n100_t50,pop,100,50,watts_strogatz,ces,10,3,15,0.005333
pop_n100_t50,pop,100,50,watts_strogatz,ces,10,3,16,0.005227
pop_n100_t50,pop,100,50,watts_strogatz,ces,10,3,17,0.005233
pop_n100_t50,pop,100,50,watts_strogatz,ces,10,3,18,0.005241
pop_n100_t50,pop,100,50,watts_strogatz,ces,10,3,19,0.005232
pop_n100_t50,pop,100,50,watts_strogatz,ces,10,3,20,0.005220
pop_n100_t50,pop,100,50,watts_strogatz,ces,10,3,21,0.005240
pop_n100_t50,pop,100,50,watts_strogatz,ces,10,3,22,0.005262
pop_n100_t50,pop,100,50,watts_strogatz,ces,10,3,23,0.005232
pop_n100_t50,pop,100,50,watts_strogatz,ces,10,3,24,0.005231
pop_n100_t50,pop,100,50,watts_strogatz,ces,10,3,25,0.005255
pop_n100_t50,pop,100,50,watts_strogatz,ces,10,3,26,0.005249
pop_n100_t50,pop,100,50,watts_strogatz,ces,10,3,27,0.005241
pop_n100_t50,pop,100,50,watts_strogatz,ces,10,3,28,0.005265
pop_n100_t50,pop,100,50,watts_strogatz,ces,10,3,29,0.005258
pop_n100_t50,pop,100,50,watts_strogatz,ces,10,3,30,0.005263
pop_n100_t50,pop,100,50,watts_strogatz,ces,10,3,31,0.005263
pop_n100_t50,pop,100,50,watts_strogatz,ces,10,3,32,0.005258
pop_n100_t50,pop,100,50,watts_strogatz,ces,10,3,33,0.005261
pop_n100_t50,pop,100,50,watts_strogatz,ces,10,3,34,0.005251
pop_n100_t50,pop,100,50,watts_strogatz,ces,10,3,35,0.005241
pop_n100_t50,pop,100,50,watts_strogatz,ces,10,3,36,0.005256
pop_n100_t50,pop,100,50,watts_strogatz,ces,10,3,37,0.005276
pop_n100_t50,pop,100,50,watts_strogatz,ces,10,3,38,0.005284
pop_n100_t50,pop,100,50,watts_strogatz,ces,10,3,39,0.005275
pop_n100_t50,pop,100,50,watts_strogatz,ces,10,3,40,0.005270
pop_n100_t50,pop,100,50,watts_strogatz,ces,10,3,41,0.005276
pop_n100_t50,pop,100,50,watts_strogatz,ces,10,3,42,0.005301
pop_n100_t50,pop,100,50,watts_strogatz,ces,10,3,43,0.005318
pop_n100_t50,pop,100,50,watts_strogatz,ces,10,3,44,0.005284
pop_n100_t50,pop,100,50,watts_strogatz,ces,10,3,45,0.005315
pop_n100_t50,pop,100,50,watts_strogatz,ces,10,3,46,0.005301
pop_n100_t50,pop,100,50,watts_strogatz,ces,10,3,47,0.005307
pop_n100_t50,pop,100,50,watts_strogatz,ces,10,3,48,0.005316
pop_n100_t50,pop,100,50,watts_strogatz,ces,10,3,49,0.005305
pop_n100_t50,pop,100,50,watts_strogatz,ces,10,4,0,0.005066
pop_n100_t50,pop,100,50,watts_strogatz,ces,10,4,1,0.005039
pop_n100_t50,pop,100,50,watts_strogatz,ces,10,4,2,0.005049
pop_n100_t50,pop,100,50,watts_strogatz,ces,10,4,3,0.005070
pop_n100_t50,pop,100,50,watts_strogatz,ces,10,4,4,0.005070
pop_n100_t50,pop,100,50,watts_strogatz,ces,10,4,5,0.005115
pop_n100_t50,pop,100,50,watts_strogatz,ces,10,4,6,0.005117
pop_n100_t50,pop,100,50,watts_strogatz,ces,10,4,7,0.005110
pop_n100_t50,pop,100,50,watts_strogatz,ces,10,4,8,0.005125
pop_n100_t50,pop,100,50,watts_strogatz,ces,10,4,9,0.005135
pop_n100_t50,pop,100,50,watts_strogatz,ces,10,4,10,0.005140
pop_n100_t50,pop,100,50,watts_strogatz,ces,10,4,11,0.005169
pop_n100_t50,pop,100,50,watts_strogatz,ces,10,4,12,0.005187
pop_n100_t50,pop,100,50,watts_strogatz,ces,10,4,13,0.005179
pop_n100_t50,pop,100,50,watts_strogatz,ces,10,4,14,0.005186
pop_n100_t50,pop,100,50,watts_strogatz,ces,10,4,15,0.005176
pop_n100_t50,pop,100,50,watts_strogatz,ces,10,4,16,0.005190
pop_n100_t50,pop,100,50,watts_strogatz,ces,10,4,17,0.005191
pop_n100_t50,pop,100,50,watts_strogatz,ces,10,4,18,0.005205
pop_n100_t50,pop,100,50,watts_strogatz,ces,10,4,19,0.005200
pop_n100_t50,pop,100,50,watts_strogatz,ces,10,4,20,0.005201
pop_n100_t50,pop,100,50,watts_strogatz,ces,10,4,21,0.005211
pop_n100_t50,pop,100,50,watts_strogatz,ces,10,4,22,0.005213
pop_n100_t50,pop,100,50,watts_strogatz,ces,10,4,23,0.005213
pop_n100_t50,pop,100,50,watts_strogatz,ces,10,4,24,0.005216
pop_n100_t50,pop,100,50,watts_strogatz,ces,10,4,25,0.005240
pop_n100_t50,pop,100,50,watts_strogatz,ces,10,4,26,0.005224
pop_n100_t50,pop,100,50,watts_strogatz,ces,10,4,27,0.005241
pop_n100_t50,pop,100,50,watts_strogatz,ces,10,4,28,0.005247
pop_n100_t50,pop,100,50,watts_strogatz,ces,10,4,29,0.005243
pop_n100_t50,pop,100,50,watts_strogatz,ces,10,4,30,0.005230
pop_n100_t50,pop,100,50,watts_strogatz,ces,10,4,31,0.005237
pop_n100_t50,pop,100,50,watts_strogatz,ces,10,4,32,0.005252
pop_n100_t50,pop,100,50,watts_strogatz,ces,10,4,33,0.005237
pop_n100_t50,pop,100,50,watts_strogatz,ces,10,4,34,0.005235
pop_n100_t50,pop,100,50,watts_strogatz,ces,10,4,35,0.005229
pop_n100_t50,pop,100,50,watts_strogatz,ces,10,4,36,0.005242
pop_n100_t50,pop,100,50,watts_strogatz,ces,10,4,37,0.005257
pop_n100_t50,pop,100,50,watts_strogatz,ces,10,4,38,0.005272
pop_n100_t50,pop,100,50,watts_strogatz,ces,10,4,39,0.005262
pop_n100_t50,pop,100,50,watts_strogatz,ces,10,4,40,0.005275
pop_n100_t50,pop,100,50,watts_strogatz,ces,10,4,41,0.005254
pop_n100_t50,pop,100,50,watts_strogatz,ces,10,4,42,0.005278
pop_n100_t50,pop,100,50,watts_strogatz,ces,10,4,43,0.005279
pop_n100_t50,pop,100,50,watts_strogatz,ces,10,4,44,0.005284
pop_n100_t50,pop,100,50,watts_strogatz,ces,10,4,45,0.005311
pop_n100_t50,pop,100,50,watts_strogatz,ces,10,4,46,0.005290
pop_n100_t50,pop,100,50,watts_strogatz,ces,10,4,47,0.005298
pop_n100_t50,pop,100,50,watts_strogatz,ces,10,4,48,0.005292
pop_n100_t50,pop,100,50,watts_strogatz,ces,10,4,49,0.005321
pop_n100_t50,pop,100,50,watts_strogatz,ces,10,5,0,0.005069
pop_n100_t50,pop,100,50,watts_strogatz,ces,10,5,1,0.005054
pop_n100_t50,pop,100,50,watts_strogatz,ces,10,5,2,0.005042
pop_n100_t50,pop,100,50,watts_strogatz,ces,10,5,3,0.005089
pop_n100_t50,pop,100,50,watts_strogatz,ces,10,5,4,0.005072
pop_n100_t50,pop,100,50,watts_strogatz,ces,10,5,5,0.005118
pop_n100_t50,pop,100,50,watts_strogatz,ces,10,5,6,0.005104
pop_n100_t50,pop,100,50,watts_strogatz,ces,10,5,7,0.005113
pop_n100_t50,pop,100,50,watts_strogatz,ces,10,5,8,0.005124
pop_n100_t50,pop,100,50,watts_strogatz,ces,10,5,9,0.005134
pop_n100_t50,pop,100,50,watts_strogatz,ces,10,5,10,0.005158
pop_n100_t50,pop,100,50,watts_strogatz,ces,10,5,11,0.005164
pop_n100_t50,pop,100,50,watts_strogatz,ces,10,5,12,0.005155
pop_n100_t50,pop,100,50,watts_strogatz,ces,10,5,13,0.005173
pop_n100_t50,pop,100,50,watts_strogatz,ces,10,5,14,0.005166
pop_n100_t50,pop,100,50,watts_strogatz,ces,10,5,15,0.005181
pop_n100_t50,pop,100,50,watts_strogatz,ces,10,5,16,0.005209
pop_n100_t50,pop,100,50,watts_strogatz,ces,10,5,17,0.005185
pop_n100_t50,pop,100,50,watts_strogatz,ces,10,5,18,0.005192
pop_n100_t50,pop,100,50,watts_strogatz,ces,10,5,19,0.005201
pop_n100_t50,pop,100,50,watts_strogatz,ces,10,5,20,0.005198
pop_n100_t50,pop,100,50,watts_strogatz,ces,10,5,21,0.005203
pop_n100_t50,pop,100,50,watts_strogatz,ces,10,5,22,0.005195
pop_n100_t50,pop,100,50,watts_strogatz,ces,10,5,23,0.005225
pop_n100_t50,pop,100,50,watts_strogatz,ces,10,5,24,0.005226
pop_n100_t50,pop,100,50,watts_strogatz,ces,10,5,25,0.005239
pop_n100_t50,pop,100,50,watts_strogatz,ces,10,5,26,0.005255
pop_n100_t50,pop,100,50,watts_strogatz,ces,10,5,27,0.005244
pop_n100_t50,pop,100,50,watts_strogatz,ces,10,5,28,0.005231
pop_n100_t50,pop,100,50,watts_strogatz,ces,10,5,29,0.005222
pop_n100_t50,pop,100,50,watts_strogatz,ces,10,5,30,0.005233
pop_n100_t50,pop,100,50,watts_strogatz,ces,10,5,31,0.005256
pop_n100_t50,pop,100,50,watts_strogatz,ces,10,5,32,0.005231
pop_n100_t50,pop,100,50,watts_strogatz,ces,10,5,33,0.005231
pop_n100_t50,pop,100,50,watts_strogatz,ces,10,5,34,0.005232
pop_n100_t50,pop,100,50,watts_strogatz,ces,10,5,35,0.005234
pop_n100_t50,pop,100,50,watts_strogatz,ces,10,5,36,0.005253
pop_n100_t50,pop,100,50,watts_strogatz,ces,10,5,37,0.005254
pop_n100_t50,pop,100,50,watts_strogatz,ces,10,5,38,0.005255
pop_n100_t50,pop,100,50,watts_strogatz,ces,10,5,39,0.005284
pop_n100_t50,pop,100,50,watts_strogatz,ces,10,5,40,0.005269
pop_n100_t50,pop,100,50,watts_strogatz,ces,10,5,41,0.005285
pop_n100_t50,pop,100,50,watts_strogatz,ces,10,5,42,0.005277
pop_n100_t50,pop,100,50,watts_strogatz,ces,10,5,43,0.005279
pop_n100_t50,pop,100,50,watts_strogatz,ces,10,5,44,0.005270
pop_n100_t50,pop,100,50,watts_strogatz,ces,10,5,45,0.005314
pop_n100_t50,pop,100,50,watts_strogatz,ces,10,5,46,0.005299
pop_n100_t50,pop,100,50,watts_strogatz,ces,10,5,47,0.005299
pop_n100_t50,pop,100,50,watts_strogatz,ces,10,5,48,0.005318
pop_n100_t50,pop,100,50,watts_strogatz,ces,10,5,49,0.005288
pop_n100_t50,pop,100,50,watts_strogatz,ces,10,6,0,0.005061
pop_n100_t50,pop,100,50,watts_strogatz,ces,10,6,1,0.005050
pop_n100_t50,pop,100,50,watts_strogatz,ces,10,6,2,0.005076
pop_n100_t50,pop,100,50,watts_strogatz,ces,10,6,3,0.005063
pop_n100_t50,pop,100,50,watts_strogatz,ces,10,6,4,0.005080
pop_n100_t50,pop,100,50,watts_strogatz,ces,10,6,5,0.005115
pop_n100_t50,pop,100,50,watts_strogatz,ces,10,6,6,0.005094
pop_n100_t50,pop,100,50,watts_strogatz,ces,10,6,7,0.005125
pop_n100_t50,pop,100,50,watts_strogatz,ces,10,6,8,0.005137
pop_n100_t50,pop,100,50,watts_strogatz,ces,10,6,9,0.005143
pop_n100_t50,pop,100,50,watts_strogatz,ces,10,6,10,0.005145
pop_n100_t50,pop,100,50,watts_strogatz,ces,10,6,11,0.005161
pop_n100_t50,pop,100,50,watts_strogatz,ces,10,6,12,0.005168
pop_n100_t50,pop,100,50,watts_strogatz,ces,10,6,13,0.005189
pop_n100_t50,pop,100,50,watts_strogatz,ces,10,6,14,0.005176
pop_n100_t50,pop,100,50,watts_strogatz,ces,10,6,15,0.005195
pop_n100_t50,pop,100,50,watts_strogatz,ces,10,6,16,0.005194
pop_n100_t50,pop,100,50,watts_strogatz,ces,10,6,17,0.005183
pop_n100_t50,pop,100,50,watts_strogatz,ces,10,6,18,0.005289
pop_n100_t50,pop,100,50,watts_strogatz,ces,10,6,19,0.005214
pop_n100_t50,pop,100,50,watts_strogatz,ces,10,6,20,0.005193
pop_n100_t50,pop,100,50,watts_strogatz,ces,10,6,21,0.005192
pop_n100_t50,pop,100,50,watts_strogatz,ces,10,6,22,0.005218
pop_n100_t50,pop,100,50,watts_strogatz,ces,10,6,23,0.005210
pop_n100_t50,pop,100,50,watts_strogatz,ces,10,6,24,0.005230
pop_n100_t50,pop,100,50,watts_strogatz,ces,10,6,25,0.005224
pop_n100_t50,pop,100,50,watts_strogatz,ces,10,6,26,0.005211
pop_n100_t50,pop,100,50,watts_strogatz,ces,10,6,27,0.005257
pop_n100_t50,pop,100,50,watts_strogatz,ces,10,6,28,0.005252
pop_n100_t50,pop,100,50,watts_strogatz,ces,10,6,29,0.005246
pop_n100_t50,pop,100,50,watts_strogatz,ces,10,6,30,0.005261
pop_n100_t50,pop,100,50,watts_strogatz,ces,10,6,31,0.005233
pop_n100_t50,pop,100,50,watts_strogatz,ces,10,6,32,0.005227
pop_n100_t50,pop,100,50,watts_strogatz,ces,10,6,33,0.005244
pop_n100_t50,pop,100,50,watts_strogatz,ces,10,6,34,0.005236
pop_n100_t50,pop,100,50,watts_strogatz,ces,10,6,35,0.005242
pop_n100_t50,pop,100,50,watts_strogatz,ces,10,6,36,0.005246
pop_n100_t50,pop,100,50,watts_strogatz,ces,10,6,37,0.005249
pop_n100_t50,pop,100,50,watts_strogatz,ces,10,6,38,0.005244
pop_n100_t50,pop,100,50,watts_strogatz,ces,10,6,39,0.005256
pop_n100_t50,pop,100,50,watts_strogatz,ces,10,6,40,0.005271
pop_n100_t50,pop,100,50,watts_strogatz,ces,10,6,41,0.005261
pop_n100_t50,pop,100,50,watts_strogatz,ces,10,6,42,0.005285
pop_n100_t50,pop,100,50,watts_strogatz,ces,10,6,43,0.005298
pop_n100_t50,pop,100,50,watts_strogatz,ces,10,6,44,0.005271
pop_n100_t50,pop,100,50,watts_strogatz,ces,10,6,45,0.005297
pop_n100_t50,pop,100,50,watts_strogatz,ces,10,6,46,0.005290
pop_n100_t50,pop,100,50,watts_strogatz,ces,10,6,47,0.005289
pop_n100_t50,pop,100,50,watts_strogatz,ces,10,6,48,0.005295
pop_n100_t50,pop,100,50,watts_strogatz,ces,10,6,49,0.005310
pop_n100_t50,pop,100,50,watts_strogatz,ces,10,7,0,0.005050
pop_n100_t50,pop,100,50,watts_strogatz,ces,10,7,1,0.005051
pop_n100_t50,pop,100,50,watts_strogatz,ces,10,7,2,0.005055
pop_n100_t50,pop,100,50,watts_strogatz,ces,10,7,3,0.005081
pop_n100_t50,pop,100,50,watts_strogatz,ces,10,7,4,0.005085
pop_n100_t50,pop,100,50,watts_strogatz,ces,10,7,5,0.005117
pop_n100_t50,pop,100,50,watts_strogatz,ces,10,7,6,0.005101
pop_n100_t50,pop,100,50,watts_strogatz,ces,10,7,7,0.005239
pop_n100_t50,pop,100,50,watts_strogatz,ces,10,7,8,0.005154
pop_n100_t50,pop,100,50,watts_strogatz,ces,10,7,9,0.005161
pop_n100_t50,pop,100,50,watts_strogatz,ces,10,7,10,0.005167
pop_n100_t50,pop,100,50,watts_strogatz,ces,10,7,11,0.005164
pop_n100_t50,pop,100,50,watts_strogatz,ces,10,7,12,0.005154
pop_n100_t50,pop,100,50,watts_strogatz,ces,10,7,13,0.005178
pop_n100_t50,pop,100,50,watts_strogatz,ces,10,7,14,0.005194
pop_n100_t50,pop,100,50,watts_strogatz,ces,10,7,15,0.005179
pop_n100_t50,pop,100,50,watts_strogatz,ces,10,7,16,0.005190
pop_n100_t50,pop,100,50,watts_strogatz,ces,10,7,17,0.005182
pop_n100_t50,pop,100,50,watts_strogatz,ces,10,7,18,0.005199
pop_n100_t50,pop,100,50,watts_strogatz,ces,10,7,19,0.005202
pop_n100_t50,pop,100,50,watts_strogatz,ces,10,7,20,0.005204
pop_n100_t50,pop,100,50,watts_strogatz,ces,10,7,21,0.005215
pop_n100_t50,pop,100,50,watts_strogatz,ces,10,7,22,0.005229
pop_n100_t50,pop,100,50,watts_strogatz,ces,10,7,23,0.005214
pop_n100_t50,pop,100,50,watts_strogatz,ces,10,7,24,0.005235
pop_n100_t50,pop,100,50,watts_strogatz,ces,10,7,25,0.005209
pop_n100_t50,pop,100,50,watts_strogatz,ces,10,7,26,0.005245
pop_n100_t50,pop,100,50,watts_strogatz,ces,10,7,27,0.005238
pop_n100_t50,pop,100,50,watts_strogatz,ces,10,7,28,0.005258
pop_n100_t50,pop,100,50,watts_strogatz,ces,10,7,29,0.005251
pop_n100_t50,pop,100,50,watts_strogatz,ces,10,7,30,0.005229
pop_n100_t50,pop,100,50,watts_strogatz,ces,10,7,31,0.005231
pop_n100_t50,pop,100,50,watts_strogatz,ces,10,7,32,0.005227
pop_n100_t50,pop,100,50,watts_strogatz,ces,10,7,33,0.005245
pop_n100_t50,pop,100,50,watts_strogatz,ces,10,7,34,0.005227
pop_n100_t50,pop,100,50,watts_strogatz,ces,10,7,35,0.005254
pop_n100_t50,pop,100,50,watts_strogatz,ces,10,7,36,0.005247
pop_n100_t50,pop,100,50,watts_strogatz,ces,10,7,37,0.005247
pop_n100_t50,pop,100,50,watts_strogatz,ces,10,7,38,0.005246
pop_n100_t50,pop,100,50,watts_strogatz,ces,10,7,39,0.005236
pop_n100_t50,pop,100,50,watts_strogatz,ces,10,7,40,0.005274
pop_n100_t50,pop,100,50,watts_strogatz,ces,10,7,41,0.005304
pop_n100_t50,pop,100,50,watts_strogatz,ces,10,7,42,0.005328
pop_n100_t50,pop,100,50,watts_strogatz,ces,10,7,43,0.005692
pop_n100_t50,pop,100,50,watts_strogatz,ces,10,7,44,0.005326
pop_n100_t50,pop,100,50,watts_strogatz,ces,10,7,45,0.005279
pop_n100_t50,pop,100,50,watts_strogatz,ces,10,7,46,0.005308
pop_n100_t50,pop,100,50,watts_strogatz,ces,10,7,47,0.005356
pop_n100_t50,pop,100,50,watts_strogatz,ces,10,7,48,0.005332
pop_n100_t50,pop,100,50,watts_strogatz,ces,10,7,49,0.005320
pop_n100_t50,pop,100,50,watts_strogatz,ces,10,8,0,0.005082
pop_n100_t50,pop,100,50,watts_strogatz,ces,10,8,1,0.005069
pop_n100_t50,pop,100,50,watts_strogatz,ces,10,8,2,0.005160
pop_n100_t50,pop,100,50,watts_strogatz,ces,10,8,3,0.005110
pop_n100_t50,pop,100,50,watts_strogatz,ces,10,8,4,0.005100
pop_n100_t50,pop,100,50,watts_strogatz,ces,10,8,5,0.005117
pop_n100_t50,pop,100,50,watts_strogatz,ces,10,8,6,0.005149
pop_n100_t50,pop,100,50,watts_strogatz,ces,10,8,7,0.005146
pop_n100_t50,pop,100,50,watts_strogatz,ces,10,8,8,0.005151
pop_n100_t50,pop,100,50,watts_strogatz,ces,10,8,9,0.005159
pop_n100_t50,pop,100,50,watts_strogatz,ces,10,8,10,0.005169
pop_n100_t50,pop,100,50,watts_strogatz,ces,10,8,11,0.005186
pop_n100_t50,pop,100,50,watts_strogatz,ces,10,8,12,0.005187
pop_n100_t50,pop,100,50,watts_strogatz,ces,10,8,13,0.005205
pop_n100_t50,pop,100,50,watts_strogatz,ces,10,8,14,0.005205
pop_n100_t50,pop,100,50,watts_strogatz,ces,10,8,15,0.005256
pop_n100_t50,pop,100,50,watts_strogatz,ces,10,8,16,0.005203
pop_n100_t50,pop,100,50,watts_strogatz,ces,10,8,17,0.005206
pop_n100_t50,pop,100,50,watts_strogatz,ces,10,8,18,0.005219
pop_n100_t50,pop,100,50,watts_strogatz,ces,10,8,19,0.005227
pop_n100_t50,pop,100,50,watts_strogatz,ces,10,8,20,0.005201
pop_n100_t50,pop,100,50,watts_strogatz,ces,10,8,21,0.005199
pop_n100_t50,pop,100,50,watts_strogatz,ces,10,8,22,0.005241
pop_n100_t50,pop,100,50,watts_strogatz,ces,10,8,23,0.005247
pop_n100_t50,pop,100,50,watts_strogatz,ces,10,8,24,0.005266
pop_n100_t50,pop,100,50,watts_strogatz,ces,10,8,25,0.005229
pop_n100_t50,pop,100,50,watts_strogatz,ces,10,8,26,0.005241
pop_n100_t50,pop,100,50,watts_strogatz,ces,10,8,27,0.005257
pop_n100_t50,pop,100,50,watts_strogatz,ces,10,8,28,0.005263
pop_n100_t50,pop,100,50,watts_strogatz,ces,10,8,29,0.005238
pop_n100_t50,pop,100,50,watts_strogatz,ces,10,8,30,0.005238
pop_n100_t50,pop,100,50,watts_strogatz,ces,10,8,31,0.005276
pop_n100_t50,pop,100,50,watts_strogatz,ces,10,8,32,0.005260
pop_n100_t50,pop,100,50,watts_strogatz,ces,10,8,33,0.005250
pop_n100_t50,pop,100,50,watts_strogatz,ces,10,8,34,0.005293
pop_n100_t50,pop,100,50,watts_strogatz,ces,10,8,35,0.005271
pop_n100_t50,pop,100,50,watts_strogatz,ces,10,8,36,0.005278
pop_n100_t50,pop,100,50,watts_strogatz,ces,10,8,37,0.005265
pop_n100_t50,pop,100,50,watts_strogatz,ces,10,8,38,0.005254
pop_n100_t50,pop,100,50,watts_strogatz,ces,10,8,39,0.005255
pop_n100_t50,pop,100,50,watts_strogatz,ces,10,8,40,0.005284
pop_n100_t50,pop,100,50,watts_strogatz,ces,10,8,41,0.005290
pop_n100_t50,pop,100,50,watts_strogatz,ces,10,8,42,0.005279
pop_n100_t50,pop,100,50,watts_strogatz,ces,10,8,43,0.005300
pop_n100_t50,pop,100,50,watts_strogatz,ces,10,8,44,0.005289
pop_n100_t50,pop,100,50,watts_strogatz,ces,10,8,45,0.005314
pop_n100_t50,pop,100,50,watts_strogatz,ces,10,8,46,0.005295
pop_n100_t50,pop,100,50,watts_strogatz,ces,10,8,47,0.005282
pop_n100_t50,pop,100,50,watts_strogatz,ces,10,8,48,0.005325
pop_n100_t50,pop,100,50,watts_strogatz,ces,10,8,49,0.005321
pop_n200_t1,pop,200,1,watts_strogatz,ces,10,1,0,0.010379
pop_n200_t1,pop,200,1,watts_strogatz,ces,10,2,0,0.010567
pop_n200_t1,pop,200,1,watts_strogatz,ces,10,3,0,0.010452
pop_n200_t1,pop,200,1,watts_strogatz,ces,10,4,0,0.010458
pop_n200_t1,pop,200,1,watts_strogatz,ces,10,5,0,0.010463
pop_n200_t1,pop,200,1,watts_strogatz,ces,10,6,0,0.010445
pop_n200_t1,pop,200,1,watts_strogatz,ces,10,7,0,0.010512
pop_n200_t1,pop,200,1,watts_strogatz,ces,10,8,0,0.010448
pop_n200_t5,pop,200,5,watts_strogatz,ces,10,1,0,0.010611
pop_n200_t5,pop,200,5,watts_strogatz,ces,10,1,1,0.010314
pop_n200_t5,pop,200,5,watts_strogatz,ces,10,1,2,0.010181
pop_n200_t5,pop,200,5,watts_strogatz,ces,10,1,3,0.010340
pop_n200_t5,pop,200,5,watts_strogatz,ces,10,1,4,0.010171
pop_n200_t5,pop,200,5,watts_strogatz,ces,10,2,0,0.010300
pop_n200_t5,pop,200,5,watts_strogatz,ces,10,2,1,0.010281
pop_n200_t5,pop,200,5,watts_strogatz,ces,10,2,2,0.010174
pop_n200_t5,pop,200,5,watts_strogatz,ces,10,2,3,0.010319
pop_n200_t5,pop,200,5,watts_strogatz,ces,10,2,4,0.010304
pop_n200_t5,pop,200,5,watts_strogatz,ces,10,3,0,0.010373
pop_n200_t5,pop,200,5,watts_strogatz,ces,10,3,1,0.010339
pop_n200_t5,pop,200,5,watts_strogatz,ces,10,3,2,0.010136
pop_n200_t5,pop,200,5,watts_strogatz,ces,10,3,3,0.010112
pop_n200_t5,pop,200,5,watts_strogatz,ces,10,3,4,0.010172
pop_n200_t5,pop,200,5,watts_strogatz,ces,10,4,0,0.010180
pop_n200_t5,pop,200,5,watts_strogatz,ces,10,4,1,0.010114
pop_n200_t5,pop,200,5,watts_strogatz,ces,10,4,2,0.010142
pop_n200_t5,pop,200,5,watts_strogatz,ces,10,4,3,0.010145
pop_n200_t5,pop,200,5,watts_strogatz,ces,10,4,4,0.010189
pop_n200_t5,pop,200,5,watts_strogatz,ces,10,5,0,0.010164
pop_n200_t5,pop,200,5,watts_strogatz,ces,10,5,1,0.010170
pop_n200_t5,pop,200,5,watts_strogatz,ces,10,5,2,0.010115
pop_n200_t5,pop,200,5,watts_strogatz,ces,10,5,3,0.010199
pop_n200_t5,pop,200,5,watts_strogatz,ces,10,5,4,0.010179
pop_n200_t5,pop,200,5,watts_strogatz,ces,10,6,0,0.010121
pop_n200_t5,pop,200,5,watts_strogatz,ces,10,6,1,0.010130
pop_n200_t5,pop,200,5,watts_strogatz,ces,10,6,2,0.010192
pop_n200_t5,pop,200,5,watts_strogatz,ces,10,6,3,0.010156
pop_n200_t5,pop,200,5,watts_strogatz,ces,10,6,4,0.010155
pop_n200_t5,pop,200,5,watts_strogatz,ces,10,7,0,0.010128
pop_n200_t5,pop,200,5,watts_strogatz,ces,10,7,1,0.010148
pop_n200_t5,pop,200,5,watts_strogatz,ces,10,7,2,0.010155
pop_n200_t5,pop,200,5,watts_strogatz,ces,10,7,3,0.010187
pop_n200_t5,pop,200,5,watts_strogatz,ces,10,7,4,0.010197
pop_n200_t5,pop,200,5,watts_strogatz,ces,10,8,0,0.010161
pop_n200_t5,pop,200,5,watts_strogatz,ces,10,8,1,0.010153
pop_n200_t5,pop,200,5,watts_strogatz,ces,10,8,2,0.010209
pop_n200_t5,pop,200,5,watts_strogatz,ces,10,8,3,0.010417
pop_n200_t5,pop,200,5,watts_strogatz,ces,10,8,4,0.009996
pop_n200_t20,pop,200,20,watts_strogatz,ces,10,1,0,0.010431
pop_n200_t20,pop,200,20,watts_strogatz,ces,10,1,1,0.010397
pop_n200_t20,pop,200,20,watts_strogatz,ces,10,1,2,0.010390
pop_n200_t20,pop,200,20,watts_strogatz,ces,10,1,3,0.010448
pop_n200_t20,pop,200,20,watts_strogatz,ces,10,1,4,0.010484
pop_n200_t20,pop,200,20,watts_strogatz,ces,10,1,5,0.010443
pop_n200_t20,pop,200,20,watts_strogatz,ces,10,1,6,0.010482
pop_n200_t20,pop,200,20,watts_strogatz,ces,10,1,7,0.010556
pop_n200_t20,pop,200,20,watts_strogatz,ces,10,1,8,0.010536
pop_n200_t20,pop,200,20,watts_strogatz,ces,10,1,9,0.010660
pop_n200_t20,pop,200,20,watts_strogatz,ces,10,1,10,0.010681
pop_n200_t20,pop,200,20,watts_strogatz,ces,10,1,11,0.010596
pop_n200_t20,pop,200,20,watts_strogatz,ces,10,1,12,0.010752
pop_n200_t20,pop,200,20,watts_strogatz,ces,10,1,13,0.010616
pop_n200_t20,pop,200,20,watts_strogatz,ces,10,1,14,0.010550
pop_n200_t20,pop,200,20,watts_strogatz,ces,10,1,15,0.010633
pop_n200_t20,pop,200,20,watts_strogatz,ces,10,1,16,0.010737
pop_n200_t20,pop,200,20,watts_strogatz,ces,10,1,17,0.010827
pop_n200_t20,pop,200,20,watts_strogatz,ces,10,1,18,0.010777
pop_n200_t20,pop,200,20,watts_strogatz,ces,10,1,19,0.010716
pop_n200_t20,pop,200,20,watts_strogatz,ces,10,2,0,0.010516
pop_n200_t20,pop,200,20,watts_strogatz,ces,10,2,1,0.010364
pop_n200_t20,pop,200,20,watts_strogatz,ces,10,2,2,0.010421
pop_n200_t20,pop,200,20,watts_strogatz,ces,10,2,3,0.010384
pop_n200_t20,pop,200,20,watts_strogatz,ces,10,2,4,0.010444
pop_n200_t20,pop,200,20,watts_strogatz,ces,10,2,5,0.010503
pop_n200_t20,pop,200,20,watts_strogatz,ces,10,2,6,0.010518
pop_n200_t20,pop,200,20,watts_strogatz,ces,10,2,7,0.010474
pop_n200_t20,pop,200,20,watts_strogatz,ces,10,2,8,0.010528
pop_n200_t20,pop,200,20,watts_strogatz,ces,10,2,9,0.010568
pop_n200_t20,pop,200,20,watts_strogatz,ces,10,2,10,0.010656
pop_n200_t20,pop,200,20,watts_strogatz,ces,10,2,11,0.010660
pop_n200_t20,pop,200,20,watts_strogatz,ces,10,2,12,0.010589
pop_n200_t20,pop,200,20,watts_strogatz,ces,10,2,13,0.010609
pop_n200_t20,pop,200,20,watts_strogatz,ces,10,2,14,0.010621
pop_n200_t20,pop,200,20,watts_strogatz,ces,10,2,15,0.010651
pop_n200_t20,pop,200,20,watts_strogatz,ces,10,2,16,0.010754
pop_n200_t20,pop,200,20,watts_strogatz,ces,10,2,17,0.010662
pop_n200_t20,pop,200,20,watts_strogatz,ces,10,2,18,0.010651
pop_n200_t20,pop,200,20,watts_strogatz,ces,10,2,19,0.010663
pop_n200_t20,pop,200,20,watts_strogatz,ces,10,3,0,0.010393
pop_n200_t20,pop,200,20,watts_strogatz,ces,10,3,1,0.010407
pop_n200_t20,pop,200,20,watts_strogatz,ces,10,3,2,0.010447
pop_n200_t20,pop,200,20,watts_strogatz,ces,10,3,3,0.010476
pop_n200_t20,pop,200,20,watts_strogatz,ces,10,3,4,0.010410
pop_n200_t20,pop,200,20,watts_strogatz,ces,10,3,5,0.010443
pop_n200_t20,pop,200,20,watts_strogatz,ces,10,3,6,0.010599
pop_n200_t20,pop,200,20,watts_strogatz,ces,10,3,7,0.010496
pop_n200_t20,pop,200,20,watts_strogatz,ces,10,3,8,0.010564
pop_n200_t20,pop,200,20,watts_strogatz,ces,10,3,9,0.010648
pop_n200_t20,pop,200,20,watts_strogatz,ces,10,3,10,0.010616
pop_n200_t20,pop,200,20,watts_strogatz,ces,10,3,11,0.010646
pop_n200_t20,pop,200,20,watts_strogatz,ces,10,3,12,0.010551
pop_n200_t20,pop,200,20,watts_strogatz,ces,10,3,13,0.010598
pop_n200_t20,pop,200,20,watts_strogatz,ces,10,3,14,0.010641
pop_n200_t20,pop,200,20,watts_strogatz,ces,10,3,15,0.010641
pop_n200_t20,pop,200,20,watts_strogatz,ces,10,3,16,0.010636
pop_n200_t20,pop,200,20,watts_strogatz,ces,10,3,17,0.010641
pop_n200_t20,pop,200,20,watts_strogatz,ces,10,3,18,0.010675
pop_n200_t20,pop,200,20,watts_strogatz,ces,10,3,19,0.010751
pop_n200_t20,pop,200,20,watts_strogatz,ces,10,4,0,0.010381
pop_n200_t20,pop,200,20,watts_strogatz,ces,10,4,1,0.010348
pop_n200_t20,pop,200,20,watts_strogatz,ces,10,4,2,0.010902
pop_n200_t20,pop,200,20,watts_strogatz,ces,10,4,3,0.010440
pop_n200_t20,pop,200,20,watts_strogatz,ces,10,4,4,0.010466
pop_n200_t20,pop,200,20,watts_strogatz,ces,10,4,5,0.010407
pop_n200_t20,pop,200,20,watts_strogatz,ces,10,4,6,0.010451
pop_n200_t20,pop,200,20,watts_strogatz,ces,10,4,7,0.010501
pop_n200_t20,pop,200,20,watts_strogatz,ces,10,4,8,0.010586
pop_n200_t20,pop,200,20,watts_strogatz,ces,10,4,9,0.010623
pop_n200_t20,pop,200,20,watts_strogatz,ces,10,4,10,0.010579
pop_n200_t20,pop,200,20,watts_strogatz,ces,10,4,11,0.010686
pop_n200_t20,pop,200,20,watts_strogatz,ces,10,4,12,0.010639
pop_n200_t20,pop,200,20,watts_strogatz,ces,10,4,13,0.010568
pop_n200_t20,pop,200,20,watts_strogatz,ces,10,4,14,0.010580
pop_n200_t20,pop,200,20,watts_strogatz,ces,10,4,15,0.010656
pop_n200_t20,pop,200,20,watts_strogatz,ces,10,4,16,0.010612
pop_n200_t20,pop,200,20,watts_strogatz,ces,10,4,17,0.010691
pop_n200_t20,pop,200,20,watts_strogatz,ces,10,4,18,0.010661
pop_n200_t20,pop,200,20,watts_strogatz,ces,10,4,19,0.010720
pop_n200_t20,pop,200,20,watts_strogatz,ces,10,5,0,0.010373
pop_n200_t20,pop,200,20,watts_strogatz,ces,10,5,1,0.010335
pop_n200_t20,pop,200,20,watts_strogatz,ces,10,5,2,0.010393
pop_n200_t20,pop,200,20,watts_strogatz,ces,10,5,3,0.010400
pop_n200_t20,pop,200,20,watts_strogatz,ces,10,5,4,0.010410
pop_n200_t20,pop,200,20,watts_strogatz,ces,10,5,5,0.010451
pop_n200_t20,pop,200,20,watts_strogatz,ces,10,5,6,0.010461
pop_n200_t20,pop,200,20,watts_strogatz,ces,10,5,7,0.010483
pop_n200_t20,pop,200,20,watts_strogatz,ces,10,5,8,0.010605
pop_n200_t20,pop,200,20,watts_strogatz,ces,10,5,9,0.010557
pop_n200_t20,pop,200,20,watts_strogatz,ces,10,5,10,0.010524
pop_n200_t20,pop,200,20,watts_strogatz,ces,10,5,11,0.010559
pop_n200_t20,pop,200,20,watts_strogatz,ces,10,5,12,0.010660
pop_n200_t20,pop,200,20,watts_strogatz,ces,10,5,13,0.010671
pop_n200_t20,pop,200,20,watts_strogatz,ces,10,5,14,0.010662
pop_n200_t20,pop,200,20,watts_strogatz,ces,10,5,15,0.010671
pop_n200_t20,pop,200,20,watts_strogatz,ces,10,5,16,0.010678
pop_n200_t20,pop,200,20,watts_strogatz,ces,10,5,17,0.010685
pop_n200_t20,pop,200,20,watts_strogatz,ces,10,5,18,0.010738
pop_n200_t20,pop,200,20,watts_strogatz,ces,10,5,19,0.010682
pop_n200_t20,pop,200,20,watts_strogatz,ces,10,6,0,0.010358
pop_n200_t20,pop,200,20,watts_strogatz,ces,10,6,1,0.010393
pop_n200_t20,pop,200,20,watts_strogatz,ces,10,6,2,0.010331
pop_n200_t20,pop,200,20,watts_strogatz,ces,10,6,3,0.010393
pop_n200_t20,pop,200,20,watts_strogatz,ces,10,6,4,0.010451
pop_n200_t20,pop,200,20,watts_strogatz,ces,10,6,5,0.010411
pop_n200_t20,pop,200,20,watts_strogatz,ces,10,6,6,0.010463
pop_n200_t20,pop,200,20,watts_strogatz,ces,10,6,7,0.010505
pop_n200_t20,pop,200,20,watts_strogatz,ces,10,6,8,0.010555
pop_n200_t20,pop,200,20,watts_strogatz,ces,10,6,9,0.010685
pop_n200_t20,pop,200,20,watts_strogatz,ces,10,6,10,0.010489
pop_n200_t20,pop,200,20,watts_strogatz,ces,10,6,11,0.010540
pop_n200_t20,pop,200,20,watts_strogatz,ces,10,6,12,0.010618
pop_n200_t20,pop,200,20,watts_strogatz,ces,10,6,13,0.010702
pop_n200_t20,pop,200,20,watts_strogatz,ces,10,6,14,0.010650
pop_n200_t20,pop,200,20,watts_strogatz,ces,10,6,15,0.010650
pop_n200_t20,pop,200,20,watts_strogatz,ces,10,6,16,0.010723
pop_n200_t20,pop,200,20,watts_strogatz,ces,10,6,17,0.010759
pop_n200_t20,pop,200,20,watts_strogatz,ces,10,6,18,0.010795
pop_n200_t20,pop,200,20,watts_strogatz,ces,10,6,19,0.010804
pop_n200_t20,pop,200,20,watts_strogatz,ces,10,7,0,0.010470
pop_n200_t20,pop,200,20,watts_strogatz,ces,10,7,1,0.010500
pop_n200_t20,pop,200,20,watts_strogatz,ces,10,7,2,0.010530
pop_n200_t20,pop,200,20,watts_strogatz,ces,10,7,3,0.010518
pop_n200_t20,pop,200,20,watts_strogatz,ces,10,7,4,0.010435
pop_n200_t20,pop,200,20,watts_strogatz,ces,10,7,5,0.010472
pop_n200_t20,pop,200,20,watts_strogatz,ces,10,7,6,0.010532
pop_n200_t20,pop,200,20,watts_strogatz,ces,10,7,7,0.010525
pop_n200_t20,pop,200,20,watts_strogatz,ces,10,7,8,0.010530
pop_n200_t20,pop,200,20,watts_strogatz,ces,10,7,9,0.010583
pop_n200_t20,pop,200,20,watts_strogatz,ces,10,7,10,0.010560
pop_n200_t20,pop,200,20,watts_strogatz,ces,10,7,11,0.010541
pop_n200_t20,pop,200,20,watts_strogatz,ces,10,7,12,0.010627
pop_n200_t20,pop,200,20,watts_strogatz,ces,10,7,13,0.010598
pop_n200_t20,pop,200,20,watts_strogatz,ces,10,7,14,0.010672
pop_n200_t20,pop,200,20,watts_strogatz,ces,10,7,15,0.010650
pop_n200_t20,pop,200,20,watts_strogatz,ces,10,7,16,0.010668
pop_n200_t20,pop,200,20,watts_strogatz,ces,10,7,17,0.010634
pop_n200_t20,pop,200,20,watts_strogatz,ces,10,7,18,0.010679
pop_n200_t20,pop,200,20,watts_strogatz,ces,10,7,19,0.010665
pop_n200_t20,pop,200,20,watts_strogatz,ces,10,8,0,0.010414
pop_n200_t20,pop,200,20,watts_strogatz,ces,10,8,1,0.010439
pop_n200_t20,pop,200,20,watts_strogatz,ces,10,8,2,0.010422
pop_n200_t20,pop,200,20,watts_strogatz,ces,10,8,3,0.010420
pop_n200_t20,pop,200,20,watts_strogatz,ces,10,8,4,0.010414
pop_n200_t20,pop,200,20,watts_strogatz,ces,10,8,5,0.010423
pop_n200_t20,pop,200,20,watts_strogatz,ces,10,8,6,0.010538
pop_n200_t20,pop,200,20,watts_strogatz,ces,10,8,7,0.010489
pop_n200_t20,pop,200,20,watts_strogatz,ces,10,8,8,0.010493
pop_n200_t20,pop,200,20,watts_strogatz,ces,10,8,9,0.010541
pop_n200_t20,pop,200,20,watts_strogatz,ces,10,8,10,0.010512
pop_n200_t20,pop,200,20,watts_strogatz,ces,10,8,11,0.010519
pop_n200_t20,pop,200,20,watts_strogatz,ces,10,8,12,0.010537
pop_n200_t20,pop,200,20,watts_strogatz,ces,10,8,13,0.188871
pop_n200_t20,pop,200,20,watts_strogatz,ces,10,8,14,0.011058
pop_n200_t20,pop,200,20,watts_strogatz,ces,10,8,15,0.010500
pop_n200_t20,pop,200,20,watts_strogatz,ces,10,8,16,0.010583
pop_n200_t20,pop,200,20,watts_strogatz,ces,10,8,17,0.010594
pop_n200_t20,pop,200,20,watts_strogatz,ces,10,8,18,0.010644
pop_n200_t20,pop,200,20,watts_strogatz,ces,10,8,19,0.010775
pop_n200_t50,pop,200,50,watts_strogatz,ces,10,1,0,0.010057
pop_n200_t50,pop,200,50,watts_strogatz,ces,10,1,1,0.010026
pop_n200_t50,pop,200,50,watts_strogatz,ces,10,1,2,0.010042
pop_n200_t50,pop,200,50,watts_strogatz,ces,10,1,3,0.010074
pop_n200_t50,pop,200,50,watts_strogatz,ces,10,1,4,0.010060
pop_n200_t50,pop,200,50,watts_strogatz,ces,10,1,5,0.010128
pop_n200_t50,pop,200,50,watts_strogatz,ces,10,1,6,0.010140
pop_n200_t50,pop,200,50,watts_strogatz,ces,10,1,7,0.010161
pop_n200_t50,pop,200,50,watts_strogatz,ces,10,1,8,0.010152
pop_n200_t50,pop,200,50,watts_strogatz,ces,10,1,9,0.010198
pop_n200_t50,pop,200,50,watts_strogatz,ces,10,1,10,0.010227
pop_n200_t50,pop,200,50,watts_strogatz,ces,10,1,11,0.010232
pop_n200_t50,pop,200,50,watts_strogatz,ces,10,1,12,0.010267
pop_n200_t50,pop,200,50,watts_strogatz,ces,10,1,13,0.010222
pop_n200_t50,pop,200,50,watts_strogatz,ces,10,1,14,0.010307
pop_n200_t50,pop,200,50,watts_strogatz,ces,10,1,15,0.010289
pop_n200_t50,pop,200,50,watts_strogatz,ces,10,1,16,0.010295
pop_n200_t50,pop,200,50,watts_strogatz,ces,10,1,17,0.010318
pop_n200_t50,pop,200,50,watts_strogatz,ces,10,1,18,0.010309
pop_n200_t50,pop,200,50,watts_strogatz,ces,10,1,19,0.010318
pop_n200_t50,pop,200,50,watts_strogatz,ces,10,1,20,0.010364
pop_n200_t50,pop,200,50,watts_strogatz,ces,10,1,21,0.010304
pop_n200_t50,pop,200,50,watts_strogatz,ces,10,1,22,0.010337
pop_n200_t50,pop,200,50,watts_strogatz,ces,10,1,23,0.010372
pop_n200_t50,pop,200,50,watts_strogatz,ces,10,1,24,0.010377
pop_n200_t50,pop,200,50,watts_strogatz,ces,10,1,25,0.010484
pop_n200_t50,pop,200,50,watts_strogatz,ces,10,1,26,0.010475
pop_n200_t50,pop,200,50,watts_strogatz,ces,10,1,27,0.010415
pop_n200_t50,pop,200,50,watts_strogatz,ces,10,1,28,0.010430
pop_n200_t50,pop,200,50,watts_strogatz,ces,10,1,29,0.010390
pop_n200_t50,pop,200,50,watts_strogatz,ces,10,1,30,0.010422
pop_n200_t50,pop,200,50,watts_strogatz,ces,10,1,31,0.010443
pop_n200_t50,pop,200,50,watts_strogatz,ces,10,1,32,0.010475
pop_n200_t50,pop,200,50,watts_strogatz,ces,10,1,33,0.010399
pop_n200_t50,pop,200,50,watts_strogatz,ces,10,1,34,0.010488
pop_n200_t50,pop,200,50,watts_strogatz,ces,10,1,35,0.010527
pop_n200_t50,pop,200,50,watts_strogatz,ces,10,1,36,0.010461
pop_n200_t50,pop,200,50,watts_strogatz,ces,10,1,37,0.010456
pop_n200_t50,pop,200,50,watts_strogatz,ces,10,1,38,0.010468
pop_n200_t50,pop,200,50,watts_strogatz,ces,10,1,39,0.010476
pop_n200_t50,pop,200,50,watts_strogatz,ces,10,1,40,0.010498
pop_n200_t50,pop,200,50,watts_strogatz,ces,10,1,41,0.010453
pop_n200_t50,pop,200,50,watts_strogatz,ces,10,1,42,0.010474
pop_n200_t50,pop,200,50,watts_strogatz,ces,10,1,43,0.010505
pop_n200_t50,pop,200,50,watts_strogatz,ces,10,1,44,0.010527
pop_n200_t50,pop,200,50,watts_strogatz,ces,10,1,45,0.010491
pop_n200_t50,pop,200,50,watts_strogatz,ces,10,1,46,0.010520
pop_n200_t50,pop,200,50,watts_strogatz,ces,10,1,47,0.010474
pop_n200_t50,pop,200,50,watts_strogatz,ces,10,1,48,0.010488
pop_n200_t50,pop,200,50,watts_strogatz,ces,10,1,49,0.010451
pop_n200_t50,pop,200,50,watts_strogatz,ces,10,2,0,0.010056
pop_n200_t50,pop,200,50,watts_strogatz,ces,10,2,1,0.010024
pop_n200_t50,pop,200,50,watts_strogatz,ces,10,2,2,0.010067
pop_n200_t50,pop,200,50,watts_strogatz,ces,10,2,3,0.010080
pop_n200_t50,pop,200,50,watts_strogatz,ces,10,2,4,0.010105
pop_n200_t50,pop,200,50,watts_strogatz,ces,10,2,5,0.010155
pop_n200_t50,pop,200,50,watts_strogatz,ces,10,2,6,0.010199
pop_n200_t50,pop,200,50,watts_strogatz,ces,10,2,7,0.010157
pop_n200_t50,pop,200,50,watts_strogatz,ces,10,2,8,0.010201
pop_n200_t50,pop,200,50,watts_strogatz,ces,10,2,9,0.010217
pop_n200_t50,pop,200,50,watts_strogatz,ces,10,2,10,0.010255
pop_n200_t50,pop,200,50,watts_strogatz,ces,10,2,11,0.010290
pop_n200_t50,pop,200,50,watts_strogatz,ces,10,2,12,0.010493
pop_n200_t50,pop,200,50,watts_strogatz,ces,10,2,13,0.010790
pop_n200_t50,pop,200,50,watts_strogatz,ces,10,2,14,0.010304
pop_n200_t50,pop,200,50,watts_strogatz,ces,10,2,15,0.010361
pop_n200_t50,pop,200,50,watts_strogatz,ces,10,2,16,0.010481
pop_n200_t50,pop,200,50,watts_strogatz,ces,10,2,17,0.010576
pop_n200_t50,pop,200,50,watts_strogatz,ces,10,2,18,0.010590
pop_n200_t50,pop,200,50,watts_strogatz,ces,10,2,19,0.010575
pop_n200_t50,pop,200,50,watts_strogatz,ces,10,2,20,0.010601
pop_n200_t50,pop,200,50,watts_strogatz,ces,10,2,21,0.010586
pop_n200_t50,pop,200,50,watts_strogatz,ces,10,2,22,0.010616
pop_n200_t50,pop,200,50,watts_strogatz,ces,10,2,23,0.010617
pop_n200_t50,pop,200,50,watts_strogatz,ces,10,2,24,0.010820
pop_n200_t50,pop,200,50,watts_strogatz,ces,10,2,25,0.010959
pop_n200_t50,pop,200,50,watts_strogatz,ces,10,2,26,0.010322
pop_n200_t50,pop,200,50,watts_strogatz,ces,10,2,27,0.010312
pop_n200_t50,pop,200,50,watts_strogatz,ces,10,2,28,0.010296
pop_n200_t50,pop,200,50,watts_strogatz,ces,10,2,29,0.010338
pop_n200_t50,pop,200,50,watts_strogatz,ces,10,2,30,0.010348
pop_n200_t50,pop,200,50,watts_strogatz,ces,10,2,31,0.010439
pop_n200_t50,pop,200,50,watts_strogatz,ces,10,2,32,0.010375
pop_n200_t50,pop,200,50,watts_strogatz,ces,10,2,33,0.010385
pop_n200_t50,pop,200,50,watts_strogatz,ces,10,2,34,0.010389
pop_n200_t50,pop,200,50,watts_strogatz,ces,10,2,35,0.010403
pop_n200_t50,pop,200,50,watts_strogatz,ces,10,2,36,0.010408
pop_n200_t50,pop,200,50,watts_strogatz,ces,10,2,37,0.010448
pop_n200_t50,pop,200,50,watts_strogatz,ces,10,2,38,0.010447
pop_n200_t50,pop,200,50,watts_strogatz,ces,10,2,39,0.010456
pop_n200_t50,pop,200,50,watts_strogatz,ces,10,2,40,0.010435
pop_n200_t50,pop,200,50,watts_strogatz,ces,10,2,41,0.010886
pop_n200_t50,pop,200,50,watts_strogatz,ces,10,2,42,0.010493
pop_n200_t50,pop,200,50,watts_strogatz,ces,10,2,43,0.010505
pop_n200_t50,pop,200,50,watts_strogatz,ces,10,2,44,0.010487
pop_n200_t50,pop,200,50,watts_strogatz,ces,10,2,45,0.010501
pop_n200_t50,pop,200,50,watts_strogatz,ces,10,2,46,0.010470
pop_n200_t50,pop,200,50,watts_strogatz,ces,10,2,47,0.010566
pop_n200_t50,pop,200,50,watts_strogatz,ces,10,2,48,0.010566
pop_n200_t50,pop,200,50,watts_strogatz,ces,10,2,49,0.010475
pop_n200_t50,pop,200,50,watts_strogatz,ces,10,3,0,0.010088
pop_n200_t50,pop,200,50,watts_strogatz,ces,10,3,1,0.010062
pop_n200_t50,pop,200,50,watts_strogatz,ces,10,3,2,0.010069
pop_n200_t50,pop,200,50,watts_strogatz,ces,10,3,3,0.010117
pop_n200_t50,pop,200,50,watts_strogatz,ces,10,3,4,0.010066
pop_n200_t50,pop,200,50,watts_strogatz,ces,10,3,5,0.010124
pop_n200_t50,pop,200,50,watts_strogatz,ces,10,3,6,0.010115
pop_n200_t50,pop,200,50,watts_strogatz,ces,10,3,7,0.010154
pop_n200_t50,pop,200,50,watts_strogatz,ces,10,3,8,0.010176
pop_n200_t50,pop,200,50,watts_strogatz,ces,10,3,9,0.010203
pop_n200_t50,pop,200,50,watts_strogatz,ces,10,3,10,0.010211
pop_n200_t50,pop,200,50,watts_strogatz,ces,10,3,11,0.010238
pop_n200_t50,pop,200,50,watts_strogatz,ces,10,3,12,0.010258
pop_n200_t50,pop,200,50,watts_strogatz,ces,10,3,13,0.010273
pop_n200_t50,pop,200,50,watts_strogatz,ces,10,3,14,0.010289
pop_n200_t50,pop,200,50,watts_strogatz,ces,10,3,15,0.010316
pop_n200_t50,pop,200,50,watts_strogatz,ces,10,3,16,0.010316
pop_n200_t50,pop,200,50,watts_strogatz,ces,10,3,17,0.010320
pop_n200_t50,pop,200,50,watts_strogatz,ces,10,3,18,0.010319
pop_n200_t50,pop,200,50,watts_strogatz,ces,10,3,19,0.011035
pop_n200_t50,pop,200,50,watts_strogatz,ces,10,3,20,0.012191
pop_n200_t50,pop,200,50,watts_strogatz,ces,10,3,21,0.010702
pop_n200_t50,pop,200,50,watts_strogatz,ces,10,3,22,0.010308
pop_n200_t50,pop,200,50,watts_strogatz,ces,10,3,23,0.010345
pop_n200_t50,pop,200,50,watts_strogatz,ces,10,3,24,0.010364
pop_n200_t50,pop,200,50,watts_strogatz,ces,10,3,25,0.010350
pop_n200_t50,pop,200,50,watts_strogatz,ces,10,3,26,0.010378
pop_n200_t50,pop,200,50,watts_strogatz,ces,10,3,27,0.010369
pop_n200_t50,pop,200,50,watts_strogatz,ces,10,3,28,0.010409
pop_n200_t50,pop,200,50,watts_strogatz,ces,10,3,29,0.010399
pop_n200_t50,pop,200,50,watts_strogatz,ces,10,3,30,0.010399
pop_n200_t50,pop,200,50,watts_strogatz,ces,10,3,31,0.010475
pop_n200_t50,pop,200,50,watts_strogatz,ces,10,3,32,0.010578
pop_n200_t50,pop,200,50,watts_strogatz,ces,10,3,33,0.010466
pop_n200_t50,pop,200,50,watts_strogatz,ces,10,3,34,0.010474
pop_n200_t50,pop,200,50,watts_strogatz,ces,10,3,35,0.010471
pop_n200_t50,pop,200,50,watts_strogatz,ces,10,3,36,0.010495
pop_n200_t50,pop,200,50,watts_strogatz,ces,10,3,37,0.010462
pop_n200_t50,pop,200,50,watts_strogatz,ces,10,3,38,0.010480
pop_n200_t50,pop,200,50,watts_strogatz,ces,10,3,39,0.010492
pop_n200_t50,pop,200,50,watts_strogatz,ces,10,3,40,0.010455
pop_n200_t50,pop,200,50,watts_strogatz,ces,10,3,41,0.010501
pop_n200_t50,pop,200,50,watts_strogatz,ces,10,3,42,0.010528
pop_n200_t50,pop,200,50,watts_strogatz,ces,10,3,43,0.010504
pop_n200_t50,pop,200,50,watts_strogatz,ces,10,3,44,0.010483
pop_n200_t50,pop,200,50,watts_strogatz,ces,10,3,45,0.010500
pop_n200_t50,pop,200,50,watts_strogatz,ces,10,3,46,0.010548
pop_n200_t50,pop,200,50,watts_strogatz,ces,10,3,47,0.010526
pop_n200_t50,pop,200,50,watts_strogatz,ces,10,3,48,0.010478
pop_n200_t50,pop,200,50,watts_strogatz,ces,10,3,49,0.010464
pop_n200_t50,pop,200,50,watts_strogatz,ces,10,4,0,0.010141
pop_n200_t50,pop,200,50,watts_strogatz,ces,10,4,1,0.010029
pop_n200_t50,pop,200,50,watts_strogatz,ces,10,4,2,0.010050
pop_n200_t50,pop,200,50,watts_strogatz,ces,10,4,3,0.010096
pop_n200_t50,pop,200,50,watts_strogatz,ces,10,4,4,0.010081
pop_n200_t50,pop,200,50,watts_strogatz,ces,10,4,5,0.010132
pop_n200_t50,pop,200,50,watts_strogatz,ces,10,4,6,0.010140
pop_n200_t50,pop,200,50,watts_strogatz,ces,10,4,7,0.010163
pop_n200_t50,pop,200,50,watts_strogatz,ces,10,4,8,0.010181
pop_n200_t50,pop,200,50,watts_strogatz,ces,10,4,9,0.010193
pop_n200_t50,pop,200,50,watts_strogatz,ces,10,4,10,0.010216
pop_n200_t50,pop,200,50,watts_strogatz,ces,10,4,11,0.010281
pop_n200_t50,pop,200,50,watts_strogatz,ces,10,4,12,0.010276
pop_n200_t50,pop,200,50,watts_strogatz,ces,10,4,13,0.010291
pop_n200_t50,pop,200,50,watts_strogatz,ces,10,4,14,0.010291
pop_n200_t50,pop,200,50,watts_strogatz,ces,10,4,15,0.010295
pop_n200_t50,pop,200,50,watts_strogatz,ces,10,4,16,0.010284
pop_n200_t50,pop,200,50,watts_strogatz,ces,10,4,17,0.010305
pop_n200_t50,pop,200,50,watts_strogatz,ces,10,4,18,0.010329
pop_n200_t50,pop,200,50,watts_strogatz,ces,10,4,19,0.010338
pop_n200_t50,pop,200,50,watts_strogatz,ces,10,4,20,0.010327
pop_n200_t50,pop,200,50,watts_strogatz,ces,10,4,21,0.010326
pop_n200_t50,pop,200,50,watts_strogatz,ces,10,4,22,0.010334
pop_n200_t50,pop,200,50,watts_strogatz,ces,10,4,23,0.010351
pop_n200_t50,pop,200,50,watts_strogatz,ces,10,4,24,0.010359
pop_n200_t50,pop,200,50,watts_strogatz,ces,10,4,25,0.010350
pop_n200_t50,pop,200,50,watts_strogatz,ces,10,4,26,0.010376
pop_n200_t50,pop,200,50,watts_strogatz,ces,10,4,27,0.010388
pop_n200_t50,pop,200,50,watts_strogatz,ces,10,4,28,0.010376
pop_n200_t50,pop,200,50,watts_strogatz,ces,10,4,29,0.010395
pop_n200_t50,pop,200,50,watts_strogatz,ces,10,4,30,0.010403
pop_n200_t50,pop,200,50,watts_strogatz,ces,10,4,31,0.010403
pop_n200_t50,pop,200,50,watts_strogatz,ces,10,4,32,0.011350
pop_n200_t50,pop,200,50,watts_strogatz,ces,10,4,33,0.010554
pop_n200_t50,pop,200,50,watts_strogatz,ces,10,4,34,0.010360
pop_n200_t50,pop,200,50,watts_strogatz,ces,10,4,35,0.010362
pop_n200_t50,pop,200,50,watts_strogatz,ces,10,4,36,0.010449
pop_n200_t50,pop,200,50,watts_strogatz,ces,10,4,37,0.010669
pop_n200_t50,pop,200,50,watts_strogatz,ces,10,4,38,0.010641
pop_n200_t50,pop,200,50,watts_strogatz,ces,10,4,39,0.010715
pop_n200_t50,pop,200,50,watts_strogatz,ces,10,4,40,0.010691
pop_n200_t50,pop,200,50,watts_strogatz,ces,10,4,41,0.010728
pop_n200_t50,pop,200,50,watts_strogatz,ces,10,4,42,0.010761
pop_n200_t50,pop,200,50,watts_strogatz,ces,10,4,43,0.010771
pop_n200_t50,pop,200,50,watts_strogatz,ces,10,4,44,0.010762
pop_n200_t50,pop,200,50,watts_strogatz,ces,10,4,45,0.010816
pop_n200_t50,pop,200,50,watts_strogatz,ces,10,4,46,0.010762
pop_n200_t50,pop,200,50,watts_strogatz,ces,10,4,47,0.010829
pop_n200_t50,pop,200,50,watts_strogatz,ces,10,4,48,0.010758
pop_n200_t50,pop,200,50,watts_strogatz,ces,10,4,49,0.010722
pop_n200_t50,pop,200,50,watts_strogatz,ces,10,5,0,0.010347
pop_n200_t50,pop,200,50,watts_strogatz,ces,10,5,1,0.010348
pop_n200_t50,pop,200,50,watts_strogatz,ces,10,5,2,0.010377
pop_n200_t50,pop,200,50,watts_strogatz,ces,10,5,3,0.010376
pop_n200_t50,pop,200,50,watts_strogatz,ces,10,5,4,0.010347
pop_n200_t50,pop,200,50,watts_strogatz,ces,10,5,5,0.010407
pop_n200_t50,pop,200,50,watts_strogatz,ces,10,5,6,0.010474
pop_n200_t50,pop,200,50,watts_strogatz,ces,10,5,7,0.010470
pop_n200_t50,pop,200,50,watts_strogatz,ces,10,5,8,0.010481
pop_n200_t50,pop,200,50,watts_strogatz,ces,10,5,9,0.010502
pop_n200_t50,pop,200,50,watts_strogatz,ces,10,5,10,0.010547
pop_n200_t50,pop,200,50,watts_strogatz,ces,10,5,11,0.010521
pop_n200_t50,pop,200,50,watts_strogatz,ces,10,5,12,0.010574
pop_n200_t50,pop,200,50,watts_strogatz,ces,10,5,13,0.010565
pop_n200_t50,pop,200,50,watts_strogatz,ces,10,5,14,0.010640
pop_n200_t50,pop,200,50,watts_strogatz,ces,10,5,15,0.010633
pop_n200_t50,pop,200,50,watts_strogatz,ces,10,5,16,0.010604
pop_n200_t50,pop,200,50,watts_strogatz,ces,10,5,17,0.010640
pop_n200_t50,pop,200,50,watts_strogatz,ces,10,5,18,0.010654
pop_n200_t50,pop,200,50,watts_strogatz,ces,10,5,19,0.010637
pop_n200_t50,pop,200,50,watts_strogatz,ces,10,5,20,0.010648
pop_n200_t50,pop,200,50,watts_strogatz,ces,10,5,21,0.010648
pop_n200_t50,pop,200,50,watts_strogatz,ces,10,5,22,0.010615
pop_n200_t50,pop,200,50,watts_strogatz,ces,10,5,23,0.010627
pop_n200_t50,pop,200,50,watts_strogatz,ces,10,5,24,0.010689
pop_n200_t50,pop,200,50,watts_strogatz,ces,10,5,25,0.010716
pop_n200_t50,pop,200,50,watts_strogatz,ces,10,5,26,0.010639
pop_n200_t50,pop,200,50,watts_strogatz,ces,10,5,27,0.010694
pop_n200_t50,pop,200,50,watts_strogatz,ces,10,5,28,0.010740
pop_n200_t50,pop,200,50,watts_strogatz,ces,10,5,29,0.010737
pop_n200_t50,pop,200,50,watts_strogatz,ces,10,5,30,0.010720
pop_n200_t50,pop,200,50,watts_strogatz,ces,10,5,31,0.010698
pop_n200_t50,pop,200,50,watts_strogatz,ces,10,5,32,0.010696
pop_n200_t50,pop,200,50,watts_strogatz,ces,10,5,33,0.010682
pop_n200_t50,pop,200,50,watts_strogatz,ces,10,5,34,0.010746
pop_n200_t50,pop,200,50,watts_strogatz,ces,10,5,35,0.010705
pop_n200_t50,pop,200,50,watts_strogatz,ces,10,5,36,0.010745
pop_n200_t50,pop,200,50,watts_strogatz,ces,10,5,37,0.010754
pop_n200_t50,pop,200,50,watts_strogatz,ces,10,5,38,0.010798
pop_n200_t50,pop,200,50,watts_strogatz,ces,10,5,39,0.010921
pop_n200_t50,pop,200,50,watts_strogatz,ces,10,5,40,0.010786
pop_n200_t50,pop,200,50,watts_strogatz,ces,10,5,41,0.010762
pop_n200_t50,pop,200,50,watts_strogatz,ces,10,5,42,0.010877
pop_n200_t50,pop,200,50,watts_strogatz,ces,10,5,43,0.010995
pop_n200_t50,pop,200,50,watts_strogatz,ces,10,5,44,0.010814
pop_n200_t50,pop,200,50,watts_strogatz,ces,10,5,45,0.010838
pop_n200_t50,pop,200,50,watts_strogatz,ces,10,5,46,0.010790
pop_n200_t50,pop,200,50,watts_strogatz,ces,10,5,47,0.010776
pop_n200_t50,pop,200,50,watts_strogatz,ces,10,5,48,0.010808
pop_n200_t50,pop,200,50,watts_strogatz,ces,10,5,49,0.010730
pop_n200_t50,pop,200,50,watts_strogatz,ces,10,6,0,0.010322
pop_n200_t50,pop,200,50,watts_strogatz,ces,10,6,1,0.010303
pop_n200_t50,pop,200,50,watts_strogatz,ces,10,6,2,0.010407
pop_n200_t50,pop,200,50,watts_strogatz,ces,10,6,3,0.010390
pop_n200_t50,pop,200,50,watts_strogatz,ces,10,6,4,0.010384
pop_n200_t50,pop,200,50,watts_strogatz,ces,10,6,5,0.010626
pop_n200_t50,pop,200,50,watts_strogatz,ces,10,6,6,0.010294
pop_n200_t50,pop,200,50,watts_strogatz,ces,10,6,7,0.010843
pop_n200_t50,pop,200,50,watts_strogatz,ces,10,6,8,0.010451
pop_n200_t50,pop,200,50,watts_strogatz,ces,10,6,9,0.010611
pop_n200_t50,pop,200,50,watts_strogatz,ces,10,6,10,0.010608
pop_n200_t50,pop,200,50,watts_strogatz,ces,10,6,11,0.010692
pop_n200_t50,pop,200,50,watts_strogatz,ces,10,6,12,0.010668
pop_n200_t50,pop,200,50,watts_strogatz,ces,10,6,13,0.010670
pop_n200_t50,pop,200,50,watts_strogatz,ces,10,6,14,0.010653
pop_n200_t50,pop,200,50,watts_strogatz,ces,10,6,15,0.010670
pop_n200_t50,pop,200,50,watts_strogatz,ces,10,6,16,0.010768
pop_n200_t50,pop,200,50,watts_strogatz,ces,10,6,17,0.010711
pop_n200_t50,pop,200,50,watts_strogatz,ces,10,6,18,0.010684
pop_n200_t50,pop,200,50,watts_strogatz,ces,10,6,19,0.010674
pop_n200_t50,pop,200,50,watts_strogatz,ces,10,6,20,0.010681
pop_n200_t50,pop,200,50,watts_strogatz,ces,10,6,21,0.010663
pop_n200_t50,pop,200,50,watts_strogatz,ces,10,6,22,0.010670
pop_n200_t50,pop,200,50,watts_strogatz,ces,10,6,23,0.010629
pop_n200_t50,pop,200,50,watts_strogatz,ces,10,6,24,0.010649
pop_n200_t50,pop,200,50,watts_strogatz,ces,10,6,25,0.010673
pop_n200_t50,pop,200,50,watts_strogatz,ces,10,6,26,0.010740
pop_n200_t50,pop,200,50,watts_strogatz,ces,10,6,27,0.010761
pop_n200_t50,pop,200,50,watts_strogatz,ces,10,6,28,0.010713
pop_n200_t50,pop,200,50,watts_strogatz,ces,10,6,29,0.010697
pop_n200_t50,pop,200,50,watts_strogatz,ces,10,6,30,0.010724
pop_n200_t50,pop,200,50,watts_strogatz,ces,10,6,31,0.010784
pop_n200_t50,pop,200,50,watts_strogatz,ces,10,6,32,0.010780
pop_n200_t50,pop,200,50,watts_strogatz,ces,10,6,33,0.010730
pop_n200_t50,pop,200,50,watts_strogatz,ces,10,6,34,0.010755
pop_n200_t50,pop,200,50,watts_strogatz,ces,10,6,35,0.010792
pop_n200_t50,pop,200,50,watts_strogatz,ces,10,6,36,0.010777
pop_n200_t50,pop,200,50,watts_strogatz,ces,10,6,37,0.010780
pop_n200_t50,pop,200,50,watts_strogatz,ces,10,6,38,0.010765
pop_n200_t50,pop,200,50,watts_strogatz,ces,10,6,39,0.010773
pop_n200_t50,pop,200,50,watts_strogatz,ces,10,6,40,0.010779
pop_n200_t50,pop,200,50,watts_strogatz,ces,10,6,41,0.010779
pop_n200_t50,pop,200,50,watts_strogatz,ces,10,6,42,0.010904
pop_n200_t50,pop,200,50,watts_strogatz,ces,10,6,43,0.010788
pop_n200_t50,pop,200,50,watts_strogatz,ces,10,6,44,0.010793
pop_n200_t50,pop,200,50,watts_strogatz,ces,10,6,45,0.010939
pop_n200_t50,pop,200,50,watts_strogatz,ces,10,6,46,0.010873
pop_n200_t50,pop,200,50,watts_strogatz,ces,10,6,47,0.010764
pop_n200_t50,pop,200,50,watts_strogatz,ces,10,6,48,0.010785
pop_n200_t50,pop,200,50,watts_strogatz,ces,10,6,49,0.010768
pop_n200_t50,pop,200,50,watts_strogatz,ces,10,7,0,0.010330
pop_n200_t50,pop,200,50,watts_strogatz,ces,10,7,1,0.010312
pop_n200_t50,pop,200,50,watts_strogatz,ces,10,7,2,0.010351
pop_n200_t50,pop,200,50,watts_strogatz,ces,10,7,3,0.010352
pop_n200_t50,pop,200,50,watts_strogatz,ces,10,7,4,0.010345
pop_n200_t50,pop,200,50,watts_strogatz,ces,10,7,5,0.010377
pop_n200_t50,pop,200,50,watts_strogatz,ces,10,7,6,0.010696
pop_n200_t50,pop,200,50,watts_strogatz,ces,10,7,7,0.010482
pop_n200_t50,pop,200,50,watts_strogatz,ces,10,7,8,0.010568
pop_n200_t50,pop,200,50,watts_strogatz,ces,10,7,9,0.010560
pop_n200_t50,pop,200,50,watts_strogatz,ces,10,7,10,0.010544
pop_n200_t50,pop,200,50,watts_strogatz,ces,10,7,11,0.010588
pop_n200_t50,pop,200,50,watts_strogatz,ces,10,7,12,0.010508
pop_n200_t50,pop,200,50,watts_strogatz,ces,10,7,13,0.010527
pop_n200_t50,pop,200,50,watts_strogatz,ces,10,7,14,0.010562
pop_n200_t50,pop,200,50,watts_strogatz,ces,10,7,15,0.010574
pop_n200_t50,pop,200,50,watts_strogatz,ces,10,7,16,0.010624
pop_n200_t50,pop,200,50,watts_strogatz,ces,10,7,17,0.010583
pop_n200_t50,pop,200,50,watts_strogatz,ces,10,7,18,0.010552
pop_n200_t50,pop,200,50,watts_strogatz,ces,10,7,19,0.010638
pop_n200_t50,pop,200,50,watts_strogatz,ces,10,7,20,0.010591
pop_n200_t50,pop,200,50,watts_strogatz,ces,10,7,21,0.010601
pop_n200_t50,pop,200,50,watts_strogatz,ces,10,7,22,0.010669
pop_n200_t50,pop,200,50,watts_strogatz,ces,10,7,23,0.010676
pop_n200_t50,pop,200,50,watts_strogatz,ces,10,7,24,0.010660
pop_n200_t50,pop,200,50,watts_strogatz,ces,10,7,25,0.010626
pop_n200_t50,pop,200,50,watts_strogatz,ces,10,7,26,0.010651
pop_n200_t50,pop,200,50,watts_strogatz,ces,10,7,27,0.010676
pop_n200_t50,pop,200,50,watts_strogatz,ces,10,7,28,0.010650
pop_n200_t50,pop,200,50,watts_strogatz,ces,10,7,29,0.010665
pop_n200_t50,pop,200,50,watts_strogatz,ces,10,7,30,0.010656
pop_n200_t50,pop,200,50,watts_strogatz,ces,10,7,31,0.010833
pop_n200_t50,pop,200,50,watts_strogatz,ces,10,7,32,0.010704
pop_n200_t50,pop,200,50,watts_strogatz,ces,10,7,33,0.010682
pop_n200_t50,pop,200,50,watts_strogatz,ces,10,7,34,0.010716
pop_n200_t50,pop,200,50,watts_strogatz,ces,10,7,35,0.010697
pop_n200_t50,pop,200,50,watts_strogatz,ces,10,7,36,0.010756
pop_n200_t50,pop,200,50,watts_strogatz,ces,10,7,37,0.010757
pop_n200_t50,pop,200,50,watts_strogatz,ces,10,7,38,0.010770
pop_n200_t50,pop,200,50,watts_strogatz,ces,10,7,39,0.011109
pop_n200_t50,pop,200,50,watts_strogatz,ces,10,7,40,0.010739
pop_n200_t50,pop,200,50,watts_strogatz,ces,10,7,41,0.010734
pop_n200_t50,pop,200,50,watts_strogatz,ces,10,7,42,0.010745
pop_n200_t50,pop,200,50,watts_strogatz,ces,10,7,43,0.010811
pop_n200_t50,pop,200,50,watts_strogatz,ces,10,7,44,0.010794
pop_n200_t50,pop,200,50,watts_strogatz,ces,10,7,45,0.010798
pop_n200_t50,pop,200,50,watts_strogatz,ces,10,7,46,0.010765
pop_n200_t50,pop,200,50,watts_strogatz,ces,10,7,47,0.010883
pop_n200_t50,pop,200,50,watts_strogatz,ces,10,7,48,0.010909
pop_n200_t50,pop,200,50,watts_strogatz,ces,10,7,49,0.010767
pop_n200_t50,pop,200,50,watts_strogatz,ces,10,8,0,0.010266
pop_n200_t50,pop,200,50,watts_strogatz,ces,10,8,1,0.010338
pop_n200_t50,pop,200,50,watts_strogatz,ces,10,8,2,0.010301
pop_n200_t50,pop,200,50,watts_strogatz,ces,10,8,3,0.010321
pop_n200_t50,pop,200,50,watts_strogatz,ces,10,8,4,0.010403
pop_n200_t50,pop,200,50,watts_strogatz,ces,10,8,5,0.010481
pop_n200_t50,pop,200,50,watts_strogatz,ces,10,8,6,0.010584
pop_n200_t50,pop,200,50,watts_strogatz,ces,10,8,7,0.010465
pop_n200_t50,pop,200,50,watts_strogatz,ces,10,8,8,0.010479
pop_n200_t50,pop,200,50,watts_strogatz,ces,10,8,9,0.010474
pop_n200_t50,pop,200,50,watts_strogatz,ces,10,8,10,0.010481
pop_n200_t50,pop,200,50,watts_strogatz,ces,10,8,11,0.010653
pop_n200_t50,pop,200,50,watts_strogatz,ces,10,8,12,0.010601
pop_n200_t50,pop,200,50,watts_strogatz,ces,10,8,13,0.010543
pop_n200_t50,pop,200,50,watts_strogatz,ces,10,8,14,0.010649
pop_n200_t50,pop,200,50,watts_strogatz,ces,10,8,15,0.010657
pop_n200_t50,pop,200,50,watts_strogatz,ces,10,8,16,0.010587
pop_n200_t50,pop,200,50,watts_strogatz,ces,10,8,17,0.010584
pop_n200_t50,pop,200,50,watts_strogatz,ces,10,8,18,0.010595
pop_n200_t50,pop,200,50,watts_strogatz,ces,10,8,19,0.010593
pop_n200_t50,pop,200,50,watts_strogatz,ces,10,8,20,0.010654
pop_n200_t50,pop,200,50,watts_strogatz,ces,10,8,21,0.010628
pop_n200_t50,pop,200,50,watts_strogatz,ces,10,8,22,0.010662
pop_n200_t50,pop,200,50,watts_strogatz,ces,10,8,23,0.010666
pop_n200_t50,pop,200,50,watts_strogatz,ces,10,8,24,0.010688
pop_n200_t50,pop,200,50,watts_strogatz,ces,10,8,25,0.010698
pop_n200_t50,pop,200,50,watts_strogatz,ces,10,8,26,0.010645
pop_n200_t50,pop,200,50,watts_strogatz,ces,10,8,27,0.010694
pop_n200_t50,pop,200,50,watts_strogatz,ces,10,8,28,0.010719
pop_n200_t50,pop,200,50,watts_strogatz,ces,10,8,29,0.010702
pop_n200_t50,pop,200,50,watts_strogatz,ces,10,8,30,0.010666
pop_n200_t50,pop,200,50,watts_strogatz,ces,10,8,31,0.010803
pop_n200_t50,pop,200,50,watts_strogatz,ces,10,8,32,0.010855
pop_n200_t50,pop,200,50,watts_strogatz,ces,10,8,33,0.010681
pop_n200_t50,pop,200,50,watts_strogatz,ces,10,8,34,0.010703
pop_n200_t50,pop,200,50,watts_strogatz,ces,10,8,35,0.010699
pop_n200_t50,pop,200,50,watts_strogatz,ces,10,8,36,0.010700
pop_n200_t50,pop,200,50,watts_strogatz,ces,10,8,37,0.010707
pop_n200_t50,pop,200,50,watts_strogatz,ces,10,8,38,0.010745
pop_n200_t50,pop,200,50,watts_strogatz,ces,10,8,39,0.010709
pop_n200_t50,pop,200,50,watts_strogatz,ces,10,8,40,0.010745
pop_n200_t50,pop,200,50,watts_strogatz,ces,10,8,41,0.010725
pop_n200_t50,pop,200,50,watts_strogatz,ces,10,8,42,0.010773
pop_n200_t50,pop,200,50,watts_strogatz,ces,10,8,43,0.010777
pop_n200_t50,pop,200,50,watts_strogatz,ces,10,8,44,0.010776
pop_n200_t50,pop,200,50,watts_strogatz,ces,10,8,45,0.010748
pop_n200_t50,pop,200,50,watts_strogatz,ces,10,8,46,0.010770
pop_n200_t50,pop,200,50,watts_strogatz,ces,10,8,47,0.010767
pop_n200_t50,pop,200,50,watts_strogatz,ces,10,8,48,0.010767
pop_n200_t50,pop,200,50,watts_strogatz,ces,10,8,49,0.010693
pop_n400_t1,pop,400,1,watts_strogatz,ces,10,1,0,0.020181
pop_n400_t1,pop,400,1,watts_strogatz,ces,10,2,0,0.020325
pop_n400_t1,pop,400,1,watts_strogatz,ces,10,3,0,0.020216
pop_n400_t1,pop,400,1,watts_strogatz,ces,10,4,0,0.020204
pop_n400_t1,pop,400,1,watts_strogatz,ces,10,5,0,0.020255
pop_n400_t1,pop,400,1,watts_strogatz,ces,10,6,0,0.020293
pop_n400_t1,pop,400,1,watts_strogatz,ces,10,7,0,0.020226
pop_n400_t1,pop,400,1,watts_strogatz,ces,10,8,0,0.020204
pop_n400_t5,pop,400,5,watts_strogatz,ces,10,1,0,0.021165
pop_n400_t5,pop,400,5,watts_strogatz,ces,10,1,1,0.021015
pop_n400_t5,pop,400,5,watts_strogatz,ces,10,1,2,0.020947
pop_n400_t5,pop,400,5,watts_strogatz,ces,10,1,3,0.020982
pop_n400_t5,pop,400,5,watts_strogatz,ces,10,1,4,0.021288
pop_n400_t5,pop,400,5,watts_strogatz,ces,10,2,0,0.020984
pop_n400_t5,pop,400,5,watts_strogatz,ces,10,2,1,0.021007
pop_n400_t5,pop,400,5,watts_strogatz,ces,10,2,2,0.021117
pop_n400_t5,pop,400,5,watts_strogatz,ces,10,2,3,0.021045
pop_n400_t5,pop,400,5,watts_strogatz,ces,10,2,4,0.021368
pop_n400_t5,pop,400,5,watts_strogatz,ces,10,3,0,0.021128
pop_n400_t5,pop,400,5,watts_strogatz,ces,10,3,1,0.021073
pop_n400_t5,pop,400,5,watts_strogatz,ces,10,3,2,0.021146
pop_n400_t5,pop,400,5,watts_strogatz,ces,10,3,3,0.021020
pop_n400_t5,pop,400,5,watts_strogatz,ces,10,3,4,0.020983
pop_n400_t5,pop,400,5,watts_strogatz,ces,10,4,0,0.020219
pop_n400_t5,pop,400,5,watts_strogatz,ces,10,4,1,0.020211
pop_n400_t5,pop,400,5,watts_strogatz,ces,10,4,2,0.021006
pop_n400_t5,pop,400,5,watts_strogatz,ces,10,4,3,0.020011
pop_n400_t5,pop,400,5,watts_strogatz,ces,10,4,4,0.020111
pop_n400_t5,pop,400,5,watts_strogatz,ces,10,5,0,0.020762
pop_n400_t5,pop,400,5,watts_strogatz,ces,10,5,1,0.020092
pop_n400_t5,pop,400,5,watts_strogatz,ces,10,5,2,0.020870
pop_n400_t5,pop,400,5,watts_strogatz,ces,10,5,3,0.020074
pop_n400_t5,pop,400,5,watts_strogatz,ces,10,5,4,0.020667
pop_n400_t5,pop,400,5,watts_strogatz,ces,10,6,0,0.020094
pop_n400_t5,pop,400,5,watts_strogatz,ces,10,6,1,0.020432
pop_n400_t5,pop,400,5,watts_strogatz,ces,10,6,2,0.020192
pop_n400_t5,pop,400,5,watts_strogatz,ces,10,6,3,0.020246
pop_n400_t5,pop,400,5,watts_strogatz,ces,10,6,4,0.020332
pop_n400_t5,pop,400,5,watts_strogatz,ces,10,7,0,0.020200
pop_n400_t5,pop,400,5,watts_strogatz,ces,10,7,1,0.020146
pop_n400_t5,pop,400,5,watts_strogatz,ces,10,7,2,0.020159
pop_n400_t5,pop,400,5,watts_strogatz,ces,10,7,3,0.020164
pop_n400_t5,pop,400,5,watts_strogatz,ces,10,7,4,0.020317
pop_n400_t5,pop,400,5,watts_strogatz,ces,10,8,0,0.020074
pop_n400_t5,pop,400,5,watts_strogatz,ces,10,8,1,0.020025
pop_n400_t5,pop,400,5,watts_strogatz,ces,10,8,2,0.020052
pop_n400_t5,pop,400,5,watts_strogatz,ces,10,8,3,0.020115
pop_n400_t5,pop,400,5,watts_strogatz,ces,10,8,4,0.020213
pop_n400_t20,pop,400,20,watts_strogatz,ces,10,1,0,0.020095
pop_n400_t20,pop,400,20,watts_strogatz,ces,10,1,1,0.020076
pop_n400_t20,pop,400,20,watts_strogatz,ces,10,1,2,0.020065
pop_n400_t20,pop,400,20,watts_strogatz,ces,10,1,3,0.020081
pop_n400_t20,pop,400,20,watts_strogatz,ces,10,1,4,0.020186
pop_n400_t20,pop,400,20,watts_strogatz,ces,10,1,5,0.020236
pop_n400_t20,pop,400,20,watts_strogatz,ces,10,1,6,0.020265
pop_n400_t20,pop,400,20,watts_strogatz,ces,10,1,7,0.020364
pop_n400_t20,pop,400,20,watts_strogatz,ces,10,1,8,0.020387
pop_n400_t20,pop,400,20,watts_strogatz,ces,10,1,9,0.020442
pop_n400_t20,pop,400,20,watts_strogatz,ces,10,1,10,0.020426
pop_n400_t20,pop,400,20,watts_strogatz,ces,10,1,11,0.020483
pop_n400_t20,pop,400,20,watts_strogatz,ces,10,1,12,0.020582
pop_n400_t20,pop,400,20,watts_strogatz,ces,10,1,13,0.020578
pop_n400_t20,pop,400,20,watts_strogatz,ces,10,1,14,0.020587
pop_n400_t20,pop,400,20,watts_strogatz,ces,10,1,15,0.020629
pop_n400_t20,pop,400,20,watts_strogatz,ces,10,1,16,0.020617
pop_n400_t20,pop,400,20,watts_strogatz,ces,10,1,17,0.020647
pop_n400_t20,pop,400,20,watts_strogatz,ces,10,1,18,0.020673
pop_n400_t20,pop,400,20,watts_strogatz,ces,10,1,19,0.020684
pop_n400_t20,pop,400,20,watts_strogatz,ces,10,2,0,0.020081
pop_n400_t20,pop,400,20,watts_strogatz,ces,10,2,1,0.020044
pop_n400_t20,pop,400,20,watts_strogatz,ces,10,2,2,0.020062
pop_n400_t20,pop,400,20,watts_strogatz,ces,10,2,3,0.020061
pop_n400_t20,pop,400,20,watts_strogatz,ces,10,2,4,0.020156
pop_n400_t20,pop,400,20,watts_strogatz,ces,10,2,5,0.020208
pop_n400_t20,pop,400,20,watts_strogatz,ces,10,2,6,0.020292
pop_n400_t20,pop,400,20,watts_strogatz,ces,10,2,7,0.020341
pop_n400_t20,pop,400,20,watts_strogatz,ces,10,2,8,0.020371
pop_n400_t20,pop,400,20,watts_strogatz,ces,10,2,9,0.020404
pop_n400_t20,pop,400,20,watts_strogatz,ces,10,2,10,0.020513
pop_n400_t20,pop,400,20,watts_strogatz,ces,10,2,11,0.020508
pop_n400_t20,pop,400,20,watts_strogatz,ces,10,2,12,0.020511
pop_n400_t20,pop,400,20,watts_strogatz,ces,10,2,13,0.020555
pop_n400_t20,pop,400,20,watts_strogatz,ces,10,2,14,0.020545
pop_n400_t20,pop,400,20,watts_strogatz,ces,10,2,15,0.020622
pop_n400_t20,pop,400,20,watts_strogatz,ces,10,2,16,0.020615
pop_n400_t20,pop,400,20,watts_strogatz,ces,10,2,17,0.021098
pop_n400_t20,pop,400,20,watts_strogatz,ces,10,2,18,0.020666
pop_n400_t20,pop,400,20,watts_strogatz,ces,10,2,19,0.020727
pop_n400_t20,pop,400,20,watts_strogatz,ces,10,3,0,0.020151
pop_n400_t20,pop,400,20,watts_strogatz,ces,10,3,1,0.020093
pop_n400_t20,pop,400,20,watts_strogatz,ces,10,3,2,0.020089
pop_n400_t20,pop,400,20,watts_strogatz,ces,10,3,3,0.020134
pop_n400_t20,pop,400,20,watts_strogatz,ces,10,3,4,0.020213
pop_n400_t20,pop,400,20,watts_strogatz,ces,10,3,5,0.020265
pop_n400_t20,pop,400,20,watts_strogatz,ces,10,3,6,0.020315
pop_n400_t20,pop,400,20,watts_strogatz,ces,10,3,7,0.020383
pop_n400_t20,pop,400,20,watts_strogatz,ces,10,3,8,0.020394
pop_n400_t20,pop,400,20,watts_strogatz,ces,10,3,9,0.020447
pop_n400_t20,pop,400,20,watts_strogatz,ces,10,3,10,0.020459
pop_n400_t20,pop,400,20,watts_strogatz,ces,10,3,11,0.020507
pop_n400_t20,pop,400,20,watts_strogatz,ces,10,3,12,0.020486
pop_n400_t20,pop,400,20,watts_strogatz,ces,10,3,13,0.020809
pop_n400_t20,pop,400,20,watts_strogatz,ces,10,3,14,0.020550
pop_n400_t20,pop,400,20,watts_strogatz,ces,10,3,15,0.020619
pop_n400_t20,pop,400,20,watts_strogatz,ces,10,3,16,0.020630
pop_n400_t20,pop,400,20,watts_strogatz,ces,10,3,17,0.020602
pop_n400_t20,pop,400,20,watts_strogatz,ces,10,3,18,0.020677
pop_n400_t20,pop,400,20,watts_strogatz,ces,10,3,19,0.020677
pop_n400_t20,pop,400,20,watts_strogatz,ces,10,4,0,0.020079
pop_n400_t20,pop,400,20,watts_strogatz,ces,10,4,1,0.020095
pop_n400_t20,pop,400,20,watts_strogatz,ces,10,4,2,0.020071
pop_n400_t20,pop,400,20,watts_strogatz,ces,10,4,3,0.020097
pop_n400_t20,pop,400,20,watts_strogatz,ces,10,4,4,0.020166
pop_n400_t20,pop,400,20,watts_strogatz,ces,10,4,5,0.020237
pop_n400_t20,pop,400,20,watts_strogatz,ces,10,4,6,0.020293
pop_n400_t20,pop,400,20,watts_strogatz,ces,10,4,7,0.020317
pop_n400_t20,pop,400,20,watts_strogatz,ces,10,4,8,0.020379
pop_n400_t20,pop,400,20,watts_strogatz,ces,10,4,9,0.020405
pop_n400_t20,pop,400,20,watts_strogatz,ces,10,4,10,0.020422
pop_n400_t20,pop,400,20,watts_strogatz,ces,10,4,11,0.020492
pop_n400_t20,pop,400,20,watts_strogatz,ces,10,4,12,0.020519
pop_n400_t20,pop,400,20,watts_strogatz,ces,10,4,13,0.020582
pop_n400_t20,pop,400,20,watts_strogatz,ces,10,4,14,0.020607
pop_n400_t20,pop,400,20,watts_strogatz,ces,10,4,15,0.020653
pop_n400_t20,pop,400,20,watts_strogatz,ces,10,4,16,0.021082
pop_n400_t20,pop,400,20,watts_strogatz,ces,10,4,17,0.021380
pop_n400_t20,pop,400,20,watts_strogatz,ces,10,4,18,0.020632
pop_n400_t20,pop,400,20,watts_strogatz,ces,10,4,19,0.020743
pop_n400_t20,pop,400,20,watts_strogatz,ces,10,5,0,0.020085
pop_n400_t20,pop,400,20,watts_strogatz,ces,10,5,1,0.020058
pop_n400_t20,pop,400,20,watts_strogatz,ces,10,5,2,0.020091
pop_n400_t20,pop,400,20,watts_strogatz,ces,10,5,3,0.020055
pop_n400_t20,pop,400,20,watts_strogatz,ces,10,5,4,0.020188
pop_n400_t20,pop,400,20,watts_strogatz,ces,10,5,5,0.020161
pop_n400_t20,pop,400,20,watts_strogatz,ces,10,5,6,0.020258
pop_n400_t20,pop,400,20,watts_strogatz,ces,10,5,7,0.020334
pop_n400_t20,pop,400,20,watts_strogatz,ces,10,5,8,0.020393
pop_n400_t20,pop,400,20,watts_strogatz,ces,10,5,9,0.020432
pop_n400_t20,pop,400,20,watts_strogatz,ces,10,5,10,0.020481
pop_n400_t20,pop,400,20,watts_strogatz,ces,10,5,11,0.020481
pop_n400_t20,pop,400,20,watts_strogatz,ces,10,5,12,0.020505
pop_n400_t20,pop,400,20,watts_strogatz,ces,10,5,13,0.020574
pop_n400_t20,pop,400,20,watts_strogatz,ces,10,5,14,0.020590
pop_n400_t20,pop,400,20,watts_strogatz,ces,10,5,15,0.020635
pop_n400_t20,pop,400,20,watts_strogatz,ces,10,5,16,0.020666
pop_n400_t20,pop,400,20,watts_strogatz,ces,10,5,17,0.020694
pop_n400_t20,pop,400,20,watts_strogatz,ces,10,5,18,0.020717
pop_n400_t20,pop,400,20,watts_strogatz,ces,10,5,19,0.020727
pop_n400_t20,pop,400,20,watts_strogatz,ces,10,6,0,0.020138
pop_n400_t20,pop,400,20,watts_strogatz,ces,10,6,1,0.020079
pop_n400_t20,pop,400,20,watts_strogatz,ces,10,6,2,0.020085
pop_n400_t20,pop,400,20,watts_strogatz,ces,10,6,3,0.020100
pop_n400_t20,pop,400,20,watts_strogatz,ces,10,6,4,0.020155
pop_n400_t20,pop,400,20,watts_strogatz,ces,10,6,5,0.020274
pop_n400_t20,pop,400,20,watts_strogatz,ces,10,6,6,0.020302
pop_n400_t20,pop,400,20,watts_strogatz,ces,10,6,7,0.020316
pop_n400_t20,pop,400,20,watts_strogatz,ces,10,6,8,0.020411
pop_n400_t20,pop,400,20,watts_strogatz,ces,10,6,9,0.020496
pop_n400_t20,pop,400,20,watts_strogatz,ces,10,6,10,0.020592
pop_n400_t20,pop,400,20,watts_strogatz,ces,10,6,11,0.020492
pop_n400_t20,pop,400,20,watts_strogatz,ces,10,6,12,0.020487
pop_n400_t20,pop,400,20,watts_strogatz,ces,10,6,13,0.020520
pop_n400_t20,pop,400,20,watts_strogatz,ces,10,6,14,0.020555
pop_n400_t20,pop,400,20,watts_strogatz,ces,10,6,15,0.020567
pop_n400_t20,pop,400,20,watts_strogatz,ces,10,6,16,0.020630
pop_n400_t20,pop,400,20,watts_strogatz,ces,10,6,17,0.020637
pop_n400_t20,pop,400,20,watts_strogatz,ces,10,6,18,0.020663
pop_n400_t20,pop,400,20,watts_strogatz,ces,10,6,19,0.020689
pop_n400_t20,pop,400,20,watts_strogatz,ces,10,7,0,0.020060
pop_n400_t20,pop,400,20,watts_strogatz,ces,10,7,1,0.020030
pop_n400_t20,pop,400,20,watts_strogatz,ces,10,7,2,0.020086
pop_n400_t20,pop,400,20,watts_strogatz,ces,10,7,3,0.020103
pop_n400_t20,pop,400,20,watts_strogatz,ces,10,7,4,0.020162
pop_n400_t20,pop,400,20,watts_strogatz,ces,10,7,5,0.021291
pop_n400_t20,pop,400,20,watts_strogatz,ces,10,7,6,0.020547
pop_n400_t20,pop,400,20,watts_strogatz,ces,10,7,7,0.020376
pop_n400_t20,pop,400,20,watts_strogatz,ces,10,7,8,0.020416
pop_n400_t20,pop,400,20,watts_strogatz,ces,10,7,9,0.020443
pop_n400_t20,pop,400,20,watts_strogatz,ces,10,7,10,0.020442
pop_n400_t20,pop,400,20,watts_strogatz,ces,10,7,11,0.020505
pop_n400_t20,pop,400,20,watts_strogatz,ces,10,7,12,0.020479
pop_n400_t20,pop,400,20,watts_strogatz,ces,10,7,13,0.020531
pop_n400_t20,pop,400,20,watts_strogatz,ces,10,7,14,0.020533
pop_n400_t20,pop,400,20,watts_strogatz,ces,10,7,15,0.020613
pop_n400_t20,pop,400,20,watts_strogatz,ces,10,7,16,0.020635
pop_n400_t20,pop,400,20,watts_strogatz,ces,10,7,17,0.021027
pop_n400_t20,pop,400,20,watts_strogatz,ces,10,7,18,0.021002
pop_n400_t20,pop,400,20,watts_strogatz,ces,10,7,19,0.020797
pop_n400_t20,pop,400,20,watts_strogatz,ces,10,8,0,0.020125
pop_n400_t20,pop,400,20,watts_strogatz,ces,10,8,1,0.020082
pop_n400_t20,pop,400,20,watts_strogatz,ces,10,8,2,0.020134
pop_n400_t20,pop,400,20,watts_strogatz,ces,10,8,3,0.020142
pop_n400_t20,pop,400,20,watts_strogatz,ces,10,8,4,0.020215
pop_n400_t20,pop,400,20,watts_strogatz,ces,10,8,5,0.020257
pop_n400_t20,pop,400,20,watts_strogatz,ces,10,8,6,0.020341
pop_n400_t20,pop,400,20,watts_strogatz,ces,10,8,7,0.020333
pop_n400_t20,pop,400,20,watts_strogatz,ces,10,8,8,0.020446
pop_n400_t20,pop,400,20,watts_strogatz,ces,10,8,9,0.020416
pop_n400_t20,pop,400,20,watts_strogatz,ces,10,8,10,0.020479
pop_n400_t20,pop,400,20,watts_strogatz,ces,10,8,11,0.020875
pop_n400_t20,pop,400,20,watts_strogatz,ces,10,8,12,0.020556
pop_n400_t20,pop,400,20,watts_strogatz,ces,10,8,13,0.020541
pop_n400_t20,pop,400,20,watts_strogatz,ces,10,8,14,0.020611
pop_n400_t20,pop,400,20,watts_strogatz,ces,10,8,15,0.020786
pop_n400_t20,pop,400,20,watts_strogatz,ces,10,8,16,0.021432
pop_n400_t20,pop,400,20,watts_strogatz,ces,10,8,17,0.020688
pop_n400_t20,pop,400,20,watts_strogatz,ces,10,8,18,0.020745
pop_n400_t20,pop,400,20,watts_strogatz,ces,10,8,19,0.020745
pop_n400_t50,pop,400,50,watts_strogatz,ces,10,1,0,0.020059
pop_n400_t50,pop,400,50,watts_strogatz,ces,10,1,1,0.020023
pop_n400_t50,pop,400,50,watts_strogatz,ces,10,1,2,0.020060
pop_n400_t50,pop,400,50,watts_strogatz,ces,10,1,3,0.020042
pop_n400_t50,pop,400,50,watts_strogatz,ces,10,1,4,0.020158
pop_n400_t50,pop,400,50,watts_strogatz,ces,10,1,5,0.020191
pop_n400_t50,pop,400,50,watts_strogatz,ces,10,1,6,0.020305
pop_n400_t50,pop,400,50,watts_strogatz,ces,10,1,7,0.020339
pop_n400_t50,pop,400,50,watts_strogatz,ces,10,1,8,0.020414
pop_n400_t50,pop,400,50,watts_strogatz,ces,10,1,9,0.020440
pop_n400_t50,pop,400,50,watts_strogatz,ces,10,1,10,0.020492
pop_n400_t50,pop,400,50,watts_strogatz,ces,10,1,11,0.020753
pop_n400_t50,pop,400,50,watts_strogatz,ces,10,1,12,0.020494
pop_n400_t50,pop,400,50,watts_strogatz,ces,10,1,13,0.020619
pop_n400_t50,pop,400,50,watts_strogatz,ces,10,1,14,0.020688
pop_n400_t50,pop,400,50,watts_strogatz,ces,10,1,15,0.020656
pop_n400_t50,pop,400,50,watts_strogatz,ces,10,1,16,0.020711
pop_n400_t50,pop,400,50,watts_strogatz,ces,10,1,17,0.020662
pop_n400_t50,pop,400,50,watts_strogatz,ces,10,1,18,0.020674
pop_n400_t50,pop,400,50,watts_strogatz,ces,10,1,19,0.020757
pop_n400_t50,pop,400,50,watts_strogatz,ces,10,1,20,0.020737
pop_n400_t50,pop,400,50,watts_strogatz,ces,10,1,21,0.020765
pop_n400_t50,pop,400,50,watts_strogatz,ces,10,1,22,0.020717
pop_n400_t50,pop,400,50,watts_strogatz,ces,10,1,23,0.020738
pop_n400_t50,pop,400,50,watts_strogatz,ces,10,1,24,0.020776
pop_n400_t50,pop,400,50,watts_strogatz,ces,10,1,25,0.020754
pop_n400_t50,pop,400,50,watts_strogatz,ces,10,1,26,0.020765
pop_n400_t50,pop,400,50,watts_strogatz,ces,10,1,27,0.020844
pop_n400_t50,pop,400,50,watts_strogatz,ces,10,1,28,0.020842
pop_n400_t50,pop,400,50,watts_strogatz,ces,10,1,29,0.020946
pop_n400_t50,pop,400,50,watts_strogatz,ces,10,1,30,0.020882
pop_n400_t50,pop,400,50,watts_strogatz,ces,10,1,31,0.020882
pop_n400_t50,pop,400,50,watts_strogatz,ces,10,1,32,0.020921
pop_n400_t50,pop,400,50,watts_strogatz,ces,10,1,33,0.020951
pop_n400_t50,pop,400,50,watts_strogatz,ces,10,1,34,0.020940
pop_n400_t50,pop,400,50,watts_strogatz,ces,10,1,35,0.020892
pop_n400_t50,pop,400,50,watts_strogatz,ces,10,1,36,0.020923
pop_n400_t50,pop,400,50,watts_strogatz,ces,10,1,37,0.020929
pop_n400_t50,pop,400,50,watts_strogatz,ces,10,1,38,0.020951
pop_n400_t50,pop,400,50,watts_strogatz,ces,10,1,39,0.020988
pop_n400_t50,pop,400,50,watts_strogatz,ces,10,1,40,0.021014
pop_n400_t50,pop,400,50,watts_strogatz,ces,10,1,41,0.021047
pop_n400_t50,pop,400,50,watts_strogatz,ces,10,1,42,0.021008
pop_n400_t50,pop,400,50,watts_strogatz,ces,10,1,43,0.021013
pop_n400_t50,pop,400,50,watts_strogatz,ces,10,1,44,0.021071
pop_n400_t50,pop,400,50,watts_strogatz,ces,10,1,45,0.021144
pop_n400_t50,pop,400,50,watts_strogatz,ces,10,1,46,0.021113
pop_n400_t50,pop,400,50,watts_strogatz,ces,10,1,47,0.021155
pop_n400_t50,pop,400,50,watts_strogatz,ces,10,1,48,0.021120
pop_n400_t50,pop,400,50,watts_strogatz,ces,10,1,49,0.021172
pop_n400_t50,pop,400,50,watts_strogatz,ces,10,2,0,0.020134
pop_n400_t50,pop,400,50,watts_strogatz,ces,10,2,1,0.020026
pop_n400_t50,pop,400,50,watts_strogatz,ces,10,2,2,0.020075
pop_n400_t50,pop,400,50,watts_strogatz,ces,10,2,3,0.020114
pop_n400_t50,pop,400,50,watts_strogatz,ces,10,2,4,0.020161
pop_n400_t50,pop,400,50,watts_strogatz,ces,10,2,5,0.020168
pop_n400_t50,pop,400,50,watts_strogatz,ces,10,2,6,0.020259
pop_n400_t50,pop,400,50,watts_strogatz,ces,10,2,7,0.020269
pop_n400_t50,pop,400,50,watts_strogatz,ces,10,2,8,0.021175
pop_n400_t50,pop,400,50,watts_strogatz,ces,10,2,9,0.020526
pop_n400_t50,pop,400,50,watts_strogatz,ces,10,2,10,0.020496
pop_n400_t50,pop,400,50,watts_strogatz,ces,10,2,11,0.020459
pop_n400_t50,pop,400,50,watts_strogatz,ces,10,2,12,0.020501
pop_n400_t50,pop,400,50,watts_strogatz,ces,10,2,13,0.020533
pop_n400_t50,pop,400,50,watts_strogatz,ces,10,2,14,0.020559
pop_n400_t50,pop,400,50,watts_strogatz,ces,10,2,15,0.020602
pop_n400_t50,pop,400,50,watts_strogatz,ces,10,2,16,0.020579
pop_n400_t50,pop,400,50,watts_strogatz,ces,10,2,17,0.020618
pop_n400_t50,pop,400,50,watts_strogatz,ces,10,2,18,0.020650
pop_n400_t50,pop,400,50,watts_strogatz,ces,10,2,19,0.020654
pop_n400_t50,pop,400,50,watts_strogatz,ces,10,2,20,0.020680
pop_n400_t50,pop,400,50,watts_strogatz,ces,10,2,21,0.020666
pop_n400_t50,pop,400,50,watts_strogatz,ces,10,2,22,0.020732
pop_n400_t50,pop,400,50,watts_strogatz,ces,10,2,23,0.020765
pop_n400_t50,pop,400,50,watts_strogatz,ces,10,2,24,0.020800
pop_n400_t50,pop,400,50,watts_strogatz,ces,10,2,25,0.020812
pop_n400_t50,pop,400,50,watts_strogatz,ces,10,2,26,0.020861
pop_n400_t50,pop,400,50,watts_strogatz,ces,10,2,27,0.020885
pop_n400_t50,pop,400,50,watts_strogatz,ces,10,2,28,0.020855
pop_n400_t50,pop,400,50,watts_strogatz,ces,10,2,29,0.020856
pop_n400_t50,pop,400,50,watts_strogatz,ces,10,2,30,0.020864
pop_n400_t50,pop,400,50,watts_strogatz,ces,10,2,31,0.020894
pop_n400_t50,pop,400,50,watts_strogatz,ces,10,2,32,0.020888
pop_n400_t50,pop,400,50,watts_strogatz,ces,10,2,33,0.020920
pop_n400_t50,pop,400,50,watts_strogatz,ces,10,2,34,0.020920
pop_n400_t50,pop,400,50,watts_strogatz,ces,10,2,35,0.020983
pop_n400_t50,pop,400,50,watts_strogatz,ces,10,2,36,0.020979
pop_n400_t50,pop,400,50,watts_strogatz,ces,10,2,37,0.021002
pop_n400_t50,pop,400,50,watts_strogatz,ces,10,2,38,0.021013
pop_n400_t50,pop,400,50,watts_strogatz,ces,10,2,39,0.021044
pop_n400_t50,pop,400,50,watts_strogatz,ces,10,2,40,0.021053
pop_n400_t50,pop,400,50,watts_strogatz,ces,10,2,41,0.021072
pop_n400_t50,pop,400,50,watts_strogatz,ces,10,2,42,0.021133
pop_n400_t50,pop,400,50,watts_strogatz,ces,10,2,43,0.021143
pop_n400_t50,pop,400,50,watts_strogatz,ces,10,2,44,0.021121
pop_n400_t50,pop,400,50,watts_strogatz,ces,10,2,45,0.021111
pop_n400_t50,pop,400,50,watts_strogatz,ces,10,2,46,0.021130
pop_n400_t50,pop,400,50,watts_strogatz,ces,10,2,47,0.021156
pop_n400_t50,pop,400,50,watts_strogatz,ces,10,2,48,0.021225
pop_n400_t50,pop,400,50,watts_strogatz,ces,10,2,49,0.021263
pop_n400_t50,pop,400,50,watts_strogatz,ces,10,3,0,0.020081
pop_n400_t50,pop,400,50,watts_strogatz,ces,10,3,1,0.020090
pop_n400_t50,pop,400,50,watts_strogatz,ces,10,3,2,0.020039
pop_n400_t50,pop,400,50,watts_strogatz,ces,10,3,3,0.020212
pop_n400_t50,pop,400,50,watts_strogatz,ces,10,3,4,0.020202
pop_n400_t50,pop,400,50,watts_strogatz,ces,10,3,5,0.020266
pop_n400_t50,pop,400,50,watts_strogatz,ces,10,3,6,0.020312
pop_n400_t50,pop,400,50,watts_strogatz,ces,10,3,7,0.020312
pop_n400_t50,pop,400,50,watts_strogatz,ces,10,3,8,0.020501
pop_n400_t50,pop,400,50,watts_strogatz,ces,10,3,9,0.020440
pop_n400_t50,pop,400,50,watts_strogatz,ces,10,3,10,0.020728
pop_n400_t50,pop,400,50,watts_strogatz,ces,10,3,11,0.020659
pop_n400_t50,pop,400,50,watts_strogatz,ces,10,3,12,0.020608
pop_n400_t50,pop,400,50,watts_strogatz,ces,10,3,13,0.020587
pop_n400_t50,pop,400,50,watts_strogatz,ces,10,3,14,0.020567
pop_n400_t50,pop,400,50,watts_strogatz,ces,10,3,15,0.020752
pop_n400_t50,pop,400,50,watts_strogatz,ces,10,3,16,0.020655
pop_n400_t50,pop,400,50,watts_strogatz,ces,10,3,17,0.020675
pop_n400_t50,pop,400,50,watts_strogatz,ces,10,3,18,0.020650
pop_n400_t50,pop,400,50,watts_strogatz,ces,10,3,19,0.020672
pop_n400_t50,pop,400,50,watts_strogatz,ces,10,3,20,0.020804
pop_n400_t50,pop,400,50,watts_strogatz,ces,10,3,21,0.020718
pop_n400_t50,pop,400,50,watts_strogatz,ces,10,3,22,0.020728
pop_n400_t50,pop,400,50,watts_strogatz,ces,10,3,23,0.020747
pop_n400_t50,pop,400,50,watts_strogatz,ces,10,3,24,0.020818
pop_n400_t50,pop,400,50,watts_strogatz,ces,10,3,25,0.020999
pop_n400_t50,pop,400,50,watts_strogatz,ces,10,3,26,0.020885
pop_n400_t50,pop,400,50,watts_strogatz,ces,10,3,27,0.020863
pop_n400_t50,pop,400,50,watts_strogatz,ces,10,3,28,0.020835
pop_n400_t50,pop,400,50,watts_strogatz,ces,10,3,29,0.020775
pop_n400_t50,pop,400,50,watts_strogatz,ces,10,3,30,0.020963
pop_n400_t50,pop,400,50,watts_strogatz,ces,10,3,31,0.021291
pop_n400_t50,pop,400,50,watts_strogatz,ces,10,3,32,0.021143
pop_n400_t50,pop,400,50,watts_strogatz,ces,10,3,33,0.021017
pop_n400_t50,pop,400,50,watts_strogatz,ces,10,3,34,0.021048
pop_n400_t50,pop,400,50,watts_strogatz,ces,10,3,35,0.021007
pop_n400_t50,pop,400,50,watts_strogatz,ces,10,3,36,0.021007
pop_n400_t50,pop,400,50,watts_strogatz,ces,10,3,37,0.020972
pop_n400_t50,pop,400,50,watts_strogatz,ces,10,3,38,0.020974
pop_n400_t50,pop,400,50,watts_strogatz,ces,10,3,39,0.021011
pop_n400_t50,pop,400,50,watts_strogatz,ces,10,3,40,0.021089
pop_n400_t50,pop,400,50,watts_strogatz,ces,10,3,41,0.021034
pop_n400_t50,pop,400,50,watts_strogatz,ces,10,3,42,0.021083
pop_n400_t50,pop,400,50,watts_strogatz,ces,10,3,43,0.021060
pop_n400_t50,pop,400,50,watts_strogatz,ces,10,3,44,0.021123
pop_n400_t50,pop,400,50,watts_strogatz,ces,10,3,45,0.021051
pop_n400_t50,pop,400,50,watts_strogatz,ces,10,3,46,0.021190
pop_n400_t50,pop,400,50,watts_strogatz,ces,10,3,47,0.021133
pop_n400_t50,pop,400,50,watts_strogatz,ces,10,3,48,0.021125
pop_n400_t50,pop,400,50,watts_strogatz,ces,10,3,49,0.021165
pop_n400_t50,pop,400,50,watts_strogatz,ces,10,4,0,0.020063
pop_n400_t50,pop,400,50,watts_strogatz,ces,10,4,1,0.020044
pop_n400_t50,pop,400,50,watts_strogatz,ces,10,4,2,0.020068
pop_n400_t50,pop,400,50,watts_strogatz,ces,10,4,3,0.020099
pop_n400_t50,pop,400,50,watts_strogatz,ces,10,4,4,0.020162
pop_n400_t50,pop,400,50,watts_strogatz,ces,10,4,5,0.020271
pop_n400_t50,pop,400,50,watts_strogatz,ces,10,4,6,0.020305
pop_n400_t50,pop,400,50,watts_strogatz,ces,10,4,7,0.020348
pop_n400_t50,pop,400,50,watts_strogatz,ces,10,4,8,0.020384
pop_n400_t50,pop,400,50,watts_strogatz,ces,10,4,9,0.020434
pop_n400_t50,pop,400,50,watts_strogatz,ces,10,4,10,0.020443
pop_n400_t50,pop,400,50,watts_strogatz,ces,10,4,11,0.020522
pop_n400_t50,pop,400,50,watts_strogatz,ces,10,4,12,0.020500
pop_n400_t50,pop,400,50,watts_strogatz,ces,10,4,13,0.020545
pop_n400_t50,pop,400,50,watts_strogatz,ces,10,4,14,0.020545
pop_n400_t50,pop,400,50,watts_strogatz,ces,10,4,15,0.020554
pop_n400_t50,pop,400,50,watts_strogatz,ces,10,4,16,0.020583
pop_n400_t50,pop,400,50,watts_strogatz,ces,10,4,17,0.020617
pop_n400_t50,pop,400,50,watts_strogatz,ces,10,4,18,0.020626
pop_n400_t50,pop,400,50,watts_strogatz,ces,10,4,19,0.020701
pop_n400_t50,pop,400,50,watts_strogatz,ces,10,4,20,0.020677
pop_n400_t50,pop,400,50,watts_strogatz,ces,10,4,21,0.020739
pop_n400_t50,pop,400,50,watts_strogatz,ces,10,4,22,0.020759
pop_n400_t50,pop,400,50,watts_strogatz,ces,10,4,23,0.020755
pop_n400_t50,pop,400,50,watts_strogatz,ces,10,4,24,0.020933
pop_n400_t50,pop,400,50,watts_strogatz,ces,10,4,25,0.020767
pop_n400_t50,pop,400,50,watts_strogatz,ces,10,4,26,0.020810
pop_n400_t50,pop,400,50,watts_strogatz,ces,10,4,27,0.020790
pop_n400_t50,pop,400,50,watts_strogatz,ces,10,4,28,0.020800
pop_n400_t50,pop,400,50,watts_strogatz,ces,10,4,29,0.020837
pop_n400_t50,pop,400,50,watts_strogatz,ces,10,4,30,0.020898
pop_n400_t50,pop,400,50,watts_strogatz,ces,10,4,31,0.020873
pop_n400_t50,pop,400,50,watts_strogatz,ces,10,4,32,0.020865
pop_n400_t50,pop,400,50,watts_strogatz,ces,10,4,33,0.020870
pop_n400_t50,pop,400,50,watts_strogatz,ces,10,4,34,0.020900
pop_n400_t50,pop,400,50,watts_strogatz,ces,10,4,35,0.020903
pop_n400_t50,pop,400,50,watts_strogatz,ces,10,4,36,0.020946
pop_n400_t50,pop,400,50,watts_strogatz,ces,10,4,37,0.020952
pop_n400_t50,pop,400,50,watts_strogatz,ces,10,4,38,0.020986
pop_n400_t50,pop,400,50,watts_strogatz,ces,10,4,39,0.020986
pop_n400_t50,pop,400,50,watts_strogatz,ces,10,4,40,0.021012
pop_n400_t50,pop,400,50,watts_strogatz,ces,10,4,41,0.021013
pop_n400_t50,pop,400,50,watts_strogatz,ces,10,4,42,0.021013
pop_n400_t50,pop,400,50,watts_strogatz,ces,10,4,43,0.021036
pop_n400_t50,pop,400,50,watts_strogatz,ces,10,4,44,0.021040
pop_n400_t50,pop,400,50,watts_strogatz,ces,10,4,45,0.021090
pop_n400_t50,pop,400,50,watts_strogatz,ces,10,4,46,0.021075
pop_n400_t50,pop,400,50,watts_strogatz,ces,10,4,47,0.021133
pop_n400_t50,pop,400,50,watts_strogatz,ces,10,4,48,0.021149
pop_n400_t50,pop,400,50,watts_strogatz,ces,10,4,49,0.021112
pop_n400_t50,pop,400,50,watts_strogatz,ces,10,5,0,0.020100
pop_n400_t50,pop,400,50,watts_strogatz,ces,10,5,1,0.020064
pop_n400_t50,pop,400,50,watts_strogatz,ces,10,5,2,0.020053
pop_n400_t50,pop,400,50,watts_strogatz,ces,10,5,3,0.020078
pop_n400_t50,pop,400,50,watts_strogatz,ces,10,5,4,0.020189
pop_n400_t50,pop,400,50,watts_strogatz,ces,10,5,5,0.020193
pop_n400_t50,pop,400,50,watts_strogatz,ces,10,5,6,0.020294
pop_n400_t50,pop,400,50,watts_strogatz,ces,10,5,7,0.020408
pop_n400_t50,pop,400,50,watts_strogatz,ces,10,5,8,0.020445
pop_n400_t50,pop,400,50,watts_strogatz,ces,10,5,9,0.020555
pop_n400_t50,pop,400,50,watts_strogatz,ces,10,5,10,0.020598
pop_n400_t50,pop,400,50,watts_strogatz,ces,10,5,11,0.020592
pop_n400_t50,pop,400,50,watts_strogatz,ces,10,5,12,0.020555
pop_n400_t50,pop,400,50,watts_strogatz,ces,10,5,13,0.020644
pop_n400_t50,pop,400,50,watts_strogatz,ces,10,5,14,0.020652
pop_n400_t50,pop,400,50,watts_strogatz,ces,10,5,15,0.020652
pop_n400_t50,pop,400,50,watts_strogatz,ces,10,5,16,0.020694
pop_n400_t50,pop,400,50,watts_strogatz,ces,10,5,17,0.020689
pop_n400_t50,pop,400,50,watts_strogatz,ces,10,5,18,0.020667
pop_n400_t50,pop,400,50,watts_strogatz,ces,10,5,19,0.020714
pop_n400_t50,pop,400,50,watts_strogatz,ces,10,5,20,0.020728
pop_n400_t50,pop,400,50,watts_strogatz,ces,10,5,21,0.020770
pop_n400_t50,pop,400,50,watts_strogatz,ces,10,5,22,0.020873
pop_n400_t50,pop,400,50,watts_strogatz,ces,10,5,23,0.020875
pop_n400_t50,pop,400,50,watts_strogatz,ces,10,5,24,0.020777
pop_n400_t50,pop,400,50,watts_strogatz,ces,10,5,25,0.020802
pop_n400_t50,pop,400,50,watts_strogatz,ces,10,5,26,0.020811
pop_n400_t50,pop,400,50,watts_strogatz,ces,10,5,27,0.020863
pop_n400_t50,pop,400,50,watts_strogatz,ces,10,5,28,0.020944
pop_n400_t50,pop,400,50,watts_strogatz,ces,10,5,29,0.020873
pop_n400_t50,pop,400,50,watts_strogatz,ces,10,5,30,0.020874
pop_n400_t50,pop,400,50,watts_strogatz,ces,10,5,31,0.020893
pop_n400_t50,pop,400,50,watts_strogatz,ces,10,5,32,0.020933
pop_n400_t50,pop,400,50,watts_strogatz,ces,10,5,33,0.020977
pop_n400_t50,pop,400,50,watts_strogatz,ces,10,5,34,0.020939
pop_n400_t50,pop,400,50,watts_strogatz,ces,10,5,35,0.020911
pop_n400_t50,pop,400,50,watts_strogatz,ces,10,5,36,0.021595
pop_n400_t50,pop,400,50,watts_strogatz,ces,10,5,37,0.023226
pop_n400_t50,pop,400,50,watts_strogatz,ces,10,5,38,0.020966
pop_n400_t50,pop,400,50,watts_strogatz,ces,10,5,39,0.021062
pop_n400_t50,pop,400,50,watts_strogatz,ces,10,5,40,0.021046
pop_n400_t50,pop,400,50,watts_strogatz,ces,10,5,41,0.021074
pop_n400_t50,pop,400,50,watts_strogatz,ces,10,5,42,0.021103
pop_n400_t50,pop,400,50,watts_strogatz,ces,10,5,43,0.021189
pop_n400_t50,pop,400,50,watts_strogatz,ces,10,5,44,0.021145
pop_n400_t50,pop,400,50,watts_strogatz,ces,10,5,45,0.021122
pop_n400_t50,pop,400,50,watts_strogatz,ces,10,5,46,0.021167
pop_n400_t50,pop,400,50,watts_strogatz,ces,10,5,47,0.021175
pop_n400_t50,pop,400,50,watts_strogatz,ces,10,5,48,0.021156
pop_n400_t50,pop,400,50,watts_strogatz,ces,10,5,49,0.021148
pop_n400_t50,pop,400,50,watts_strogatz,ces,10,6,0,0.020045
pop_n400_t50,pop,400,50,watts_strogatz,ces,10,6,1,0.020067
pop_n400_t50,pop,400,50,watts_strogatz,ces,10,6,2,0.020094
pop_n400_t50,pop,400,50,watts_strogatz,ces,10,6,3,0.020117
pop_n400_t50,pop,400,50,watts_strogatz,ces,10,6,4,0.020182
pop_n400_t50,pop,400,50,watts_strogatz,ces,10,6,5,0.020198
pop_n400_t50,pop,400,50,watts_strogatz,ces,10,6,6,0.020246
pop_n400_t50,pop,400,50,watts_strogatz,ces,10,6,7,0.020300
pop_n400_t50,pop,400,50,watts_strogatz,ces,10,6,8,0.020388
pop_n400_t50,pop,400,50,watts_strogatz,ces,10,6,9,0.020434
pop_n400_t50,pop,400,50,watts_strogatz,ces,10,6,10,0.020495
pop_n400_t50,pop,400,50,watts_strogatz,ces,10,6,11,0.020496
pop_n400_t50,pop,400,50,watts_strogatz,ces,10,6,12,0.020513
pop_n400_t50,pop,400,50,watts_strogatz,ces,10,6,13,0.020522
pop_n400_t50,pop,400,50,watts_strogatz,ces,10,6,14,0.020568
pop_n400_t50,pop,400,50,watts_strogatz,ces,10,6,15,0.020634
pop_n400_t50,pop,400,50,watts_strogatz,ces,10,6,16,0.020594
pop_n400_t50,pop,400,50,watts_strogatz,ces,10,6,17,0.020601
pop_n400_t50,pop,400,50,watts_strogatz,ces,10,6,18,0.020687
pop_n400_t50,pop,400,50,watts_strogatz,ces,10,6,19,0.020677
pop_n400_t50,pop,400,50,watts_strogatz,ces,10,6,20,0.020952
pop_n400_t50,pop,400,50,watts_strogatz,ces,10,6,21,0.020731
pop_n400_t50,pop,400,50,watts_strogatz,ces,10,6,22,0.020791
pop_n400_t50,pop,400,50,watts_strogatz,ces,10,6,23,0.020746
pop_n400_t50,pop,400,50,watts_strogatz,ces,10,6,24,0.020784
pop_n400_t50,pop,400,50,watts_strogatz,ces,10,6,25,0.020782
pop_n400_t50,pop,400,50,watts_strogatz,ces,10,6,26,0.021720
pop_n400_t50,pop,400,50,watts_strogatz,ces,10,6,27,0.021013
pop_n400_t50,pop,400,50,watts_strogatz,ces,10,6,28,0.020744
pop_n400_t50,pop,400,50,watts_strogatz,ces,10,6,29,0.020732
pop_n400_t50,pop,400,50,watts_strogatz,ces,10,6,30,0.020782
pop_n400_t50,pop,400,50,watts_strogatz,ces,10,6,31,0.020826
pop_n400_t50,pop,400,50,watts_strogatz,ces,10,6,32,0.020840
pop_n400_t50,pop,400,50,watts_strogatz,ces,10,6,33,0.020864
pop_n400_t50,pop,400,50,watts_strogatz,ces,10,6,34,0.020871
pop_n400_t50,pop,400,50,watts_strogatz,ces,10,6,35,0.020896
pop_n400_t50,pop,400,50,watts_strogatz,ces,10,6,36,0.020971
pop_n400_t50,pop,400,50,watts_strogatz,ces,10,6,37,0.020943
pop_n400_t50,pop,400,50,watts_strogatz,ces,10,6,38,0.020930
pop_n400_t50,pop,400,50,watts_strogatz,ces,10,6,39,0.020959
pop_n400_t50,pop,400,50,watts_strogatz,ces,10,6,40,0.020995
pop_n400_t50,pop,400,50,watts_strogatz,ces,10,6,41,0.021037
pop_n400_t50,pop,400,50,watts_strogatz,ces,10,6,42,0.021007
pop_n400_t50,pop,400,50,watts_strogatz,ces,10,6,43,0.021064
pop_n400_t50,pop,400,50,watts_strogatz,ces,10,6,44,0.021041
pop_n400_t50,pop,400,50,watts_strogatz,ces,10,6,45,0.021077
pop_n400_t50,pop,400,50,watts_strogatz,ces,10,6,46,0.021043
pop_n400_t50,pop,400,50,watts_strogatz,ces,10,6,47,0.021112
pop_n400_t50,pop,400,50,watts_strogatz,ces,10,6,48,0.021119
pop_n400_t50,pop,400,50,watts_strogatz,ces,10,6,49,0.022140
pop_n400_t50,pop,400,50,watts_strogatz,ces,10,7,0,0.021309
pop_n400_t50,pop,400,50,watts_strogatz,ces,10,7,1,0.019882
pop_n400_t50,pop,400,50,watts_strogatz,ces,10,7,2,0.019962
pop_n400_t50,pop,400,50,watts_strogatz,ces,10,7,3,0.019994
pop_n400_t50,pop,400,50,watts_strogatz,ces,10,7,4,0.020061
pop_n400_t50,pop,400,50,watts_strogatz,ces,10,7,5,0.020147
pop_n400_t50,pop,400,50,watts_strogatz,ces,10,7,6,0.020242
pop_n400_t50,pop,400,50,watts_strogatz,ces,10,7,7,0.020270
pop_n400_t50,pop,400,50,watts_strogatz,ces,10,7,8,0.020565
pop_n400_t50,pop,400,50,watts_strogatz,ces,10,7,9,0.020584
pop_n400_t50,pop,400,50,watts_strogatz,ces,10,7,10,0.020544
pop_n400_t50,pop,400,50,watts_strogatz,ces,10,7,11,0.020577
pop_n400_t50,pop,400,50,watts_strogatz,ces,10,7,12,0.020567
pop_n400_t50,pop,400,50,watts_strogatz,ces,10,7,13,0.020560
pop_n400_t50,pop,400,50,watts_strogatz,ces,10,7,14,0.020606
pop_n400_t50,pop,400,50,watts_strogatz,ces,10,7,15,0.020614
pop_n400_t50,pop,400,50,watts_strogatz,ces,10,7,16,0.020676
pop_n400_t50,pop,400,50,watts_strogatz,ces,10,7,17,0.020643
pop_n400_t50,pop,400,50,watts_strogatz,ces,10,7,18,0.020753
pop_n400_t50,pop,400,50,watts_strogatz,ces,10,7,19,0.020665
pop_n400_t50,pop,400,50,watts_strogatz,ces,10,7,20,0.020709
pop_n400_t50,pop,400,50,watts_strogatz,ces,10,7,21,0.020721
pop_n400_t50,pop,400,50,watts_strogatz,ces,10,7,22,0.020721
pop_n400_t50,pop,400,50,watts_strogatz,ces,10,7,23,0.020754
pop_n400_t50,pop,400,50,watts_strogatz,ces,10,7,24,0.020789
pop_n400_t50,pop,400,50,watts_strogatz,ces,10,7,25,0.020722
pop_n400_t50,pop,400,50,watts_strogatz,ces,10,7,26,0.020750
pop_n400_t50,pop,400,50,watts_strogatz,ces,10,7,27,0.020758
pop_n400_t50,pop,400,50,watts_strogatz,ces,10,7,28,0.020806
pop_n400_t50,pop,400,50,watts_strogatz,ces,10,7,29,0.020819
pop_n400_t50,pop,400,50,watts_strogatz,ces,10,7,30,0.020771
pop_n400_t50,pop,400,50,watts_strogatz,ces,10,7,31,0.020832
pop_n400_t50,pop,400,50,watts_strogatz,ces,10,7,32,0.020799
pop_n400_t50,pop,400,50,watts_strogatz,ces,10,7,33,0.020841
pop_n400_t50,pop,400,50,watts_strogatz,ces,10,7,34,0.020895
pop_n400_t50,pop,400,50,watts_strogatz,ces,10,7,35,0.020907
pop_n400_t50,pop,400,50,watts_strogatz,ces,10,7,36,0.020911
pop_n400_t50,pop,400,50,watts_strogatz,ces,10,7,37,0.020962
pop_n400_t50,pop,400,50,watts_strogatz,ces,10,7,38,0.020963
pop_n400_t50,pop,400,50,watts_strogatz,ces,10,7,39,0.020997
pop_n400_t50,pop,400,50,watts_strogatz,ces,10,7,40,0.021021
pop_n400_t50,pop,400,50,watts_strogatz,ces,10,7,41,0.021026
pop_n400_t50,pop,400,50,watts_strogatz,ces,10,7,42,0.021036
pop_n400_t50,pop,400,50,watts_strogatz,ces,10,7,43,0.021055
pop_n400_t50,pop,400,50,watts_strogatz,ces,10,7,44,0.021046
pop_n400_t50,pop,400,50,watts_strogatz,ces,10,7,45,0.021068
pop_n400_t50,pop,400,50,watts_strogatz,ces,10,7,46,0.021074
pop_n400_t50,pop,400,50,watts_strogatz,ces,10,7,47,0.021145
pop_n400_t50,pop,400,50,watts_strogatz,ces,10,7,48,0.021152
pop_n400_t50,pop,400,50,watts_strogatz,ces,10,7,49,0.021169
pop_n400_t50,pop,400,50,watts_strogatz,ces,10,8,0,0.020056
pop_n400_t50,pop,400,50,watts_strogatz,ces,10,8,1,0.020033
pop_n400_t50,pop,400,50,watts_strogatz,ces,10,8,2,0.020041
pop_n400_t50,pop,400,50,watts_strogatz,ces,10,8,3,0.020088
pop_n400_t50,pop,400,50,watts_strogatz,ces,10,8,4,0.020188
pop_n400_t50,pop,400,50,watts_strogatz,ces,10,8,5,0.020192
pop_n400_t50,pop,400,50,watts_strogatz,ces,10,8,6,0.020274
pop_n400_t50,pop,400,50,watts_strogatz,ces,10,8,7,0.020306
pop_n400_t50,pop,400,50,watts_strogatz,ces,10,8,8,0.020351
pop_n400_t50,pop,400,50,watts_strogatz,ces,10,8,9,0.020436
pop_n400_t50,pop,400,50,watts_strogatz,ces,10,8,10,0.020459
pop_n400_t50,pop,400,50,watts_strogatz,ces,10,8,11,0.020522
pop_n400_t50,pop,400,50,watts_strogatz,ces,10,8,12,0.020599
pop_n400_t50,pop,400,50,watts_strogatz,ces,10,8,13,0.020575
pop_n400_t50,pop,400,50,watts_strogatz,ces,10,8,14,0.020578
pop_n400_t50,pop,400,50,watts_strogatz,ces,10,8,15,0.020595
pop_n400_t50,pop,400,50,watts_strogatz,ces,10,8,16,0.020833
pop_n400_t50,pop,400,50,watts_strogatz,ces,10,8,17,0.020661
pop_n400_t50,pop,400,50,watts_strogatz,ces,10,8,18,0.020675
pop_n400_t50,pop,400,50,watts_strogatz,ces,10,8,19,0.020693
pop_n400_t50,pop,400,50,watts_strogatz,ces,10,8,20,0.020718
pop_n400_t50,pop,400,50,watts_strogatz,ces,10,8,21,0.020717
pop_n400_t50,pop,400,50,watts_strogatz,ces,10,8,22,0.020772
pop_n400_t50,pop,400,50,watts_strogatz,ces,10,8,23,0.020761
pop_n400_t50,pop,400,50,watts_strogatz,ces,10,8,24,0.020811
pop_n400_t50,pop,400,50,watts_strogatz,ces,10,8,25,0.020851
pop_n400_t50,pop,400,50,watts_strogatz,ces,10,8,26,0.021003
pop_n400_t50,pop,400,50,watts_strogatz,ces,10,8,27,0.021645
pop_n400_t50,pop,400,50,watts_strogatz,ces,10,8,28,0.022205
pop_n400_t50,pop,400,50,watts_strogatz,ces,10,8,29,0.020887
pop_n400_t50,pop,400,50,watts_strogatz,ces,10,8,30,0.020972
pop_n400_t50,pop,400,50,watts_strogatz,ces,10,8,31,0.020979
pop_n400_t50,pop,400,50,watts_strogatz,ces,10,8,32,0.021006
pop_n400_t50,pop,400,50,watts_strogatz,ces,10,8,33,0.020987
pop_n400_t50,pop,400,50,watts_strogatz,ces,10,8,34,0.020926
pop_n400_t50,pop,400,50,watts_strogatz,ces,10,8,35,0.020973
pop_n400_t50,pop,400,50,watts_strogatz,ces,10,8,36,0.020975
pop_n400_t50,pop,400,50,watts_strogatz,ces,10,8,37,0.021048
pop_n400_t50,pop,400,50,watts_strogatz,ces,10,8,38,0.020994
pop_n400_t50,pop,400,50,watts_strogatz,ces,10,8,39,0.021021
pop_n400_t50,pop,400,50,watts_strogatz,ces,10,8,40,0.020996
pop_n400_t50,pop,400,50,watts_strogatz,ces,10,8,41,0.021087
pop_n400_t50,pop,400,50,watts_strogatz,ces,10,8,42,0.021073
pop_n400_t50,pop,400,50,watts_strogatz,ces,10,8,43,0.021043
pop_n400_t50,pop,400,50,watts_strogatz,ces,10,8,44,0.021062
pop_n400_t50,pop,400,50,watts_strogatz,ces,10,8,45,0.021121
pop_n400_t50,pop,400,50,watts_strogatz,ces,10,8,46,0.021121
pop_n400_t50,pop,400,50,watts_strogatz,ces,10,8,47,0.021136
pop_n400_t50,pop,400,50,watts_strogatz,ces,10,8,48,0.021154
pop_n400_t50,pop,400,50,watts_strogatz,ces,10,8,49,0.021112
pop_n800_t1,pop,800,1,watts_strogatz,ces,10,1,0,0.041791
pop_n800_t1,pop,800,1,watts_strogatz,ces,10,2,0,0.041968
pop_n800_t1,pop,800,1,watts_strogatz,ces,10,3,0,0.042038
pop_n800_t1,pop,800,1,watts_strogatz,ces,10,4,0,0.042045
pop_n800_t1,pop,800,1,watts_strogatz,ces,10,5,0,0.041586
pop_n800_t1,pop,800,1,watts_strogatz,ces,10,6,0,0.040386
pop_n800_t1,pop,800,1,watts_strogatz,ces,10,7,0,0.039984
pop_n800_t1,pop,800,1,watts_strogatz,ces,10,8,0,0.040183
pop_n800_t5,pop,800,5,watts_strogatz,ces,10,1,0,0.040132
pop_n800_t5,pop,800,5,watts_strogatz,ces,10,1,1,0.040040
pop_n800_t5,pop,800,5,watts_strogatz,ces,10,1,2,0.040087
pop_n800_t5,pop,800,5,watts_strogatz,ces,10,1,3,0.040295
pop_n800_t5,pop,800,5,watts_strogatz,ces,10,1,4,0.040312
pop_n800_t5,pop,800,5,watts_strogatz,ces,10,2,0,0.040059
pop_n800_t5,pop,800,5,watts_strogatz,ces,10,2,1,0.040047
pop_n800_t5,pop,800,5,watts_strogatz,ces,10,2,2,0.040150
pop_n800_t5,pop,800,5,watts_strogatz,ces,10,2,3,0.040259
pop_n800_t5,pop,800,5,watts_strogatz,ces,10,2,4,0.040305
pop_n800_t5,pop,800,5,watts_strogatz,ces,10,3,0,0.040177
pop_n800_t5,pop,800,5,watts_strogatz,ces,10,3,1,0.040095
pop_n800_t5,pop,800,5,watts_strogatz,ces,10,3,2,0.040145
pop_n800_t5,pop,800,5,watts_strogatz,ces,10,3,3,0.040229
pop_n800_t5,pop,800,5,watts_strogatz,ces,10,3,4,0.040312
pop_n800_t5,pop,800,5,watts_strogatz,ces,10,4,0,0.040060
pop_n800_t5,pop,800,5,watts_strogatz,ces,10,4,1,0.040125
pop_n800_t5,pop,800,5,watts_strogatz,ces,10,4,2,0.040191
pop_n800_t5,pop,800,5,watts_strogatz,ces,10,4,3,0.040245
pop_n800_t5,pop,800,5,watts_strogatz,ces,10,4,4,0.040397
pop_n800_t5,pop,800,5,watts_strogatz,ces,10,5,0,0.040190
pop_n800_t5,pop,800,5,watts_strogatz,ces,10,5,1,0.040105
pop_n800_t5,pop,800,5,watts_strogatz,ces,10,5,2,0.040229
pop_n800_t5,pop,800,5,watts_strogatz,ces,10,5,3,0.040231
pop_n800_t5,pop,800,5,watts_strogatz,ces,10,5,4,0.040348
pop_n800_t5,pop,800,5,watts_strogatz,ces,10,6,0,0.040180
pop_n800_t5,pop,800,5,watts_strogatz,ces,10,6,1,0.040077
pop_n800_t5,pop,800,5,watts_strogatz,ces,10,6,2,0.040219
pop_n800_t5,pop,800,5,watts_strogatz,ces,10,6,3,0.040251
pop_n800_t5,pop,800,5,watts_strogatz,ces,10,6,4,0.040530
pop_n800_t5,pop,800,5,watts_strogatz,ces,10,7,0,0.040288
pop_n800_t5,pop,800,5,watts_strogatz,ces,10,7,1,0.040101
pop_n800_t5,pop,800,5,watts_strogatz,ces,10,7,2,0.040245
pop_n800_t5,pop,800,5,watts_strogatz,ces,10,7,3,0.040249
pop_n800_t5,pop,800,5,watts_strogatz,ces,10,7,4,0.040342
pop_n800_t5,pop,800,5,watts_strogatz,ces,10,8,0,0.040247
pop_n800_t5,pop,800,5,watts_strogatz,ces,10,8,1,0.040121
pop_n800_t5,pop,800,5,watts_strogatz,ces,10,8,2,0.040205
pop_n800_t5,pop,800,5,watts_strogatz,ces,10,8,3,0.040320
pop_n800_t5,pop,800,5,watts_strogatz,ces,10,8,4,0.040430
pop_n800_t20,pop,800,20,watts_strogatz,ces,10,1,0,0.041046
pop_n800_t20,pop,800,20,watts_strogatz,ces,10,1,1,0.042520
pop_n800_t20,pop,800,20,watts_strogatz,ces,10,1,2,0.041142
pop_n800_t20,pop,800,20,watts_strogatz,ces,10,1,3,0.041338
pop_n800_t20,pop,800,20,watts_strogatz,ces,10,1,4,0.040800
pop_n800_t20,pop,800,20,watts_strogatz,ces,10,1,5,0.040797
pop_n800_t20,pop,800,20,watts_strogatz,ces,10,1,6,0.040928
pop_n800_t20,pop,800,20,watts_strogatz,ces,10,1,7,0.041236
pop_n800_t20,pop,800,20,watts_strogatz,ces,10,1,8,0.041411
pop_n800_t20,pop,800,20,watts_strogatz,ces,10,1,9,0.041462
pop_n800_t20,pop,800,20,watts_strogatz,ces,10,1,10,0.041248
pop_n800_t20,pop,800,20,watts_strogatz,ces,10,1,11,0.041569
pop_n800_t20,pop,800,20,watts_strogatz,ces,10,1,12,0.041351
pop_n800_t20,pop,800,20,watts_strogatz,ces,10,1,13,0.041428
pop_n800_t20,pop,800,20,watts_strogatz,ces,10,1,14,0.041688
pop_n800_t20,pop,800,20,watts_strogatz,ces,10,1,15,0.042674
pop_n800_t20,pop,800,20,watts_strogatz,ces,10,1,16,0.041870
pop_n800_t20,pop,800,20,watts_strogatz,ces,10,1,17,0.041759
pop_n800_t20,pop,800,20,watts_strogatz,ces,10,1,18,0.041841
pop_n800_t20,pop,800,20,watts_strogatz,ces,10,1,19,0.041835
pop_n800_t20,pop,800,20,watts_strogatz,ces,10,2,0,0.040426
pop_n800_t20,pop,800,20,watts_strogatz,ces,10,2,1,0.040406
pop_n800_t20,pop,800,20,watts_strogatz,ces,10,2,2,0.040417
pop_n800_t20,pop,800,20,watts_strogatz,ces,10,2,3,0.040488
pop_n800_t20,pop,800,20,watts_strogatz,ces,10,2,4,0.040511
pop_n800_t20,pop,800,20,watts_strogatz,ces,10,2,5,0.040714
pop_n800_t20,pop,800,20,watts_strogatz,ces,10,2,6,0.040805
pop_n800_t20,pop,800,20,watts_strogatz,ces,10,2,7,0.041003
pop_n800_t20,pop,800,20,watts_strogatz,ces,10,2,8,0.041128
pop_n800_t20,pop,800,20,watts_strogatz,ces,10,2,9,0.041125
pop_n800_t20,pop,800,20,watts_strogatz,ces,10,2,10,0.041087
pop_n800_t20,pop,800,20,watts_strogatz,ces,10,2,11,0.041245
pop_n800_t20,pop,800,20,watts_strogatz,ces,10,2,12,0.041217
pop_n800_t20,pop,800,20,watts_strogatz,ces,10,2,13,0.041248
pop_n800_t20,pop,800,20,watts_strogatz,ces,10,2,14,0.041417
pop_n800_t20,pop,800,20,watts_strogatz,ces,10,2,15,0.041551
pop_n800_t20,pop,800,20,watts_strogatz,ces,10,2,16,0.041582
pop_n800_t20,pop,800,20,watts_strogatz,ces,10,2,17,0.041473
pop_n800_t20,pop,800,20,watts_strogatz,ces,10,2,18,0.041601
pop_n800_t20,pop,800,20,watts_strogatz,ces,10,2,19,0.041685
pop_n800_t20,pop,800,20,watts_strogatz,ces,10,3,0,0.040353
pop_n800_t20,pop,800,20,watts_strogatz,ces,10,3,1,0.040248
pop_n800_t20,pop,800,20,watts_strogatz,ces,10,3,2,0.040391
pop_n800_t20,pop,800,20,watts_strogatz,ces,10,3,3,0.040497
pop_n800_t20,pop,800,20,watts_strogatz,ces,10,3,4,0.040510
pop_n800_t20,pop,800,20,watts_strogatz,ces,10,3,5,0.040683
pop_n800_t20,pop,800,20,watts_strogatz,ces,10,3,6,0.040759
pop_n800_t20,pop,800,20,watts_strogatz,ces,10,3,7,0.040924
pop_n800_t20,pop,800,20,watts_strogatz,ces,10,3,8,0.040987
pop_n800_t20,pop,800,20,watts_strogatz,ces,10,3,9,0.041074
pop_n800_t20,pop,800,20,watts_strogatz,ces,10,3,10,0.041126
pop_n800_t20,pop,800,20,watts_strogatz,ces,10,3,11,0.041413
pop_n800_t20,pop,800,20,watts_strogatz,ces,10,3,12,0.041390
pop_n800_t20,pop,800,20,watts_strogatz,ces,10,3,13,0.041369
pop_n800_t20,pop,800,20,watts_strogatz,ces,10,3,14,0.041416
pop_n800_t20,pop,800,20,watts_strogatz,ces,10,3,15,0.042221
pop_n800_t20,pop,800,20,watts_strogatz,ces,10,3,16,0.042232
pop_n800_t20,pop,800,20,watts_strogatz,ces,10,3,17,0.042149
pop_n800_t20,pop,800,20,watts_strogatz,ces,10,3,18,0.042199
pop_n800_t20,pop,800,20,watts_strogatz,ces,10,3,19,0.042425
pop_n800_t20,pop,800,20,watts_strogatz,ces,10,4,0,0.041035
pop_n800_t20,pop,800,20,watts_strogatz,ces,10,4,1,0.040701
pop_n800_t20,pop,800,20,watts_strogatz,ces,10,4,2,0.040599
pop_n800_t20,pop,800,20,watts_strogatz,ces,10,4,3,0.040667
pop_n800_t20,pop,800,20,watts_strogatz,ces,10,4,4,0.040893
pop_n800_t20,pop,800,20,watts_strogatz,ces,10,4,5,0.041221
pop_n800_t20,pop,800,20,watts_strogatz,ces,10,4,6,0.041032
pop_n800_t20,pop,800,20,watts_strogatz,ces,10,4,7,0.041152
pop_n800_t20,pop,800,20,watts_strogatz,ces,10,4,8,0.041274
pop_n800_t20,pop,800,20,watts_strogatz,ces,10,4,9,0.041297
pop_n800_t20,pop,800,20,watts_strogatz,ces,10,4,10,0.041332
pop_n800_t20,pop,800,20,watts_strogatz,ces,10,4,11,0.041287
pop_n800_t20,pop,800,20,watts_strogatz,ces,10,4,12,0.041420
pop_n800_t20,pop,800,20,watts_strogatz,ces,10,4,13,0.041474
pop_n800_t20,pop,800,20,watts_strogatz,ces,10,4,14,0.041635
pop_n800_t20,pop,800,20,watts_strogatz,ces,10,4,15,0.042146
pop_n800_t20,pop,800,20,watts_strogatz,ces,10,4,16,0.042035
pop_n800_t20,pop,800,20,watts_strogatz,ces,10,4,17,0.042262
pop_n800_t20,pop,800,20,watts_strogatz,ces,10,4,18,0.042018
pop_n800_t20,pop,800,20,watts_strogatz,ces,10,4,19,0.042119
pop_n800_t20,pop,800,20,watts_strogatz,ces,10,5,0,0.042333
pop_n800_t20,pop,800,20,watts_strogatz,ces,10,5,1,0.040310
pop_n800_t20,pop,800,20,watts_strogatz,ces,10,5,2,0.040491
pop_n800_t20,pop,800,20,watts_strogatz,ces,10,5,3,0.040633
pop_n800_t20,pop,800,20,watts_strogatz,ces,10,5,4,0.057009
pop_n800_t20,pop,800,20,watts_strogatz,ces,10,5,5,0.040892
pop_n800_t20,pop,800,20,watts_strogatz,ces,10,5,6,0.041048
pop_n800_t20,pop,800,20,watts_strogatz,ces,10,5,7,0.042230
pop_n800_t20,pop,800,20,watts_strogatz,ces,10,5,8,0.042118
pop_n800_t20,pop,800,20,watts_strogatz,ces,10,5,9,0.042067
pop_n800_t20,pop,800,20,watts_strogatz,ces,10,5,10,0.042417
pop_n800_t20,pop,800,20,watts_strogatz,ces,10,5,11,0.042410
pop_n800_t20,pop,800,20,watts_strogatz,ces,10,5,12,0.043071
pop_n800_t20,pop,800,20,watts_strogatz,ces,10,5,13,0.042003
pop_n800_t20,pop,800,20,watts_strogatz,ces,10,5,14,0.041833
pop_n800_t20,pop,800,20,watts_strogatz,ces,10,5,15,0.041820
pop_n800_t20,pop,800,20,watts_strogatz,ces,10,5,16,0.041882
pop_n800_t20,pop,800,20,watts_strogatz,ces,10,5,17,0.041792
pop_n800_t20,pop,800,20,watts_strogatz,ces,10,5,18,0.041860
pop_n800_t20,pop,800,20,watts_strogatz,ces,10,5,19,0.041968
pop_n800_t20,pop,800,20,watts_strogatz,ces,10,6,0,0.040578
pop_n800_t20,pop,800,20,watts_strogatz,ces,10,6,1,0.040465
pop_n800_t20,pop,800,20,watts_strogatz,ces,10,6,2,0.040586
pop_n800_t20,pop,800,20,watts_strogatz,ces,10,6,3,0.040567
pop_n800_t20,pop,800,20,watts_strogatz,ces,10,6,4,0.040620
pop_n800_t20,pop,800,20,watts_strogatz,ces,10,6,5,0.040847
pop_n800_t20,pop,800,20,watts_strogatz,ces,10,6,6,0.041650
pop_n800_t20,pop,800,20,watts_strogatz,ces,10,6,7,0.042782
pop_n800_t20,pop,800,20,watts_strogatz,ces,10,6,8,0.041510
pop_n800_t20,pop,800,20,watts_strogatz,ces,10,6,9,0.041311
pop_n800_t20,pop,800,20,watts_strogatz,ces,10,6,10,0.041423
pop_n800_t20,pop,800,20,watts_strogatz,ces,10,6,11,0.041516
pop_n800_t20,pop,800,20,watts_strogatz,ces,10,6,12,0.041668
pop_n800_t20,pop,800,20,watts_strogatz,ces,10,6,13,0.041774
pop_n800_t20,pop,800,20,watts_strogatz,ces,10,6,14,0.042012
pop_n800_t20,pop,800,20,watts_strogatz,ces,10,6,15,0.042050
pop_n800_t20,pop,800,20,watts_strogatz,ces,10,6,16,0.042121
pop_n800_t20,pop,800,20,watts_strogatz,ces,10,6,17,0.041809
pop_n800_t20,pop,800,20,watts_strogatz,ces,10,6,18,0.041844
pop_n800_t20,pop,800,20,watts_strogatz,ces,10,6,19,0.041769
pop_n800_t20,pop,800,20,watts_strogatz,ces,10,7,0,0.040429
pop_n800_t20,pop,800,20,watts_strogatz,ces,10,7,1,0.040433
pop_n800_t20,pop,800,20,watts_strogatz,ces,10,7,2,0.040435
pop_n800_t20,pop,800,20,watts_strogatz,ces,10,7,3,0.040616
pop_n800_t20,pop,800,20,watts_strogatz,ces,10,7,4,0.040724
pop_n800_t20,pop,800,20,watts_strogatz,ces,10,7,5,0.040725
pop_n800_t20,pop,800,20,watts_strogatz,ces,10,7,6,0.040822
pop_n800_t20,pop,800,20,watts_strogatz,ces,10,7,7,0.041129
pop_n800_t20,pop,800,20,watts_strogatz,ces,10,7,8,0.041100
pop_n800_t20,pop,800,20,watts_strogatz,ces,10,7,9,0.041295
pop_n800_t20,pop,800,20,watts_strogatz,ces,10,7,10,0.041322
pop_n800_t20,pop,800,20,watts_strogatz,ces,10,7,11,0.041571
pop_n800_t20,pop,800,20,watts_strogatz,ces,10,7,12,0.041538
pop_n800_t20,pop,800,20,watts_strogatz,ces,10,7,13,0.041452
pop_n800_t20,pop,800,20,watts_strogatz,ces,10,7,14,0.041504
pop_n800_t20,pop,800,20,watts_strogatz,ces,10,7,15,0.041512
pop_n800_t20,pop,800,20,watts_strogatz,ces,10,7,16,0.041754
pop_n800_t20,pop,800,20,watts_strogatz,ces,10,7,17,0.041709
pop_n800_t20,pop,800,20,watts_strogatz,ces,10,7,18,0.041734
pop_n800_t20,pop,800,20,watts_strogatz,ces,10,7,19,0.042064
pop_n800_t20,pop,800,20,watts_strogatz,ces,10,8,0,0.040473
pop_n800_t20,pop,800,20,watts_strogatz,ces,10,8,1,0.040328
pop_n800_t20,pop,800,20,watts_strogatz,ces,10,8,2,0.040543
pop_n800_t20,pop,800,20,watts_strogatz,ces,10,8,3,0.040477
pop_n800_t20,pop,800,20,watts_strogatz,ces,10,8,4,0.040583
pop_n800_t20,pop,800,20,watts_strogatz,ces,10,8,5,0.040649
pop_n800_t20,pop,800,20,watts_strogatz,ces,10,8,6,0.040698
pop_n800_t20,pop,800,20,watts_strogatz,ces,10,8,7,0.040969
pop_n800_t20,pop,800,20,watts_strogatz,ces,10,8,8,0.041084
pop_n800_t20,pop,800,20,watts_strogatz,ces,10,8,9,0.041134
pop_n800_t20,pop,800,20,watts_strogatz,ces,10,8,10,0.041495
pop_n800_t20,pop,800,20,watts_strogatz,ces,10,8,11,0.042747
pop_n800_t20,pop,800,20,watts_strogatz,ces,10,8,12,0.042655
pop_n800_t20,pop,800,20,watts_strogatz,ces,10,8,13,0.042420
pop_n800_t20,pop,800,20,watts_strogatz,ces,10,8,14,0.043334
pop_n800_t20,pop,800,20,watts_strogatz,ces,10,8,15,0.043374
pop_n800_t20,pop,800,20,watts_strogatz,ces,10,8,16,0.042466
pop_n800_t20,pop,800,20,watts_strogatz,ces,10,8,17,0.043246
pop_n800_t20,pop,800,20,watts_strogatz,ces,10,8,18,0.043008
pop_n800_t20,pop,800,20,watts_strogatz,ces,10,8,19,0.043339
pop_n800_t50,pop,800,50,watts_strogatz,ces,10,1,0,0.040018
pop_n800_t50,pop,800,50,watts_strogatz,ces,10,1,1,0.040170
pop_n800_t50,pop,800,50,watts_strogatz,ces,10,1,2,0.040222
pop_n800_t50,pop,800,50,watts_strogatz,ces,10,1,3,0.040297
pop_n800_t50,pop,800,50,watts_strogatz,ces,10,1,4,0.040343
pop_n800_t50,pop,800,50,watts_strogatz,ces,10,1,5,0.040508
pop_n800_t50,pop,800,50,watts_strogatz,ces,10,1,6,0.040516
pop_n800_t50,pop,800,50,watts_strogatz,ces,10,1,7,0.040635
pop_n800_t50,pop,800,50,watts_strogatz,ces,10,1,8,0.040735
pop_n800_t50,pop,800,50,watts_strogatz,ces,10,1,9,0.040755
pop_n800_t50,pop,800,50,watts_strogatz,ces,10,1,10,0.040841
pop_n800_t50,pop,800,50,watts_strogatz,ces,10,1,11,0.040933
pop_n800_t50,pop,800,50,watts_strogatz,ces,10,1,12,0.040965
pop_n800_t50,pop,800,50,watts_strogatz,ces,10,1,13,0.041891
pop_n800_t50,pop,800,50,watts_strogatz,ces,10,1,14,0.041197
pop_n800_t50,pop,800,50,watts_strogatz,ces,10,1,15,0.041269
pop_n800_t50,pop,800,50,watts_strogatz,ces,10,1,16,0.041747
pop_n800_t50,pop,800,50,watts_strogatz,ces,10,1,17,0.043187
pop_n800_t50,pop,800,50,watts_strogatz,ces,10,1,18,0.043538
pop_n800_t50,pop,800,50,watts_strogatz,ces,10,1,19,0.043868
pop_n800_t50,pop,800,50,watts_strogatz,ces,10,1,20,0.044357
pop_n800_t50,pop,800,50,watts_strogatz,ces,10,1,21,0.044552
pop_n800_t50,pop,800,50,watts_strogatz,ces,10,1,22,0.044291
pop_n800_t50,pop,800,50,watts_strogatz,ces,10,1,23,0.044137
pop_n800_t50,pop,800,50,watts_strogatz,ces,10,1,24,0.042587
pop_n800_t50,pop,800,50,watts_strogatz,ces,10,1,25,0.043122
pop_n800_t50,pop,800,50,watts_strogatz,ces,10,1,26,0.043486
pop_n800_t50,pop,800,50,watts_strogatz,ces,10,1,27,0.043101
pop_n800_t50,pop,800,50,watts_strogatz,ces,10,1,28,0.043470
pop_n800_t50,pop,800,50,watts_strogatz,ces,10,1,29,0.042102
pop_n800_t50,pop,800,50,watts_strogatz,ces,10,1,30,0.041695
pop_n800_t50,pop,800,50,watts_strogatz,ces,10,1,31,0.042562
pop_n800_t50,pop,800,50,watts_strogatz,ces,10,1,32,0.041898
pop_n800_t50,pop,800,50,watts_strogatz,ces,10,1,33,0.041993
pop_n800_t50,pop,800,50,watts_strogatz,ces,10,1,34,0.041980
pop_n800_t50,pop,800,50,watts_strogatz,ces,10,1,35,0.042623
pop_n800_t50,pop,800,50,watts_strogatz,ces,10,1,36,0.041945
pop_n800_t50,pop,800,50,watts_strogatz,ces,10,1,37,0.042471
pop_n800_t50,pop,800,50,watts_strogatz,ces,10,1,38,0.042216
pop_n800_t50,pop,800,50,watts_strogatz,ces,10,1,39,0.042211
pop_n800_t50,pop,800,50,watts_strogatz,ces,10,1,40,0.042231
pop_n800_t50,pop,800,50,watts_strogatz,ces,10,1,41,0.042260
pop_n800_t50,pop,800,50,watts_strogatz,ces,10,1,42,0.042296
pop_n800_t50,pop,800,50,watts_strogatz,ces,10,1,43,0.042318
pop_n800_t50,pop,800,50,watts_strogatz,ces,10,1,44,0.042391
pop_n800_t50,pop,800,50,watts_strogatz,ces,10,1,45,0.042643
pop_n800_t50,pop,800,50,watts_strogatz,ces,10,1,46,0.042398
pop_n800_t50,pop,800,50,watts_strogatz,ces,10,1,47,0.042822
pop_n800_t50,pop,800,50,watts_strogatz,ces,10,1,48,0.042441
pop_n800_t50,pop,800,50,watts_strogatz,ces,10,1,49,0.042560
pop_n800_t50,pop,800,50,watts_strogatz,ces,10,2,0,0.042146
pop_n800_t50,pop,800,50,watts_strogatz,ces,10,2,1,0.040993
pop_n800_t50,pop,800,50,watts_strogatz,ces,10,2,2,0.041503
pop_n800_t50,pop,800,50,watts_strogatz,ces,10,2,3,0.041305
pop_n800_t50,pop,800,50,watts_strogatz,ces,10,2,4,0.041743
pop_n800_t50,pop,800,50,watts_strogatz,ces,10,2,5,0.041911
pop_n800_t50,pop,800,50,watts_strogatz,ces,10,2,6,0.041713
pop_n800_t50,pop,800,50,watts_strogatz,ces,10,2,7,0.041857
pop_n800_t50,pop,800,50,watts_strogatz,ces,10,2,8,0.042123
pop_n800_t50,pop,800,50,watts_strogatz,ces,10,2,9,0.042104
pop_n800_t50,pop,800,50,watts_strogatz,ces,10,2,10,0.042296
pop_n800_t50,pop,800,50,watts_strogatz,ces,10,2,11,0.042502
pop_n800_t50,pop,800,50,watts_strogatz,ces,10,2,12,0.041575
pop_n800_t50,pop,800,50,watts_strogatz,ces,10,2,13,0.042271
pop_n800_t50,pop,800,50,watts_strogatz,ces,10,2,14,0.042394
pop_n800_t50,pop,800,50,watts_strogatz,ces,10,2,15,0.043246
pop_n800_t50,pop,800,50,watts_strogatz,ces,10,2,16,0.042864
pop_n800_t50,pop,800,50,watts_strogatz,ces,10,2,17,0.042653
pop_n800_t50,pop,800,50,watts_strogatz,ces,10,2,18,0.042601
pop_n800_t50,pop,800,50,watts_strogatz,ces,10,2,19,0.042868
pop_n800_t50,pop,800,50,watts_strogatz,ces,10,2,20,0.042949
pop_n800_t50,pop,800,50,watts_strogatz,ces,10,2,21,0.042689
pop_n800_t50,pop,800,50,watts_strogatz,ces,10,2,22,0.042778
pop_n800_t50,pop,800,50,watts_strogatz,ces,10,2,23,0.042796
pop_n800_t50,pop,800,50,watts_strogatz,ces,10,2,24,0.043697
pop_n800_t50,pop,800,50,watts_strogatz,ces,10,2,25,0.043098
pop_n800_t50,pop,800,50,watts_strogatz,ces,10,2,26,0.043120
pop_n800_t50,pop,800,50,watts_strogatz,ces,10,2,27,0.042836
pop_n800_t50,pop,800,50,watts_strogatz,ces,10,2,28,0.042774
pop_n800_t50,pop,800,50,watts_strogatz,ces,10,2,29,0.042877
pop_n800_t50,pop,800,50,watts_strogatz,ces,10,2,30,0.042977
pop_n800_t50,pop,800,50,watts_strogatz,ces,10,2,31,0.042950
pop_n800_t50,pop,800,50,watts_strogatz,ces,10,2,32,0.043035
pop_n800_t50,pop,800,50,watts_strogatz,ces,10,2,33,0.042968
pop_n800_t50,pop,800,50,watts_strogatz,ces,10,2,34,0.043437
pop_n800_t50,pop,800,50,watts_strogatz,ces,10,2,35,0.043676
pop_n800_t50,pop,800,50,watts_strogatz,ces,10,2,36,0.043272
pop_n800_t50,pop,800,50,watts_strogatz,ces,10,2,37,0.043696
pop_n800_t50,pop,800,50,watts_strogatz,ces,10,2,38,0.043783
pop_n800_t50,pop,800,50,watts_strogatz,ces,10,2,39,0.043516
pop_n800_t50,pop,800,50,watts_strogatz,ces,10,2,40,0.043264
pop_n800_t50,pop,800,50,watts_strogatz,ces,10,2,41,0.043379
pop_n800_t50,pop,800,50,watts_strogatz,ces,10,2,42,0.043352
pop_n800_t50,pop,800,50,watts_strogatz,ces,10,2,43,0.043153
pop_n800_t50,pop,800,50,watts_strogatz,ces,10,2,44,0.043673
pop_n800_t50,pop,800,50,watts_strogatz,ces,10,2,45,0.043326
pop_n800_t50,pop,800,50,watts_strogatz,ces,10,2,46,0.043293
pop_n800_t50,pop,800,50,watts_strogatz,ces,10,2,47,0.043301
pop_n800_t50,pop,800,50,watts_strogatz,ces,10,2,48,0.043399
pop_n800_t50,pop,800,50,watts_strogatz,ces,10,2,49,0.043564
pop_n800_t50,pop,800,50,watts_strogatz,ces,10,3,0,0.041356
pop_n800_t50,pop,800,50,watts_strogatz,ces,10,3,1,0.041313
pop_n800_t50,pop,800,50,watts_strogatz,ces,10,3,2,0.041374
pop_n800_t50,pop,800,50,watts_strogatz,ces,10,3,3,0.041350
pop_n800_t50,pop,800,50,watts_strogatz,ces,10,3,4,0.041398
pop_n800_t50,pop,800,50,watts_strogatz,ces,10,3,5,0.041569
pop_n800_t50,pop,800,50,watts_strogatz,ces,10,3,6,0.041858
pop_n800_t50,pop,800,50,watts_strogatz,ces,10,3,7,0.041870
pop_n800_t50,pop,800,50,watts_strogatz,ces,10,3,8,0.042140
pop_n800_t50,pop,800,50,watts_strogatz,ces,10,3,9,0.042032
pop_n800_t50,pop,800,50,watts_strogatz,ces,10,3,10,0.041946
pop_n800_t50,pop,800,50,watts_strogatz,ces,10,3,11,0.042338
pop_n800_t50,pop,800,50,watts_strogatz,ces,10,3,12,0.042284
pop_n800_t50,pop,800,50,watts_strogatz,ces,10,3,13,0.042926
pop_n800_t50,pop,800,50,watts_strogatz,ces,10,3,14,0.042913
pop_n800_t50,pop,800,50,watts_strogatz,ces,10,3,15,0.042610
pop_n800_t50,pop,800,50,watts_strogatz,ces,10,3,16,0.043112
pop_n800_t50,pop,800,50,watts_strogatz,ces,10,3,17,0.042788
pop_n800_t50,pop,800,50,watts_strogatz,ces,10,3,18,0.042802
pop_n800_t50,pop,800,50,watts_strogatz,ces,10,3,19,0.042751
pop_n800_t50,pop,800,50,watts_strogatz,ces,10,3,20,0.042934
pop_n800_t50,pop,800,50,watts_strogatz,ces,10,3,21,0.042943
pop_n800_t50,pop,800,50,watts_strogatz,ces,10,3,22,0.042735
pop_n800_t50,pop,800,50,watts_strogatz,ces,10,3,23,0.043119
pop_n800_t50,pop,800,50,watts_strogatz,ces,10,3,24,0.042777
pop_n800_t50,pop,800,50,watts_strogatz,ces,10,3,25,0.042762
pop_n800_t50,pop,800,50,watts_strogatz,ces,10,3,26,0.043087
pop_n800_t50,pop,800,50,watts_strogatz,ces,10,3,27,0.042991
pop_n800_t50,pop,800,50,watts_strogatz,ces,10,3,28,0.042881
pop_n800_t50,pop,800,50,watts_strogatz,ces,10,3,29,0.042864
pop_n800_t50,pop,800,50,watts_strogatz,ces,10,3,30,0.042942
pop_n800_t50,pop,800,50,watts_strogatz,ces,10,3,31,0.043427
pop_n800_t50,pop,800,50,watts_strogatz,ces,10,3,32,0.043015
pop_n800_t50,pop,800,50,watts_strogatz,ces,10,3,33,0.042959
pop_n800_t50,pop,800,50,watts_strogatz,ces,10,3,34,0.042943
pop_n800_t50,pop,800,50,watts_strogatz,ces,10,3,35,0.042817
pop_n800_t50,pop,800,50,watts_strogatz,ces,10,3,36,0.042980
pop_n800_t50,pop,800,50,watts_strogatz,ces,10,3,37,0.043106
pop_n800_t50,pop,800,50,watts_strogatz,ces,10,3,38,0.043173
pop_n800_t50,pop,800,50,watts_strogatz,ces,10,3,39,0.043344
pop_n800_t50,pop,800,50,watts_strogatz,ces,10,3,40,0.043224
pop_n800_t50,pop,800,50,watts_strogatz,ces,10,3,41,0.043165
pop_n800_t50,pop,800,50,watts_strogatz,ces,10,3,42,0.043098
pop_n800_t50,pop,800,50,watts_strogatz,ces,10,3,43,0.043160
pop_n800_t50,pop,800,50,watts_strogatz,ces,10,3,44,0.043287
pop_n800_t50,pop,800,50,watts_strogatz,ces,10,3,45,0.043235
pop_n800_t50,pop,800,50,watts_strogatz,ces,10,3,46,0.043325
pop_n800_t50,pop,800,50,watts_strogatz,ces,10,3,47,0.043332
pop_n800_t50,pop,800,50,watts_strogatz,ces,10,3,48,0.043192
pop_n800_t50,pop,800,50,watts_strogatz,ces,10,3,49,0.043338
pop_n800_t50,pop,800,50,watts_strogatz,ces,10,4,0,0.041539
pop_n800_t50,pop,800,50,watts_strogatz,ces,10,4,1,0.041245
pop_n800_t50,pop,800,50,watts_strogatz,ces,10,4,2,0.041308
pop_n800_t50,pop,800,50,watts_strogatz,ces,10,4,3,0.041225
pop_n800_t50,pop,800,50,watts_strogatz,ces,10,4,4,0.041584
pop_n800_t50,pop,800,50,watts_strogatz,ces,10,4,5,0.042640
pop_n800_t50,pop,800,50,watts_strogatz,ces,10,4,6,0.042159
pop_n800_t50,pop,800,50,watts_strogatz,ces,10,4,7,0.042263
pop_n800_t50,pop,800,50,watts_strogatz,ces,10,4,8,0.042472
pop_n800_t50,pop,800,50,watts_strogatz,ces,10,4,9,0.042594
pop_n800_t50,pop,800,50,watts_strogatz,ces,10,4,10,0.042874
pop_n800_t50,pop,800,50,watts_strogatz,ces,10,4,11,0.043325
pop_n800_t50,pop,800,50,watts_strogatz,ces,10,4,12,0.043038
pop_n800_t50,pop,800,50,watts_strogatz,ces,10,4,13,0.043033
pop_n800_t50,pop,800,50,watts_strogatz,ces,10,4,14,0.042992
pop_n800_t50,pop,800,50,watts_strogatz,ces,10,4,15,0.043118
pop_n800_t50,pop,800,50,watts_strogatz,ces,10,4,16,0.043315
pop_n800_t50,pop,800,50,watts_strogatz,ces,10,4,17,0.043495
pop_n800_t50,pop,800,50,watts_strogatz,ces,10,4,18,0.043425
pop_n800_t50,pop,800,50,watts_strogatz,ces,10,4,19,0.043452
pop_n800_t50,pop,800,50,watts_strogatz,ces,10,4,20,0.047233
pop_n800_t50,pop,800,50,watts_strogatz,ces,10,4,21,0.051497
pop_n800_t50,pop,800,50,watts_strogatz,ces,10,4,22,0.051640
pop_n800_t50,pop,800,50,watts_strogatz,ces,10,4,23,0.044851
pop_n800_t50,pop,800,50,watts_strogatz,ces,10,4,24,0.043538
pop_n800_t50,pop,800,50,watts_strogatz,ces,10,4,25,0.043596
pop_n800_t50,pop,800,50,watts_strogatz,ces,10,4,26,0.043740
pop_n800_t50,pop,800,50,watts_strogatz,ces,10,4,27,0.044008
pop_n800_t50,pop,800,50,watts_strogatz,ces,10,4,28,0.043859
pop_n800_t50,pop,800,50,watts_strogatz,ces,10,4,29,0.047744
pop_n800_t50,pop,800,50,watts_strogatz,ces,10,4,30,0.048441
pop_n800_t50,pop,800,50,watts_strogatz,ces,10,4,31,0.043875
pop_n800_t50,pop,800,50,watts_strogatz,ces,10,4,32,0.043944
pop_n800_t50,pop,800,50,watts_strogatz,ces,10,4,33,0.043797
pop_n800_t50,pop,800,50,watts_strogatz,ces,10,4,34,0.043880
pop_n800_t50,pop,800,50,watts_strogatz,ces,10,4,35,0.043887
pop_n800_t50,pop,800,50,watts_strogatz,ces,10,4,36,0.044029
pop_n800_t50,pop,800,50,watts_strogatz,ces,10,4,37,0.043959
pop_n800_t50,pop,800,50,watts_strogatz,ces,10,4,38,0.044066
pop_n800_t50,pop,800,50,watts_strogatz,ces,10,4,39,0.045356
pop_n800_t50,pop,800,50,watts_strogatz,ces,10,4,40,0.046477
pop_n800_t50,pop,800,50,watts_strogatz,ces,10,4,41,0.044449
pop_n800_t50,pop,800,50,watts_strogatz,ces,10,4,42,0.044216
pop_n800_t50,pop,800,50,watts_strogatz,ces,10,4,43,0.054051
pop_n800_t50,pop,800,50,watts_strogatz,ces,10,4,44,0.044376
pop_n800_t50,pop,800,50,watts_strogatz,ces,10,4,45,0.044505
pop_n800_t50,pop,800,50,watts_strogatz,ces,10,4,46,0.047501
pop_n800_t50,pop,800,50,watts_strogatz,ces,10,4,47,0.044601
pop_n800_t50,pop,800,50,watts_strogatz,ces,10,4,48,0.044231
pop_n800_t50,pop,800,50,watts_strogatz,ces,10,4,49,0.044361
pop_n800_t50,pop,800,50,watts_strogatz,ces,10,5,0,0.042029
pop_n800_t50,pop,800,50,watts_strogatz,ces,10,5,1,0.041691
pop_n800_t50,pop,800,50,watts_strogatz,ces,10,5,2,0.041955
pop_n800_t50,pop,800,50,watts_strogatz,ces,10,5,3,0.043162
pop_n800_t50,pop,800,50,watts_strogatz,ces,10,5,4,0.042279
pop_n800_t50,pop,800,50,watts_strogatz,ces,10,5,5,0.043049
pop_n800_t50,pop,800,50,watts_strogatz,ces,10,5,6,0.047015
pop_n800_t50,pop,800,50,watts_strogatz,ces,10,5,7,0.046564
pop_n800_t50,pop,800,50,watts_strogatz,ces,10,5,8,0.042970
pop_n800_t50,pop,800,50,watts_strogatz,ces,10,5,9,0.043292
pop_n800_t50,pop,800,50,watts_strogatz,ces,10,5,10,0.043109
pop_n800_t50,pop,800,50,watts_strogatz,ces,10,5,11,0.043178
pop_n800_t50,pop,800,50,watts_strogatz,ces,10,5,12,0.043286
pop_n800_t50,pop,800,50,watts_strogatz,ces,10,5,13,0.044087
pop_n800_t50,pop,800,50,watts_strogatz,ces,10,5,14,0.043559
pop_n800_t50,pop,800,50,watts_strogatz,ces,10,5,15,0.043461
pop_n800_t50,pop,800,50,watts_strogatz,ces,10,5,16,0.043692
pop_n800_t50,pop,800,50,watts_strogatz,ces,10,5,17,0.043674
pop_n800_t50,pop,800,50,watts_strogatz,ces,10,5,18,0.043644
pop_n800_t50,pop,800,50,watts_strogatz,ces,10,5,19,0.043693
pop_n800_t50,pop,800,50,watts_strogatz,ces,10,5,20,0.043781
pop_n800_t50,pop,800,50,watts_strogatz,ces,10,5,21,0.043632
pop_n800_t50,pop,800,50,watts_strogatz,ces,10,5,22,0.044148
pop_n800_t50,pop,800,50,watts_strogatz,ces,10,5,23,0.043835
pop_n800_t50,pop,800,50,watts_strogatz,ces,10,5,24,0.043953
pop_n800_t50,pop,800,50,watts_strogatz,ces,10,5,25,0.043907
pop_n800_t50,pop,800,50,watts_strogatz,ces,10,5,26,0.043903
pop_n800_t50,pop,800,50,watts_strogatz,ces,10,5,27,0.043876
pop_n800_t50,pop,800,50,watts_strogatz,ces,10,5,28,0.043912
pop_n800_t50,pop,800,50,watts_strogatz,ces,10,5,29,0.043864
pop_n800_t50,pop,800,50,watts_strogatz,ces,10,5,30,0.044002
pop_n800_t50,pop,800,50,watts_strogatz,ces,10,5,31,0.043908
pop_n800_t50,pop,800,50,watts_strogatz,ces,10,5,32,0.043990
pop_n800_t50,pop,800,50,watts_strogatz,ces,10,5,33,0.044004
pop_n800_t50,pop,800,50,watts_strogatz,ces,10,5,34,0.044060
pop_n800_t50,pop,800,50,watts_strogatz,ces,10,5,35,0.044107
pop_n800_t50,pop,800,50,watts_strogatz,ces,10,5,36,0.044078
pop_n800_t50,pop,800,50,watts_strogatz,ces,10,5,37,0.044080
pop_n800_t50,pop,800,50,watts_strogatz,ces,10,5,38,0.044177
pop_n800_t50,pop,800,50,watts_strogatz,ces,10,5,39,0.044144
pop_n800_t50,pop,800,50,watts_strogatz,ces,10,5,40,0.044222
pop_n800_t50,pop,800,50,watts_strogatz,ces,10,5,41,0.057902
pop_n800_t50,pop,800,50,watts_strogatz,ces,10,5,42,0.047284
pop_n800_t50,pop,800,50,watts_strogatz,ces,10,5,43,0.045377
pop_n800_t50,pop,800,50,watts_strogatz,ces,10,5,44,0.044240
pop_n800_t50,pop,800,50,watts_strogatz,ces,10,5,45,0.044037
pop_n800_t50,pop,800,50,watts_strogatz,ces,10,5,46,0.044163
pop_n800_t50,pop,800,50,watts_strogatz,ces,10,5,47,0.044015
pop_n800_t50,pop,800,50,watts_strogatz,ces,10,5,48,0.044331
pop_n800_t50,pop,800,50,watts_strogatz,ces,10,5,49,0.043872
pop_n800_t50,pop,800,50,watts_strogatz,ces,10,6,0,0.042081
pop_n800_t50,pop,800,50,watts_strogatz,ces,10,6,1,0.041925
pop_n800_t50,pop,800,50,watts_strogatz,ces,10,6,2,0.042143
pop_n800_t50,pop,800,50,watts_strogatz,ces,10,6,3,0.042467
pop_n800_t50,pop,800,50,watts_strogatz,ces,10,6,4,0.043047
pop_n800_t50,pop,800,50,watts_strogatz,ces,10,6,5,0.042682
pop_n800_t50,pop,800,50,watts_strogatz,ces,10,6,6,0.042652
pop_n800_t50,pop,800,50,watts_strogatz,ces,10,6,7,0.045194
pop_n800_t50,pop,800,50,watts_strogatz,ces,10,6,8,0.043059
pop_n800_t50,pop,800,50,watts_strogatz,ces,10,6,9,0.044867
pop_n800_t50,pop,800,50,watts_strogatz,ces,10,6,10,0.044039
pop_n800_t50,pop,800,50,watts_strogatz,ces,10,6,11,0.047517
pop_n800_t50,pop,800,50,watts_strogatz,ces,10,6,12,0.044367
pop_n800_t50,pop,800,50,watts_strogatz,ces,10,6,13,0.044811
pop_n800_t50,pop,800,50,watts_strogatz,ces,10,6,14,0.044752
pop_n800_t50,pop,800,50,watts_strogatz,ces,10,6,15,0.044473
pop_n800_t50,pop,800,50,watts_strogatz,ces,10,6,16,0.044534
pop_n800_t50,pop,800,50,watts_strogatz,ces,10,6,17,0.045372
pop_n800_t50,pop,800,50,watts_strogatz,ces,10,6,18,0.044940
pop_n800_t50,pop,800,50,watts_strogatz,ces,10,6,19,0.044704
pop_n800_t50,pop,800,50,watts_strogatz,ces,10,6,20,0.044916
pop_n800_t50,pop,800,50,watts_strogatz,ces,10,6,21,0.044987
pop_n800_t50,pop,800,50,watts_strogatz,ces,10,6,22,0.045067
pop_n800_t50,pop,800,50,watts_strogatz,ces,10,6,23,0.045123
pop_n800_t50,pop,800,50,watts_strogatz,ces,10,6,24,0.045255
pop_n800_t50,pop,800,50,watts_strogatz,ces,10,6,25,0.045071
pop_n800_t50,pop,800,50,watts_strogatz,ces,10,6,26,0.046910
pop_n800_t50,pop,800,50,watts_strogatz,ces,10,6,27,0.051333
pop_n800_t50,pop,800,50,watts_strogatz,ces,10,6,28,0.044973
pop_n800_t50,pop,800,50,watts_strogatz,ces,10,6,29,0.045036
pop_n800_t50,pop,800,50,watts_strogatz,ces,10,6,30,0.044884
pop_n800_t50,pop,800,50,watts_strogatz,ces,10,6,31,0.045675
pop_n800_t50,pop,800,50,watts_strogatz,ces,10,6,32,0.045005
pop_n800_t50,pop,800,50,watts_strogatz,ces,10,6,33,0.044713
pop_n800_t50,pop,800,50,watts_strogatz,ces,10,6,34,0.044881
pop_n800_t50,pop,800,50,watts_strogatz,ces,10,6,35,0.045027
pop_n800_t50,pop,800,50,watts_strogatz,ces,10,6,36,0.045187
pop_n800_t50,pop,800,50,watts_strogatz,ces,10,6,37,0.044919
pop_n800_t50,pop,800,50,watts_strogatz,ces,10,6,38,0.045077
pop_n800_t50,pop,800,50,watts_strogatz,ces,10,6,39,0.045903
pop_n800_t50,pop,800,50,watts_strogatz,ces,10,6,40,0.045998
pop_n800_t50,pop,800,50,watts_strogatz,ces,10,6,41,0.045525
pop_n800_t50,pop,800,50,watts_strogatz,ces,10,6,42,0.045636
pop_n800_t50,pop,800,50,watts_strogatz,ces,10,6,43,0.045805
pop_n800_t50,pop,800,50,watts_strogatz,ces,10,6,44,0.045461
pop_n800_t50,pop,800,50,watts_strogatz,ces,10,6,45,0.045623
pop_n800_t50,pop,800,50,watts_strogatz,ces,10,6,46,0.045507
pop_n800_t50,pop,800,50,watts_strogatz,ces,10,6,47,0.045492
pop_n800_t50,pop,800,50,watts_strogatz,ces,10,6,48,0.045532
pop_n800_t50,pop,800,50,watts_strogatz,ces,10,6,49,0.057668
pop_n800_t50,pop,800,50,watts_strogatz,ces,10,7,0,0.046056
pop_n800_t50,pop,800,50,watts_strogatz,ces,10,7,1,0.043347
pop_n800_t50,pop,800,50,watts_strogatz,ces,10,7,2,0.043325
pop_n800_t50,pop,800,50,watts_strogatz,ces,10,7,3,0.043580
pop_n800_t50,pop,800,50,watts_strogatz,ces,10,7,4,0.043486
pop_n800_t50,pop,800,50,watts_strogatz,ces,10,7,5,0.043536
pop_n800_t50,pop,800,50,watts_strogatz,ces,10,7,6,0.043488
pop_n800_t50,pop,800,50,watts_strogatz,ces,10,7,7,0.043665
pop_n800_t50,pop,800,50,watts_strogatz,ces,10,7,8,0.044036
pop_n800_t50,pop,800,50,watts_strogatz,ces,10,7,9,0.043824
pop_n800_t50,pop,800,50,watts_strogatz,ces,10,7,10,0.043939
pop_n800_t50,pop,800,50,watts_strogatz,ces,10,7,11,0.044487
pop_n800_t50,pop,800,50,watts_strogatz,ces,10,7,12,0.044527
pop_n800_t50,pop,800,50,watts_strogatz,ces,10,7,13,0.044166
pop_n800_t50,pop,800,50,watts_strogatz,ces,10,7,14,0.044341
pop_n800_t50,pop,800,50,watts_strogatz,ces,10,7,15,0.044459
pop_n800_t50,pop,800,50,watts_strogatz,ces,10,7,16,0.044578
pop_n800_t50,pop,800,50,watts_strogatz,ces,10,7,17,0.044449
pop_n800_t50,pop,800,50,watts_strogatz,ces,10,7,18,0.044821
pop_n800_t50,pop,800,50,watts_strogatz,ces,10,7,19,0.044865
pop_n800_t50,pop,800,50,watts_strogatz,ces,10,7,20,0.046779
pop_n800_t50,pop,800,50,watts_strogatz,ces,10,7,21,0.045003
pop_n800_t50,pop,800,50,watts_strogatz,ces,10,7,22,0.044727
pop_n800_t50,pop,800,50,watts_strogatz,ces,10,7,23,0.044662
pop_n800_t50,pop,800,50,watts_strogatz,ces,10,7,24,0.044701
pop_n800_t50,pop,800,50,watts_strogatz,ces,10,7,25,0.045390
pop_n800_t50,pop,800,50,watts_strogatz,ces,10,7,26,0.045074
pop_n800_t50,pop,800,50,watts_strogatz,ces,10,7,27,0.045004
pop_n800_t50,pop,800,50,watts_strogatz,ces,10,7,28,0.045355
pop_n800_t50,pop,800,50,watts_strogatz,ces,10,7,29,0.045307
pop_n800_t50,pop,800,50,watts_strogatz,ces,10,7,30,0.045309
pop_n800_t50,pop,800,50,watts_strogatz,ces,10,7,31,0.044908
pop_n800_t50,pop,800,50,watts_strogatz,ces,10,7,32,0.045243
pop_n800_t50,pop,800,50,watts_strogatz,ces,10,7,33,0.057992
pop_n800_t50,pop,800,50,watts_strogatz,ces,10,7,34,0.069649
pop_n800_t50,pop,800,50,watts_strogatz,ces,10,7,35,0.045871
pop_n800_t50,pop,800,50,watts_strogatz,ces,10,7,36,0.044916
pop_n800_t50,pop,800,50,watts_strogatz,ces,10,7,37,0.045369
pop_n800_t50,pop,800,50,watts_strogatz,ces,10,7,38,0.045118
pop_n800_t50,pop,800,50,watts_strogatz,ces,10,7,39,0.045222
pop_n800_t50,pop,800,50,watts_strogatz,ces,10,7,40,0.046740
pop_n800_t50,pop,800,50,watts_strogatz,ces,10,7,41,0.045524
pop_n800_t50,pop,800,50,watts_strogatz,ces,10,7,42,0.045439
pop_n800_t50,pop,800,50,watts_strogatz,ces,10,7,43,0.045989
pop_n800_t50,pop,800,50,watts_strogatz,ces,10,7,44,0.047310
pop_n800_t50,pop,800,50,watts_strogatz,ces,10,7,45,0.045665
pop_n800_t50,pop,800,50,watts_strogatz,ces,10,7,46,0.046100
pop_n800_t50,pop,800,50,watts_strogatz,ces,10,7,47,0.045950
pop_n800_t50,pop,800,50,watts_strogatz,ces,10,7,48,0.045636
pop_n800_t50,pop,800,50,watts_strogatz,ces,10,7,49,0.045628
pop_n800_t50,pop,800,50,watts_strogatz,ces,10,8,0,0.043543
pop_n800_t50,pop,800,50,watts_strogatz,ces,10,8,1,0.043496
pop_n800_t50,pop,800,50,watts_strogatz,ces,10,8,2,0.043783
pop_n800_t50,pop,800,50,watts_strogatz,ces,10,8,3,0.043793
pop_n800_t50,pop,800,50,watts_strogatz,ces,10,8,4,0.043441
pop_n800_t50,pop,800,50,watts_strogatz,ces,10,8,5,0.043914
pop_n800_t50,pop,800,50,watts_strogatz,ces,10,8,6,0.044107
pop_n800_t50,pop,800,50,watts_strogatz,ces,10,8,7,0.044093
pop_n800_t50,pop,800,50,watts_strogatz,ces,10,8,8,0.044367
pop_n800_t50,pop,800,50,watts_strogatz,ces,10,8,9,0.044044
pop_n800_t50,pop,800,50,watts_strogatz,ces,10,8,10,0.043905
pop_n800_t50,pop,800,50,watts_strogatz,ces,10,8,11,0.043950
pop_n800_t50,pop,800,50,watts_strogatz,ces,10,8,12,0.044237
pop_n800_t50,pop,800,50,watts_strogatz,ces,10,8,13,0.044123
pop_n800_t50,pop,800,50,watts_strogatz,ces,10,8,14,0.044537
pop_n800_t50,pop,800,50,watts_strogatz,ces,10,8,15,0.044582
pop_n800_t50,pop,800,50,watts_strogatz,ces,10,8,16,0.044587
pop_n800_t50,pop,800,50,watts_strogatz,ces,10,8,17,0.044332
pop_n800_t50,pop,800,50,watts_strogatz,ces,10,8,18,0.043979
pop_n800_t50,pop,800,50,watts_strogatz,ces,10,8,19,0.048179
pop_n800_t50,pop,800,50,watts_strogatz,ces,10,8,20,0.061521
pop_n800_t50,pop,800,50,watts_strogatz,ces,10,8,21,0.045090
pop_n800_t50,pop,800,50,watts_strogatz,ces,10,8,22,0.044803
pop_n800_t50,pop,800,50,watts_strogatz,ces,10,8,23,0.044980
pop_n800_t50,pop,800,50,watts_strogatz,ces,10,8,24,0.044803
pop_n800_t50,pop,800,50,watts_strogatz,ces,10,8,25,0.043265
pop_n800_t50,pop,800,50,watts_strogatz,ces,10,8,26,0.043472
pop_n800_t50,pop,800,50,watts_strogatz,ces,10,8,27,0.043438
pop_n800_t50,pop,800,50,watts_strogatz,ces,10,8,28,0.043726
pop_n800_t50,pop,800,50,watts_strogatz,ces,10,8,29,0.043849
pop_n800_t50,pop,800,50,watts_strogatz,ces,10,8,30,0.043785
pop_n800_t50,pop,800,50,watts_strogatz,ces,10,8,31,0.044099
pop_n800_t50,pop,800,50,watts_strogatz,ces,10,8,32,0.045226
pop_n800_t50,pop,800,50,watts_strogatz,ces,10,8,33,0.045123
pop_n800_t50,pop,800,50,watts_strogatz,ces,10,8,34,0.045260
pop_n800_t50,pop,800,50,watts_strogatz,ces,10,8,35,0.043698
pop_n800_t50,pop,800,50,watts_strogatz,ces,10,8,36,0.043825
pop_n800_t50,pop,800,50,watts_strogatz,ces,10,8,37,0.043478
pop_n800_t50,pop,800,50,watts_strogatz,ces,10,8,38,0.043617
pop_n800_t50,pop,800,50,watts_strogatz,ces,10,8,39,0.044066
pop_n800_t50,pop,800,50,watts_strogatz,ces,10,8,40,0.044367
pop_n800_t50,pop,800,50,watts_strogatz,ces,10,8,41,0.044134
pop_n800_t50,pop,800,50,watts_strogatz,ces,10,8,42,0.044074
pop_n800_t50,pop,800,50,watts_strogatz,ces,10,8,43,0.044266
pop_n800_t50,pop,800,50,watts_strogatz,ces,10,8,44,0.044141
pop_n800_t50,pop,800,50,watts_strogatz,ces,10,8,45,0.044286
pop_n800_t50,pop,800,50,watts_strogatz,ces,10,8,46,0.064031
pop_n800_t50,pop,800,50,watts_strogatz,ces,10,8,47,0.069762
pop_n800_t50,pop,800,50,watts_strogatz,ces,10,8,48,0.047042
pop_n800_t50,pop,800,50,watts_strogatz,ces,10,8,49,0.045860
net_none,net,100,20,none,ces,10,1,0,0.005465
net_none,net,100,20,none,ces,10,1,1,0.005443
net_none,net,100,20,none,ces,10,1,2,0.005488
net_none,net,100,20,none,ces,10,1,3,0.005422
net_none,net,100,20,none,ces,10,1,4,0.005446
net_none,net,100,20,none,ces,10,1,5,0.005480
net_none,net,100,20,none,ces,10,1,6,0.005456
net_none,net,100,20,none,ces,10,1,7,0.005481
net_none,net,100,20,none,ces,10,1,8,0.005531
net_none,net,100,20,none,ces,10,1,9,0.005498
net_none,net,100,20,none,ces,10,1,10,0.005513
net_none,net,100,20,none,ces,10,1,11,0.005575
net_none,net,100,20,none,ces,10,1,12,0.005555
net_none,net,100,20,none,ces,10,1,13,0.005561
net_none,net,100,20,none,ces,10,1,14,0.005597
net_none,net,100,20,none,ces,10,1,15,0.005572
net_none,net,100,20,none,ces,10,1,16,0.005619
net_none,net,100,20,none,ces,10,1,17,0.005623
net_none,net,100,20,none,ces,10,1,18,0.005587
net_none,net,100,20,none,ces,10,1,19,0.005592
net_none,net,100,20,none,ces,10,2,0,0.005463
net_none,net,100,20,none,ces,10,2,1,0.005433
net_none,net,100,20,none,ces,10,2,2,0.005464
net_none,net,100,20,none,ces,10,2,3,0.005490
net_none,net,100,20,none,ces,10,2,4,0.005490
net_none,net,100,20,none,ces,10,2,5,0.005480
net_none,net,100,20,none,ces,10,2,6,0.005504
net_none,net,100,20,none,ces,10,2,7,0.005488
net_none,net,100,20,none,ces,10,2,8,0.005493
net_none,net,100,20,none,ces,10,2,9,0.005521
net_none,net,100,20,none,ces,10,2,10,0.005496
net_none,net,100,20,none,ces,10,2,11,0.005496
net_none,net,100,20,none,ces,10,2,12,0.005538
net_none,net,100,20,none,ces,10,2,13,0.005547
net_none,net,100,20,none,ces,10,2,14,0.005533
net_none,net,100,20,none,ces,10,2,15,0.005569
net_none,net,100,20,none,ces,10,2,16,0.005556
net_none,net,100,20,none,ces,10,2,17,0.005540
net_none,net,100,20,none,ces,10,2,18,0.005599
net_none,net,100,20,none,ces,10,2,19,0.005598
net_none,net,100,20,none,ces,10,3,0,0.005420
net_none,net,100,20,none,ces,10,3,1,0.005438
net_none,net,100,20,none,ces,10,3,2,0.005432
net_none,net,100,20,none,ces,10,3,3,0.005416
net_none,net,100,20,none,ces,10,3,4,0.005488
net_none,net,100,20,none,ces,10,3,5,0.005479
net_none,net,100,20,none,ces,10,3,6,0.005504
net_none,net,100,20,none,ces,10,3,7,0.005521
net_none,net,100,20,none,ces,10,3,8,0.005516
net_none,net,100,20,none,ces,10,3,9,0.005506
net_none,net,100,20,none,ces,10,3,10,0.005549
net_none,net,100,20,none,ces,10,3,11,0.005574
net_none,net,100,20,none,ces,10,3,12,0.005843
net_none,net,100,20,none,ces,10,3,13,0.005651
net_none,net,100,20,none,ces,10,3,14,0.005604
net_none,net,100,20,none,ces,10,3,15,0.005586
net_none,net,100,20,none,ces,10,3,16,0.005611
net_none,net,100,20,none,ces,10,3,17,0.005628
net_none,net,100,20,none,ces,10,3,18,0.005646
net_none,net,100,20,none,ces,10,3,19,0.005643
net_none,net,100,20,none,ces,10,4,0,0.005849
net_none,net,100,20,none,ces,10,4,1,0.005485
net_none,net,100,20,none,ces,10,4,2,0.005489
net_none,net,100,20,none,ces,10,4,3,0.005498
net_none,net,100,20,none,ces,10,4,4,0.005494
net_none,net,100,20,none,ces,10,4,5,0.005510
net_none,net,100,20,none,ces,10,4,6,0.005533
net_none,net,100,20,none,ces,10,4,7,0.005554
net_none,net,100,20,none,ces,10,4,8,0.005579
net_none,net,100,20,none,ces,10,4,9,0.005596
net_none,net,100,20,none,ces,10,4,10,0.005565
net_none,net,100,20,none,ces,10,4,11,0.005573
net_none,net,100,20,none,ces,10,4,12,0.005573
net_none,net,100,20,none,ces,10,4,13,0.005576
net_none,net,100,20,none,ces,10,4,14,0.005602
net_none,net,100,20,none,ces,10,4,15,0.005613
net_none,net,100,20,none,ces,10,4,16,0.005622
net_none,net,100,20,none,ces,10,4,17,0.005625
net_none,net,100,20,none,ces,10,4,18,0.005633
net_none,net,100,20,none,ces,10,4,19,0.005630
net_none,net,100,20,none,ces,10,5,0,0.005443
net_none,net,100,20,none,ces,10,5,1,0.005438
net_none,net,100,20,none,ces,10,5,2,0.005455
net_none,net,100,20,none,ces,10,5,3,0.005465
net_none,net,100,20,none,ces,10,5,4,0.005511
net_none,net,100,20,none,ces,10,5,5,0.005488
net_none,net,100,20,none,ces,10,5,6,0.005513
net_none,net,100,20,none,ces,10,5,7,0.005545
net_none,net,100,20,none,ces,10,5,8,0.005541
net_none,net,100,20,none,ces,10,5,9,0.005534
net_none,net,100,20,none,ces,10,5,10,0.005550
net_none,net,100,20,none,ces,10,5,11,0.005553
net_none,net,100,20,none,ces,10,5,12,0.005549
net_none,net,100,20,none,ces,10,5,13,0.005561
net_none,net,100,20,none,ces,10,5,14,0.005572
net_none,net,100,20,none,ces,10,5,15,0.005582
net_none,net,100,20,none,ces,10,5,16,0.005598
net_none,net,100,20,none,ces,10,5,17,0.005559
net_none,net,100,20,none,ces,10,5,18,0.005553
net_none,net,100,20,none,ces,10,5,19,0.005576
net_none,net,100,20,none,ces,10,6,0,0.005413
net_none,net,100,20,none,ces,10,6,1,0.005425
net_none,net,100,20,none,ces,10,6,2,0.005441
net_none,net,100,20,none,ces,10,6,3,0.005422
net_none,net,100,20,none,ces,10,6,4,0.005457
net_none,net,100,20,none,ces,10,6,5,0.005512
net_none,net,100,20,none,ces,10,6,6,0.005480
net_none,net,100,20,none,ces,10,6,7,0.005517
net_none,net,100,20,none,ces,10,6,8,0.005539
net_none,net,100,20,none,ces,10,6,9,0.005520
net_none,net,100,20,none,ces,10,6,10,0.005572
net_none,net,100,20,none,ces,10,6,11,0.005588
net_none,net,100,20,none,ces,10,6,12,0.005559
net_none,net,100,20,none,ces,10,6,13,0.005958
net_none,net,100,20,none,ces,10,6,14,0.006193
net_none,net,100,20,none,ces,10,6,15,0.005627
net_none,net,100,20,none,ces,10,6,16,0.005623
net_none,net,100,20,none,ces,10,6,17,0.005618
net_none,net,100,20,none,ces,10,6,18,0.005577
net_none,net,100,20,none,ces,10,6,19,0.005574
net_none,net,100,20,none,ces,10,7,0,0.005383
net_none,net,100,20,none,ces,10,7,1,0.005372
net_none,net,100,20,none,ces,10,7,2,0.005402
net_none,net,100,20,none,ces,10,7,3,0.005423
net_none,net,100,20,none,ces,10,7,4,0.005428
net_none,net,100,20,none,ces,10,7,5,0.005408
net_none,net,100,20,none,ces,10,7,6,0.005433
net_none,net,100,20,none,ces,10,7,7,0.005454
net_none,net,100,20,none,ces,10,7,8,0.005477
net_none,net,100,20,none,ces,10,7,9,0.005489
net_none,net,100,20,none,ces,10,7,10,0.005505
net_none,net,100,20,none,ces,10,7,11,0.005518
net_none,net,100,20,none,ces,10,7,12,0.005528
net_none,net,100,20,none,ces,10,7,13,0.005540
net_none,net,100,20,none,ces,10,7,14,0.005550
net_none,net,100,20,none,ces,10,7,15,0.005551
net_none,net,100,20,none,ces,10,7,16,0.005547
net_none,net,100,20,none,ces,10,7,17,0.005557
net_none,net,100,20,none,ces,10,7,18,0.005565
net_none,net,100,20,none,ces,10,7,19,0.005553
net_none,net,100,20,none,ces,10,8,0,0.005375
net_none,net,100,20,none,ces,10,8,1,0.005399
net_none,net,100,20,none,ces,10,8,2,0.005410
net_none,net,100,20,none,ces,10,8,3,0.005435
net_none,net,100,20,none,ces,10,8,4,0.005449
net_none,net,100,20,none,ces,10,8,5,0.005460
net_none,net,100,20,none,ces,10,8,6,0.005494
net_none,net,100,20,none,ces,10,8,7,0.005508
net_none,net,100,20,none,ces,10,8,8,0.005509
net_none,net,100,20,none,ces,10,8,9,0.005500
net_none,net,100,20,none,ces,10,8,10,0.005509
net_none,net,100,20,none,ces,10,8,11,0.005512
net_none,net,100,20,none,ces,10,8,12,0.005546
net_none,net,100,20,none,ces,10,8,13,0.005563
net_none,net,100,20,none,ces,10,8,14,0.005559
net_none,net,100,20,none,ces,10,8,15,0.005560
net_none,net,100,20,none,ces,10,8,16,0.005584
net_none,net,100,20,none,ces,10,8,17,0.005563
net_none,net,100,20,none,ces,10,8,18,0.005580
net_none,net,100,20,none,ces,10,8,19,0.005585
net_watts_strogatz,net,100,20,watts_strogatz,ces,10,1,0,0.005069
net_watts_strogatz,net,100,20,watts_strogatz,ces,10,1,1,0.005049
net_watts_strogatz,net,100,20,watts_strogatz,ces,10,1,2,0.005078
net_watts_strogatz,net,100,20,watts_strogatz,ces,10,1,3,0.005090
net_watts_strogatz,net,100,20,watts_strogatz,ces,10,1,4,0.005095
net_watts_strogatz,net,100,20,watts_strogatz,ces,10,1,5,0.005109
net_watts_strogatz,net,100,20,watts_strogatz,ces,10,1,6,0.005223
net_watts_strogatz,net,100,20,watts_strogatz,ces,10,1,7,0.005168
net_watts_strogatz,net,100,20,watts_strogatz,ces,10,1,8,0.005157
net_watts_strogatz,net,100,20,watts_strogatz,ces,10,1,9,0.005155
net_watts_strogatz,net,100,20,watts_strogatz,ces,10,1,10,0.005212
net_watts_strogatz,net,100,20,watts_strogatz,ces,10,1,11,0.005173
net_watts_strogatz,net,100,20,watts_strogatz,ces,10,1,12,0.005173
net_watts_strogatz,net,100,20,watts_strogatz,ces,10,1,13,0.005182
net_watts_strogatz,net,100,20,watts_strogatz,ces,10,1,14,0.005207
net_watts_strogatz,net,100,20,watts_strogatz,ces,10,1,15,0.005233
net_watts_strogatz,net,100,20,watts_strogatz,ces,10,1,16,0.005214
net_watts_strogatz,net,100,20,watts_strogatz,ces,10,1,17,0.005203
net_watts_strogatz,net,100,20,watts_strogatz,ces,10,1,18,0.005229
net_watts_strogatz,net,100,20,watts_strogatz,ces,10,1,19,0.006043
net_watts_strogatz,net,100,20,watts_strogatz,ces,10,2,0,0.005113
net_watts_strogatz,net,100,20,watts_strogatz,ces,10,2,1,0.005073
net_watts_strogatz,net,100,20,watts_strogatz,ces,10,2,2,0.005058
net_watts_strogatz,net,100,20,watts_strogatz,ces,10,2,3,0.005125
net_watts_strogatz,net,100,20,watts_strogatz,ces,10,2,4,0.005102
net_watts_strogatz,net,100,20,watts_strogatz,ces,10,2,5,0.005156
net_watts_strogatz,net,100,20,watts_strogatz,ces,10,2,6,0.005164
net_watts_strogatz,net,100,20,watts_strogatz,ces,10,2,7,0.005141
net_watts_strogatz,net,100,20,watts_strogatz,ces,10,2,8,0.005192
net_watts_strogatz,net,100,20,watts_strogatz,ces,10,2,9,0.005198
net_watts_strogatz,net,100,20,watts_strogatz,ces,10,2,10,0.005176
net_watts_strogatz,net,100,20,watts_strogatz,ces,10,2,11,0.005210
net_watts_strogatz,net,100,20,watts_strogatz,ces,10,2,12,0.005192
net_watts_strogatz,net,100,20,watts_strogatz,ces,10,2,13,0.005237
net_watts_strogatz,net,100,20,watts_strogatz,ces,10,2,14,0.005208
net_watts_strogatz,net,100,20,watts_strogatz,ces,10,2,15,0.005242
net_watts_strogatz,net,100,20,watts_strogatz,ces,10,2,16,0.005255
net_watts_strogatz,net,100,20,watts_strogatz,ces,10,2,17,0.005254
net_watts_strogatz,net,100,20,watts_strogatz,ces,10,2,18,0.005249
net_watts_strogatz,net,100,20,watts_strogatz,ces,10,2,19,0.005266
net_watts_strogatz,net,100,20,watts_strogatz,ces,10,3,0,0.005115
net_watts_strogatz,net,100,20,watts_strogatz,ces,10,3,1,0.005067
net_watts_strogatz,net,100,20,watts_strogatz,ces,10,3,2,0.005085
net_watts_strogatz,net,100,20,watts_strogatz,ces,10,3,3,0.005099
net_watts_strogatz,net,100,20,watts_strogatz,ces,10,3,4,0.005193
net_watts_strogatz,net,100,20,watts_strogatz,ces,10,3,5,0.005129
net_watts_strogatz,net,100,20,watts_strogatz,ces,10,3,6,0.005140
net_watts_strogatz,net,100,20,watts_strogatz,ces,10,3,7,0.005186
net_watts_strogatz,net,100,20,watts_strogatz,ces,10,3,8,0.005180
net_watts_strogatz,net,100,20,watts_strogatz,ces,10,3,9,0.005173
net_watts_strogatz,net,100,20,watts_strogatz,ces,10,3,10,0.005182
net_watts_strogatz,net,100,20,watts_strogatz,ces,10,3,11,0.005208
net_watts_strogatz,net,100,20,watts_strogatz,ces,10,3,12,0.005202
net_watts_strogatz,net,100,20,watts_strogatz,ces,10,3,13,0.005215
net_watts_strogatz,net,100,20,watts_strogatz,ces,10,3,14,0.005204
net_watts_strogatz,net,100,20,watts_strogatz,ces,10,3,15,0.005229
net_watts_strogatz,net,100,20,watts_strogatz,ces,10,3,16,0.005234
net_watts_strogatz,net,100,20,watts_strogatz,ces,10,3,17,0.005203
net_watts_strogatz,net,100,20,watts_strogatz,ces,10,3,18,0.005247
net_watts_strogatz,net,100,20,watts_strogatz,ces,10,3,19,0.005258
net_watts_strogatz,net,100,20,watts_strogatz,ces,10,4,0,0.005077
net_watts_strogatz,net,100,20,watts_strogatz,ces,10,4,1,0.005068
net_watts_strogatz,net,100,20,watts_strogatz,ces,10,4,2,0.005063
net_watts_strogatz,net,100,20,watts_strogatz,ces,10,4,3,0.005098
net_watts_strogatz,net,100,20,watts_strogatz,ces,10,4,4,0.005104
net_watts_strogatz,net,100,20,watts_strogatz,ces,10,4,5,0.005124
net_watts_strogatz,net,100,20,watts_strogatz,ces,10,4,6,0.005147
net_watts_strogatz,net,100,20,watts_strogatz,ces,10,4,7,0.005145
net_watts_strogatz,net,100,20,watts_strogatz,ces,10,4,8,0.005147
net_watts_strogatz,net,100,20,watts_strogatz,ces,10,4,9,0.005161
net_watts_strogatz,net,100,20,watts_strogatz,ces,10,4,10,0.005219
net_watts_strogatz,net,100,20,watts_strogatz,ces,10,4,11,0.005184
net_watts_strogatz,net,100,20,watts_strogatz,ces,10,4,12,0.005200
net_watts_strogatz,net,100,20,watts_strogatz,ces,10,4,13,0.005219
net_watts_strogatz,net,100,20,watts_strogatz,ces,10,4,14,0.005221
net_watts_strogatz,net,100,20,watts_strogatz,ces,10,4,15,0.005213
net_watts_strogatz,net,100,20,watts_strogatz,ces,10,4,16,0.005206
net_watts_strogatz,net,100,20,watts_strogatz,ces,10,4,17,0.005226
net_watts_strogatz,net,100,20,watts_strogatz,ces,10,4,18,0.005250
net_watts_strogatz,net,100,20,watts_strogatz,ces,10,4,19,0.005226
net_watts_strogatz,net,100,20,watts_strogatz,ces,10,5,0,0.005076
net_watts_strogatz,net,100,20,watts_strogatz,ces,10,5,1,0.005040
net_watts_strogatz,net,100,20,watts_strogatz,ces,10,5,2,0.005095
net_watts_strogatz,net,100,20,watts_strogatz,ces,10,5,3,0.005110
net_watts_strogatz,net,100,20,watts_strogatz,ces,10,5,4,0.005117
net_watts_strogatz,net,100,20,watts_strogatz,ces,10,5,5,0.005123
net_watts_strogatz,net,100,20,watts_strogatz,ces,10,5,6,0.005119
net_watts_strogatz,net,100,20,watts_strogatz,ces,10,5,7,0.005140
net_watts_strogatz,net,100,20,watts_strogatz,ces,10,5,8,0.005157
net_watts_strogatz,net,100,20,watts_strogatz,ces,10,5,9,0.005158
net_watts_strogatz,net,100,20,watts_strogatz,ces,10,5,10,0.005174
net_watts_strogatz,net,100,20,watts_strogatz,ces,10,5,11,0.005151
net_watts_strogatz,net,100,20,watts_strogatz,ces,10,5,12,0.005176
net_watts_strogatz,net,100,20,watts_strogatz,ces,10,5,13,0.005197
net_watts_strogatz,net,100,20,watts_strogatz,ces,10,5,14,0.005193
net_watts_strogatz,net,100,20,watts_strogatz,ces,10,5,15,0.005194
net_watts_strogatz,net,100,20,watts_strogatz,ces,10,5,16,0.005226
net_watts_strogatz,net,100,20,watts_strogatz,ces,10,5,17,0.005230
net_watts_strogatz,net,100,20,watts_strogatz,ces,10,5,18,0.005219
net_watts_strogatz,net,100,20,watts_strogatz,ces,10,5,19,0.005202
net_watts_strogatz,net,100,20,watts_strogatz,ces,10,6,0,0.005054
net_watts_strogatz,net,100,20,watts_strogatz,ces,10,6,1,0.005074
net_watts_strogatz,net,100,20,watts_strogatz,ces,10,6,2,0.005064
net_watts_strogatz,net,100,20,watts_strogatz,ces,10,6,3,0.005091
net_watts_strogatz,net,100,20,watts_strogatz,ces,10,6,4,0.005111
net_watts_strogatz,net,100,20,watts_strogatz,ces,10,6,5,0.005128
net_watts_strogatz,net,100,20,watts_strogatz,ces,10,6,6,0.005122
net_watts_strogatz,net,100,20,watts_strogatz,ces,10,6,7,0.005165
net_watts_strogatz,net,100,20,watts_strogatz,ces,10,6,8,0.005159
net_watts_strogatz,net,100,20,watts_strogatz,ces,10,6,9,0.005160
net_watts_strogatz,net,100,20,watts_strogatz,ces,10,6,10,0.005195
net_watts_strogatz,net,100,20,watts_strogatz,ces,10,6,11,0.005175
net_watts_strogatz,net,100,20,watts_strogatz,ces,10,6,12,0.005188
net_watts_strogatz,net,100,20,watts_strogatz,ces,10,6,13,0.005202
net_watts_strogatz,net,100,20,watts_strogatz,ces,10,6,14,0.005192
net_watts_strogatz,net,100,20,watts_strogatz,ces,10,6,15,0.005197
net_watts_strogatz,net,100,20,watts_strogatz,ces,10,6,16,0.005208
net_watts_strogatz,net,100,20,watts_strogatz,ces,10,6,17,0.005212
net_watts_strogatz,net,100,20,watts_strogatz,ces,10,6,18,0.005214
net_watts_strogatz,net,100,20,watts_strogatz,ces,10,6,19,0.005241
net_watts_strogatz,net,100,20,watts_strogatz,ces,10,7,0,0.005082
net_watts_strogatz,net,100,20,watts_strogatz,ces,10,7,1,0.005051
net_watts_strogatz,net,100,20,watts_strogatz,ces,10,7,2,0.005071
net_watts_strogatz,net,100,20,watts_strogatz,ces,10,7,3,0.005084
net_watts_strogatz,net,100,20,watts_strogatz,ces,10,7,4,0.005096
net_watts_strogatz,net,100,20,watts_strogatz,ces,10,7,5,0.005123
net_watts_strogatz,net,100,20,watts_strogatz,ces,10,7,6,0.005145
net_watts_strogatz,net,100,20,watts_strogatz,ces,10,7,7,0.005142
net_watts_strogatz,net,100,20,watts_strogatz,ces,10,7,8,0.005157
net_watts_strogatz,net,100,20,watts_strogatz,ces,10,7,9,0.005170
net_watts_strogatz,net,100,20,watts_strogatz,ces,10,7,10,0.005183
net_watts_strogatz,net,100,20,watts_strogatz,ces,10,7,11,0.005193
net_watts_strogatz,net,100,20,watts_strogatz,ces,10,7,12,0.005177
net_watts_strogatz,net,100,20,watts_strogatz,ces,10,7,13,0.005198
net_watts_strogatz,net,100,20,watts_strogatz,ces,10,7,14,0.005220
net_watts_strogatz,net,100,20,watts_strogatz,ces,10,7,15,0.005243
net_watts_strogatz,net,100,20,watts_strogatz,ces,10,7,16,0.005231
net_watts_strogatz,net,100,20,watts_strogatz,ces,10,7,17,0.005195
net_watts_strogatz,net,100,20,watts_strogatz,ces,10,7,18,0.005212
net_watts_strogatz,net,100,20,watts_strogatz,ces,10,7,19,0.005210
net_watts_strogatz,net,100,20,watts_strogatz,ces,10,8,0,0.005082
net_watts_strogatz,net,100,20,watts_strogatz,ces,10,8,1,0.005083
net_watts_strogatz,net,100,20,watts_strogatz,ces,10,8,2,0.005106
net_watts_strogatz,net,100,20,watts_strogatz,ces,10,8,3,0.005084
net_watts_strogatz,net,100,20,watts_strogatz,ces,10,8,4,0.005113
net_watts_strogatz,net,100,20,watts_strogatz,ces,10,8,5,0.005119
net_watts_strogatz,net,100,20,watts_strogatz,ces,10,8,6,0.005155
net_watts_strogatz,net,100,20,watts_strogatz,ces,10,8,7,0.005144
net_watts_strogatz,net,100,20,watts_strogatz,ces,10,8,8,0.005152
net_watts_strogatz,net,100,20,watts_strogatz,ces,10,8,9,0.005158
net_watts_strogatz,net,100,20,watts_strogatz,ces,10,8,10,0.005166
net_watts_strogatz,net,100,20,watts_strogatz,ces,10,8,11,0.005176
net_watts_strogatz,net,100,20,watts_strogatz,ces,10,8,12,0.005182
net_watts_strogatz,net,100,20,watts_strogatz,ces,10,8,13,0.005210
net_watts_strogatz,net,100,20,watts_strogatz,ces,10,8,14,0.005198
net_watts_strogatz,net,100,20,watts_strogatz,ces,10,8,15,0.005211
net_watts_strogatz,net,100,20,watts_strogatz,ces,10,8,16,0.005203
net_watts_strogatz,net,100,20,watts_strogatz,ces,10,8,17,0.005211
net_watts_strogatz,net,100,20,watts_strogatz,ces,10,8,18,0.005252
net_watts_strogatz,net,100,20,watts_strogatz,ces,10,8,19,0.005238
net_random,net,100,20,random,ces,10,1,0,0.005083
net_random,net,100,20,random,ces,10,1,1,0.005129
net_random,net,100,20,random,ces,10,1,2,0.005079
net_random,net,100,20,random,ces,10,1,3,0.005109
net_random,net,100,20,random,ces,10,1,4,0.005156
net_random,net,100,20,random,ces,10,1,5,0.005160
net_random,net,100,20,random,ces,10,1,6,0.005178
net_random,net,100,20,random,ces,10,1,7,0.005179
net_random,net,100,20,random,ces,10,1,8,0.005253
net_random,net,100,20,random,ces,10,1,9,0.005213
net_random,net,100,20,random,ces,10,1,10,0.005251
net_random,net,100,20,random,ces,10,1,11,0.005245
net_random,net,100,20,random,ces,10,1,12,0.005258
net_random,net,100,20,random,ces,10,1,13,0.005279
net_random,net,100,20,random,ces,10,1,14,0.005297
net_random,net,100,20,random,ces,10,1,15,0.005287
net_random,net,100,20,random,ces,10,1,16,0.005290
net_random,net,100,20,random,ces,10,1,17,0.005311
net_random,net,100,20,random,ces,10,1,18,0.005287
net_random,net,100,20,random,ces,10,1,19,0.005316
net_random,net,100,20,random,ces,10,2,0,0.005112
net_random,net,100,20,random,ces,10,2,1,0.005140
net_random,net,100,20,random,ces,10,2,2,0.005118
net_random,net,100,20,random,ces,10,2,3,0.005121
net_random,net,100,20,random,ces,10,2,4,0.005155
net_random,net,100,20,random,ces,10,2,5,0.005178
net_random,net,100,20,random,ces,10,2,6,0.005181
net_random,net,100,20,random,ces,10,2,7,0.005191
net_random,net,100,20,random,ces,10,2,8,0.005212
net_random,net,100,20,random,ces,10,2,9,0.005218
net_random,net,100,20,random,ces,10,2,10,0.005225
net_random,net,100,20,random,ces,10,2,11,0.005239
net_random,net,100,20,random,ces,10,2,12,0.005254
net_random,net,100,20,random,ces,10,2,13,0.005265
net_random,net,100,20,random,ces,10,2,14,0.005242
net_random,net,100,20,random,ces,10,2,15,0.005264
net_random,net,100,20,random,ces,10,2,16,0.005286
net_random,net,100,20,random,ces,10,2,17,0.005283
net_random,net,100,20,random,ces,10,2,18,0.005291
net_random,net,100,20,random,ces,10,2,19,0.005288
net_random,net,100,20,random,ces,10,3,0,0.005110
net_random,net,100,20,random,ces,10,3,1,0.005107
net_random,net,100,20,random,ces,10,3,2,0.005102
net_random,net,100,20,random,ces,10,3,3,0.005133
net_random,net,100,20,random,ces,10,3,4,0.005160
net_random,net,100,20,random,ces,10,3,5,0.005159
net_random,net,100,20,random,ces,10,3,6,0.005161
net_random,net,100,20,random,ces,10,3,7,0.005196
net_random,net,100,20,random,ces,10,3,8,0.005196
net_random,net,100,20,random,ces,10,3,9,0.005192
net_random,net,100,20,random,ces,10,3,10,0.005245
net_random,net,100,20,random,ces,10,3,11,0.005228
net_random,net,100,20,random,ces,10,3,12,0.005231
net_random,net,100,20,random,ces,10,3,13,0.005242
net_random,net,100,20,random,ces,10,3,14,0.005256
net_random,net,100,20,random,ces,10,3,15,0.005261
net_random,net,100,20,random,ces,10,3,16,0.005298
net_random,net,100,20,random,ces,10,3,17,0.005285
net_random,net,100,20,random,ces,10,3,18,0.005272
net_random,net,100,20,random,ces,10,3,19,0.005284
net_random,net,100,20,random,ces,10,4,0,0.005117
net_random,net,100,20,random,ces,10,4,1,0.005121
net_random,net,100,20,random,ces,10,4,2,0.005125
net_random,net,100,20,random,ces,10,4,3,0.005118
net_random,net,100,20,random,ces,10,4,4,0.005121
net_random,net,100,20,random,ces,10,4,5,0.005153
net_random,net,100,20,random,ces,10,4,6,0.005181
net_random,net,100,20,random,ces,10,4,7,0.005165
net_random,net,100,20,random,ces,10,4,8,0.005188
net_random,net,100,20,random,ces,10,4,9,0.005214
net_random,net,100,20,random,ces,10,4,10,0.005223
net_random,net,100,20,random,ces,10,4,11,0.005222
net_random,net,100,20,random,ces,10,4,12,0.005214
net_random,net,100,20,random,ces,10,4,13,0.005245
net_random,net,100,20,random,ces,10,4,14,0.005256
net_random,net,100,20,random,ces,10,4,15,0.005245
net_random,net,100,20,random,ces,10,4,16,0.005268
net_random,net,100,20,random,ces,10,4,17,0.005276
net_random,net,100,20,random,ces,10,4,18,0.005290
net_random,net,100,20,random,ces,10,4,19,0.005278
net_random,net,100,20,random,ces,10,5,0,0.005076
net_random,net,100,20,random,ces,10,5,1,0.005097
net_random,net,100,20,random,ces,10,5,2,0.005104
net_random,net,100,20,random,ces,10,5,3,0.005102
net_random,net,100,20,random,ces,10,5,4,0.005145
net_random,net,100,20,random,ces,10,5,5,0.005142
net_random,net,100,20,random,ces,10,5,6,0.005169
net_random,net,100,20,random,ces,10,5,7,0.005173
net_random,net,100,20,random,ces,10,5,8,0.005199
net_random,net,100,20,random,ces,10,5,9,0.005220
net_random,net,100,20,random,ces,10,5,10,0.005209
net_random,net,100,20,random,ces,10,5,11,0.005240
net_random,net,100,20,random,ces,10,5,12,0.005238
net_random,net,100,20,random,ces,10,5,13,0.005246
net_random,net,100,20,random,ces,10,5,14,0.005233
net_random,net,100,20,random,ces,10,5,15,0.005273
net_random,net,100,20,random,ces,10,5,16,0.005244
net_random,net,100,20,random,ces,10,5,17,0.005306
net_random,net,100,20,random,ces,10,5,18,0.005263
net_random,net,100,20,random,ces,10,5,19,0.005268
net_random,net,100,20,random,ces,10,6,0,0.005085
net_random,net,100,20,random,ces,10,6,1,0.005122
net_random,net,100,20,random,ces,10,6,2,0.005119
net_random,net,100,20,random,ces,10,6,3,0.005108
net_random,net,100,20,random,ces,10,6,4,0.005128
net_random,net,100,20,random,ces,10,6,5,0.005135
net_random,net,100,20,random,ces,10,6,6,0.005173
net_random,net,100,20,random,ces,10,6,7,0.005184
net_random,net,100,20,random,ces,10,6,8,0.005205
net_random,net,100,20,random,ces,10,6,9,0.005187
net_random,net,100,20,random,ces,10,6,10,0.005224
net_random,net,100,20,random,ces,10,6,11,0.005206
net_random,net,100,20,random,ces,10,6,12,0.005240
net_random,net,100,20,random,ces,10,6,13,0.005242
net_random,net,100,20,random,ces,10,6,14,0.005223
net_random,net,100,20,random,ces,10,6,15,0.005257
net_random,net,100,20,random,ces,10,6,16,0.005264
net_random,net,100,20,random,ces,10,6,17,0.005268
net_random,net,100,20,random,ces,10,6,18,0.005268
net_random,net,100,20,random,ces,10,6,19,0.005286
net_random,net,100,20,random,ces,10,7,0,0.005103
net_random,net,100,20,random,ces,10,7,1,0.005116
net_random,net,100,20,random,ces,10,7,2,0.005111
net_random,net,100,20,random,ces,10,7,3,0.005134
net_random,net,100,20,random,ces,10,7,4,0.005123
net_random,net,100,20,random,ces,10,7,5,0.005136
net_random,net,100,20,random,ces,10,7,6,0.005162
net_random,net,100,20,random,ces,10,7,7,0.005189
net_random,net,100,20,random,ces,10,7,8,0.005205
net_random,net,100,20,random,ces,10,7,9,0.005213
net_random,net,100,20,random,ces,10,7,10,0.005206
net_random,net,100,20,random,ces,10,7,11,0.005185
net_random,net,100,20,random,ces,10,7,12,0.005228
net_random,net,100,20,random,ces,10,7,13,0.005220
net_random,net,100,20,random,ces,10,7,14,0.005248
net_random,net,100,20,random,ces,10,7,15,0.005266
net_random,net,100,20,random,ces,10,7,16,0.005267
net_random,net,100,20,random,ces,10,7,17,0.005307
net_random,net,100,20,random,ces,10,7,18,0.005264
net_random,net,100,20,random,ces,10,7,19,0.005265
net_random,net,100,20,random,ces,10,8,0,0.005105
net_random,net,100,20,random,ces,10,8,1,0.005105
net_random,net,100,20,random,ces,10,8,2,0.005102
net_random,net,100,20,random,ces,10,8,3,0.005105
net_random,net,100,20,random,ces,10,8,4,0.005111
net_random,net,100,20,random,ces,10,8,5,0.005143
net_random,net,100,20,random,ces,10,8,6,0.005166
net_random,net,100,20,random,ces,10,8,7,0.005169
net_random,net,100,20,random,ces,10,8,8,0.005223
net_random,net,100,20,random,ces,10,8,9,0.005192
net_random,net,100,20,random,ces,10,8,10,0.005194
net_random,net,100,20,random,ces,10,8,11,0.005202
net_random,net,100,20,random,ces,10,8,12,0.005240
net_random,net,100,20,random,ces,10,8,13,0.005255
net_random,net,100,20,random,ces,10,8,14,0.005288
net_random,net,100,20,random,ces,10,8,15,0.005376
net_random,net,100,20,random,ces,10,8,16,0.005377
net_random,net,100,20,random,ces,10,8,17,0.005350
net_random,net,100,20,random,ces,10,8,18,0.005326
net_random,net,100,20,random,ces,10,8,19,0.005294
net_preferential_attachment,net,100,20,preferential_attachment,ces,10,1,0,0.005112
net_preferential_attachment,net,100,20,preferential_attachment,ces,10,1,1,0.005097
net_preferential_attachment,net,100,20,preferential_attachment,ces,10,1,2,0.005111
net_preferential_attachment,net,100,20,preferential_attachment,ces,10,1,3,0.005131
net_preferential_attachment,net,100,20,preferential_attachment,ces,10,1,4,0.005162
net_preferential_attachment,net,100,20,preferential_attachment,ces,10,1,5,0.005200
net_preferential_attachment,net,100,20,preferential_attachment,ces,10,1,6,0.005208
net_preferential_attachment,net,100,20,preferential_attachment,ces,10,1,7,0.005232
net_preferential_attachment,net,100,20,preferential_attachment,ces,10,1,8,0.005234
net_preferential_attachment,net,100,20,preferential_attachment,ces,10,1,9,0.005234
net_preferential_attachment,net,100,20,preferential_attachment,ces,10,1,10,0.005249
net_preferential_attachment,net,100,20,preferential_attachment,ces,10,1,11,0.005290
net_preferential_attachment,net,100,20,preferential_attachment,ces,10,1,12,0.005273
net_preferential_attachment,net,100,20,preferential_attachment,ces,10,1,13,0.005312
net_preferential_attachment,net,100,20,preferential_attachment,ces,10,1,14,0.005292
net_preferential_attachment,net,100,20,preferential_attachment,ces,10,1,15,0.005307
net_preferential_attachment,net,100,20,preferential_attachment,ces,10,1,16,0.005336
net_preferential_attachment,net,100,20,preferential_attachment,ces,10,1,17,0.005351
net_preferential_attachment,net,100,20,preferential_attachment,ces,10,1,18,0.005354
net_preferential_attachment,net,100,20,preferential_attachment,ces,10,1,19,0.005380
net_preferential_attachment,net,100,20,preferential_attachment,ces,10,2,0,0.005110
net_preferential_attachment,net,100,20,preferential_attachment,ces,10,2,1,0.005083
net_preferential_attachment,net,100,20,preferential_attachment,ces,10,2,2,0.005113
net_preferential_attachment,net,100,20,preferential_attachment,ces,10,2,3,0.005161
net_preferential_attachment,net,100,20,preferential_attachment,ces,10,2,4,0.005158
net_preferential_attachment,net,100,20,preferential_attachment,ces,10,2,5,0.005177
net_preferential_attachment,net,100,20,preferential_attachment,ces,10,2,6,0.005228
net_preferential_attachment,net,100,20,preferential_attachment,ces,10,2,7,0.005218
net_preferential_attachment,net,100,20,preferential_attachment,ces,10,2,8,0.005219
net_preferential_attachment,net,100,20,preferential_attachment,ces,10,2,9,0.005254
net_preferential_attachment,net,100,20,preferential_attachment,ces,10,2,10,0.005244
net_preferential_attachment,net,100,20,preferential_attachment,ces,10,2,11,0.005282
net_preferential_attachment,net,100,20,preferential_attachment,ces,10,2,12,0.005265
net_preferential_attachment,net,100,20,preferential_attachment,ces,10,2,13,0.005376
net_preferential_attachment,net,100,20,preferential_attachment,ces,10,2,14,0.005343
net_preferential_attachment,net,100,20,preferential_attachment,ces,10,2,15,0.005316
net_preferential_attachment,net,100,20,preferential_attachment,ces,10,2,16,0.005330
net_preferential_attachment,net,100,20,preferential_attachment,ces,10,2,17,0.005354
net_preferential_attachment,net,100,20,preferential_attachment,ces,10,2,18,0.005362
net_preferential_attachment,net,100,20,preferential_attachment,ces,10,2,19,0.005372
net_preferential_attachment,net,100,20,preferential_attachment,ces,10,3,0,0.005086
net_preferential_attachment,net,100,20,preferential_attachment,ces,10,3,1,0.005100
net_preferential_attachment,net,100,20,preferential_attachment,ces,10,3,2,0.005133
net_preferential_attachment,net,100,20,preferential_attachment,ces,10,3,3,0.005136
net_preferential_attachment,net,100,20,preferential_attachment,ces,10,3,4,0.005175
net_preferential_attachment,net,100,20,preferential_attachment,ces,10,3,5,0.005177
net_preferential_attachment,net,100,20,preferential_attachment,ces,10,3,6,0.005198
net_preferential_attachment,net,100,20,preferential_attachment,ces,10,3,7,0.005236
net_preferential_attachment,net,100,20,preferential_attachment,ces,10,3,8,0.005270
net_preferential_attachment,net,100,20,preferential_attachment,ces,10,3,9,0.005257
net_preferential_attachment,net,100,20,preferential_attachment,ces,10,3,10,0.005265
net_preferential_attachment,net,100,20,preferential_attachment,ces,10,3,11,0.005293
net_preferential_attachment,net,100,20,preferential_attachment,ces,10,3,12,0.005284
net_preferential_attachment,net,100,20,preferential_attachment,ces,10,3,13,0.005289
net_preferential_attachment,net,100,20,preferential_attachment,ces,10,3,14,0.005312
net_preferential_attachment,net,100,20,preferential_attachment,ces,10,3,15,0.005328
net_preferential_attachment,net,100,20,preferential_attachment,ces,10,3,16,0.005341
net_preferential_attachment,net,100,20,preferential_attachment,ces,10,3,17,0.005341
net_preferential_attachment,net,100,20,preferential_attachment,ces,10,3,18,0.005389
net_preferential_attachment,net,100,20,preferential_attachment,ces,10,3,19,0.005381
net_preferential_attachment,net,100,20,preferential_attachment,ces,10,4,0,0.005065
net_preferential_attachment,net,100,20,preferential_attachment,ces,10,4,1,0.005106
net_preferential_attachment,net,100,20,preferential_attachment,ces,10,4,2,0.005117
net_preferential_attachment,net,100,20,preferential_attachment,ces,10,4,3,0.005132
net_preferential_attachment,net,100,20,preferential_attachment,ces,10,4,4,0.005157
net_preferential_attachment,net,100,20,preferential_attachment,ces,10,4,5,0.005183
net_preferential_attachment,net,100,20,preferential_attachment,ces,10,4,6,0.005219
net_preferential_attachment,net,100,20,preferential_attachment,ces,10,4,7,0.005239
net_preferential_attachment,net,100,20,preferential_attachment,ces,10,4,8,0.005238
net_preferential_attachment,net,100,20,preferential_attachment,ces,10,4,9,0.005276
net_preferential_attachment,net,100,20,preferential_attachment,ces,10,4,10,0.005241
net_preferential_attachment,net,100,20,preferential_attachment,ces,10,4,11,0.005296
net_preferential_attachment,net,100,20,preferential_attachment,ces,10,4,12,0.005310
net_preferential_attachment,net,100,20,preferential_attachment,ces,10,4,13,0.005319
net_preferential_attachment,net,100,20,preferential_attachment,ces,10,4,14,0.005302
net_preferential_attachment,net,100,20,preferential_attachment,ces,10,4,15,0.005321
net_preferential_attachment,net,100,20,preferential_attachment,ces,10,4,16,0.005333
net_preferential_attachment,net,100,20,preferential_attachment,ces,10,4,17,0.005323
net_preferential_attachment,net,100,20,preferential_attachment,ces,10,4,18,0.005348
net_preferential_attachment,net,100,20,preferential_attachment,ces,10,4,19,0.005370
net_preferential_attachment,net,100,20,preferential_attachment,ces,10,5,0,0.005074
net_preferential_attachment,net,100,20,preferential_attachment,ces,10,5,1,0.005090
net_preferential_attachment,net,100,20,preferential_attachment,ces,10,5,2,0.005184
net_preferential_attachment,net,100,20,preferential_attachment,ces,10,5,3,0.005137
net_preferential_attachment,net,100,20,preferential_attachment,ces,10,5,4,0.005151
net_preferential_attachment,net,100,20,preferential_attachment,ces,10,5,5,0.005190
net_preferential_attachment,net,100,20,preferential_attachment,ces,10,5,6,0.005206
net_preferential_attachment,net,100,20,preferential_attachment,ces,10,5,7,0.005230
net_preferential_attachment,net,100,20,preferential_attachment,ces,10,5,8,0.005263
net_preferential_attachment,net,100,20,preferential_attachment,ces,10,5,9,0.005301
net_preferential_attachment,net,100,20,preferential_attachment,ces,10,5,10,0.005362
net_preferential_attachment,net,100,20,preferential_attachment,ces,10,5,11,0.005422
net_preferential_attachment,net,100,20,preferential_attachment,ces,10,5,12,0.005401
net_preferential_attachment,net,100,20,preferential_attachment,ces,10,5,13,0.005359
net_preferential_attachment,net,100,20,preferential_attachment,ces,10,5,14,0.005338
net_preferential_attachment,net,100,20,preferential_attachment,ces,10,5,15,0.005309
net_preferential_attachment,net,100,20,preferential_attachment,ces,10,5,16,0.005421
net_preferential_attachment,net,100,20,preferential_attachment,ces,10,5,17,0.005439
net_preferential_attachment,net,100,20,preferential_attachment,ces,10,5,18,0.005430
net_preferential_attachment,net,100,20,preferential_attachment,ces,10,5,19,0.005424
net_preferential_attachment,net,100,20,preferential_attachment,ces,10,6,0,0.005188
net_preferential_attachment,net,100,20,preferential_attachment,ces,10,6,1,0.005184
net_preferential_attachment,net,100,20,preferential_attachment,ces,10,6,2,0.005278
net_preferential_attachment,net,100,20,preferential_attachment,ces,10,6,3,0.005307
net_preferential_attachment,net,100,20,preferential_attachment,ces,10,6,4,0.005231
net_preferential_attachment,net,100,20,preferential_attachment,ces,10,6,5,0.005292
net_preferential_attachment,net,100,20,preferential_attachment,ces,10,6,6,0.005282
net_preferential_attachment,net,100,20,preferential_attachment,ces,10,6,7,0.005340
net_preferential_attachment,net,100,20,preferential_attachment,ces,10,6,8,0.005284
net_preferential_attachment,net,100,20,preferential_attachment,ces,10,6,9,0.005333
net_preferential_attachment,net,100,20,preferential_attachment,ces,10,6,10,0.005330
net_preferential_attachment,net,100,20,preferential_attachment,ces,10,6,11,0.005376
net_preferential_attachment,net,100,20,preferential_attachment,ces,10,6,12,0.005419
net_preferential_attachment,net,100,20,preferential_attachment,ces,10,6,13,0.005452
net_preferential_attachment,net,100,20,preferential_attachment,ces,10,6,14,0.005406
net_preferential_attachment,net,100,20,preferential_attachment,ces,10,6,15,0.005436
net_preferential_attachment,net,100,20,preferential_attachment,ces,10,6,16,0.005490
net_preferential_attachment,net,100,20,preferential_attachment,ces,10,6,17,0.005445
net_preferential_attachment,net,100,20,preferential_attachment,ces,10,6,18,0.005475
net_preferential_attachment,net,100,20,preferential_attachment,ces,10,6,19,0.005590
net_preferential_attachment,net,100,20,preferential_attachment,ces,10,7,0,0.005305
net_preferential_attachment,net,100,20,preferential_attachment,ces,10,7,1,0.005254
net_preferential_attachment,net,100,20,preferential_attachment,ces,10,7,2,0.005297
net_preferential_attachment,net,100,20,preferential_attachment,ces,10,7,3,0.005362
net_preferential_attachment,net,100,20,preferential_attachment,ces,10,7,4,0.005428
net_preferential_attachment,net,100,20,preferential_attachment,ces,10,7,5,0.005396
net_preferential_attachment,net,100,20,preferential_attachment,ces,10,7,6,0.005418
net_preferential_attachment,net,100,20,preferential_attachment,ces,10,7,7,0.005528
net_preferential_attachment,net,100,20,preferential_attachment,ces,10,7,8,0.005418
net_preferential_attachment,net,100,20,preferential_attachment,ces,10,7,9,0.005355
net_preferential_attachment,net,100,20,preferential_attachment,ces,10,7,10,0.005342
net_preferential_attachment,net,100,20,preferential_attachment,ces,10,7,11,0.005391
net_preferential_attachment,net,100,20,preferential_attachment,ces,10,7,12,0.005354
net_preferential_attachment,net,100,20,preferential_attachment,ces,10,7,13,0.005331
net_preferential_attachment,net,100,20,preferential_attachment,ces,10,7,14,0.005350
net_preferential_attachment,net,100,20,preferential_attachment,ces,10,7,15,0.005447
net_preferential_attachment,net,100,20,preferential_attachment,ces,10,7,16,0.005501
net_preferential_attachment,net,100,20,preferential_attachment,ces,10,7,17,0.005584
net_preferential_attachment,net,100,20,preferential_attachment,ces,10,7,18,0.005625
net_preferential_attachment,net,100,20,preferential_attachment,ces,10,7,19,0.005499
net_preferential_attachment,net,100,20,preferential_attachment,ces,10,8,0,0.005229
net_preferential_attachment,net,100,20,preferential_attachment,ces,10,8,1,0.005261
net_preferential_attachment,net,100,20,preferential_attachment,ces,10,8,2,0.005186
net_preferential_attachment,net,100,20,preferential_attachment,ces,10,8,3,0.005208
net_preferential_attachment,net,100,20,preferential_attachment,ces,10,8,4,0.005215
net_preferential_attachment,net,100,20,preferential_attachment,ces,10,8,5,0.005293
net_preferential_attachment,net,100,20,preferential_attachment,ces,10,8,6,0.005396
net_preferential_attachment,net,100,20,preferential_attachment,ces,10,8,7,0.005268
net_preferential_attachment,net,100,20,preferential_attachment,ces,10,8,8,0.005253
net_preferential_attachment,net,100,20,preferential_attachment,ces,10,8,9,0.005339
net_preferential_attachment,net,100,20,preferential_attachment,ces,10,8,10,0.005370
net_preferential_attachment,net,100,20,preferential_attachment,ces,10,8,11,0.005346
net_preferential_attachment,net,100,20,preferential_attachment,ces,10,8,12,0.005360
net_preferential_attachment,net,100,20,preferential_attachment,ces,10,8,13,0.005432
net_preferential_attachment,net,100,20,preferential_attachment,ces,10,8,14,0.005405
net_preferential_attachment,net,100,20,preferential_attachment,ces,10,8,15,0.005351
net_preferential_attachment,net,100,20,preferential_attachment,ces,10,8,16,0.005343
net_preferential_attachment,net,100,20,preferential_attachment,ces,10,8,17,0.005355
net_preferential_attachment,net,100,20,preferential_attachment,ces,10,8,18,0.005401
net_preferential_attachment,net,100,20,preferential_attachment,ces,10,8,19,0.005420
net_similarity,net,100,20,similarity,ces,10,1,0,0.005372
net_similarity,net,100,20,similarity,ces,10,1,1,0.005384
net_similarity,net,100,20,similarity,ces,10,1,2,0.005351
net_similarity,net,100,20,similarity,ces,10,1,3,0.005397
net_similarity,net,100,20,similarity,ces,10,1,4,0.005402
net_similarity,net,100,20,similarity,ces,10,1,5,0.005465
net_similarity,net,100,20,similarity,ces,10,1,6,0.005442
net_similarity,net,100,20,similarity,ces,10,1,7,0.005415
net_similarity,net,100,20,similarity,ces,10,1,8,0.005427
net_similarity,net,100,20,similarity,ces,10,1,9,0.005404
net_similarity,net,100,20,similarity,ces,10,1,10,0.005499
net_similarity,net,100,20,similarity,ces,10,1,11,0.005481
net_similarity,net,100,20,similarity,ces,10,1,12,0.005449
net_similarity,net,100,20,similarity,ces,10,1,13,0.005448
net_similarity,net,100,20,similarity,ces,10,1,14,0.005461
net_similarity,net,100,20,similarity,ces,10,1,15,0.005446
net_similarity,net,100,20,similarity,ces,10,1,16,0.005450
net_similarity,net,100,20,similarity,ces,10,1,17,0.005451
net_similarity,net,100,20,similarity,ces,10,1,18,0.005459
net_similarity,net,100,20,similarity,ces,10,1,19,0.005482
net_similarity,net,100,20,similarity,ces,10,2,0,0.005356
net_similarity,net,100,20,similarity,ces,10,2,1,0.005335
net_similarity,net,100,20,similarity,ces,10,2,2,0.005323
net_similarity,net,100,20,similarity,ces,10,2,3,0.005322
net_similarity,net,100,20,similarity,ces,10,2,4,0.005329
net_similarity,net,100,20,similarity,ces,10,2,5,0.005398
net_similarity,net,100,20,similarity,ces,10,2,6,0.005380
net_similarity,net,100,20,similarity,ces,10,2,7,0.005400
net_similarity,net,100,20,similarity,ces,10,2,8,0.005416
net_similarity,net,100,20,similarity,ces,10,2,9,0.005414
net_similarity,net,100,20,similarity,ces,10,2,10,0.005441
net_similarity,net,100,20,similarity,ces,10,2,11,0.005433
net_similarity,net,100,20,similarity,ces,10,2,12,0.005459
net_similarity,net,100,20,similarity,ces,10,2,13,0.005446
net_similarity,net,100,20,similarity,ces,10,2,14,0.005434
net_similarity,net,100,20,similarity,ces,10,2,15,0.005455
net_similarity,net,100,20,similarity,ces,10,2,16,0.005462
net_similarity,net,100,20,similarity,ces,10,2,17,0.005462
net_similarity,net,100,20,similarity,ces,10,2,18,0.005468
net_similarity,net,100,20,similarity,ces,10,2,19,0.005452
net_similarity,net,100,20,similarity,ces,10,3,0,0.005513
net_similarity,net,100,20,similarity,ces,10,3,1,0.005242
net_similarity,net,100,20,similarity,ces,10,3,2,0.005257
net_similarity,net,100,20,similarity,ces,10,3,3,0.005286
net_similarity,net,100,20,similarity,ces,10,3,4,0.006718
net_similarity,net,100,20,similarity,ces,10,3,5,0.006134
net_similarity,net,100,20,similarity,ces,10,3,6,0.005424
net_similarity,net,100,20,similarity,ces,10,3,7,0.005139
net_similarity,net,100,20,similarity,ces,10,3,8,0.005218
net_similarity,net,100,20,similarity,ces,10,3,9,0.005292
net_similarity,net,100,20,similarity,ces,10,3,10,0.005642
net_similarity,net,100,20,similarity,ces,10,3,11,0.005433
net_similarity,net,100,20,similarity,ces,10,3,12,0.005375
net_similarity,net,100,20,similarity,ces,10,3,13,0.005540
net_similarity,net,100,20,similarity,ces,10,3,14,0.005634
net_similarity,net,100,20,similarity,ces,10,3,15,0.005647
net_similarity,net,100,20,similarity,ces,10,3,16,0.005705
net_similarity,net,100,20,similarity,ces,10,3,17,0.005683
net_similarity,net,100,20,similarity,ces,10,3,18,0.005668
net_similarity,net,100,20,similarity,ces,10,3,19,0.005253
net_similarity,net,100,20,similarity,ces,10,4,0,0.005018
net_similarity,net,100,20,similarity,ces,10,4,1,0.005038
net_similarity,net,100,20,similarity,ces,10,4,2,0.005047
net_similarity,net,100,20,similarity,ces,10,4,3,0.005051
net_similarity,net,100,20,similarity,ces,10,4,4,0.005093
net_similarity,net,100,20,similarity,ces,10,4,5,0.005162
net_similarity,net,100,20,similarity,ces,10,4,6,0.005118
net_similarity,net,100,20,similarity,ces,10,4,7,0.005141
net_similarity,net,100,20,similarity,ces,10,4,8,0.005160
net_similarity,net,100,20,similarity,ces,10,4,9,0.005165
net_similarity,net,100,20,similarity,ces,10,4,10,0.005201
net_similarity,net,100,20,similarity,ces,10,4,11,0.005203
net_similarity,net,100,20,similarity,ces,10,4,12,0.005199
net_similarity,net,100,20,similarity,ces,10,4,13,0.005216
net_similarity,net,100,20,similarity,ces,10,4,14,0.005235
net_similarity,net,100,20,similarity,ces,10,4,15,0.005230
net_similarity,net,100,20,similarity,ces,10,4,16,0.005259
net_similarity,net,100,20,similarity,ces,10,4,17,0.005245
net_similarity,net,100,20,similarity,ces,10,4,18,0.005252
net_similarity,net,100,20,similarity,ces,10,4,19,0.005251
net_similarity,net,100,20,similarity,ces,10,5,0,0.005093
net_similarity,net,100,20,similarity,ces,10,5,1,0.005342
net_similarity,net,100,20,similarity,ces,10,5,2,0.005048
net_similarity,net,100,20,similarity,ces,10,5,3,0.005078
net_similarity,net,100,20,similarity,ces,10,5,4,0.005123
net_similarity,net,100,20,similarity,ces,10,5,5,0.005140
net_similarity,net,100,20,similarity,ces,10,5,6,0.005150
net_similarity,net,100,20,similarity,ces,10,5,7,0.005176
net_similarity,net,100,20,similarity,ces,10,5,8,0.005174
net_similarity,net,100,20,similarity,ces,10,5,9,0.005174
net_similarity,net,100,20,similarity,ces,10,5,10,0.005207
net_similarity,net,100,20,similarity,ces,10,5,11,0.005205
net_similarity,net,100,20,similarity,ces,10,5,12,0.005213
net_similarity,net,100,20,similarity,ces,10,5,13,0.005215
net_similarity,net,100,20,similarity,ces,10,5,14,0.005220
net_similarity,net,100,20,similarity,ces,10,5,15,0.005220
net_similarity,net,100,20,similarity,ces,10,5,16,0.005236
net_similarity,net,100,20,similarity,ces,10,5,17,0.005269
net_similarity,net,100,20,similarity,ces,10,5,18,0.005236
net_similarity,net,100,20,similarity,ces,10,5,19,0.005312
net_similarity,net,100,20,similarity,ces,10,6,0,0.005101
net_similarity,net,100,20,similarity,ces,10,6,1,0.005100
net_similarity,net,100,20,similarity,ces,10,6,2,0.005130
net_similarity,net,100,20,similarity,ces,10,6,3,0.005110
net_similarity,net,100,20,similarity,ces,10,6,4,0.005169
net_similarity,net,100,20,similarity,ces,10,6,5,0.005149
net_similarity,net,100,20,similarity,ces,10,6,6,0.005163
net_similarity,net,100,20,similarity,ces,10,6,7,0.005196
net_similarity,net,100,20,similarity,ces,10,6,8,0.005200
net_similarity,net,100,20,similarity,ces,10,6,9,0.005235
net_similarity,net,100,20,similarity,ces,10,6,10,0.005206
net_similarity,net,100,20,similarity,ces,10,6,11,0.005209
net_similarity,net,100,20,similarity,ces,10,6,12,0.005217
net_similarity,net,100,20,similarity,ces,10,6,13,0.005251
net_similarity,net,100,20,similarity,ces,10,6,14,0.005232
net_similarity,net,100,20,similarity,ces,10,6,15,0.005224
net_similarity,net,100,20,similarity,ces,10,6,16,0.005253
net_similarity,net,100,20,similarity,ces,10,6,17,0.005290
net_similarity,net,100,20,similarity,ces,10,6,18,0.005289
net_similarity,net,100,20,similarity,ces,10,6,19,0.005275
net_similarity,net,100,20,similarity,ces,10,7,0,0.005188
net_similarity,net,100,20,similarity,ces,10,7,1,0.005121
net_similarity,net,100,20,similarity,ces,10,7,2,0.005138
net_similarity,net,100,20,similarity,ces,10,7,3,0.005137
net_similarity,net,100,20,similarity,ces,10,7,4,0.005133
net_similarity,net,100,20,similarity,ces,10,7,5,0.005133
net_similarity,net,100,20,similarity,ces,10,7,6,0.005159
net_similarity,net,100,20,similarity,ces,10,7,7,0.005194
net_similarity,net,100,20,similarity,ces,10,7,8,0.005190
net_similarity,net,100,20,similarity,ces,10,7,9,0.005203
net_similarity,net,100,20,similarity,ces,10,7,10,0.005223
net_similarity,net,100,20,similarity,ces,10,7,11,0.005202
net_similarity,net,100,20,similarity,ces,10,7,12,0.005194
net_similarity,net,100,20,similarity,ces,10,7,13,0.005238
net_similarity,net,100,20,similarity,ces,10,7,14,0.005241
net_similarity,net,100,20,similarity,ces,10,7,15,0.005253
net_similarity,net,100,20,similarity,ces,10,7,16,0.005303
net_similarity,net,100,20,similarity,ces,10,7,17,0.005263
net_similarity,net,100,20,similarity,ces,10,7,18,0.005266
net_similarity,net,100,20,similarity,ces,10,7,19,0.005268
net_similarity,net,100,20,similarity,ces,10,8,0,0.005119
net_similarity,net,100,20,similarity,ces,10,8,1,0.005112
net_similarity,net,100,20,similarity,ces,10,8,2,0.005244
net_similarity,net,100,20,similarity,ces,10,8,3,0.005141
net_similarity,net,100,20,similarity,ces,10,8,4,0.005116
net_similarity,net,100,20,similarity,ces,10,8,5,0.005124
net_similarity,net,100,20,similarity,ces,10,8,6,0.005170
net_similarity,net,100,20,similarity,ces,10,8,7,0.005150
net_similarity,net,100,20,similarity,ces,10,8,8,0.005178
net_similarity,net,100,20,similarity,ces,10,8,9,0.005192
net_similarity,net,100,20,similarity,ces,10,8,10,0.005217
net_similarity,net,100,20,similarity,ces,10,8,11,0.005216
net_similarity,net,100,20,similarity,ces,10,8,12,0.005205
net_similarity,net,100,20,similarity,ces,10,8,13,0.005194
net_similarity,net,100,20,similarity,ces,10,8,14,0.005220
net_similarity,net,100,20,similarity,ces,10,8,15,0.005246
net_similarity,net,100,20,similarity,ces,10,8,16,0.005230
net_similarity,net,100,20,similarity,ces,10,8,17,0.005234
net_similarity,net,100,20,similarity,ces,10,8,18,0.005244
net_similarity,net,100,20,similarity,ces,10,8,19,0.005268
net_homophily,net,100,20,homophily,ces,10,1,0,0.005102
net_homophily,net,100,20,homophily,ces,10,1,1,0.005104
net_homophily,net,100,20,homophily,ces,10,1,2,0.005079
net_homophily,net,100,20,homophily,ces,10,1,3,0.005097
net_homophily,net,100,20,homophily,ces,10,1,4,0.005115
net_homophily,net,100,20,homophily,ces,10,1,5,0.005146
net_homophily,net,100,20,homophily,ces,10,1,6,0.005189
net_homophily,net,100,20,homophily,ces,10,1,7,0.005139
net_homophily,net,100,20,homophily,ces,10,1,8,0.005176
net_homophily,net,100,20,homophily,ces,10,1,9,0.005186
net_homophily,net,100,20,homophily,ces,10,1,10,0.005190
net_homophily,net,100,20,homophily,ces,10,1,11,0.005179
net_homophily,net,100,20,homophily,ces,10,1,12,0.005213
net_homophily,net,100,20,homophily,ces,10,1,13,0.005224
net_homophily,net,100,20,homophily,ces,10,1,14,0.005204
net_homophily,net,100,20,homophily,ces,10,1,15,0.005229
net_homophily,net,100,20,homophily,ces,10,1,16,0.005231
net_homophily,net,100,20,homophily,ces,10,1,17,0.005225
net_homophily,net,100,20,homophily,ces,10,1,18,0.005241
net_homophily,net,100,20,homophily,ces,10,1,19,0.005258
net_homophily,net,100,20,homophily,ces,10,2,0,0.005148
net_homophily,net,100,20,homophily,ces,10,2,1,0.005106
net_homophily,net,100,20,homophily,ces,10,2,2,0.005155
net_homophily,net,100,20,homophily,ces,10,2,3,0.006305
net_homophily,net,100,20,homophily,ces,10,2,4,0.005908
net_homophily,net,100,20,homophily,ces,10,2,5,0.005293
net_homophily,net,100,20,homophily,ces,10,2,6,0.005279
net_homophily,net,100,20,homophily,ces,10,2,7,0.005224
net_homophily,net,100,20,homophily,ces,10,2,8,0.005201
net_homophily,net,100,20,homophily,ces,10,2,9,0.005207
net_homophily,net,100,20,homophily,ces,10,2,10,0.005282
net_homophily,net,100,20,homophily,ces,10,2,11,0.005212
net_homophily,net,100,20,homophily,ces,10,2,12,0.005214
net_homophily,net,100,20,homophily,ces,10,2,13,0.005230
net_homophily,net,100,20,homophily,ces,10,2,14,0.005234
net_homophily,net,100,20,homophily,ces,10,2,15,0.005228
net_homophily,net,100,20,homophily,ces,10,2,16,0.005254
net_homophily,net,100,20,homophily,ces,10,2,17,0.005318
net_homophily,net,100,20,homophily,ces,10,2,18,0.005257
net_homophily,net,100,20,homophily,ces,10,2,19,0.005264
net_homophily,net,100,20,homophily,ces,10,3,0,0.005180
net_homophily,net,100,20,homophily,ces,10,3,1,0.005138
net_homophily,net,100,20,homophily,ces,10,3,2,0.005153
net_homophily,net,100,20,homophily,ces,10,3,3,0.005139
net_homophily,net,100,20,homophily,ces,10,3,4,0.005175
net_homophily,net,100,20,homophily,ces,10,3,5,0.005189
net_homophily,net,100,20,homophily,ces,10,3,6,0.005213
net_homophily,net,100,20,homophily,ces,10,3,7,0.005213
net_homophily,net,100,20,homophily,ces,10,3,8,0.005202
net_homophily,net,100,20,homophily,ces,10,3,9,0.005271
net_homophily,net,100,20,homophily,ces,10,3,10,0.005219
net_homophily,net,100,20,homophily,ces,10,3,11,0.005222
net_homophily,net,100,20,homophily,ces,10,3,12,0.005226
net_homophily,net,100,20,homophily,ces,10,3,13,0.005278
net_homophily,net,100,20,homophily,ces,10,3,14,0.005264
net_homophily,net,100,20,homophily,ces,10,3,15,0.005235
net_homophily,net,100,20,homophily,ces,10,3,16,0.005249
net_homophily,net,100,20,homophily,ces,10,3,17,0.005242
net_homophily,net,100,20,homophily,ces,10,3,18,0.005258
net_homophily,net,100,20,homophily,ces,10,3,19,0.005268
net_homophily,net,100,20,homophily,ces,10,4,0,0.005149
net_homophily,net,100,20,homophily,ces,10,4,1,0.005106
net_homophily,net,100,20,homophily,ces,10,4,2,0.005093
net_homophily,net,100,20,homophily,ces,10,4,3,0.005129
net_homophily,net,100,20,homophily,ces,10,4,4,0.005172
net_homophily,net,100,20,homophily,ces,10,4,5,0.005146
net_homophily,net,100,20,homophily,ces,10,4,6,0.005169
net_homophily,net,100,20,homophily,ces,10,4,7,0.005185
net_homophily,net,100,20,homophily,ces,10,4,8,0.005226
net_homophily,net,100,20,homophily,ces,10,4,9,0.005218
net_homophily,net,100,20,homophily,ces,10,4,10,0.005250
net_homophily,net,100,20,homophily,ces,10,4,11,0.005225
net_homophily,net,100,20,homophily,ces,10,4,12,0.005262
net_homophily,net,100,20,homophily,ces,10,4,13,0.005245
net_homophily,net,100,20,homophily,ces,10,4,14,0.005250
net_homophily,net,100,20,homophily,ces,10,4,15,0.005250
net_homophily,net,100,20,homophily,ces,10,4,16,0.005244
net_homophily,net,100,20,homophily,ces,10,4,17,0.005253
net_homophily,net,100,20,homophily,ces,10,4,18,0.005255
net_homophily,net,100,20,homophily,ces,10,4,19,0.005256
net_homophily,net,100,20,homophily,ces,10,5,0,0.005124
net_homophily,net,100,20,homophily,ces,10,5,1,0.005109
net_homophily,net,100,20,homophily,ces,10,5,2,0.005134
net_homophily,net,100,20,homophily,ces,10,5,3,0.005150
net_homophily,net,100,20,homophily,ces,10,5,4,0.005162
net_homophily,net,100,20,homophily,ces,10,5,5,0.005161
net_homophily,net,100,20,homophily,ces,10,5,6,0.005166
net_homophily,net,100,20,homophily,ces,10,5,7,0.005163
net_homophily,net,100,20,homophily,ces,10,5,8,0.005197
net_homophily,net,100,20,homophily,ces,10,5,9,0.005236
net_homophily,net,100,20,homophily,ces,10,5,10,0.005234
net_homophily,net,100,20,homophily,ces,10,5,11,0.005218
net_homophily,net,100,20,homophily,ces,10,5,12,0.005239
net_homophily,net,100,20,homophily,ces,10,5,13,0.005231
net_homophily,net,100,20,homophily,ces,10,5,14,0.005255
net_homophily,net,100,20,homophily,ces,10,5,15,0.005250
net_homophily,net,100,20,homophily,ces,10,5,16,0.005239
net_homophily,net,100,20,homophily,ces,10,5,17,0.005252
net_homophily,net,100,20,homophily,ces,10,5,18,0.005314
net_homophily,net,100,20,homophily,ces,10,5,19,0.005280
net_homophily,net,100,20,homophily,ces,10,6,0,0.005127
net_homophily,net,100,20,homophily,ces,10,6,1,0.005117
net_homophily,net,100,20,homophily,ces,10,6,2,0.005111
net_homophily,net,100,20,homophily,ces,10,6,3,0.005132
net_homophily,net,100,20,homophily,ces,10,6,4,0.005156
net_homophily,net,100,20,homophily,ces,10,6,5,0.005161
net_homophily,net,100,20,homophily,ces,10,6,6,0.005175
net_homophily,net,100,20,homophily,ces,10,6,7,0.005202
net_homophily,net,100,20,homophily,ces,10,6,8,0.005208
net_homophily,net,100,20,homophily,ces,10,6,9,0.005197
net_homophily,net,100,20,homophily,ces,10,6,10,0.005227
net_homophily,net,100,20,homophily,ces,10,6,11,0.005221
net_homophily,net,100,20,homophily,ces,10,6,12,0.005224
net_homophily,net,100,20,homophily,ces,10,6,13,0.005238
net_homophily,net,100,20,homophily,ces,10,6,14,0.005234
net_homophily,net,100,20,homophily,ces,10,6,15,0.005267
net_homophily,net,100,20,homophily,ces,10,6,16,0.005245
net_homophily,net,100,20,homophily,ces,10,6,17,0.005252
net_homophily,net,100,20,homophily,ces,10,6,18,0.005251
net_homophily,net,100,20,homophily,ces,10,6,19,0.005260
net_homophily,net,100,20,homophily,ces,10,7,0,0.005120
net_homophily,net,100,20,homophily,ces,10,7,1,0.005106
net_homophily,net,100,20,homophily,ces,10,7,2,0.005096
net_homophily,net,100,20,homophily,ces,10,7,3,0.005132
net_homophily,net,100,20,homophily,ces,10,7,4,0.005155
net_homophily,net,100,20,homophily,ces,10,7,5,0.005159
net_homophily,net,100,20,homophily,ces,10,7,6,0.005204
net_homophily,net,100,20,homophily,ces,10,7,7,0.005225
net_homophily,net,100,20,homophily,ces,10,7,8,0.005234
net_homophily,net,100,20,homophily,ces,10,7,9,0.005219
net_homophily,net,100,20,homophily,ces,10,7,10,0.005245
net_homophily,net,100,20,homophily,ces,10,7,11,0.005249
net_homophily,net,100,20,homophily,ces,10,7,12,0.005234
net_homophily,net,100,20,homophily,ces,10,7,13,0.005247
net_homophily,net,100,20,homophily,ces,10,7,14,0.005252
net_homophily,net,100,20,homophily,ces,10,7,15,0.005253
net_homophily,net,100,20,homophily,ces,10,7,16,0.005247
net_homophily,net,100,20,homophily,ces,10,7,17,0.005269
net_homophily,net,100,20,homophily,ces,10,7,18,0.005250
net_homophily,net,100,20,homophily,ces,10,7,19,0.005260
net_homophily,net,100,20,homophily,ces,10,8,0,0.005139
net_homophily,net,100,20,homophily,ces,10,8,1,0.005106
net_homophily,net,100,20,homophily,ces,10,8,2,0.005131
net_homophily,net,100,20,homophily,ces,10,8,3,0.005130
net_homophily,net,100,20,homophily,ces,10,8,4,0.005184
net_homophily,net,100,20,homophily,ces,10,8,5,0.005166
net_homophily,net,100,20,homophily,ces,10,8,6,0.005222
net_homophily,net,100,20,homophily,ces,10,8,7,0.005191
net_homophily,net,100,20,homophily,ces,10,8,8,0.005205
net_homophily,net,100,20,homophily,ces,10,8,9,0.005218
net_homophily,net,100,20,homophily,ces,10,8,10,0.005243
net_homophily,net,100,20,homophily,ces,10,8,11,0.005263
net_homophily,net,100,20,homophily,ces,10,8,12,0.005245
net_homophily,net,100,20,homophily,ces,10,8,13,0.005264
net_homophily,net,100,20,homophily,ces,10,8,14,0.005246
net_homophily,net,100,20,homophily,ces,10,8,15,0.005237
net_homophily,net,100,20,homophily,ces,10,8,16,0.005249
net_homophily,net,100,20,homophily,ces,10,8,17,0.005274
net_homophily,net,100,20,homophily,ces,10,8,18,0.005241
net_homophily,net,100,20,homophily,ces,10,8,19,0.005260
net_homogeneous_mixing,net,100,20,homogeneous_mixing,ces,10,1,0,0.005110
net_homogeneous_mixing,net,100,20,homogeneous_mixing,ces,10,1,1,0.005065
net_homogeneous_mixing,net,100,20,homogeneous_mixing,ces,10,1,2,0.005104
net_homogeneous_mixing,net,100,20,homogeneous_mixing,ces,10,1,3,0.005113
net_homogeneous_mixing,net,100,20,homogeneous_mixing,ces,10,1,4,0.005135
net_homogeneous_mixing,net,100,20,homogeneous_mixing,ces,10,1,5,0.005150
net_homogeneous_mixing,net,100,20,homogeneous_mixing,ces,10,1,6,0.005158
net_homogeneous_mixing,net,100,20,homogeneous_mixing,ces,10,1,7,0.005166
net_homogeneous_mixing,net,100,20,homogeneous_mixing,ces,10,1,8,0.005190
net_homogeneous_mixing,net,100,20,homogeneous_mixing,ces,10,1,9,0.005203
net_homogeneous_mixing,net,100,20,homogeneous_mixing,ces,10,1,10,0.005206
net_homogeneous_mixing,net,100,20,homogeneous_mixing,ces,10,1,11,0.005188
net_homogeneous_mixing,net,100,20,homogeneous_mixing,ces,10,1,12,0.005195
net_homogeneous_mixing,net,100,20,homogeneous_mixing,ces,10,1,13,0.005229
net_homogeneous_mixing,net,100,20,homogeneous_mixing,ces,10,1,14,0.005259
net_homogeneous_mixing,net,100,20,homogeneous_mixing,ces,10,1,15,0.005240
net_homogeneous_mixing,net,100,20,homogeneous_mixing,ces,10,1,16,0.005239
net_homogeneous_mixing,net,100,20,homogeneous_mixing,ces,10,1,17,0.005242
net_homogeneous_mixing,net,100,20,homogeneous_mixing,ces,10,1,18,0.005273
net_homogeneous_mixing,net,100,20,homogeneous_mixing,ces,10,1,19,0.005301
net_homogeneous_mixing,net,100,20,homogeneous_mixing,ces,10,2,0,0.005103
net_homogeneous_mixing,net,100,20,homogeneous_mixing,ces,10,2,1,0.005105
net_homogeneous_mixing,net,100,20,homogeneous_mixing,ces,10,2,2,0.005096
net_homogeneous_mixing,net,100,20,homogeneous_mixing,ces,10,2,3,0.005149
net_homogeneous_mixing,net,100,20,homogeneous_mixing,ces,10,2,4,0.005155
net_homogeneous_mixing,net,100,20,homogeneous_mixing,ces,10,2,5,0.005153
net_homogeneous_mixing,net,100,20,homogeneous_mixing,ces,10,2,6,0.005148
net_homogeneous_mixing,net,100,20,homogeneous_mixing,ces,10,2,7,0.005199
net_homogeneous_mixing,net,100,20,homogeneous_mixing,ces,10,2,8,0.005182
net_homogeneous_mixing,net,100,20,homogeneous_mixing,ces,10,2,9,0.005190
net_homogeneous_mixing,net,100,20,homogeneous_mixing,ces,10,2,10,0.005199
net_homogeneous_mixing,net,100,20,homogeneous_mixing,ces,10,2,11,0.005189
net_homogeneous_mixing,net,100,20,homogeneous_mixing,ces,10,2,12,0.005200
net_homogeneous_mixing,net,100,20,homogeneous_mixing,ces,10,2,13,0.005240
net_homogeneous_mixing,net,100,20,homogeneous_mixing,ces,10,2,14,0.005235
net_homogeneous_mixing,net,100,20,homogeneous_mixing,ces,10,2,15,0.005244
net_homogeneous_mixing,net,100,20,homogeneous_mixing,ces,10,2,16,0.005252
net_homogeneous_mixing,net,100,20,homogeneous_mixing,ces,10,2,17,0.005240
net_homogeneous_mixing,net,100,20,homogeneous_mixing,ces,10,2,18,0.005257
net_homogeneous_mixing,net,100,20,homogeneous_mixing,ces,10,2,19,0.005254
net_homogeneous_mixing,net,100,20,homogeneous_mixing,ces,10,3,0,0.005094
net_homogeneous_mixing,net,100,20,homogeneous_mixing,ces,10,3,1,0.005103
net_homogeneous_mixing,net,100,20,homogeneous_mixing,ces,10,3,2,0.005104
net_homogeneous_mixing,net,100,20,homogeneous_mixing,ces,10,3,3,0.005137
net_homogeneous_mixing,net,100,20,homogeneous_mixing,ces,10,3,4,0.005144
net_homogeneous_mixing,net,100,20,homogeneous_mixing,ces,10,3,5,0.005153
net_homogeneous_mixing,net,100,20,homogeneous_mixing,ces,10,3,6,0.005149
net_homogeneous_mixing,net,100,20,homogeneous_mixing,ces,10,3,7,0.005156
net_homogeneous_mixing,net,100,20,homogeneous_mixing,ces,10,3,8,0.005192
net_homogeneous_mixing,net,100,20,homogeneous_mixing,ces,10,3,9,0.005166
net_homogeneous_mixing,net,100,20,homogeneous_mixing,ces,10,3,10,0.005182
net_homogeneous_mixing,net,100,20,homogeneous_mixing,ces,10,3,11,0.005172
net_homogeneous_mixing,net,100,20,homogeneous_mixing,ces,10,3,12,0.005192
net_homogeneous_mixing,net,100,20,homogeneous_mixing,ces,10,3,13,0.005220
net_homogeneous_mixing,net,100,20,homogeneous_mixing,ces,10,3,14,0.005215
net_homogeneous_mixing,net,100,20,homogeneous_mixing,ces,10,3,15,0.005239
net_homogeneous_mixing,net,100,20,homogeneous_mixing,ces,10,3,16,0.005235
net_homogeneous_mixing,net,100,20,homogeneous_mixing,ces,10,3,17,0.005219
net_homogeneous_mixing,net,100,20,homogeneous_mixing,ces,10,3,18,0.005262
net_homogeneous_mixing,net,100,20,homogeneous_mixing,ces,10,3,19,0.005233
net_homogeneous_mixing,net,100,20,homogeneous_mixing,ces,10,4,0,0.005072
net_homogeneous_mixing,net,100,20,homogeneous_mixing,ces,10,4,1,0.005067
net_homogeneous_mixing,net,100,20,homogeneous_mixing,ces,10,4,2,0.005310
net_homogeneous_mixing,net,100,20,homogeneous_mixing,ces,10,4,3,0.005068
net_homogeneous_mixing,net,100,20,homogeneous_mixing,ces,10,4,4,0.005113
net_homogeneous_mixing,net,100,20,homogeneous_mixing,ces,10,4,5,0.005141
net_homogeneous_mixing,net,100,20,homogeneous_mixing,ces,10,4,6,0.005164
net_homogeneous_mixing,net,100,20,homogeneous_mixing,ces,10,4,7,0.005149
net_homogeneous_mixing,net,100,20,homogeneous_mixing,ces,10,4,8,0.005178
net_homogeneous_mixing,net,100,20,homogeneous_mixing,ces,10,4,9,0.005210
net_homogeneous_mixing,net,100,20,homogeneous_mixing,ces,10,4,10,0.005166
net_homogeneous_mixing,net,100,20,homogeneous_mixing,ces,10,4,11,0.005160
net_homogeneous_mixing,net,100,20,homogeneous_mixing,ces,10,4,12,0.005194
net_homogeneous_mixing,net,100,20,homogeneous_mixing,ces,10,4,13,0.005204
net_homogeneous_mixing,net,100,20,homogeneous_mixing,ces,10,4,14,0.005249
net_homogeneous_mixing,net,100,20,homogeneous_mixing,ces,10,4,15,0.005239
net_homogeneous_mixing,net,100,20,homogeneous_mixing,ces,10,4,16,0.005247
net_homogeneous_mixing,net,100,20,homogeneous_mixing,ces,10,4,17,0.005219
net_homogeneous_mixing,net,100,20,homogeneous_mixing,ces,10,4,18,0.005256
net_homogeneous_mixing,net,100,20,homogeneous_mixing,ces,10,4,19,0.005246
net_homogeneous_mixing,net,100,20,homogeneous_mixing,ces,10,5,0,0.005081
net_homogeneous_mixing,net,100,20,homogeneous_mixing,ces,10,5,1,0.005102
net_homogeneous_mixing,net,100,20,homogeneous_mixing,ces,10,5,2,0.005119
net_homogeneous_mixing,net,100,20,homogeneous_mixing,ces,10,5,3,0.005121
net_homogeneous_mixing,net,100,20,homogeneous_mixing,ces,10,5,4,0.005111
net_homogeneous_mixing,net,100,20,homogeneous_mixing,ces,10,5,5,0.005122
net_homogeneous_mixing,net,100,20,homogeneous_mixing,ces,10,5,6,0.005160
net_homogeneous_mixing,net,100,20,homogeneous_mixing,ces,10,5,7,0.005161
net_homogeneous_mixing,net,100,20,homogeneous_mixing,ces,10,5,8,0.005342
net_homogeneous_mixing,net,100,20,homogeneous_mixing,ces,10,5,9,0.005188
net_homogeneous_mixing,net,100,20,homogeneous_mixing,ces,10,5,10,0.005210
net_homogeneous_mixing,net,100,20,homogeneous_mixing,ces,10,5,11,0.005195
net_homogeneous_mixing,net,100,20,homogeneous_mixing,ces,10,5,12,0.005209
net_homogeneous_mixing,net,100,20,homogeneous_mixing,ces,10,5,13,0.005201
net_homogeneous_mixing,net,100,20,homogeneous_mixing,ces,10,5,14,0.005217
net_homogeneous_mixing,net,100,20,homogeneous_mixing,ces,10,5,15,0.005208
net_homogeneous_mixing,net,100,20,homogeneous_mixing,ces,10,5,16,0.005251
net_homogeneous_mixing,net,100,20,homogeneous_mixing,ces,10,5,17,0.005225
net_homogeneous_mixing,net,100,20,homogeneous_mixing,ces,10,5,18,0.005243
net_homogeneous_mixing,net,100,20,homogeneous_mixing,ces,10,5,19,0.005256
net_homogeneous_mixing,net,100,20,homogeneous_mixing,ces,10,6,0,0.005090
net_homogeneous_mixing,net,100,20,homogeneous_mixing,ces,10,6,1,0.005100
net_homogeneous_mixing,net,100,20,homogeneous_mixing,ces,10,6,2,0.005104
net_homogeneous_mixing,net,100,20,homogeneous_mixing,ces,10,6,3,0.005105
net_homogeneous_mixing,net,100,20,homogeneous_mixing,ces,10,6,4,0.005146
net_homogeneous_mixing,net,100,20,homogeneous_mixing,ces,10,6,5,0.005154
net_homogeneous_mixing,net,100,20,homogeneous_mixing,ces,10,6,6,0.005147
net_homogeneous_mixing,net,100,20,homogeneous_mixing,ces,10,6,7,0.005235
net_homogeneous_mixing,net,100,20,homogeneous_mixing,ces,10,6,8,0.005186
net_homogeneous_mixing,net,100,20,homogeneous_mixing,ces,10,6,9,0.005161
net_homogeneous_mixing,net,100,20,homogeneous_mixing,ces,10,6,10,0.005163
net_homogeneous_mixing,net,100,20,homogeneous_mixing,ces,10,6,11,0.005180
net_homogeneous_mixing,net,100,20,homogeneous_mixing,ces,10,6,12,0.005193
net_homogeneous_mixing,net,100,20,homogeneous_mixing,ces,10,6,13,0.005218
net_homogeneous_mixing,net,100,20,homogeneous_mixing,ces,10,6,14,0.005239
net_homogeneous_mixing,net,100,20,homogeneous_mixing,ces,10,6,15,0.005238
net_homogeneous_mixing,net,100,20,homogeneous_mixing,ces,10,6,16,0.005212
net_homogeneous_mixing,net,100,20,homogeneous_mixing,ces,10,6,17,0.005242
net_homogeneous_mixing,net,100,20,homogeneous_mixing,ces,10,6,18,0.005230
net_homogeneous_mixing,net,100,20,homogeneous_mixing,ces,10,6,19,0.005250
net_homogeneous_mixing,net,100,20,homogeneous_mixing,ces,10,7,0,0.005111
net_homogeneous_mixing,net,100,20,homogeneous_mixing,ces,10,7,1,0.005092
net_homogeneous_mixing,net,100,20,homogeneous_mixing,ces,10,7,2,0.005113
net_homogeneous_mixing,net,100,20,homogeneous_mixing,ces,10,7,3,0.005133
net_homogeneous_mixing,net,100,20,homogeneous_mixing,ces,10,7,4,0.005133
net_homogeneous_mixing,net,100,20,homogeneous_mixing,ces,10,7,5,0.005133
net_homogeneous_mixing,net,100,20,homogeneous_mixing,ces,10,7,6,0.005146
net_homogeneous_mixing,net,100,20,homogeneous_mixing,ces,10,7,7,0.005174
net_homogeneous_mixing,net,100,20,homogeneous_mixing,ces,10,7,8,0.005218
net_homogeneous_mixing,net,100,20,homogeneous_mixing,ces,10,7,9,0.005168
net_homogeneous_mixing,net,100,20,homogeneous_mixing,ces,10,7,10,0.005162
net_homogeneous_mixing,net,100,20,homogeneous_mixing,ces,10,7,11,0.005171
net_homogeneous_mixing,net,100,20,homogeneous_mixing,ces,10,7,12,0.005189
net_homogeneous_mixing,net,100,20,homogeneous_mixing,ces,10,7,13,0.005214
net_homogeneous_mixing,net,100,20,homogeneous_mixing,ces,10,7,14,0.005229
net_homogeneous_mixing,net,100,20,homogeneous_mixing,ces,10,7,15,0.005208
net_homogeneous_mixing,net,100,20,homogeneous_mixing,ces,10,7,16,0.005326
net_homogeneous_mixing,net,100,20,homogeneous_mixing,ces,10,7,17,0.005253
net_homogeneous_mixing,net,100,20,homogeneous_mixing,ces,10,7,18,0.005232
net_homogeneous_mixing,net,100,20,homogeneous_mixing,ces,10,7,19,0.005224
net_homogeneous_mixing,net,100,20,homogeneous_mixing,ces,10,8,0,0.005074
net_homogeneous_mixing,net,100,20,homogeneous_mixing,ces,10,8,1,0.005080
net_homogeneous_mixing,net,100,20,homogeneous_mixing,ces,10,8,2,0.005092
net_homogeneous_mixing,net,100,20,homogeneous_mixing,ces,10,8,3,0.005098
net_homogeneous_mixing,net,100,20,homogeneous_mixing,ces,10,8,4,0.005170
net_homogeneous_mixing,net,100,20,homogeneous_mixing,ces,10,8,5,0.005146
net_homogeneous_mixing,net,100,20,homogeneous_mixing,ces,10,8,6,0.005146
net_homogeneous_mixing,net,100,20,homogeneous_mixing,ces,10,8,7,0.005148
net_homogeneous_mixing,net,100,20,homogeneous_mixing,ces,10,8,8,0.005173
net_homogeneous_mixing,net,100,20,homogeneous_mixing,ces,10,8,9,0.005168
net_homogeneous_mixing,net,100,20,homogeneous_mixing,ces,10,8,10,0.005180
net_homogeneous_mixing,net,100,20,homogeneous_mixing,ces,10,8,11,0.005198
net_homogeneous_mixing,net,100,20,homogeneous_mixing,ces,10,8,12,0.005183
net_homogeneous_mixing,net,100,20,homogeneous_mixing,ces,10,8,13,0.005228
net_homogeneous_mixing,net,100,20,homogeneous_mixing,ces,10,8,14,0.005226
net_homogeneous_mixing,net,100,20,homogeneous_mixing,ces,10,8,15,0.005213
net_homogeneous_mixing,net,100,20,homogeneous_mixing,ces,10,8,16,0.005242
net_homogeneous_mixing,net,100,20,homogeneous_mixing,ces,10,8,17,0.005233
net_homogeneous_mixing,net,100,20,homogeneous_mixing,ces,10,8,18,0.005245
net_homogeneous_mixing,net,100,20,homogeneous_mixing,ces,10,8,19,0.005245
util_additive,util,100,20,watts_strogatz,additive,10,1,0,0.001239
util_additive,util,100,20,watts_strogatz,additive,10,1,1,0.001223
util_additive,util,100,20,watts_strogatz,additive,10,1,2,0.001219
util_additive,util,100,20,watts_strogatz,additive,10,1,3,0.001217
util_additive,util,100,20,watts_strogatz,additive,10,1,4,0.001221
util_additive,util,100,20,watts_strogatz,additive,10,1,5,0.001220
util_additive,util,100,20,watts_strogatz,additive,10,1,6,0.001215
util_additive,util,100,20,watts_strogatz,additive,10,1,7,0.001217
util_additive,util,100,20,watts_strogatz,additive,10,1,8,0.001215
util_additive,util,100,20,watts_strogatz,additive,10,1,9,0.001216
util_additive,util,100,20,watts_strogatz,additive,10,1,10,0.001213
util_additive,util,100,20,watts_strogatz,additive,10,1,11,0.001213
util_additive,util,100,20,watts_strogatz,additive,10,1,12,0.001220
util_additive,util,100,20,watts_strogatz,additive,10,1,13,0.001217
util_additive,util,100,20,watts_strogatz,additive,10,1,14,0.001224
util_additive,util,100,20,watts_strogatz,additive,10,1,15,0.001227
util_additive,util,100,20,watts_strogatz,additive,10,1,16,0.001218
util_additive,util,100,20,watts_strogatz,additive,10,1,17,0.001218
util_additive,util,100,20,watts_strogatz,additive,10,1,18,0.001259
util_additive,util,100,20,watts_strogatz,additive,10,1,19,0.001216
util_additive,util,100,20,watts_strogatz,additive,10,2,0,0.001224
util_additive,util,100,20,watts_strogatz,additive,10,2,1,0.001212
util_additive,util,100,20,watts_strogatz,additive,10,2,2,0.001207
util_additive,util,100,20,watts_strogatz,additive,10,2,3,0.001210
util_additive,util,100,20,watts_strogatz,additive,10,2,4,0.001212
util_additive,util,100,20,watts_strogatz,additive,10,2,5,0.001217
util_additive,util,100,20,watts_strogatz,additive,10,2,6,0.001217
util_additive,util,100,20,watts_strogatz,additive,10,2,7,0.001214
util_additive,util,100,20,watts_strogatz,additive,10,2,8,0.001214
util_additive,util,100,20,watts_strogatz,additive,10,2,9,0.001212
util_additive,util,100,20,watts_strogatz,additive,10,2,10,0.001214
util_additive,util,100,20,watts_strogatz,additive,10,2,11,0.001216
util_additive,util,100,20,watts_strogatz,additive,10,2,12,0.001224
util_additive,util,100,20,watts_strogatz,additive,10,2,13,0.001213
util_additive,util,100,20,watts_strogatz,additive,10,2,14,0.001216
util_additive,util,100,20,watts_strogatz,additive,10,2,15,0.001218
util_additive,util,100,20,watts_strogatz,additive,10,2,16,0.001220
util_additive,util,100,20,watts_strogatz,additive,10,2,17,0.001216
util_additive,util,100,20,watts_strogatz,additive,10,2,18,0.001215
util_additive,util,100,20,watts_strogatz,additive,10,2,19,0.001221
util_additive,util,100,20,watts_strogatz,additive,10,3,0,0.001227
util_additive,util,100,20,watts_strogatz,additive,10,3,1,0.001212
util_additive,util,100,20,watts_strogatz,additive,10,3,2,0.001213
util_additive,util,100,20,watts_strogatz,additive,10,3,3,0.001211
util_additive,util,100,20,watts_strogatz,additive,10,3,4,0.001209
util_additive,util,100,20,watts_strogatz,additive,10,3,5,0.001213
util_additive,util,100,20,watts_strogatz,additive,10,3,6,0.001212
util_additive,util,100,20,watts_strogatz,additive,10,3,7,0.001211
util_additive,util,100,20,watts_strogatz,additive,10,3,8,0.001213
util_additive,util,100,20,watts_strogatz,additive,10,3,9,0.001213
util_additive,util,100,20,watts_strogatz,additive,10,3,10,0.001218
util_additive,util,100,20,watts_strogatz,additive,10,3,11,0.001216
util_additive,util,100,20,watts_strogatz,additive,10,3,12,0.001221
util_additive,util,100,20,watts_strogatz,additive,10,3,13,0.001221
util_additive,util,100,20,watts_strogatz,additive,10,3,14,0.001218
util_additive,util,100,20,watts_strogatz,additive,10,3,15,0.001215
util_additive,util,100,20,watts_strogatz,additive,10,3,16,0.001215
util_additive,util,100,20,watts_strogatz,additive,10,3,17,0.001215
util_additive,util,100,20,watts_strogatz,additive,10,3,18,0.001213
util_additive,util,100,20,watts_strogatz,additive,10,3,19,0.001224
util_additive,util,100,20,watts_strogatz,additive,10,4,0,0.001225
util_additive,util,100,20,watts_strogatz,additive,10,4,1,0.001221
util_additive,util,100,20,watts_strogatz,additive,10,4,2,0.001219
util_additive,util,100,20,watts_strogatz,additive,10,4,3,0.001220
util_additive,util,100,20,watts_strogatz,additive,10,4,4,0.001211
util_additive,util,100,20,watts_strogatz,additive,10,4,5,0.001223
util_additive,util,100,20,watts_strogatz,additive,10,4,6,0.001219
util_additive,util,100,20,watts_strogatz,additive,10,4,7,0.001223
util_additive,util,100,20,watts_strogatz,additive,10,4,8,0.001216
util_additive,util,100,20,watts_strogatz,additive,10,4,9,0.001213
util_additive,util,100,20,watts_strogatz,additive,10,4,10,0.001218
util_additive,util,100,20,watts_strogatz,additive,10,4,11,0.001213
util_additive,util,100,20,watts_strogatz,additive,10,4,12,0.001219
util_additive,util,100,20,watts_strogatz,additive,10,4,13,0.001225
util_additive,util,100,20,watts_strogatz,additive,10,4,14,0.001215
util_additive,util,100,20,watts_strogatz,additive,10,4,15,0.001216
util_additive,util,100,20,watts_strogatz,additive,10,4,16,0.001222
util_additive,util,100,20,watts_strogatz,additive,10,4,17,0.001227
util_additive,util,100,20,watts_strogatz,additive,10,4,18,0.001225
util_additive,util,100,20,watts_strogatz,additive,10,4,19,0.001223
util_additive,util,100,20,watts_strogatz,additive,10,5,0,0.001232
util_additive,util,100,20,watts_strogatz,additive,10,5,1,0.001213
util_additive,util,100,20,watts_strogatz,additive,10,5,2,0.001208
util_additive,util,100,20,watts_strogatz,additive,10,5,3,0.001211
util_additive,util,100,20,watts_strogatz,additive,10,5,4,0.001213
util_additive,util,100,20,watts_strogatz,additive,10,5,5,0.001257
util_additive,util,100,20,watts_strogatz,additive,10,5,6,0.001215
util_additive,util,100,20,watts_strogatz,additive,10,5,7,0.001211
util_additive,util,100,20,watts_strogatz,additive,10,5,8,0.001213
util_additive,util,100,20,watts_strogatz,additive,10,5,9,0.001213
util_additive,util,100,20,watts_strogatz,additive,10,5,10,0.001223
util_additive,util,100,20,watts_strogatz,additive,10,5,11,0.001223
util_additive,util,100,20,watts_strogatz,additive,10,5,12,0.001226
util_additive,util,100,20,watts_strogatz,additive,10,5,13,0.001224
util_additive,util,100,20,watts_strogatz,additive,10,5,14,0.001223
util_additive,util,100,20,watts_strogatz,additive,10,5,15,0.001209
util_additive,util,100,20,watts_strogatz,additive,10,5,16,0.001273
util_additive,util,100,20,watts_strogatz,additive,10,5,17,0.001220
util_additive,util,100,20,watts_strogatz,additive,10,5,18,0.001215
util_additive,util,100,20,watts_strogatz,additive,10,5,19,0.001218
util_additive,util,100,20,watts_strogatz,additive,10,6,0,0.001221
util_additive,util,100,20,watts_strogatz,additive,10,6,1,0.001209
util_additive,util,100,20,watts_strogatz,additive,10,6,2,0.001210
util_additive,util,100,20,watts_strogatz,additive,10,6,3,0.001217
util_additive,util,100,20,watts_strogatz,additive,10,6,4,0.001210
util_additive,util,100,20,watts_strogatz,additive,10,6,5,0.001212
util_additive,util,100,20,watts_strogatz,additive,10,6,6,0.001214
util_additive,util,100,20,watts_strogatz,additive,10,6,7,0.001211
util_additive,util,100,20,watts_strogatz,additive,10,6,8,0.001216
util_additive,util,100,20,watts_strogatz,additive,10,6,9,0.001225
util_additive,util,100,20,watts_strogatz,additive,10,6,10,0.001221
util_additive,util,100,20,watts_strogatz,additive,10,6,11,0.001214
util_additive,util,100,20,watts_strogatz,additive,10,6,12,0.001218
util_additive,util,100,20,watts_strogatz,additive,10,6,13,0.001217
util_additive,util,100,20,watts_strogatz,additive,10,6,14,0.001220
util_additive,util,100,20,watts_strogatz,additive,10,6,15,0.001224
util_additive,util,100,20,watts_strogatz,additive,10,6,16,0.001215
util_additive,util,100,20,watts_strogatz,additive,10,6,17,0.001221
util_additive,util,100,20,watts_strogatz,additive,10,6,18,0.001236
util_additive,util,100,20,watts_strogatz,additive,10,6,19,0.001223
util_additive,util,100,20,watts_strogatz,additive,10,7,0,0.001222
util_additive,util,100,20,watts_strogatz,additive,10,7,1,0.001217
util_additive,util,100,20,watts_strogatz,additive,10,7,2,0.001213
util_additive,util,100,20,watts_strogatz,additive,10,7,3,0.001213
util_additive,util,100,20,watts_strogatz,additive,10,7,4,0.001213
util_additive,util,100,20,watts_strogatz,additive,10,7,5,0.001225
util_additive,util,100,20,watts_strogatz,additive,10,7,6,0.001220
util_additive,util,100,20,watts_strogatz,additive,10,7,7,0.001218
util_additive,util,100,20,watts_strogatz,additive,10,7,8,0.001223
util_additive,util,100,20,watts_strogatz,additive,10,7,9,0.001214
util_additive,util,100,20,watts_strogatz,additive,10,7,10,0.001219
util_additive,util,100,20,watts_strogatz,additive,10,7,11,0.001214
util_additive,util,100,20,watts_strogatz,additive,10,7,12,0.001211
util_additive,util,100,20,watts_strogatz,additive,10,7,13,0.001213
util_additive,util,100,20,watts_strogatz,additive,10,7,14,0.001219
util_additive,util,100,20,watts_strogatz,additive,10,7,15,0.001226
util_additive,util,100,20,watts_strogatz,additive,10,7,16,0.001218
util_additive,util,100,20,watts_strogatz,additive,10,7,17,0.001222
util_additive,util,100,20,watts_strogatz,additive,10,7,18,0.001217
util_additive,util,100,20,watts_strogatz,additive,10,7,19,0.001221
util_additive,util,100,20,watts_strogatz,additive,10,8,0,0.001226
util_additive,util,100,20,watts_strogatz,additive,10,8,1,0.001214
util_additive,util,100,20,watts_strogatz,additive,10,8,2,0.001211
util_additive,util,100,20,watts_strogatz,additive,10,8,3,0.001236
util_additive,util,100,20,watts_strogatz,additive,10,8,4,0.001215
util_additive,util,100,20,watts_strogatz,additive,10,8,5,0.001211
util_additive,util,100,20,watts_strogatz,additive,10,8,6,0.001214
util_additive,util,100,20,watts_strogatz,additive,10,8,7,0.001211
util_additive,util,100,20,watts_strogatz,additive,10,8,8,0.001223
util_additive,util,100,20,watts_strogatz,additive,10,8,9,0.001209
util_additive,util,100,20,watts_strogatz,additive,10,8,10,0.001218
util_additive,util,100,20,watts_strogatz,additive,10,8,11,0.001222
util_additive,util,100,20,watts_strogatz,additive,10,8,12,0.001248
util_additive,util,100,20,watts_strogatz,additive,10,8,13,0.001226
util_additive,util,100,20,watts_strogatz,additive,10,8,14,0.001221
util_additive,util,100,20,watts_strogatz,additive,10,8,15,0.001219
util_additive,util,100,20,watts_strogatz,additive,10,8,16,0.001216
util_additive,util,100,20,watts_strogatz,additive,10,8,17,0.001214
util_additive,util,100,20,watts_strogatz,additive,10,8,18,0.001207
util_additive,util,100,20,watts_strogatz,additive,10,8,19,0.001265
util_ces,util,100,20,watts_strogatz,ces,10,1,0,0.005096
util_ces,util,100,20,watts_strogatz,ces,10,1,1,0.005076
util_ces,util,100,20,watts_strogatz,ces,10,1,2,0.005071
util_ces,util,100,20,watts_strogatz,ces,10,1,3,0.005089
util_ces,util,100,20,watts_strogatz,ces,10,1,4,0.005101
util_ces,util,100,20,watts_strogatz,ces,10,1,5,0.005130
util_ces,util,100,20,watts_strogatz,ces,10,1,6,0.005109
util_ces,util,100,20,watts_strogatz,ces,10,1,7,0.005131
util_ces,util,100,20,watts_strogatz,ces,10,1,8,0.005153
util_ces,util,100,20,watts_strogatz,ces,10,1,9,0.005163
util_ces,util,100,20,watts_strogatz,ces,10,1,10,0.005181
util_ces,util,100,20,watts_strogatz,ces,10,1,11,0.005189
util_ces,util,100,20,watts_strogatz,ces,10,1,12,0.005195
util_ces,util,100,20,watts_strogatz,ces,10,1,13,0.005212
util_ces,util,100,20,watts_strogatz,ces,10,1,14,0.005212
util_ces,util,100,20,watts_strogatz,ces,10,1,15,0.005242
util_ces,util,100,20,watts_strogatz,ces,10,1,16,0.005224
util_ces,util,100,20,watts_strogatz,ces,10,1,17,0.005263
util_ces,util,100,20,watts_strogatz,ces,10,1,18,0.005230
util_ces,util,100,20,watts_strogatz,ces,10,1,19,0.005237
util_ces,util,100,20,watts_strogatz,ces,10,2,0,0.005121
util_ces,util,100,20,watts_strogatz,ces,10,2,1,0.005127
util_ces,util,100,20,watts_strogatz,ces,10,2,2,0.005172
util_ces,util,100,20,watts_strogatz,ces,10,2,3,0.005193
util_ces,util,100,20,watts_strogatz,ces,10,2,4,0.005201
util_ces,util,100,20,watts_strogatz,ces,10,2,5,0.005201
util_ces,util,100,20,watts_strogatz,ces,10,2,6,0.005178
util_ces,util,100,20,watts_strogatz,ces,10,2,7,0.005184
util_ces,util,100,20,watts_strogatz,ces,10,2,8,0.005196
util_ces,util,100,20,watts_strogatz,ces,10,2,9,0.005198
util_ces,util,100,20,watts_strogatz,ces,10,2,10,0.005221
util_ces,util,100,20,watts_strogatz,ces,10,2,11,0.005231
util_ces,util,100,20,watts_strogatz,ces,10,2,12,0.005225
util_ces,util,100,20,watts_strogatz,ces,10,2,13,0.005238
util_ces,util,100,20,watts_strogatz,ces,10,2,14,0.005241
util_ces,util,100,20,watts_strogatz,ces,10,2,15,0.005222
util_ces,util,100,20,watts_strogatz,ces,10,2,16,0.005227
util_ces,util,100,20,watts_strogatz,ces,10,2,17,0.005230
util_ces,util,100,20,watts_strogatz,ces,10,2,18,0.005221
util_ces,util,100,20,watts_strogatz,ces,10,2,19,0.005253
util_ces,util,100,20,watts_strogatz,ces,10,3,0,0.005114
util_ces,util,100,20,watts_strogatz,ces,10,3,1,0.005072
util_ces,util,100,20,watts_strogatz,ces,10,3,2,0.005088
util_ces,util,100,20,watts_strogatz,ces,10,3,3,0.005128
util_ces,util,100,20,watts_strogatz,ces,10,3,4,0.005121
util_ces,util,100,20,watts_strogatz,ces,10,3,5,0.005159
util_ces,util,100,20,watts_strogatz,ces,10,3,6,0.005245
util_ces,util,100,20,watts_strogatz,ces,10,3,7,0.005161
util_ces,util,100,20,watts_strogatz,ces,10,3,8,0.005159
util_ces,util,100,20,watts_strogatz,ces,10,3,9,0.005174
util_ces,util,100,20,watts_strogatz,ces,10,3,10,0.005183
util_ces,util,100,20,watts_strogatz,ces,10,3,11,0.005202
util_ces,util,100,20,watts_strogatz,ces,10,3,12,0.005172
util_ces,util,100,20,watts_strogatz,ces,10,3,13,0.005204
util_ces,util,100,20,watts_strogatz,ces,10,3,14,0.005205
util_ces,util,100,20,watts_strogatz,ces,10,3,15,0.005210
util_ces,util,100,20,watts_strogatz,ces,10,3,16,0.005236
util_ces,util,100,20,watts_strogatz,ces,10,3,17,0.005245
util_ces,util,100,20,watts_strogatz,ces,10,3,18,0.005244
util_ces,util,100,20,watts_strogatz,ces,10,3,19,0.005240
util_ces,util,100,20,watts_strogatz,ces,10,4,0,0.005121
util_ces,util,100,20,watts_strogatz,ces,10,4,1,0.005078
util_ces,util,100,20,watts_strogatz,ces,10,4,2,0.005071
util_ces,util,100,20,watts_strogatz,ces,10,4,3,0.005103
util_ces,util,100,20,watts_strogatz,ces,10,4,4,0.005133
util_ces,util,100,20,watts_strogatz,ces,10,4,5,0.005141
util_ces,util,100,20,watts_strogatz,ces,10,4,6,0.005135
util_ces,util,100,20,watts_strogatz,ces,10,4,7,0.005169
util_ces,util,100,20,watts_strogatz,ces,10,4,8,0.005175
util_ces,util,100,20,watts_strogatz,ces,10,4,9,0.005164
util_ces,util,100,20,watts_strogatz,ces,10,4,10,0.005180
util_ces,util,100,20,watts_strogatz,ces,10,4,11,0.005188
util_ces,util,100,20,watts_strogatz,ces,10,4,12,0.005204
util_ces,util,100,20,watts_strogatz,ces,10,4,13,0.005192
util_ces,util,100,20,watts_strogatz,ces,10,4,14,0.005234
util_ces,util,100,20,watts_strogatz,ces,10,4,15,0.005211
util_ces,util,100,20,watts_strogatz,ces,10,4,16,0.005208
util_ces,util,100,20,watts_strogatz,ces,10,4,17,0.005219
util_ces,util,100,20,watts_strogatz,ces,10,4,18,0.005240
util_ces,util,100,20,watts_strogatz,ces,10,4,19,0.005218
util_ces,util,100,20,watts_strogatz,ces,10,5,0,0.005126
util_ces,util,100,20,watts_strogatz,ces,10,5,1,0.005078
util_ces,util,100,20,watts_strogatz,ces,10,5,2,0.005075
util_ces,util,100,20,watts_strogatz,ces,10,5,3,0.005098
util_ces,util,100,20,watts_strogatz,ces,10,5,4,0.005127
util_ces,util,100,20,watts_strogatz,ces,10,5,5,0.005175
util_ces,util,100,20,watts_strogatz,ces,10,5,6,0.005142
util_ces,util,100,20,watts_strogatz,ces,10,5,7,0.005140
util_ces,util,100,20,watts_strogatz,ces,10,5,8,0.005157
util_ces,util,100,20,watts_strogatz,ces,10,5,9,0.005183
util_ces,util,100,20,watts_strogatz,ces,10,5,10,0.005175
util_ces,util,100,20,watts_strogatz,ces,10,5,11,0.005188
util_ces,util,100,20,watts_strogatz,ces,10,5,12,0.005204
util_ces,util,100,20,watts_strogatz,ces,10,5,13,0.005213
util_ces,util,100,20,watts_strogatz,ces,10,5,14,0.005237
util_ces,util,100,20,watts_strogatz,ces,10,5,15,0.005215
util_ces,util,100,20,watts_strogatz,ces,10,5,16,0.005201
util_ces,util,100,20,watts_strogatz,ces,10,5,17,0.005210
util_ces,util,100,20,watts_strogatz,ces,10,5,18,0.005241
util_ces,util,100,20,watts_strogatz,ces,10,5,19,0.005233
util_ces,util,100,20,watts_strogatz,ces,10,6,0,0.005081
util_ces,util,100,20,watts_strogatz,ces,10,6,1,0.005070
util_ces,util,100,20,watts_strogatz,ces,10,6,2,0.005076
util_ces,util,100,20,watts_strogatz,ces,10,6,3,0.005088
util_ces,util,100,20,watts_strogatz,ces,10,6,4,0.005135
util_ces,util,100,20,watts_strogatz,ces,10,6,5,0.005163
util_ces,util,100,20,watts_strogatz,ces,10,6,6,0.005152
util_ces,util,100,20,watts_strogatz,ces,10,6,7,0.005165
util_ces,util,100,20,watts_strogatz,ces,10,6,8,0.005164
util_ces,util,100,20,watts_strogatz,ces,10,6,9,0.005160
util_ces,util,100,20,watts_strogatz,ces,10,6,10,0.005170
util_ces,util,100,20,watts_strogatz,ces,10,6,11,0.005326
util_ces,util,100,20,watts_strogatz,ces,10,6,12,0.005209
util_ces,util,100,20,watts_strogatz,ces,10,6,13,0.005215
util_ces,util,100,20,watts_strogatz,ces,10,6,14,0.005227
util_ces,util,100,20,watts_strogatz,ces,10,6,15,0.005232
util_ces,util,100,20,watts_strogatz,ces,10,6,16,0.005227
util_ces,util,100,20,watts_strogatz,ces,10,6,17,0.005215
util_ces,util,100,20,watts_strogatz,ces,10,6,18,0.005229
util_ces,util,100,20,watts_strogatz,ces,10,6,19,0.005221
util_ces,util,100,20,watts_strogatz,ces,10,7,0,0.005097
util_ces,util,100,20,watts_strogatz,ces,10,7,1,0.005072
util_ces,util,100,20,watts_strogatz,ces,10,7,2,0.005091
util_ces,util,100,20,watts_strogatz,ces,10,7,3,0.005095
util_ces,util,100,20,watts_strogatz,ces,10,7,4,0.005104
util_ces,util,100,20,watts_strogatz,ces,10,7,5,0.005128
util_ces,util,100,20,watts_strogatz,ces,10,7,6,0.005151
util_ces,util,100,20,watts_strogatz,ces,10,7,7,0.005160
util_ces,util,100,20,watts_strogatz,ces,10,7,8,0.005157
util_ces,util,100,20,watts_strogatz,ces,10,7,9,0.005188
util_ces,util,100,20,watts_strogatz,ces,10,7,10,0.005177
util_ces,util,100,20,watts_strogatz,ces,10,7,11,0.005200
util_ces,util,100,20,watts_strogatz,ces,10,7,12,0.005198
util_ces,util,100,20,watts_strogatz,ces,10,7,13,0.005203
util_ces,util,100,20,watts_strogatz,ces,10,7,14,0.005221
util_ces,util,100,20,watts_strogatz,ces,10,7,15,0.005218
util_ces,util,100,20,watts_strogatz,ces,10,7,16,0.005213
util_ces,util,100,20,watts_strogatz,ces,10,7,17,0.005220
util_ces,util,100,20,watts_strogatz,ces,10,7,18,0.005233
util_ces,util,100,20,watts_strogatz,ces,10,7,19,0.005215
util_ces,util,100,20,watts_strogatz,ces,10,8,0,0.005089
util_ces,util,100,20,watts_strogatz,ces,10,8,1,0.005075
util_ces,util,100,20,watts_strogatz,ces,10,8,2,0.005091
util_ces,util,100,20,watts_strogatz,ces,10,8,3,0.005112
util_ces,util,100,20,watts_strogatz,ces,10,8,4,0.005127
util_ces,util,100,20,watts_strogatz,ces,10,8,5,0.005134
util_ces,util,100,20,watts_strogatz,ces,10,8,6,0.005125
util_ces,util,100,20,watts_strogatz,ces,10,8,7,0.005161
util_ces,util,100,20,watts_strogatz,ces,10,8,8,0.005151
util_ces,util,100,20,watts_strogatz,ces,10,8,9,0.005174
util_ces,util,100,20,watts_strogatz,ces,10,8,10,0.005186
util_ces,util,100,20,watts_strogatz,ces,10,8,11,0.005188
util_ces,util,100,20,watts_strogatz,ces,10,8,12,0.005192
util_ces,util,100,20,watts_strogatz,ces,10,8,13,0.005192
util_ces,util,100,20,watts_strogatz,ces,10,8,14,0.005229
util_ces,util,100,20,watts_strogatz,ces,10,8,15,0.005222
util_ces,util,100,20,watts_strogatz,ces,10,8,16,0.005239
util_ces,util,100,20,watts_strogatz,ces,10,8,17,0.005219
util_ces,util,100,20,watts_strogatz,ces,10,8,18,0.005199
util_ces,util,100,20,watts_strogatz,ces,10,8,19,0.005256
util_multiplicative,util,100,20,watts_strogatz,multiplicative,10,1,0,0.001200
util_multiplicative,util,100,20,watts_strogatz,multiplicative,10,1,1,0.001157
util_multiplicative,util,100,20,watts_strogatz,multiplicative,10,1,2,0.001140
util_multiplicative,util,100,20,watts_strogatz,multiplicative,10,1,3,0.001156
util_multiplicative,util,100,20,watts_strogatz,multiplicative,10,1,4,0.001165
util_multiplicative,util,100,20,watts_strogatz,multiplicative,10,1,5,0.001168
util_multiplicative,util,100,20,watts_strogatz,multiplicative,10,1,6,0.001154
util_multiplicative,util,100,20,watts_strogatz,multiplicative,10,1,7,0.001136
util_multiplicative,util,100,20,watts_strogatz,multiplicative,10,1,8,0.001135
util_multiplicative,util,100,20,watts_strogatz,multiplicative,10,1,9,0.001134
util_multiplicative,util,100,20,watts_strogatz,multiplicative,10,1,10,0.001139
util_multiplicative,util,100,20,watts_strogatz,multiplicative,10,1,11,0.001138
util_multiplicative,util,100,20,watts_strogatz,multiplicative,10,1,12,0.001141
util_multiplicative,util,100,20,watts_strogatz,multiplicative,10,1,13,0.001198
util_multiplicative,util,100,20,watts_strogatz,multiplicative,10,1,14,0.001142
util_multiplicative,util,100,20,watts_strogatz,multiplicative,10,1,15,0.001138
util_multiplicative,util,100,20,watts_strogatz,multiplicative,10,1,16,0.001148
util_multiplicative,util,100,20,watts_strogatz,multiplicative,10,1,17,0.001156
util_multiplicative,util,100,20,watts_strogatz,multiplicative,10,1,18,0.001154
util_multiplicative,util,100,20,watts_strogatz,multiplicative,10,1,19,0.001156
util_multiplicative,util,100,20,watts_strogatz,multiplicative,10,2,0,0.001206
util_multiplicative,util,100,20,watts_strogatz,multiplicative,10,2,1,0.001170
util_multiplicative,util,100,20,watts_strogatz,multiplicative,10,2,2,0.001155
util_multiplicative,util,100,20,watts_strogatz,multiplicative,10,2,3,0.001159
util_multiplicative,util,100,20,watts_strogatz,multiplicative,10,2,4,0.001172
util_multiplicative,util,100,20,watts_strogatz,multiplicative,10,2,5,0.001169
util_multiplicative,util,100,20,watts_strogatz,multiplicative,10,2,6,0.001153
util_multiplicative,util,100,20,watts_strogatz,multiplicative,10,2,7,0.001191
util_multiplicative,util,100,20,watts_strogatz,multiplicative,10,2,8,0.001150
util_multiplicative,util,100,20,watts_strogatz,multiplicative,10,2,9,0.001139
util_multiplicative,util,100,20,watts_strogatz,multiplicative,10,2,10,0.001128
util_multiplicative,util,100,20,watts_strogatz,multiplicative,10,2,11,0.001126
util_multiplicative,util,100,20,watts_strogatz,multiplicative,10,2,12,0.001123
util_multiplicative,util,100,20,watts_strogatz,multiplicative,10,2,13,0.001119
util_multiplicative,util,100,20,watts_strogatz,multiplicative,10,2,14,0.001131
util_multiplicative,util,100,20,watts_strogatz,multiplicative,10,2,15,0.001139
util_multiplicative,util,100,20,watts_strogatz,multiplicative,10,2,16,0.001147
util_multiplicative,util,100,20,watts_strogatz,multiplicative,10,2,17,0.001151
util_multiplicative,util,100,20,watts_strogatz,multiplicative,10,2,18,0.001153
util_multiplicative,util,100,20,watts_strogatz,multiplicative,10,2,19,0.001154
util_multiplicative,util,100,20,watts_strogatz,multiplicative,10,3,0,0.001208
util_multiplicative,util,100,20,watts_strogatz,multiplicative,10,3,1,0.001212
util_multiplicative,util,100,20,watts_strogatz,multiplicative,10,3,2,0.001144
util_multiplicative,util,100,20,watts_strogatz,multiplicative,10,3,3,0.001158
util_multiplicative,util,100,20,watts_strogatz,multiplicative,10,3,4,0.001165
util_multiplicative,util,100,20,watts_strogatz,multiplicative,10,3,5,0.001161
util_multiplicative,util,100,20,watts_strogatz,multiplicative,10,3,6,0.001148
util_multiplicative,util,100,20,watts_strogatz,multiplicative,10,3,7,0.001132
util_multiplicative,util,100,20,watts_strogatz,multiplicative,10,3,8,0.001136
util_multiplicative,util,100,20,watts_strogatz,multiplicative,10,3,9,0.001136
util_multiplicative,util,100,20,watts_strogatz,multiplicative,10,3,10,0.001132
util_multiplicative,util,100,20,watts_strogatz,multiplicative,10,3,11,0.001133
util_multiplicative,util,100,20,watts_strogatz,multiplicative,10,3,12,0.001141
util_multiplicative,util,100,20,watts_strogatz,multiplicative,10,3,13,0.001137
util_multiplicative,util,100,20,watts_strogatz,multiplicative,10,3,14,0.001139
util_multiplicative,util,100,20,watts_strogatz,multiplicative,10,3,15,0.001146
util_multiplicative,util,100,20,watts_strogatz,multiplicative,10,3,16,0.001180
util_multiplicative,util,100,20,watts_strogatz,multiplicative,10,3,17,0.001158
util_multiplicative,util,100,20,watts_strogatz,multiplicative,10,3,18,0.001152
util_multiplicative,util,100,20,watts_strogatz,multiplicative,10,3,19,0.001158
util_multiplicative,util,100,20,watts_strogatz,multiplicative,10,4,0,0.001209
util_multiplicative,util,100,20,watts_strogatz,multiplicative,10,4,1,0.001178
util_multiplicative,util,100,20,watts_strogatz,multiplicative,10,4,2,0.001151
util_multiplicative,util,100,20,watts_strogatz,multiplicative,10,4,3,0.001190
util_multiplicative,util,100,20,watts_strogatz,multiplicative,10,4,4,0.001172
util_multiplicative,util,100,20,watts_strogatz,multiplicative,10,4,5,0.001170
util_multiplicative,util,100,20,watts_strogatz,multiplicative,10,4,6,0.001156
util_multiplicative,util,100,20,watts_strogatz,multiplicative,10,4,7,0.001127
util_multiplicative,util,100,20,watts_strogatz,multiplicative,10,4,8,0.001129
util_multiplicative,util,100,20,watts_strogatz,multiplicative,10,4,9,0.001132
util_multiplicative,util,100,20,watts_strogatz,multiplicative,10,4,10,0.001187
util_multiplicative,util,100,20,watts_strogatz,multiplicative,10,4,11,0.001138
util_multiplicative,util,100,20,watts_strogatz,multiplicative,10,4,12,0.001145
util_multiplicative,util,100,20,watts_strogatz,multiplicative,10,4,13,0.001147
util_multiplicative,util,100,20,watts_strogatz,multiplicative,10,4,14,0.001145
util_multiplicative,util,100,20,watts_strogatz,multiplicative,10,4,15,0.001144
util_multiplicative,util,100,20,watts_strogatz,multiplicative,10,4,16,0.001150
util_multiplicative,util,100,20,watts_strogatz,multiplicative,10,4,17,0.001144
util_multiplicative,util,100,20,watts_strogatz,multiplicative,10,4,18,0.001150
util_multiplicative,util,100,20,watts_strogatz,multiplicative,10,4,19,0.001158
util_multiplicative,util,100,20,watts_strogatz,multiplicative,10,5,0,0.001200
util_multiplicative,util,100,20,watts_strogatz,multiplicative,10,5,1,0.001320
util_multiplicative,util,100,20,watts_strogatz,multiplicative,10,5,2,0.001418
util_multiplicative,util,100,20,watts_strogatz,multiplicative,10,5,3,0.001170
util_multiplicative,util,100,20,watts_strogatz,multiplicative,10,5,4,0.001246
util_multiplicative,util,100,20,watts_strogatz,multiplicative,10,5,5,0.001176
util_multiplicative,util,100,20,watts_strogatz,multiplicative,10,5,6,0.001153
util_multiplicative,util,100,20,watts_strogatz,multiplicative,10,5,7,0.001140
util_multiplicative,util,100,20,watts_strogatz,multiplicative,10,5,8,0.001146
util_multiplicative,util,100,20,watts_strogatz,multiplicative,10,5,9,0.001139
util_multiplicative,util,100,20,watts_strogatz,multiplicative,10,5,10,0.001138
util_multiplicative,util,100,20,watts_strogatz,multiplicative,10,5,11,0.001133
util_multiplicative,util,100,20,watts_strogatz,multiplicative,10,5,12,0.001136
util_multiplicative,util,100,20,watts_strogatz,multiplicative,10,5,13,0.001136
util_multiplicative,util,100,20,watts_strogatz,multiplicative,10,5,14,0.001144
util_multiplicative,util,100,20,watts_strogatz,multiplicative,10,5,15,0.001151
util_multiplicative,util,100,20,watts_strogatz,multiplicative,10,5,16,0.001160
util_multiplicative,util,100,20,watts_strogatz,multiplicative,10,5,17,0.001162
util_multiplicative,util,100,20,watts_strogatz,multiplicative,10,5,18,0.001160
util_multiplicative,util,100,20,watts_strogatz,multiplicative,10,5,19,0.001206
util_multiplicative,util,100,20,watts_strogatz,multiplicative,10,6,0,0.001219
util_multiplicative,util,100,20,watts_strogatz,multiplicative,10,6,1,0.001175
util_multiplicative,util,100,20,watts_strogatz,multiplicative,10,6,2,0.001154
util_multiplicative,util,100,20,watts_strogatz,multiplicative,10,6,3,0.001161
util_multiplicative,util,100,20,watts_strogatz,multiplicative,10,6,4,0.001176
util_multiplicative,util,100,20,watts_strogatz,multiplicative,10,6,5,0.001177
util_multiplicative,util,100,20,watts_strogatz,multiplicative,10,6,6,0.001160
util_multiplicative,util,100,20,watts_strogatz,multiplicative,10,6,7,0.001141
util_multiplicative,util,100,20,watts_strogatz,multiplicative,10,6,8,0.001175
util_multiplicative,util,100,20,watts_strogatz,multiplicative,10,6,9,0.001127
util_multiplicative,util,100,20,watts_strogatz,multiplicative,10,6,10,0.001132
util_multiplicative,util,100,20,watts_strogatz,multiplicative,10,6,11,0.001132
util_multiplicative,util,100,20,watts_strogatz,multiplicative,10,6,12,0.001148
util_multiplicative,util,100,20,watts_strogatz,multiplicative,10,6,13,0.001212
util_multiplicative,util,100,20,watts_strogatz,multiplicative,10,6,14,0.001145
util_multiplicative,util,100,20,watts_strogatz,multiplicative,10,6,15,0.001147
util_multiplicative,util,100,20,watts_strogatz,multiplicative,10,6,16,0.001151
util_multiplicative,util,100,20,watts_strogatz,multiplicative,10,6,17,0.001152
util_multiplicative,util,100,20,watts_strogatz,multiplicative,10,6,18,0.001154
util_multiplicative,util,100,20,watts_strogatz,multiplicative,10,6,19,0.001165
util_multiplicative,util,100,20,watts_strogatz,multiplicative,10,7,0,0.001214
util_multiplicative,util,100,20,watts_strogatz,multiplicative,10,7,1,0.001175
util_multiplicative,util,100,20,watts_strogatz,multiplicative,10,7,2,0.001159
util_multiplicative,util,100,20,watts_strogatz,multiplicative,10,7,3,0.001167
util_multiplicative,util,100,20,watts_strogatz,multiplicative,10,7,4,0.001179
util_multiplicative,util,100,20,watts_strogatz,multiplicative,10,7,5,0.001173
util_multiplicative,util,100,20,watts_strogatz,multiplicative,10,7,6,0.001161
util_multiplicative,util,100,20,watts_strogatz,multiplicative,10,7,7,0.001180
util_multiplicative,util,100,20,watts_strogatz,multiplicative,10,7,8,0.001133
util_multiplicative,util,100,20,watts_strogatz,multiplicative,10,7,9,0.001165
util_multiplicative,util,100,20,watts_strogatz,multiplicative,10,7,10,0.001147
util_multiplicative,util,100,20,watts_strogatz,multiplicative,10,7,11,0.001136
util_multiplicative,util,100,20,watts_strogatz,multiplicative,10,7,12,0.001144
util_multiplicative,util,100,20,watts_strogatz,multiplicative,10,7,13,0.001148
util_multiplicative,util,100,20,watts_strogatz,multiplicative,10,7,14,0.001153
util_multiplicative,util,100,20,watts_strogatz,multiplicative,10,7,15,0.001155
util_multiplicative,util,100,20,watts_strogatz,multiplicative,10,7,16,0.001159
util_multiplicative,util,100,20,watts_strogatz,multiplicative,10,7,17,0.001176
util_multiplicative,util,100,20,watts_strogatz,multiplicative,10,7,18,0.001168
util_multiplicative,util,100,20,watts_strogatz,multiplicative,10,7,19,0.001169
util_multiplicative,util,100,20,watts_strogatz,multiplicative,10,8,0,0.001214
util_multiplicative,util,100,20,watts_strogatz,multiplicative,10,8,1,0.001222
util_multiplicative,util,100,20,watts_strogatz,multiplicative,10,8,2,0.001166
util_multiplicative,util,100,20,watts_strogatz,multiplicative,10,8,3,0.001158
util_multiplicative,util,100,20,watts_strogatz,multiplicative,10,8,4,0.001172
util_multiplicative,util,100,20,watts_strogatz,multiplicative,10,8,5,0.001170
util_multiplicative,util,100,20,watts_strogatz,multiplicative,10,8,6,0.001155
util_multiplicative,util,100,20,watts_strogatz,multiplicative,10,8,7,0.001139
util_multiplicative,util,100,20,watts_strogatz,multiplicative,10,8,8,0.001145
util_multiplicative,util,100,20,watts_strogatz,multiplicative,10,8,9,0.001138
util_multiplicative,util,100,20,watts_strogatz,multiplicative,10,8,10,0.001139
util_multiplicative,util,100,20,watts_strogatz,multiplicative,10,8,11,0.001138
util_multiplicative,util,100,20,watts_strogatz,multiplicative,10,8,12,0.001139
util_multiplicative,util,100,20,watts_strogatz,multiplicative,10,8,13,0.001141
util_multiplicative,util,100,20,watts_strogatz,multiplicative,10,8,14,0.001139
util_multiplicative,util,100,20,watts_strogatz,multiplicative,10,8,15,0.001146
util_multiplicative,util,100,20,watts_strogatz,multiplicative,10,8,16,0.001187
util_multiplicative,util,100,20,watts_strogatz,multiplicative,10,8,17,0.001160
util_multiplicative,util,100,20,watts_strogatz,multiplicative,10,8,18,0.001157
util_multiplicative,util,100,20,watts_strogatz,multiplicative,10,8,19,0.001160
util_multiplicative_weighted,util,100,20,watts_strogatz,multiplicative_weighted,10,1,0,0.003611
util_multiplicative_weighted,util,100,20,watts_strogatz,multiplicative_weighted,10,1,1,0.003570
util_multiplicative_weighted,util,100,20,watts_strogatz,multiplicative_weighted,10,1,2,0.003557
util_multiplicative_weighted,util,100,20,watts_strogatz,multiplicative_weighted,10,1,3,0.003541
util_multiplicative_weighted,util,100,20,watts_strogatz,multiplicative_weighted,10,1,4,0.003523
util_multiplicative_weighted,util,100,20,watts_strogatz,multiplicative_weighted,10,1,5,0.003505
util_multiplicative_weighted,util,100,20,watts_strogatz,multiplicative_weighted,10,1,6,0.003539
util_multiplicative_weighted,util,100,20,watts_strogatz,multiplicative_weighted,10,1,7,0.003474
util_multiplicative_weighted,util,100,20,watts_strogatz,multiplicative_weighted,10,1,8,0.003498
util_multiplicative_weighted,util,100,20,watts_strogatz,multiplicative_weighted,10,1,9,0.003456
util_multiplicative_weighted,util,100,20,watts_strogatz,multiplicative_weighted,10,1,10,0.003460
util_multiplicative_weighted,util,100,20,watts_strogatz,multiplicative_weighted,10,1,11,0.003425
util_multiplicative_weighted,util,100,20,watts_strogatz,multiplicative_weighted,10,1,12,0.003416
util_multiplicative_weighted,util,100,20,watts_strogatz,multiplicative_weighted,10,1,13,0.003415
util_multiplicative_weighted,util,100,20,watts_strogatz,multiplicative_weighted,10,1,14,0.003404
util_multiplicative_weighted,util,100,20,watts_strogatz,multiplicative_weighted,10,1,15,0.003408
util_multiplicative_weighted,util,100,20,watts_strogatz,multiplicative_weighted,10,1,16,0.003392
util_multiplicative_weighted,util,100,20,watts_strogatz,multiplicative_weighted,10,1,17,0.003388
util_multiplicative_weighted,util,100,20,watts_strogatz,multiplicative_weighted,10,1,18,0.003403
util_multiplicative_weighted,util,100,20,watts_strogatz,multiplicative_weighted,10,1,19,0.003386
util_multiplicative_weighted,util,100,20,watts_strogatz,multiplicative_weighted,10,2,0,0.003600
util_multiplicative_weighted,util,100,20,watts_strogatz,multiplicative_weighted,10,2,1,0.003566
util_multiplicative_weighted,util,100,20,watts_strogatz,multiplicative_weighted,10,2,2,0.003550
util_multiplicative_weighted,util,100,20,watts_strogatz,multiplicative_weighted,10,2,3,0.003537
util_multiplicative_weighted,util,100,20,watts_strogatz,multiplicative_weighted,10,2,4,0.003518
util_multiplicative_weighted,util,100,20,watts_strogatz,multiplicative_weighted,10,2,5,0.003506
util_multiplicative_weighted,util,100,20,watts_strogatz,multiplicative_weighted,10,2,6,0.003491
util_multiplicative_weighted,util,100,20,watts_strogatz,multiplicative_weighted,10,2,7,0.003477
util_multiplicative_weighted,util,100,20,watts_strogatz,multiplicative_weighted,10,2,8,0.003468
util_multiplicative_weighted,util,100,20,watts_strogatz,multiplicative_weighted,10,2,9,0.003483
util_multiplicative_weighted,util,100,20,watts_strogatz,multiplicative_weighted,10,2,10,0.003454
util_multiplicative_weighted,util,100,20,watts_strogatz,multiplicative_weighted,10,2,11,0.003434
util_multiplicative_weighted,util,100,20,watts_strogatz,multiplicative_weighted,10,2,12,0.003422
util_multiplicative_weighted,util,100,20,watts_strogatz,multiplicative_weighted,10,2,13,0.003411
util_multiplicative_weighted,util,100,20,watts_strogatz,multiplicative_weighted,10,2,14,0.003405
util_multiplicative_weighted,util,100,20,watts_strogatz,multiplicative_weighted,10,2,15,0.003404
util_multiplicative_weighted,util,100,20,watts_strogatz,multiplicative_weighted,10,2,16,0.003392
util_multiplicative_weighted,util,100,20,watts_strogatz,multiplicative_weighted,10,2,17,0.003391
util_multiplicative_weighted,util,100,20,watts_strogatz,multiplicative_weighted,10,2,18,0.003379
util_multiplicative_weighted,util,100,20,watts_strogatz,multiplicative_weighted,10,2,19,0.003395
util_multiplicative_weighted,util,100,20,watts_strogatz,multiplicative_weighted,10,3,0,0.003592
util_multiplicative_weighted,util,100,20,watts_strogatz,multiplicative_weighted,10,3,1,0.003587
util_multiplicative_weighted,util,100,20,watts_strogatz,multiplicative_weighted,10,3,2,0.003557
util_multiplicative_weighted,util,100,20,watts_strogatz,multiplicative_weighted,10,3,3,0.003531
util_multiplicative_weighted,util,100,20,watts_strogatz,multiplicative_weighted,10,3,4,0.003526
util_multiplicative_weighted,util,100,20,watts_strogatz,multiplicative_weighted,10,3,5,0.003502
util_multiplicative_weighted,util,100,20,watts_strogatz,multiplicative_weighted,10,3,6,0.003494
util_multiplicative_weighted,util,100,20,watts_strogatz,multiplicative_weighted,10,3,7,0.003469
util_multiplicative_weighted,util,100,20,watts_strogatz,multiplicative_weighted,10,3,8,0.003468
util_multiplicative_weighted,util,100,20,watts_strogatz,multiplicative_weighted,10,3,9,0.003460
util_multiplicative_weighted,util,100,20,watts_strogatz,multiplicative_weighted,10,3,10,0.003439
util_multiplicative_weighted,util,100,20,watts_strogatz,multiplicative_weighted,10,3,11,0.003433
util_multiplicative_weighted,util,100,20,watts_strogatz,multiplicative_weighted,10,3,12,0.003416
util_multiplicative_weighted,util,100,20,watts_strogatz,multiplicative_weighted,10,3,13,0.003418
util_multiplicative_weighted,util,100,20,watts_strogatz,multiplicative_weighted,10,3,14,0.003406
util_multiplicative_weighted,util,100,20,watts_strogatz,multiplicative_weighted,10,3,15,0.003404
util_multiplicative_weighted,util,100,20,watts_strogatz,multiplicative_weighted,10,3,16,0.003399
util_multiplicative_weighted,util,100,20,watts_strogatz,multiplicative_weighted,10,3,17,0.003382
util_multiplicative_weighted,util,100,20,watts_strogatz,multiplicative_weighted,10,3,18,0.003388
util_multiplicative_weighted,util,100,20,watts_strogatz,multiplicative_weighted,10,3,19,0.003385
util_multiplicative_weighted,util,100,20,watts_strogatz,multiplicative_weighted,10,4,0,0.003594
util_multiplicative_weighted,util,100,20,watts_strogatz,multiplicative_weighted,10,4,1,0.003564
util_multiplicative_weighted,util,100,20,watts_strogatz,multiplicative_weighted,10,4,2,0.003553
util_multiplicative_weighted,util,100,20,watts_strogatz,multiplicative_weighted,10,4,3,0.003533
util_multiplicative_weighted,util,100,20,watts_strogatz,multiplicative_weighted,10,4,4,0.003515
util_multiplicative_weighted,util,100,20,watts_strogatz,multiplicative_weighted,10,4,5,0.003531
util_multiplicative_weighted,util,100,20,watts_strogatz,multiplicative_weighted,10,4,6,0.003490
util_multiplicative_weighted,util,100,20,watts_strogatz,multiplicative_weighted,10,4,7,0.003475
util_multiplicative_weighted,util,100,20,watts_strogatz,multiplicative_weighted,10,4,8,0.003473
util_multiplicative_weighted,util,100,20,watts_strogatz,multiplicative_weighted,10,4,9,0.003458
util_multiplicative_weighted,util,100,20,watts_strogatz,multiplicative_weighted,10,4,10,0.003444
util_multiplicative_weighted,util,100,20,watts_strogatz,multiplicative_weighted,10,4,11,0.003430
util_multiplicative_weighted,util,100,20,watts_strogatz,multiplicative_weighted,10,4,12,0.003420
util_multiplicative_weighted,util,100,20,watts_strogatz,multiplicative_weighted,10,4,13,0.003409
util_multiplicative_weighted,util,100,20,watts_strogatz,multiplicative_weighted,10,4,14,0.003406
util_multiplicative_weighted,util,100,20,watts_strogatz,multiplicative_weighted,10,4,15,0.003413
util_multiplicative_weighted,util,100,20,watts_strogatz,multiplicative_weighted,10,4,16,0.003395
util_multiplicative_weighted,util,100,20,watts_strogatz,multiplicative_weighted,10,4,17,0.003404
util_multiplicative_weighted,util,100,20,watts_strogatz,multiplicative_weighted,10,4,18,0.003378
util_multiplicative_weighted,util,100,20,watts_strogatz,multiplicative_weighted,10,4,19,0.003385
util_multiplicative_weighted,util,100,20,watts_strogatz,multiplicative_weighted,10,5,0,0.003593
util_multiplicative_weighted,util,100,20,watts_strogatz,multiplicative_weighted,10,5,1,0.003568
util_multiplicative_weighted,util,100,20,watts_strogatz,multiplicative_weighted,10,5,2,0.003559
util_multiplicative_weighted,util,100,20,watts_strogatz,multiplicative_weighted,10,5,3,0.003535
util_multiplicative_weighted,util,100,20,watts_strogatz,multiplicative_weighted,10,5,4,0.003524
util_multiplicative_weighted,util,100,20,watts_strogatz,multiplicative_weighted,10,5,5,0.003507
util_multiplicative_weighted,util,100,20,watts_strogatz,multiplicative_weighted,10,5,6,0.003485
util_multiplicative_weighted,util,100,20,watts_strogatz,multiplicative_weighted,10,5,7,0.003482
util_multiplicative_weighted,util,100,20,watts_strogatz,multiplicative_weighted,10,5,8,0.003470
util_multiplicative_weighted,util,100,20,watts_strogatz,multiplicative_weighted,10,5,9,0.003463
util_multiplicative_weighted,util,100,20,watts_strogatz,multiplicative_weighted,10,5,10,0.003440
util_multiplicative_weighted,util,100,20,watts_strogatz,multiplicative_weighted,10,5,11,0.003429
util_multiplicative_weighted,util,100,20,watts_strogatz,multiplicative_weighted,10,5,12,0.003414
util_multiplicative_weighted,util,100,20,watts_strogatz,multiplicative_weighted,10,5,13,0.003408
util_multiplicative_weighted,util,100,20,watts_strogatz,multiplicative_weighted,10,5,14,0.003409
util_multiplicative_weighted,util,100,20,watts_strogatz,multiplicative_weighted,10,5,15,0.003402
util_multiplicative_weighted,util,100,20,watts_strogatz,multiplicative_weighted,10,5,16,0.003397
util_multiplicative_weighted,util,100,20,watts_strogatz,multiplicative_weighted,10,5,17,0.003391
util_multiplicative_weighted,util,100,20,watts_strogatz,multiplicative_weighted,10,5,18,0.003387
util_multiplicative_weighted,util,100,20,watts_strogatz,multiplicative_weighted,10,5,19,0.003400
util_multiplicative_weighted,util,100,20,watts_strogatz,multiplicative_weighted,10,6,0,0.003602
util_multiplicative_weighted,util,100,20,watts_strogatz,multiplicative_weighted,10,6,1,0.003566
util_multiplicative_weighted,util,100,20,watts_strogatz,multiplicative_weighted,10,6,2,0.003576
util_multiplicative_weighted,util,100,20,watts_strogatz,multiplicative_weighted,10,6,3,0.003537
util_multiplicative_weighted,util,100,20,watts_strogatz,multiplicative_weighted,10,6,4,0.003535
util_multiplicative_weighted,util,100,20,watts_strogatz,multiplicative_weighted,10,6,5,0.003518
util_multiplicative_weighted,util,100,20,watts_strogatz,multiplicative_weighted,10,6,6,0.003490
util_multiplicative_weighted,util,100,20,watts_strogatz,multiplicative_weighted,10,6,7,0.003486
util_multiplicative_weighted,util,100,20,watts_strogatz,multiplicative_weighted,10,6,8,0.003486
util_multiplicative_weighted,util,100,20,watts_strogatz,multiplicative_weighted,10,6,9,0.003458
util_multiplicative_weighted,util,100,20,watts_strogatz,multiplicative_weighted,10,6,10,0.003445
util_multiplicative_weighted,util,100,20,watts_strogatz,multiplicative_weighted,10,6,11,0.003433
util_multiplicative_weighted,util,100,20,watts_strogatz,multiplicative_weighted,10,6,12,0.003416
util_multiplicative_weighted,util,100,20,watts_strogatz,multiplicative_weighted,10,6,13,0.003417
util_multiplicative_weighted,util,100,20,watts_strogatz,multiplicative_weighted,10,6,14,0.003405
util_multiplicative_weighted,util,100,20,watts_strogatz,multiplicative_weighted,10,6,15,0.003404
util_multiplicative_weighted,util,100,20,watts_strogatz,multiplicative_weighted,10,6,16,0.003410
util_multiplicative_weighted,util,100,20,watts_strogatz,multiplicative_weighted,10,6,17,0.003389
util_multiplicative_weighted,util,100,20,watts_strogatz,multiplicative_weighted,10,6,18,0.003383
util_multiplicative_weighted,util,100,20,watts_strogatz,multiplicative_weighted,10,6,19,0.003384
util_multiplicative_weighted,util,100,20,watts_strogatz,multiplicative_weighted,10,7,0,0.003597
util_multiplicative_weighted,util,100,20,watts_strogatz,multiplicative_weighted,10,7,1,0.003574
util_multiplicative_weighted,util,100,20,watts_strogatz,multiplicative_weighted,10,7,2,0.003573
util_multiplicative_weighted,util,100,20,watts_strogatz,multiplicative_weighted,10,7,3,0.003535
util_multiplicative_weighted,util,100,20,watts_strogatz,multiplicative_weighted,10,7,4,0.003541
util_multiplicative_weighted,util,100,20,watts_strogatz,multiplicative_weighted,10,7,5,0.003522
util_multiplicative_weighted,util,100,20,watts_strogatz,multiplicative_weighted,10,7,6,0.003499
util_multiplicative_weighted,util,100,20,watts_strogatz,multiplicative_weighted,10,7,7,0.003478
util_multiplicative_weighted,util,100,20,watts_strogatz,multiplicative_weighted,10,7,8,0.003467
util_multiplicative_weighted,util,100,20,watts_strogatz,multiplicative_weighted,10,7,9,0.003459
util_multiplicative_weighted,util,100,20,watts_strogatz,multiplicative_weighted,10,7,10,0.003447
util_multiplicative_weighted,util,100,20,watts_strogatz,multiplicative_weighted,10,7,11,0.003437
util_multiplicative_weighted,util,100,20,watts_strogatz,multiplicative_weighted,10,7,12,0.003422
util_multiplicative_weighted,util,100,20,watts_strogatz,multiplicative_weighted,10,7,13,0.003416
util_multiplicative_weighted,util,100,20,watts_strogatz,multiplicative_weighted,10,7,14,0.003409
util_multiplicative_weighted,util,100,20,watts_strogatz,multiplicative_weighted,10,7,15,0.003408
util_multiplicative_weighted,util,100,20,watts_strogatz,multiplicative_weighted,10,7,16,0.003412
util_multiplicative_weighted,util,100,20,watts_strogatz,multiplicative_weighted,10,7,17,0.003386
util_multiplicative_weighted,util,100,20,watts_strogatz,multiplicative_weighted,10,7,18,0.003380
util_multiplicative_weighted,util,100,20,watts_strogatz,multiplicative_weighted,10,7,19,0.003388
util_multiplicative_weighted,util,100,20,watts_strogatz,multiplicative_weighted,10,8,0,0.003599
util_multiplicative_weighted,util,100,20,watts_strogatz,multiplicative_weighted,10,8,1,0.003570
util_multiplicative_weighted,util,100,20,watts_strogatz,multiplicative_weighted,10,8,2,0.003559
util_multiplicative_weighted,util,100,20,watts_strogatz,multiplicative_weighted,10,8,3,0.003536
util_multiplicative_weighted,util,100,20,watts_strogatz,multiplicative_weighted,10,8,4,0.003528
util_multiplicative_weighted,util,100,20,watts_strogatz,multiplicative_weighted,10,8,5,0.003504
util_multiplicative_weighted,util,100,20,watts_strogatz,multiplicative_weighted,10,8,6,0.003493
util_multiplicative_weighted,util,100,20,watts_strogatz,multiplicative_weighted,10,8,7,0.003490
util_multiplicative_weighted,util,100,20,watts_strogatz,multiplicative_weighted,10,8,8,0.003485
util_multiplicative_weighted,util,100,20,watts_strogatz,multiplicative_weighted,10,8,9,0.003457
util_multiplicative_weighted,util,100,20,watts_strogatz,multiplicative_weighted,10,8,10,0.003455
util_multiplicative_weighted,util,100,20,watts_strogatz,multiplicative_weighted,10,8,11,0.003426
util_multiplicative_weighted,util,100,20,watts_strogatz,multiplicative_weighted,10,8,12,0.003416
util_multiplicative_weighted,util,100,20,watts_strogatz,multiplicative_weighted,10,8,13,0.003410
util_multiplicative_weighted,util,100,20,watts_strogatz,multiplicative_weighted,10,8,14,0.003404
util_multiplicative_weighted,util,100,20,watts_strogatz,multiplicative_weighted,10,8,15,0.003406
util_multiplicative_weighted,util,100,20,watts_strogatz,multiplicative_weighted,10,8,16,0.003392
util_multiplicative_weighted,util,100,20,watts_strogatz,multiplicative_weighted,10,8,17,0.003384
util_multiplicative_weighted,util,100,20,watts_strogatz,multiplicative_weighted,10,8,18,0.003385
util_multiplicative_weighted,util,100,20,watts_strogatz,multiplicative_weighted,10,8,19,0.003409
conf_0,conf,100,20,watts_strogatz,ces,0,1,0,0.014175
conf_0,conf,100,20,watts_strogatz,ces,0,1,1,0.012586
conf_0,conf,100,20,watts_strogatz,ces,0,1,2,0.012587
conf_0,conf,100,20,watts_strogatz,ces,0,1,3,0.012578
conf_0,conf,100,20,watts_strogatz,ces,0,1,4,0.012584
conf_0,conf,100,20,watts_strogatz,ces,0,1,5,0.012549
conf_0,conf,100,20,watts_strogatz,ces,0,1,6,0.012529
conf_0,conf,100,20,watts_strogatz,ces,0,1,7,0.012498
conf_0,conf,100,20,watts_strogatz,ces,0,1,8,0.012589
conf_0,conf,100,20,watts_strogatz,ces,0,1,9,0.012438
conf_0,conf,100,20,watts_strogatz,ces,0,1,10,0.012455
conf_0,conf,100,20,watts_strogatz,ces,0,1,11,0.012450
conf_0,conf,100,20,watts_strogatz,ces,0,1,12,0.012414
conf_0,conf,100,20,watts_strogatz,ces,0,1,13,0.012360
conf_0,conf,100,20,watts_strogatz,ces,0,1,14,0.012375
conf_0,conf,100,20,watts_strogatz,ces,0,1,15,0.012385
conf_0,conf,100,20,watts_strogatz,ces,0,1,16,0.012322
conf_0,conf,100,20,watts_strogatz,ces,0,1,17,0.012279
conf_0,conf,100,20,watts_strogatz,ces,0,1,18,0.012300
conf_0,conf,100,20,watts_strogatz,ces,0,1,19,0.012241
conf_0,conf,100,20,watts_strogatz,ces,0,2,0,0.014366
conf_0,conf,100,20,watts_strogatz,ces,0,2,1,0.012728
conf_0,conf,100,20,watts_strogatz,ces,0,2,2,0.012728
conf_0,conf,100,20,watts_strogatz,ces,0,2,3,0.012714
conf_0,conf,100,20,watts_strogatz,ces,0,2,4,0.012740
conf_0,conf,100,20,watts_strogatz,ces,0,2,5,0.012667
conf_0,conf,100,20,watts_strogatz,ces,0,2,6,0.012635
conf_0,conf,100,20,watts_strogatz,ces,0,2,7,0.012554
conf_0,conf,100,20,watts_strogatz,ces,0,2,8,0.012617
conf_0,conf,100,20,watts_strogatz,ces,0,2,9,0.012489
conf_0,conf,100,20,watts_strogatz,ces,0,2,10,0.012493
conf_0,conf,100,20,watts_strogatz,ces,0,2,11,0.012449
conf_0,conf,100,20,watts_strogatz,ces,0,2,12,0.012463
conf_0,conf,100,20,watts_strogatz,ces,0,2,13,0.012429
conf_0,conf,100,20,watts_strogatz,ces,0,2,14,0.012393
conf_0,conf,100,20,watts_strogatz,ces,0,2,15,0.012397
conf_0,conf,100,20,watts_strogatz,ces,0,2,16,0.012297
conf_0,conf,100,20,watts_strogatz,ces,0,2,17,0.012324
conf_0,conf,100,20,watts_strogatz,ces,0,2,18,0.012291
conf_0,conf,100,20,watts_strogatz,ces,0,2,19,0.012249
conf_0,conf,100,20,watts_strogatz,ces,0,3,0,0.014325
conf_0,conf,100,20,watts_strogatz,ces,0,3,1,0.012652
conf_0,conf,100,20,watts_strogatz,ces,0,3,2,0.012671
conf_0,conf,100,20,watts_strogatz,ces,0,3,3,0.012676
conf_0,conf,100,20,watts_strogatz,ces,0,3,4,0.012693
conf_0,conf,100,20,watts_strogatz,ces,0,3,5,0.012620
conf_0,conf,100,20,watts_strogatz,ces,0,3,6,0.012631
conf_0,conf,100,20,watts_strogatz,ces,0,3,7,0.012537
conf_0,conf,100,20,watts_strogatz,ces,0,3,8,0.012569
conf_0,conf,100,20,watts_strogatz,ces,0,3,9,0.012471
conf_0,conf,100,20,watts_strogatz,ces,0,3,10,0.012493
conf_0,conf,100,20,watts_strogatz,ces,0,3,11,0.012421
conf_0,conf,100,20,watts_strogatz,ces,0,3,12,0.012468
conf_0,conf,100,20,watts_strogatz,ces,0,3,13,0.012491
conf_0,conf,100,20,watts_strogatz,ces,0,3,14,0.012442
conf_0,conf,100,20,watts_strogatz,ces,0,3,15,0.012439
conf_0,conf,100,20,watts_strogatz,ces,0,3,16,0.012462
conf_0,conf,100,20,watts_strogatz,ces,0,3,17,0.012325
conf_0,conf,100,20,watts_strogatz,ces,0,3,18,0.012315
conf_0,conf,100,20,watts_strogatz,ces,0,3,19,0.012318
conf_0,conf,100,20,watts_strogatz,ces,0,4,0,0.014354
conf_0,conf,100,20,watts_strogatz,ces,0,4,1,0.012711
conf_0,conf,100,20,watts_strogatz,ces,0,4,2,0.012727
conf_0,conf,100,20,watts_strogatz,ces,0,4,3,0.012726
conf_0,conf,100,20,watts_strogatz,ces,0,4,4,0.012668
conf_0,conf,100,20,watts_strogatz,ces,0,4,5,0.012668
conf_0,conf,100,20,watts_strogatz,ces,0,4,6,0.012644
conf_0,conf,100,20,watts_strogatz,ces,0,4,7,0.012607
conf_0,conf,100,20,watts_strogatz,ces,0,4,8,0.012622
conf_0,conf,100,20,watts_strogatz,ces,0,4,9,0.012544
conf_0,conf,100,20,watts_strogatz,ces,0,4,10,0.012524
conf_0,conf,100,20,watts_strogatz,ces,0,4,11,0.012475
conf_0,conf,100,20,watts_strogatz,ces,0,4,12,0.012472
conf_0,conf,100,20,watts_strogatz,ces,0,4,13,0.012427
conf_0,conf,100,20,watts_strogatz,ces,0,4,14,0.012418
conf_0,conf,100,20,watts_strogatz,ces,0,4,15,0.012437
conf_0,conf,100,20,watts_strogatz,ces,0,4,16,0.012347
conf_0,conf,100,20,watts_strogatz,ces,0,4,17,0.012335
conf_0,conf,100,20,watts_strogatz,ces,0,4,18,0.012309
conf_0,conf,100,20,watts_strogatz,ces,0,4,19,0.012285
conf_0,conf,100,20,watts_strogatz,ces,0,5,0,0.014338
conf_0,conf,100,20,watts_strogatz,ces,0,5,1,0.012716
conf_0,conf,100,20,watts_strogatz,ces,0,5,2,0.012769
conf_0,conf,100,20,watts_strogatz,ces,0,5,3,0.012666
conf_0,conf,100,20,watts_strogatz,ces,0,5,4,0.012659
conf_0,conf,100,20,watts_strogatz,ces,0,5,5,0.012663
conf_0,conf,100,20,watts_strogatz,ces,0,5,6,0.012604
conf_0,conf,100,20,watts_strogatz,ces,0,5,7,0.012559
conf_0,conf,100,20,watts_strogatz,ces,0,5,8,0.012991
conf_0,conf,100,20,watts_strogatz,ces,0,5,9,0.013157
conf_0,conf,100,20,watts_strogatz,ces,0,5,10,0.013335
conf_0,conf,100,20,watts_strogatz,ces,0,5,11,0.012466
conf_0,conf,100,20,watts_strogatz,ces,0,5,12,0.012494
conf_0,conf,100,20,watts_strogatz,ces,0,5,13,0.012585
conf_0,conf,100,20,watts_strogatz,ces,0,5,14,0.012466
conf_0,conf,100,20,watts_strogatz,ces,0,5,15,0.012424
conf_0,conf,100,20,watts_strogatz,ces,0,5,16,0.012444
conf_0,conf,100,20,watts_strogatz,ces,0,5,17,0.012519
conf_0,conf,100,20,watts_strogatz,ces,0,5,18,0.012620
conf_0,conf,100,20,watts_strogatz,ces,0,5,19,0.012759
conf_0,conf,100,20,watts_strogatz,ces,0,6,0,0.014677
conf_0,conf,100,20,watts_strogatz,ces,0,6,1,0.012758
conf_0,conf,100,20,watts_strogatz,ces,0,6,2,0.012928
conf_0,conf,100,20,watts_strogatz,ces,0,6,3,0.013058
conf_0,conf,100,20,watts_strogatz,ces,0,6,4,0.012943
conf_0,conf,100,20,watts_strogatz,ces,0,6,5,0.012983
conf_0,conf,100,20,watts_strogatz,ces,0,6,6,0.013135
conf_0,conf,100,20,watts_strogatz,ces,0,6,7,0.012886
conf_0,conf,100,20,watts_strogatz,ces,0,6,8,0.013034
conf_0,conf,100,20,watts_strogatz,ces,0,6,9,0.012963
conf_0,conf,100,20,watts_strogatz,ces,0,6,10,0.012904
conf_0,conf,100,20,watts_strogatz,ces,0,6,11,0.013177
conf_0,conf,100,20,watts_strogatz,ces,0,6,12,0.013000
conf_0,conf,100,20,watts_strogatz,ces,0,6,13,0.012546
conf_0,conf,100,20,watts_strogatz,ces,0,6,14,0.012928
conf_0,conf,100,20,watts_strogatz,ces,0,6,15,0.013046
conf_0,conf,100,20,watts_strogatz,ces,0,6,16,0.012812
conf_0,conf,100,20,watts_strogatz,ces,0,6,17,0.013003
conf_0,conf,100,20,watts_strogatz,ces,0,6,18,0.012620
conf_0,conf,100,20,watts_strogatz,ces,0,6,19,0.012640
conf_0,conf,100,20,watts_strogatz,ces,0,7,0,0.014911
conf_0,conf,100,20,watts_strogatz,ces,0,7,1,0.013468
conf_0,conf,100,20,watts_strogatz,ces,0,7,2,0.013232
conf_0,conf,100,20,watts_strogatz,ces,0,7,3,0.012637
conf_0,conf,100,20,watts_strogatz,ces,0,7,4,0.013012
conf_0,conf,100,20,watts_strogatz,ces,0,7,5,0.012809
conf_0,conf,100,20,watts_strogatz,ces,0,7,6,0.012636
conf_0,conf,100,20,watts_strogatz,ces,0,7,7,0.013247
conf_0,conf,100,20,watts_strogatz,ces,0,7,8,0.013269
conf_0,conf,100,20,watts_strogatz,ces,0,7,9,0.012505
conf_0,conf,100,20,watts_strogatz,ces,0,7,10,0.012541
conf_0,conf,100,20,watts_strogatz,ces,0,7,11,0.012492
conf_0,conf,100,20,watts_strogatz,ces,0,7,12,0.012531
conf_0,conf,100,20,watts_strogatz,ces,0,7,13,0.012558
conf_0,conf,100,20,watts_strogatz,ces,0,7,14,0.012694
conf_0,conf,100,20,watts_strogatz,ces,0,7,15,0.012648
conf_0,conf,100,20,watts_strogatz,ces,0,7,16,0.012710
conf_0,conf,100,20,watts_strogatz,ces,0,7,17,0.012541
conf_0,conf,100,20,watts_strogatz,ces,0,7,18,0.012271
conf_0,conf,100,20,watts_strogatz,ces,0,7,19,0.012278
conf_0,conf,100,20,watts_strogatz,ces,0,8,0,0.014371
conf_0,conf,100,20,watts_strogatz,ces,0,8,1,0.012798
conf_0,conf,100,20,watts_strogatz,ces,0,8,2,0.012974
conf_0,conf,100,20,watts_strogatz,ces,0,8,3,0.013002
conf_0,conf,100,20,watts_strogatz,ces,0,8,4,0.013227
conf_0,conf,100,20,watts_strogatz,ces,0,8,5,0.012727
conf_0,conf,100,20,watts_strogatz,ces,0,8,6,0.012884
conf_0,conf,100,20,watts_strogatz,ces,0,8,7,0.013016
conf_0,conf,100,20,watts_strogatz,ces,0,8,8,0.012941
conf_0,conf,100,20,watts_strogatz,ces,0,8,9,0.012954
conf_0,conf,100,20,watts_strogatz,ces,0,8,10,0.012967
conf_0,conf,100,20,watts_strogatz,ces,0,8,11,0.012886
conf_0,conf,100,20,watts_strogatz,ces,0,8,12,0.012480
conf_0,conf,100,20,watts_strogatz,ces,0,8,13,0.012619
conf_0,conf,100,20,watts_strogatz,ces,0,8,14,0.012860
conf_0,conf,100,20,watts_strogatz,ces,0,8,15,0.012988
conf_0,conf,100,20,watts_strogatz,ces,0,8,16,0.012936
conf_0,conf,100,20,watts_strogatz,ces,0,8,17,0.012582
conf_0,conf,100,20,watts_strogatz,ces,0,8,18,0.012898
conf_0,conf,100,20,watts_strogatz,ces,0,8,19,0.012873
conf_1,conf,100,20,watts_strogatz,ces,1,1,0,0.011735
conf_1,conf,100,20,watts_strogatz,ces,1,1,1,0.011665
conf_1,conf,100,20,watts_strogatz,ces,1,1,2,0.011628
conf_1,conf,100,20,watts_strogatz,ces,1,1,3,0.011641
conf_1,conf,100,20,watts_strogatz,ces,1,1,4,0.011631
conf_1,conf,100,20,watts_strogatz,ces,1,1,5,0.011590
conf_1,conf,100,20,watts_strogatz,ces,1,1,6,0.011565
conf_1,conf,100,20,watts_strogatz,ces,1,1,7,0.011556
conf_1,conf,100,20,watts_strogatz,ces,1,1,8,0.011505
conf_1,conf,100,20,watts_strogatz,ces,1,1,9,0.011464
conf_1,conf,100,20,watts_strogatz,ces,1,1,10,0.011430
conf_1,conf,100,20,watts_strogatz,ces,1,1,11,0.011423
conf_1,conf,100,20,watts_strogatz,ces,1,1,12,0.011384
conf_1,conf,100,20,watts_strogatz,ces,1,1,13,0.011398
conf_1,conf,100,20,watts_strogatz,ces,1,1,14,0.011315
conf_1,conf,100,20,watts_strogatz,ces,1,1,15,0.011280
conf_1,conf,100,20,watts_strogatz,ces,1,1,16,0.011284
conf_1,conf,100,20,watts_strogatz,ces,1,1,17,0.011257
conf_1,conf,100,20,watts_strogatz,ces,1,1,18,0.011275
conf_1,conf,100,20,watts_strogatz,ces,1,1,19,0.011283
conf_1,conf,100,20,watts_strogatz,ces,1,2,0,0.011761
conf_1,conf,100,20,watts_strogatz,ces,1,2,1,0.011660
conf_1,conf,100,20,watts_strogatz,ces,1,2,2,0.011632
conf_1,conf,100,20,watts_strogatz,ces,1,2,3,0.011672
conf_1,conf,100,20,watts_strogatz,ces,1,2,4,0.011641
conf_1,conf,100,20,watts_strogatz,ces,1,2,5,0.011621
conf_1,conf,100,20,watts_strogatz,ces,1,2,6,0.011592
conf_1,conf,100,20,watts_strogatz,ces,1,2,7,0.011540
conf_1,conf,100,20,watts_strogatz,ces,1,2,8,0.011482
conf_1,conf,100,20,watts_strogatz,ces,1,2,9,0.011473
conf_1,conf,100,20,watts_strogatz,ces,1,2,10,0.011432
conf_1,conf,100,20,watts_strogatz,ces,1,2,11,0.011464
conf_1,conf,100,20,watts_strogatz,ces,1,2,12,0.011400
conf_1,conf,100,20,watts_strogatz,ces,1,2,13,0.011351
conf_1,conf,100,20,watts_strogatz,ces,1,2,14,0.011309
conf_1,conf,100,20,watts_strogatz,ces,1,2,15,0.011298
conf_1,conf,100,20,watts_strogatz,ces,1,2,16,0.011308
conf_1,conf,100,20,watts_strogatz,ces,1,2,17,0.011233
conf_1,conf,100,20,watts_strogatz,ces,1,2,18,0.011266
conf_1,conf,100,20,watts_strogatz,ces,1,2,19,0.011294
conf_1,conf,100,20,watts_strogatz,ces,1,3,0,0.011767
conf_1,conf,100,20,watts_strogatz,ces,1,3,1,0.011824
conf_1,conf,100,20,watts_strogatz,ces,1,3,2,0.011642
conf_1,conf,100,20,watts_strogatz,ces,1,3,3,0.012016
conf_1,conf,100,20,watts_strogatz,ces,1,3,4,0.011814
conf_1,conf,100,20,watts_strogatz,ces,1,3,5,0.011896
conf_1,conf,100,20,watts_strogatz,ces,1,3,6,0.011802
conf_1,conf,100,20,watts_strogatz,ces,1,3,7,0.013194
conf_1,conf,100,20,watts_strogatz,ces,1,3,8,0.012548
conf_1,conf,100,20,watts_strogatz,ces,1,3,9,0.011413
conf_1,conf,100,20,watts_strogatz,ces,1,3,10,0.011500
conf_1,conf,100,20,watts_strogatz,ces,1,3,11,0.011504
conf_1,conf,100,20,watts_strogatz,ces,1,3,12,0.011441
conf_1,conf,100,20,watts_strogatz,ces,1,3,13,0.011396
conf_1,conf,100,20,watts_strogatz,ces,1,3,14,0.011391
conf_1,conf,100,20,watts_strogatz,ces,1,3,15,0.011341
conf_1,conf,100,20,watts_strogatz,ces,1,3,16,0.011334
conf_1,conf,100,20,watts_strogatz,ces,1,3,17,0.011332
conf_1,conf,100,20,watts_strogatz,ces,1,3,18,0.011321
conf_1,conf,100,20,watts_strogatz,ces,1,3,19,0.011333
conf_1,conf,100,20,watts_strogatz,ces,1,4,0,0.011824
conf_1,conf,100,20,watts_strogatz,ces,1,4,1,0.011722
conf_1,conf,100,20,watts_strogatz,ces,1,4,2,0.011659
conf_1,conf,100,20,watts_strogatz,ces,1,4,3,0.011669
conf_1,conf,100,20,watts_strogatz,ces,1,4,4,0.011639
conf_1,conf,100,20,watts_strogatz,ces,1,4,5,0.011639
conf_1,conf,100,20,watts_strogatz,ces,1,4,6,0.011629
conf_1,conf,100,20,watts_strogatz,ces,1,4,7,0.011535
conf_1,conf,100,20,watts_strogatz,ces,1,4,8,0.011563
conf_1,conf,100,20,watts_strogatz,ces,1,4,9,0.011502
conf_1,conf,100,20,watts_strogatz,ces,1,4,10,0.011458
conf_1,conf,100,20,watts_strogatz,ces,1,4,11,0.011461
conf_1,conf,100,20,watts_strogatz,ces,1,4,12,0.011764
conf_1,conf,100,20,watts_strogatz,ces,1,4,13,0.011361
conf_1,conf,100,20,watts_strogatz,ces,1,4,14,0.011356
conf_1,conf,100,20,watts_strogatz,ces,1,4,15,0.011341
conf_1,conf,100,20,watts_strogatz,ces,1,4,16,0.011440
conf_1,conf,100,20,watts_strogatz,ces,1,4,17,0.011308
conf_1,conf,100,20,watts_strogatz,ces,1,4,18,0.011356
conf_1,conf,100,20,watts_strogatz,ces,1,4,19,0.011404
conf_1,conf,100,20,watts_strogatz,ces,1,5,0,0.011870
conf_1,conf,100,20,watts_strogatz,ces,1,5,1,0.011754
conf_1,conf,100,20,watts_strogatz,ces,1,5,2,0.011675
conf_1,conf,100,20,watts_strogatz,ces,1,5,3,0.011726
conf_1,conf,100,20,watts_strogatz,ces,1,5,4,0.011685
conf_1,conf,100,20,watts_strogatz,ces,1,5,5,0.011629
conf_1,conf,100,20,watts_strogatz,ces,1,5,6,0.011636
conf_1,conf,100,20,watts_strogatz,ces,1,5,7,0.011588
conf_1,conf,100,20,watts_strogatz,ces,1,5,8,0.011565
conf_1,conf,100,20,watts_strogatz,ces,1,5,9,0.011507
conf_1,conf,100,20,watts_strogatz,ces,1,5,10,0.011474
conf_1,conf,100,20,watts_strogatz,ces,1,5,11,0.011418
conf_1,conf,100,20,watts_strogatz,ces,1,5,12,0.011414
conf_1,conf,100,20,watts_strogatz,ces,1,5,13,0.011404
conf_1,conf,100,20,watts_strogatz,ces,1,5,14,0.011323
conf_1,conf,100,20,watts_strogatz,ces,1,5,15,0.011312
conf_1,conf,100,20,watts_strogatz,ces,1,5,16,0.011312
conf_1,conf,100,20,watts_strogatz,ces,1,5,17,0.011300
conf_1,conf,100,20,watts_strogatz,ces,1,5,18,0.011271
conf_1,conf,100,20,watts_strogatz,ces,1,5,19,0.011346
conf_1,conf,100,20,watts_strogatz,ces,1,6,0,0.011775
conf_1,conf,100,20,watts_strogatz,ces,1,6,1,0.011685
conf_1,conf,100,20,watts_strogatz,ces,1,6,2,0.011642
conf_1,conf,100,20,watts_strogatz,ces,1,6,3,0.011641
conf_1,conf,100,20,watts_strogatz,ces,1,6,4,0.011678
conf_1,conf,100,20,watts_strogatz,ces,1,6,5,0.011630
conf_1,conf,100,20,watts_strogatz,ces,1,6,6,0.011594
conf_1,conf,100,20,watts_strogatz,ces,1,6,7,0.011577
conf_1,conf,100,20,watts_strogatz,ces,1,6,8,0.011503
conf_1,conf,100,20,watts_strogatz,ces,1,6,9,0.011497
conf_1,conf,100,20,watts_strogatz,ces,1,6,10,0.011485
conf_1,conf,100,20,watts_strogatz,ces,1,6,11,0.011412
conf_1,conf,100,20,watts_strogatz,ces,1,6,12,0.011408
conf_1,conf,100,20,watts_strogatz,ces,1,6,13,0.011354
conf_1,conf,100,20,watts_strogatz,ces,1,6,14,0.011362
conf_1,conf,100,20,watts_strogatz,ces,1,6,15,0.011310
conf_1,conf,100,20,watts_strogatz,ces,1,6,16,0.011289
conf_1,conf,100,20,watts_strogatz,ces,1,6,17,0.011288
conf_1,conf,100,20,watts_strogatz,ces,1,6,18,0.011298
conf_1,conf,100,20,watts_strogatz,ces,1,6,19,0.011271
conf_1,conf,100,20,watts_strogatz,ces,1,7,0,0.011766
conf_1,conf,100,20,watts_strogatz,ces,1,7,1,0.011668
conf_1,conf,100,20,watts_strogatz,ces,1,7,2,0.011620
conf_1,conf,100,20,watts_strogatz,ces,1,7,3,0.011645
conf_1,conf,100,20,watts_strogatz,ces,1,7,4,0.011634
conf_1,conf,100,20,watts_strogatz,ces,1,7,5,0.011575
conf_1,conf,100,20,watts_strogatz,ces,1,7,6,0.011559
conf_1,conf,100,20,watts_strogatz,ces,1,7,7,0.011564
conf_1,conf,100,20,watts_strogatz,ces,1,7,8,0.011507
conf_1,conf,100,20,watts_strogatz,ces,1,7,9,0.011472
conf_1,conf,100,20,watts_strogatz,ces,1,7,10,0.011440
conf_1,conf,100,20,watts_strogatz,ces,1,7,11,0.011385
conf_1,conf,100,20,watts_strogatz,ces,1,7,12,0.011380
conf_1,conf,100,20,watts_strogatz,ces,1,7,13,0.011374
conf_1,conf,100,20,watts_strogatz,ces,1,7,14,0.011310
conf_1,conf,100,20,watts_strogatz,ces,1,7,15,0.011278
conf_1,conf,100,20,watts_strogatz,ces,1,7,16,0.011281
conf_1,conf,100,20,watts_strogatz,ces,1,7,17,0.011265
conf_1,conf,100,20,watts_strogatz,ces,1,7,18,0.011244
conf_1,conf,100,20,watts_strogatz,ces,1,7,19,0.011254
conf_1,conf,100,20,watts_strogatz,ces,1,8,0,0.011784
conf_1,conf,100,20,watts_strogatz,ces,1,8,1,0.011675
conf_1,conf,100,20,watts_strogatz,ces,1,8,2,0.011654
conf_1,conf,100,20,watts_strogatz,ces,1,8,3,0.011611
conf_1,conf,100,20,watts_strogatz,ces,1,8,4,0.011620
conf_1,conf,100,20,watts_strogatz,ces,1,8,5,0.011611
conf_1,conf,100,20,watts_strogatz,ces,1,8,6,0.011565
conf_1,conf,100,20,watts_strogatz,ces,1,8,7,0.011552
conf_1,conf,100,20,watts_strogatz,ces,1,8,8,0.011498
conf_1,conf,100,20,watts_strogatz,ces,1,8,9,0.011468
conf_1,conf,100,20,watts_strogatz,ces,1,8,10,0.011460
conf_1,conf,100,20,watts_strogatz,ces,1,8,11,0.011420
conf_1,conf,100,20,watts_strogatz,ces,1,8,12,0.011417
conf_1,conf,100,20,watts_strogatz,ces,1,8,13,0.011360
conf_1,conf,100,20,watts_strogatz,ces,1,8,14,0.011325
conf_1,conf,100,20,watts_strogatz,ces,1,8,15,0.011291
conf_1,conf,100,20,watts_strogatz,ces,1,8,16,0.011286
conf_1,conf,100,20,watts_strogatz,ces,1,8,17,0.011281
conf_1,conf,100,20,watts_strogatz,ces,1,8,18,0.011237
conf_1,conf,100,20,watts_strogatz,ces,1,8,19,0.011285
conf_10,conf,100,20,watts_strogatz,ces,10,1,0,0.005308
conf_10,conf,100,20,watts_strogatz,ces,10,1,1,0.005246
conf_10,conf,100,20,watts_strogatz,ces,10,1,2,0.005211
conf_10,conf,100,20,watts_strogatz,ces,10,1,3,0.005255
conf_10,conf,100,20,watts_strogatz,ces,10,1,4,0.005311
conf_10,conf,100,20,watts_strogatz,ces,10,1,5,0.005292
conf_10,conf,100,20,watts_strogatz,ces,10,1,6,0.005364
conf_10,conf,100,20,watts_strogatz,ces,10,1,7,0.005505
conf_10,conf,100,20,watts_strogatz,ces,10,1,8,0.005323
conf_10,conf,100,20,watts_strogatz,ces,10,1,9,0.005320
conf_10,conf,100,20,watts_strogatz,ces,10,1,10,0.005373
conf_10,conf,100,20,watts_strogatz,ces,10,1,11,0.005412
conf_10,conf,100,20,watts_strogatz,ces,10,1,12,0.005345
conf_10,conf,100,20,watts_strogatz,ces,10,1,13,0.005378
conf_10,conf,100,20,watts_strogatz,ces,10,1,14,0.005377
conf_10,conf,100,20,watts_strogatz,ces,10,1,15,0.005370
conf_10,conf,100,20,watts_strogatz,ces,10,1,16,0.005372
conf_10,conf,100,20,watts_strogatz,ces,10,1,17,0.005564
conf_10,conf,100,20,watts_strogatz,ces,10,1,18,0.005289
conf_10,conf,100,20,watts_strogatz,ces,10,1,19,0.005329
conf_10,conf,100,20,watts_strogatz,ces,10,2,0,0.005215
conf_10,conf,100,20,watts_strogatz,ces,10,2,1,0.005213
conf_10,conf,100,20,watts_strogatz,ces,10,2,2,0.005218
conf_10,conf,100,20,watts_strogatz,ces,10,2,3,0.005257
conf_10,conf,100,20,watts_strogatz,ces,10,2,4,0.005273
conf_10,conf,100,20,watts_strogatz,ces,10,2,5,0.005244
conf_10,conf,100,20,watts_strogatz,ces,10,2,6,0.005653
conf_10,conf,100,20,watts_strogatz,ces,10,2,7,0.005308
conf_10,conf,100,20,watts_strogatz,ces,10,2,8,0.005320
conf_10,conf,100,20,watts_strogatz,ces,10,2,9,0.005346
conf_10,conf,100,20,watts_strogatz,ces,10,2,10,0.005344
conf_10,conf,100,20,watts_strogatz,ces,10,2,11,0.005352
conf_10,conf,100,20,watts_strogatz,ces,10,2,12,0.005365
conf_10,conf,100,20,watts_strogatz,ces,10,2,13,0.005339
conf_10,conf,100,20,watts_strogatz,ces,10,2,14,0.005343
conf_10,conf,100,20,watts_strogatz,ces,10,2,15,0.005414
conf_10,conf,100,20,watts_strogatz,ces,10,2,16,0.005386
conf_10,conf,100,20,watts_strogatz,ces,10,2,17,0.005363
conf_10,conf,100,20,watts_strogatz,ces,10,2,18,0.005450
conf_10,conf,100,20,watts_strogatz,ces,10,2,19,0.005429
conf_10,conf,100,20,watts_strogatz,ces,10,3,0,0.005310
conf_10,conf,100,20,watts_strogatz,ces,10,3,1,0.005247
conf_10,conf,100,20,watts_strogatz,ces,10,3,2,0.005246
conf_10,conf,100,20,watts_strogatz,ces,10,3,3,0.005221
conf_10,conf,100,20,watts_strogatz,ces,10,3,4,0.005269
conf_10,conf,100,20,watts_strogatz,ces,10,3,5,0.005259
conf_10,conf,100,20,watts_strogatz,ces,10,3,6,0.005247
conf_10,conf,100,20,watts_strogatz,ces,10,3,7,0.005289
conf_10,conf,100,20,watts_strogatz,ces,10,3,8,0.005272
conf_10,conf,100,20,watts_strogatz,ces,10,3,9,0.005311
conf_10,conf,100,20,watts_strogatz,ces,10,3,10,0.005306
conf_10,conf,100,20,watts_strogatz,ces,10,3,11,0.005330
conf_10,conf,100,20,watts_strogatz,ces,10,3,12,0.005333
conf_10,conf,100,20,watts_strogatz,ces,10,3,13,0.005342
conf_10,conf,100,20,watts_strogatz,ces,10,3,14,0.005407
conf_10,conf,100,20,watts_strogatz,ces,10,3,15,0.005353
conf_10,conf,100,20,watts_strogatz,ces,10,3,16,0.005379
conf_10,conf,100,20,watts_strogatz,ces,10,3,17,0.005430
conf_10,conf,100,20,watts_strogatz,ces,10,3,18,0.005397
conf_10,conf,100,20,watts_strogatz,ces,10,3,19,0.005382
conf_10,conf,100,20,watts_strogatz,ces,10,4,0,0.005254
conf_10,conf,100,20,watts_strogatz,ces,10,4,1,0.005243
conf_10,conf,100,20,watts_strogatz,ces,10,4,2,0.005227
conf_10,conf,100,20,watts_strogatz,ces,10,4,3,0.005295
conf_10,conf,100,20,watts_strogatz,ces,10,4,4,0.005329
conf_10,conf,100,20,watts_strogatz,ces,10,4,5,0.005309
conf_10,conf,100,20,watts_strogatz,ces,10,4,6,0.005324
conf_10,conf,100,20,watts_strogatz,ces,10,4,7,0.005421
conf_10,conf,100,20,watts_strogatz,ces,10,4,8,0.005315
conf_10,conf,100,20,watts_strogatz,ces,10,4,9,0.005402
conf_10,conf,100,20,watts_strogatz,ces,10,4,10,0.005319
conf_10,conf,100,20,watts_strogatz,ces,10,4,11,0.005351
conf_10,conf,100,20,watts_strogatz,ces,10,4,12,0.005380
conf_10,conf,100,20,watts_strogatz,ces,10,4,13,0.005360
conf_10,conf,100,20,watts_strogatz,ces,10,4,14,0.005385
conf_10,conf,100,20,watts_strogatz,ces,10,4,15,0.005413
conf_10,conf,100,20,watts_strogatz,ces,10,4,16,0.005351
conf_10,conf,100,20,watts_strogatz,ces,10,4,17,0.005348
conf_10,conf,100,20,watts_strogatz,ces,10,4,18,0.005429
conf_10,conf,100,20,watts_strogatz,ces,10,4,19,0.005388
conf_10,conf,100,20,watts_strogatz,ces,10,5,0,0.005228
conf_10,conf,100,20,watts_strogatz,ces,10,5,1,0.005199
conf_10,conf,100,20,watts_strogatz,ces,10,5,2,0.005229
conf_10,conf,100,20,watts_strogatz,ces,10,5,3,0.005219
conf_10,conf,100,20,watts_strogatz,ces,10,5,4,0.005223
conf_10,conf,100,20,watts_strogatz,ces,10,5,5,0.005279
conf_10,conf,100,20,watts_strogatz,ces,10,5,6,0.005266
conf_10,conf,100,20,watts_strogatz,ces,10,5,7,0.005286
conf_10,conf,100,20,watts_strogatz,ces,10,5,8,0.005374
conf_10,conf,100,20,watts_strogatz,ces,10,5,9,0.005286
conf_10,conf,100,20,watts_strogatz,ces,10,5,10,0.005317
conf_10,conf,100,20,watts_strogatz,ces,10,5,11,0.005390
conf_10,conf,100,20,watts_strogatz,ces,10,5,12,0.005349
conf_10,conf,100,20,watts_strogatz,ces,10,5,13,0.005344
conf_10,conf,100,20,watts_strogatz,ces,10,5,14,0.005376
conf_10,conf,100,20,watts_strogatz,ces,10,5,15,0.005358
conf_10,conf,100,20,watts_strogatz,ces,10,5,16,0.005346
conf_10,conf,100,20,watts_strogatz,ces,10,5,17,0.005385
conf_10,conf,100,20,watts_strogatz,ces,10,5,18,0.005371
conf_10,conf,100,20,watts_strogatz,ces,10,5,19,0.005362
conf_10,conf,100,20,watts_strogatz,ces,10,6,0,0.005221
conf_10,conf,100,20,watts_strogatz,ces,10,6,1,0.005240
conf_10,conf,100,20,watts_strogatz,ces,10,6,2,0.005248
conf_10,conf,100,20,watts_strogatz,ces,10,6,3,0.005223
conf_10,conf,100,20,watts_strogatz,ces,10,6,4,0.005300
conf_10,conf,100,20,watts_strogatz,ces,10,6,5,0.005244
conf_10,conf,100,20,watts_strogatz,ces,10,6,6,0.005268
conf_10,conf,100,20,watts_strogatz,ces,10,6,7,0.005323
conf_10,conf,100,20,watts_strogatz,ces,10,6,8,0.005299
conf_10,conf,100,20,watts_strogatz,ces,10,6,9,0.005331
conf_10,conf,100,20,watts_strogatz,ces,10,6,10,0.005355
conf_10,conf,100,20,watts_strogatz,ces,10,6,11,0.005410
conf_10,conf,100,20,watts_strogatz,ces,10,6,12,0.005347
conf_10,conf,100,20,watts_strogatz,ces,10,6,13,0.005375
conf_10,conf,100,20,watts_strogatz,ces,10,6,14,0.005326
conf_10,conf,100,20,watts_strogatz,ces,10,6,15,0.005340
conf_10,conf,100,20,watts_strogatz,ces,10,6,16,0.005418
conf_10,conf,100,20,watts_strogatz,ces,10,6,17,0.005387
conf_10,conf,100,20,watts_strogatz,ces,10,6,18,0.005365
conf_10,conf,100,20,watts_strogatz,ces,10,6,19,0.005415
conf_10,conf,100,20,watts_strogatz,ces,10,7,0,0.005168
conf_10,conf,100,20,watts_strogatz,ces,10,7,1,0.005184
conf_10,conf,100,20,watts_strogatz,ces,10,7,2,0.005251
conf_10,conf,100,20,watts_strogatz,ces,10,7,3,0.005244
conf_10,conf,100,20,watts_strogatz,ces,10,7,4,0.005245
conf_10,conf,100,20,watts_strogatz,ces,10,7,5,0.005254
conf_10,conf,100,20,watts_strogatz,ces,10,7,6,0.005293
conf_10,conf,100,20,watts_strogatz,ces,10,7,7,0.005304
conf_10,conf,100,20,watts_strogatz,ces,10,7,8,0.005271
conf_10,conf,100,20,watts_strogatz,ces,10,7,9,0.005329
conf_10,conf,100,20,watts_strogatz,ces,10,7,10,0.005291
conf_10,conf,100,20,watts_strogatz,ces,10,7,11,0.005306
conf_10,conf,100,20,watts_strogatz,ces,10,7,12,0.005336
conf_10,conf,100,20,watts_strogatz,ces,10,7,13,0.005380
conf_10,conf,100,20,watts_strogatz,ces,10,7,14,0.005385
conf_10,conf,100,20,watts_strogatz,ces,10,7,15,0.005441
conf_10,conf,100,20,watts_strogatz,ces,10,7,16,0.005379
conf_10,conf,100,20,watts_strogatz,ces,10,7,17,0.005369
conf_10,conf,100,20,watts_strogatz,ces,10,7,18,0.005383
conf_10,conf,100,20,watts_strogatz,ces,10,7,19,0.005376
conf_10,conf,100,20,watts_strogatz,ces,10,8,0,0.005180
conf_10,conf,100,20,watts_strogatz,ces,10,8,1,0.005243
conf_10,conf,100,20,watts_strogatz,ces,10,8,2,0.005215
conf_10,conf,100,20,watts_strogatz,ces,10,8,3,0.005217
conf_10,conf,100,20,watts_strogatz,ces,10,8,4,0.005273
conf_10,conf,100,20,watts_strogatz,ces,10,8,5,0.005342
conf_10,conf,100,20,watts_strogatz,ces,10,8,6,0.005278
conf_10,conf,100,20,watts_strogatz,ces,10,8,7,0.005315
conf_10,conf,100,20,watts_strogatz,ces,10,8,8,0.005379
conf_10,conf,100,20,watts_strogatz,ces,10,8,9,0.005318
conf_10,conf,100,20,watts_strogatz,ces,10,8,10,0.005305
conf_10,conf,100,20,watts_strogatz,ces,10,8,11,0.005352
conf_10,conf,100,20,watts_strogatz,ces,10,8,12,0.005354
conf_10,conf,100,20,watts_strogatz,ces,10,8,13,0.005329
conf_10,conf,100,20,watts_strogatz,ces,10,8,14,0.005361
conf_10,conf,100,20,watts_strogatz,ces,10,8,15,0.005353
conf_10,conf,100,20,watts_strogatz,ces,10,8,16,0.005393
conf_10,conf,100,20,watts_strogatz,ces,10,8,17,0.005384
conf_10,conf,100,20,watts_strogatz,ces,10,8,18,0.005417
conf_10,conf,100,20,watts_strogatz,ces,10,8,19,0.005402
conf_50,conf,100,20,watts_strogatz,ces,50,1,0,0.004142
conf_50,conf,100,20,watts_strogatz,ces,50,1,1,0.004128
conf_50,conf,100,20,watts_strogatz,ces,50,1,2,0.004078
conf_50,conf,100,20,watts_strogatz,ces,50,1,3,0.004091
conf_50,conf,100,20,watts_strogatz,ces,50,1,4,0.004112
conf_50,conf,100,20,watts_strogatz,ces,50,1,5,0.004126
conf_50,conf,100,20,watts_strogatz,ces,50,1,6,0.004091
conf_50,conf,100,20,watts_strogatz,ces,50,1,7,0.004141
conf_50,conf,100,20,watts_strogatz,ces,50,1,8,0.004167
conf_50,conf,100,20,watts_strogatz,ces,50,1,9,0.004102
conf_50,conf,100,20,watts_strogatz,ces,50,1,10,0.004085
conf_50,conf,100,20,watts_strogatz,ces,50,1,11,0.004085
conf_50,conf,100,20,watts_strogatz,ces,50,1,12,0.004137
conf_50,conf,100,20,watts_strogatz,ces,50,1,13,0.004141
conf_50,conf,100,20,watts_strogatz,ces,50,1,14,0.004127
conf_50,conf,100,20,watts_strogatz,ces,50,1,15,0.004121
conf_50,conf,100,20,watts_strogatz,ces,50,1,16,0.004143
conf_50,conf,100,20,watts_strogatz,ces,50,1,17,0.004129
conf_50,conf,100,20,watts_strogatz,ces,50,1,18,0.004122
conf_50,conf,100,20,watts_strogatz,ces,50,1,19,0.004138
conf_50,conf,100,20,watts_strogatz,ces,50,2,0,0.004104
conf_50,conf,100,20,watts_strogatz,ces,50,2,1,0.004103
conf_50,conf,100,20,watts_strogatz,ces,50,2,2,0.004129
conf_50,conf,100,20,watts_strogatz,ces,50,2,3,0.004089
conf_50,conf,100,20,watts_strogatz,ces,50,2,4,0.004086
conf_50,conf,100,20,watts_strogatz,ces,50,2,5,0.004072
conf_50,conf,100,20,watts_strogatz,ces,50,2,6,0.004088
conf_50,conf,100,20,watts_strogatz,ces,50,2,7,0.004103
conf_50,conf,100,20,watts_strogatz,ces,50,2,8,0.004131
conf_50,conf,100,20,watts_strogatz,ces,50,2,9,0.004283
conf_50,conf,100,20,watts_strogatz,ces,50,2,10,0.004064
conf_50,conf,100,20,watts_strogatz,ces,50,2,11,0.004046
conf_50,conf,100,20,watts_strogatz,ces,50,2,12,0.004088
conf_50,conf,100,20,watts_strogatz,ces,50,2,13,0.004150
conf_50,conf,100,20,watts_strogatz,ces,50,2,14,0.004109
conf_50,conf,100,20,watts_strogatz,ces,50,2,15,0.004120
conf_50,conf,100,20,watts_strogatz,ces,50,2,16,0.004127
conf_50,conf,100,20,watts_strogatz,ces,50,2,17,0.004166
conf_50,conf,100,20,watts_strogatz,ces,50,2,18,0.004099
conf_50,conf,100,20,watts_strogatz,ces,50,2,19,0.004131
conf_50,conf,100,20,watts_strogatz,ces,50,3,0,0.004061
conf_50,conf,100,20,watts_strogatz,ces,50,3,1,0.004090
conf_50,conf,100,20,watts_strogatz,ces,50,3,2,0.004038
conf_50,conf,100,20,watts_strogatz,ces,50,3,3,0.004059
conf_50,conf,100,20,watts_strogatz,ces,50,3,4,0.004074
conf_50,conf,100,20,watts_strogatz,ces,50,3,5,0.004119
conf_50,conf,100,20,watts_strogatz,ces,50,3,6,0.004094
conf_50,conf,100,20,watts_strogatz,ces,50,3,7,0.004087
conf_50,conf,100,20,watts_strogatz,ces,50,3,8,0.004080
conf_50,conf,100,20,watts_strogatz,ces,50,3,9,0.004132
conf_50,conf,100,20,watts_strogatz,ces,50,3,10,0.004106
conf_50,conf,100,20,watts_strogatz,ces,50,3,11,0.004086
conf_50,conf,100,20,watts_strogatz,ces,50,3,12,0.004102
conf_50,conf,100,20,watts_strogatz,ces,50,3,13,0.004147
conf_50,conf,100,20,watts_strogatz,ces,50,3,14,0.004117
conf_50,conf,100,20,watts_strogatz,ces,50,3,15,0.004145
conf_50,conf,100,20,watts_strogatz,ces,50,3,16,0.004117
conf_50,conf,100,20,watts_strogatz,ces,50,3,17,0.004190
conf_50,conf,100,20,watts_strogatz,ces,50,3,18,0.004138
conf_50,conf,100,20,watts_strogatz,ces,50,3,19,0.004153
conf_50,conf,100,20,watts_strogatz,ces,50,4,0,0.004022
conf_50,conf,100,20,watts_strogatz,ces,50,4,1,0.004104
conf_50,conf,100,20,watts_strogatz,ces,50,4,2,0.004060
conf_50,conf,100,20,watts_strogatz,ces,50,4,3,0.004069
conf_50,conf,100,20,watts_strogatz,ces,50,4,4,0.004050
conf_50,conf,100,20,watts_strogatz,ces,50,4,5,0.004110
conf_50,conf,100,20,watts_strogatz,ces,50,4,6,0.004058
conf_50,conf,100,20,watts_strogatz,ces,50,4,7,0.004077
conf_50,conf,100,20,watts_strogatz,ces,50,4,8,0.004074
conf_50,conf,100,20,watts_strogatz,ces,50,4,9,0.004157
conf_50,conf,100,20,watts_strogatz,ces,50,4,10,0.004105
conf_50,conf,100,20,watts_strogatz,ces,50,4,11,0.004106
conf_50,conf,100,20,watts_strogatz,ces,50,4,12,0.004108
conf_50,conf,100,20,watts_strogatz,ces,50,4,13,0.004149
conf_50,conf,100,20,watts_strogatz,ces,50,4,14,0.004099
conf_50,conf,100,20,watts_strogatz,ces,50,4,15,0.004095
conf_50,conf,100,20,watts_strogatz,ces,50,4,16,0.004095
conf_50,conf,100,20,watts_strogatz,ces,50,4,17,0.004174
conf_50,conf,100,20,watts_strogatz,ces,50,4,18,0.004171
conf_50,conf,100,20,watts_strogatz,ces,50,4,19,0.004130
conf_50,conf,100,20,watts_strogatz,ces,50,5,0,0.004071
conf_50,conf,100,20,watts_strogatz,ces,50,5,1,0.004093
conf_50,conf,100,20,watts_strogatz,ces,50,5,2,0.004036
conf_50,conf,100,20,watts_strogatz,ces,50,5,3,0.004065
conf_50,conf,100,20,watts_strogatz,ces,50,5,4,0.004068
conf_50,conf,100,20,watts_strogatz,ces,50,5,5,0.004112
conf_50,conf,100,20,watts_strogatz,ces,50,5,6,0.004058
conf_50,conf,100,20,watts_strogatz,ces,50,5,7,0.004076
conf_50,conf,100,20,watts_strogatz,ces,50,5,8,0.004075
conf_50,conf,100,20,watts_strogatz,ces,50,5,9,0.004129
conf_50,conf,100,20,watts_strogatz,ces,50,5,10,0.004094
conf_50,conf,100,20,watts_strogatz,ces,50,5,11,0.004105
conf_50,conf,100,20,watts_strogatz,ces,50,5,12,0.004066
conf_50,conf,100,20,watts_strogatz,ces,50,5,13,0.004121
conf_50,conf,100,20,watts_strogatz,ces,50,5,14,0.004094
conf_50,conf,100,20,watts_strogatz,ces,50,5,15,0.004113
conf_50,conf,100,20,watts_strogatz,ces,50,5,16,0.004098
conf_50,conf,100,20,watts_strogatz,ces,50,5,17,0.004159
conf_50,conf,100,20,watts_strogatz,ces,50,5,18,0.004079
conf_50,conf,100,20,watts_strogatz,ces,50,5,19,0.004125
conf_50,conf,100,20,watts_strogatz,ces,50,6,0,0.004041
conf_50,conf,100,20,watts_strogatz,ces,50,6,1,0.004035
conf_50,conf,100,20,watts_strogatz,ces,50,6,2,0.004087
conf_50,conf,100,20,watts_strogatz,ces,50,6,3,0.004053
conf_50,conf,100,20,watts_strogatz,ces,50,6,4,0.004069
conf_50,conf,100,20,watts_strogatz,ces,50,6,5,0.004080
conf_50,conf,100,20,watts_strogatz,ces,50,6,6,0.004116
conf_50,conf,100,20,watts_strogatz,ces,50,6,7,0.004100
conf_50,conf,100,20,watts_strogatz,ces,50,6,8,0.004071
conf_50,conf,100,20,watts_strogatz,ces,50,6,9,0.004071
conf_50,conf,100,20,watts_strogatz,ces,50,6,10,0.004122
conf_50,conf,100,20,watts_strogatz,ces,50,6,11,0.004093
conf_50,conf,100,20,watts_strogatz,ces,50,6,12,0.004127
conf_50,conf,100,20,watts_strogatz,ces,50,6,13,0.004099
conf_50,conf,100,20,watts_strogatz,ces,50,6,14,0.004128
conf_50,conf,100,20,watts_strogatz,ces,50,6,15,0.004091
conf_50,conf,100,20,watts_strogatz,ces,50,6,16,0.004088
conf_50,conf,100,20,watts_strogatz,ces,50,6,17,0.004102
conf_50,conf,100,20,watts_strogatz,ces,50,6,18,0.004144
conf_50,conf,100,20,watts_strogatz,ces,50,6,19,0.004122
conf_50,conf,100,20,watts_strogatz,ces,50,7,0,0.004063
conf_50,conf,100,20,watts_strogatz,ces,50,7,1,0.004048
conf_50,conf,100,20,watts_strogatz,ces,50,7,2,0.004077
conf_50,conf,100,20,watts_strogatz,ces,50,7,3,0.004036
conf_50,conf,100,20,watts_strogatz,ces,50,7,4,0.004050
conf_50,conf,100,20,watts_strogatz,ces,50,7,5,0.004028
conf_50,conf,100,20,watts_strogatz,ces,50,7,6,0.004120
conf_50,conf,100,20,watts_strogatz,ces,50,7,7,0.004082
conf_50,conf,100,20,watts_strogatz,ces,50,7,8,0.004125
conf_50,conf,100,20,watts_strogatz,ces,50,7,9,0.004164
conf_50,conf,100,20,watts_strogatz,ces,50,7,10,0.004265
conf_50,conf,100,20,watts_strogatz,ces,50,7,11,0.004177
conf_50,conf,100,20,watts_strogatz,ces,50,7,12,0.004180
conf_50,conf,100,20,watts_strogatz,ces,50,7,13,0.004196
conf_50,conf,100,20,watts_strogatz,ces,50,7,14,0.004214
conf_50,conf,100,20,watts_strogatz,ces,50,7,15,0.004168
conf_50,conf,100,20,watts_strogatz,ces,50,7,16,0.004160
conf_50,conf,100,20,watts_strogatz,ces,50,7,17,0.004179
conf_50,conf,100,20,watts_strogatz,ces,50,7,18,0.004196
conf_50,conf,100,20,watts_strogatz,ces,50,7,19,0.004154
conf_50,conf,100,20,watts_strogatz,ces,50,8,0,0.004079
conf_50,conf,100,20,watts_strogatz,ces,50,8,1,0.004065
conf_50,conf,100,20,watts_strogatz,ces,50,8,2,0.004122
conf_50,conf,100,20,watts_strogatz,ces,50,8,3,0.004073
conf_50,conf,100,20,watts_strogatz,ces,50,8,4,0.004128
conf_50,conf,100,20,watts_strogatz,ces,50,8,5,0.004110
conf_50,conf,100,20,watts_strogatz,ces,50,8,6,0.004152
conf_50,conf,100,20,watts_strogatz,ces,50,8,7,0.004094
conf_50,conf,100,20,watts_strogatz,ces,50,8,8,0.004116
conf_50,conf,100,20,watts_strogatz,ces,50,8,9,0.004094
conf_50,conf,100,20,watts_strogatz,ces,50,8,10,0.004144
conf_50,conf,100,20,watts_strogatz,ces,50,8,11,0.004099
conf_50,conf,100,20,watts_strogatz,ces,50,8,12,0.004084
conf_50,conf,100,20,watts_strogatz,ces,50,8,13,0.004072
conf_50,conf,100,20,watts_strogatz,ces,50,8,14,0.004128
conf_50,conf,100,20,watts_strogatz,ces,50,8,15,0.004094
conf_50,conf,100,20,watts_strogatz,ces,50,8,16,0.004112
conf_50,conf,100,20,watts_strogatz,ces,50,8,17,0.004107
conf_50,conf,100,20,watts_strogatz,ces,50,8,18,0.004144
conf_50,conf,100,20,watts_strogatz,ces,50,8,19,0.004108
