config_id,group,agents_per_gender,ticks,network,utility,conformism,rep,tick,seconds
pop_n25_t1,pop,25,1,watts_strogatz,ces,10,2,1,0.059000
pop_n25_t1,pop,25,1,watts_strogatz,ces,10,3,1,0.022000
pop_n25_t1,pop,25,1,watts_strogatz,ces,10,4,1,0.016000
pop_n25_t1,pop,25,1,watts_strogatz,ces,10,5,1,0.013000
pop_n25_t1,pop,25,1,watts_strogatz,ces,10,6,1,0.014000
pop_n25_t1,pop,25,1,watts_strogatz,ces,10,7,1,0.013000
pop_n25_t1,pop,25,1,watts_strogatz,ces,10,8,1,0.013000
pop_n25_t1,pop,25,1,watts_strogatz,ces,10,9,1,0.012000
pop_n25_t5,pop,25,5,watts_strogatz,ces,10,2,1,0.022000
pop_n25_t5,pop,25,5,watts_strogatz,ces,10,2,2,0.012000
pop_n25_t5,pop,25,5,watts_strogatz,ces,10,2,3,0.011000
pop_n25_t5,pop,25,5,watts_strogatz,ces,10,2,4,0.009000
pop_n25_t5,pop,25,5,watts_strogatz,ces,10,2,5,0.008000
pop_n25_t5,pop,25,5,watts_strogatz,ces,10,3,1,0.019000
pop_n25_t5,pop,25,5,watts_strogatz,ces,10,3,2,0.009000
pop_n25_t5,pop,25,5,watts_strogatz,ces,10,3,3,0.009000
pop_n25_t5,pop,25,5,watts_strogatz,ces,10,3,4,0.008000
pop_n25_t5,pop,25,5,watts_strogatz,ces,10,3,5,0.008000
pop_n25_t5,pop,25,5,watts_strogatz,ces,10,4,1,0.013000
pop_n25_t5,pop,25,5,watts_strogatz,ces,10,4,2,0.009000
pop_n25_t5,pop,25,5,watts_strogatz,ces,10,4,3,0.009000
pop_n25_t5,pop,25,5,watts_strogatz,ces,10,4,4,0.009000
pop_n25_t5,pop,25,5,watts_strogatz,ces,10,4,5,0.009000
pop_n25_t5,pop,25,5,watts_strogatz,ces,10,5,1,0.013000
pop_n25_t5,pop,25,5,watts_strogatz,ces,10,5,2,0.018000
pop_n25_t5,pop,25,5,watts_strogatz,ces,10,5,3,0.009000
pop_n25_t5,pop,25,5,watts_strogatz,ces,10,5,4,0.010000
pop_n25_t5,pop,25,5,watts_strogatz,ces,10,5,5,0.012000
pop_n25_t5,pop,25,5,watts_strogatz,ces,10,6,1,0.015000
pop_n25_t5,pop,25,5,watts_strogatz,ces,10,6,2,0.010000
pop_n25_t5,pop,25,5,watts_strogatz,ces,10,6,3,0.010000
pop_n25_t5,pop,25,5,watts_strogatz,ces,10,6,4,0.008000
pop_n25_t5,pop,25,5,watts_strogatz,ces,10,6,5,0.109000
pop_n25_t5,pop,25,5,watts_strogatz,ces,10,7,1,0.110000
pop_n25_t5,pop,25,5,watts_strogatz,ces,10,7,2,0.009000
pop_n25_t5,pop,25,5,watts_strogatz,ces,10,7,3,0.008000
pop_n25_t5,pop,25,5,watts_strogatz,ces,10,7,4,0.007000
pop_n25_t5,pop,25,5,watts_strogatz,ces,10,7,5,0.006000
pop_n25_t5,pop,25,5,watts_strogatz,ces,10,8,1,0.017000
pop_n25_t5,pop,25,5,watts_strogatz,ces,10,8,2,0.008000
pop_n25_t5,pop,25,5,watts_strogatz,ces,10,8,3,0.007000
pop_n25_t5,pop,25,5,watts_strogatz,ces,10,8,4,0.008000
pop_n25_t5,pop,25,5,watts_strogatz,ces,10,8,5,0.006000
pop_n25_t5,pop,25,5,watts_strogatz,ces,10,9,1,0.010000
pop_n25_t5,pop,25,5,watts_strogatz,ces,10,9,2,0.007000
pop_n25_t5,pop,25,5,watts_strogatz,ces,10,9,3,0.008000
pop_n25_t5,pop,25,5,watts_strogatz,ces,10,9,4,0.006000
pop_n25_t5,pop,25,5,watts_strogatz,ces,10,9,5,0.007000
pop_n25_t20,pop,25,20,watts_strogatz,ces,10,2,1,0.014000
pop_n25_t20,pop,25,20,watts_strogatz,ces,10,2,2,0.010000
pop_n25_t20,pop,25,20,watts_strogatz,ces,10,2,3,0.009000
pop_n25_t20,pop,25,20,watts_strogatz,ces,10,2,4,0.009000
pop_n25_t20,pop,25,20,watts_strogatz,ces,10,2,5,0.008000
pop_n25_t20,pop,25,20,watts_strogatz,ces,10,2,6,0.009000
pop_n25_t20,pop,25,20,watts_strogatz,ces,10,2,7,0.008000
pop_n25_t20,pop,25,20,watts_strogatz,ces,10,2,8,0.014000
pop_n25_t20,pop,25,20,watts_strogatz,ces,10,2,9,0.007000
pop_n25_t20,pop,25,20,watts_strogatz,ces,10,2,10,0.007000
pop_n25_t20,pop,25,20,watts_strogatz,ces,10,2,11,0.007000
pop_n25_t20,pop,25,20,watts_strogatz,ces,10,2,12,0.007000
pop_n25_t20,pop,25,20,watts_strogatz,ces,10,2,13,0.006000
pop_n25_t20,pop,25,20,watts_strogatz,ces,10,2,14,0.006000
pop_n25_t20,pop,25,20,watts_strogatz,ces,10,2,15,0.006000
pop_n25_t20,pop,25,20,watts_strogatz,ces,10,2,16,0.005000
pop_n25_t20,pop,25,20,watts_strogatz,ces,10,2,17,0.005000
pop_n25_t20,pop,25,20,watts_strogatz,ces,10,2,18,0.005000
pop_n25_t20,pop,25,20,watts_strogatz,ces,10,2,19,0.004000
pop_n25_t20,pop,25,20,watts_strogatz,ces,10,2,20,0.004000
pop_n25_t20,pop,25,20,watts_strogatz,ces,10,3,1,0.010000
pop_n25_t20,pop,25,20,watts_strogatz,ces,10,3,2,0.007000
pop_n25_t20,pop,25,20,watts_strogatz,ces,10,3,3,0.007000
pop_n25_t20,pop,25,20,watts_strogatz,ces,10,3,4,0.007000
pop_n25_t20,pop,25,20,watts_strogatz,ces,10,3,5,0.006000
pop_n25_t20,pop,25,20,watts_strogatz,ces,10,3,6,0.011000
pop_n25_t20,pop,25,20,watts_strogatz,ces,10,3,7,0.006000
pop_n25_t20,pop,25,20,watts_strogatz,ces,10,3,8,0.006000
pop_n25_t20,pop,25,20,watts_strogatz,ces,10,3,9,0.006000
pop_n25_t20,pop,25,20,watts_strogatz,ces,10,3,10,0.006000
pop_n25_t20,pop,25,20,watts_strogatz,ces,10,3,11,0.005000
pop_n25_t20,pop,25,20,watts_strogatz,ces,10,3,12,0.005000
pop_n25_t20,pop,25,20,watts_strogatz,ces,10,3,13,0.006000
pop_n25_t20,pop,25,20,watts_strogatz,ces,10,3,14,0.005000
pop_n25_t20,pop,25,20,watts_strogatz,ces,10,3,15,0.005000
pop_n25_t20,pop,25,20,watts_strogatz,ces,10,3,16,0.006000
pop_n25_t20,pop,25,20,watts_strogatz,ces,10,3,17,0.005000
pop_n25_t20,pop,25,20,watts_strogatz,ces,10,3,18,0.005000
pop_n25_t20,pop,25,20,watts_strogatz,ces,10,3,19,0.005000
pop_n25_t20,pop,25,20,watts_strogatz,ces,10,3,20,0.005000
pop_n25_t20,pop,25,20,watts_strogatz,ces,10,4,1,0.012000
pop_n25_t20,pop,25,20,watts_strogatz,ces,10,4,2,0.009000
pop_n25_t20,pop,25,20,watts_strogatz,ces,10,4,3,0.008000
pop_n25_t20,pop,25,20,watts_strogatz,ces,10,4,4,0.008000
pop_n25_t20,pop,25,20,watts_strogatz,ces,10,4,5,0.012000
pop_n25_t20,pop,25,20,watts_strogatz,ces,10,4,6,0.008000
pop_n25_t20,pop,25,20,watts_strogatz,ces,10,4,7,0.007000
pop_n25_t20,pop,25,20,watts_strogatz,ces,10,4,8,0.007000
pop_n25_t20,pop,25,20,watts_strogatz,ces,10,4,9,0.007000
pop_n25_t20,pop,25,20,watts_strogatz,ces,10,4,10,0.007000
pop_n25_t20,pop,25,20,watts_strogatz,ces,10,4,11,0.006000
pop_n25_t20,pop,25,20,watts_strogatz,ces,10,4,12,0.006000
pop_n25_t20,pop,25,20,watts_strogatz,ces,10,4,13,0.005000
pop_n25_t20,pop,25,20,watts_strogatz,ces,10,4,14,0.006000
pop_n25_t20,pop,25,20,watts_strogatz,ces,10,4,15,0.005000
pop_n25_t20,pop,25,20,watts_strogatz,ces,10,4,16,0.006000
pop_n25_t20,pop,25,20,watts_strogatz,ces,10,4,17,0.005000
pop_n25_t20,pop,25,20,watts_strogatz,ces,10,4,18,0.005000
pop_n25_t20,pop,25,20,watts_strogatz,ces,10,4,19,0.004000
pop_n25_t20,pop,25,20,watts_strogatz,ces,10,4,20,0.056000
pop_n25_t20,pop,25,20,watts_strogatz,ces,10,5,1,0.012000
pop_n25_t20,pop,25,20,watts_strogatz,ces,10,5,2,0.006000
pop_n25_t20,pop,25,20,watts_strogatz,ces,10,5,3,0.011000
pop_n25_t20,pop,25,20,watts_strogatz,ces,10,5,4,0.006000
pop_n25_t20,pop,25,20,watts_strogatz,ces,10,5,5,0.006000
pop_n25_t20,pop,25,20,watts_strogatz,ces,10,5,6,0.005000
pop_n25_t20,pop,25,20,watts_strogatz,ces,10,5,7,0.006000
pop_n25_t20,pop,25,20,watts_strogatz,ces,10,5,8,0.005000
pop_n25_t20,pop,25,20,watts_strogatz,ces,10,5,9,0.005000
pop_n25_t20,pop,25,20,watts_strogatz,ces,10,5,10,0.005000
pop_n25_t20,pop,25,20,watts_strogatz,ces,10,5,11,0.005000
pop_n25_t20,pop,25,20,watts_strogatz,ces,10,5,12,0.005000
pop_n25_t20,pop,25,20,watts_strogatz,ces,10,5,13,0.004000
pop_n25_t20,pop,25,20,watts_strogatz,ces,10,5,14,0.005000
pop_n25_t20,pop,25,20,watts_strogatz,ces,10,5,15,0.004000
pop_n25_t20,pop,25,20,watts_strogatz,ces,10,5,16,0.004000
pop_n25_t20,pop,25,20,watts_strogatz,ces,10,5,17,0.003000
pop_n25_t20,pop,25,20,watts_strogatz,ces,10,5,18,0.004000
pop_n25_t20,pop,25,20,watts_strogatz,ces,10,5,19,0.004000
pop_n25_t20,pop,25,20,watts_strogatz,ces,10,5,20,0.004000
pop_n25_t20,pop,25,20,watts_strogatz,ces,10,6,1,0.009000
pop_n25_t20,pop,25,20,watts_strogatz,ces,10,6,2,0.011000
pop_n25_t20,pop,25,20,watts_strogatz,ces,10,6,3,0.007000
pop_n25_t20,pop,25,20,watts_strogatz,ces,10,6,4,0.007000
pop_n25_t20,pop,25,20,watts_strogatz,ces,10,6,5,0.007000
pop_n25_t20,pop,25,20,watts_strogatz,ces,10,6,6,0.007000
pop_n25_t20,pop,25,20,watts_strogatz,ces,10,6,7,0.007000
pop_n25_t20,pop,25,20,watts_strogatz,ces,10,6,8,0.008000
pop_n25_t20,pop,25,20,watts_strogatz,ces,10,6,9,0.006000
pop_n25_t20,pop,25,20,watts_strogatz,ces,10,6,10,0.006000
pop_n25_t20,pop,25,20,watts_strogatz,ces,10,6,11,0.006000
pop_n25_t20,pop,25,20,watts_strogatz,ces,10,6,12,0.005000
pop_n25_t20,pop,25,20,watts_strogatz,ces,10,6,13,0.006000
pop_n25_t20,pop,25,20,watts_strogatz,ces,10,6,14,0.005000
pop_n25_t20,pop,25,20,watts_strogatz,ces,10,6,15,0.005000
pop_n25_t20,pop,25,20,watts_strogatz,ces,10,6,16,0.004000
pop_n25_t20,pop,25,20,watts_strogatz,ces,10,6,17,0.004000
pop_n25_t20,pop,25,20,watts_strogatz,ces,10,6,18,0.004000
pop_n25_t20,pop,25,20,watts_strogatz,ces,10,6,19,0.004000
pop_n25_t20,pop,25,20,watts_strogatz,ces,10,6,20,0.004000
pop_n25_t20,pop,25,20,watts_strogatz,ces,10,7,1,0.009000
pop_n25_t20,pop,25,20,watts_strogatz,ces,10,7,2,0.007000
pop_n25_t20,pop,25,20,watts_strogatz,ces,10,7,3,0.006000
pop_n25_t20,pop,25,20,watts_strogatz,ces,10,7,4,0.006000
pop_n25_t20,pop,25,20,watts_strogatz,ces,10,7,5,0.010000
pop_n25_t20,pop,25,20,watts_strogatz,ces,10,7,6,0.005000
pop_n25_t20,pop,25,20,watts_strogatz,ces,10,7,7,0.006000
pop_n25_t20,pop,25,20,watts_strogatz,ces,10,7,8,0.005000
pop_n25_t20,pop,25,20,watts_strogatz,ces,10,7,9,0.010000
pop_n25_t20,pop,25,20,watts_strogatz,ces,10,7,10,0.006000
pop_n25_t20,pop,25,20,watts_strogatz,ces,10,7,11,0.006000
pop_n25_t20,pop,25,20,watts_strogatz,ces,10,7,12,0.006000
pop_n25_t20,pop,25,20,watts_strogatz,ces,10,7,13,0.004000
pop_n25_t20,pop,25,20,watts_strogatz,ces,10,7,14,0.004000
pop_n25_t20,pop,25,20,watts_strogatz,ces,10,7,15,0.005000
pop_n25_t20,pop,25,20,watts_strogatz,ces,10,7,16,0.004000
pop_n25_t20,pop,25,20,watts_strogatz,ces,10,7,17,0.004000
pop_n25_t20,pop,25,20,watts_strogatz,ces,10,7,18,0.004000
pop_n25_t20,pop,25,20,watts_strogatz,ces,10,7,19,0.004000
pop_n25_t20,pop,25,20,watts_strogatz,ces,10,7,20,0.003000
pop_n25_t20,pop,25,20,watts_strogatz,ces,10,8,1,0.009000
pop_n25_t20,pop,25,20,watts_strogatz,ces,10,8,2,0.006000
pop_n25_t20,pop,25,20,watts_strogatz,ces,10,8,3,0.007000
pop_n25_t20,pop,25,20,watts_strogatz,ces,10,8,4,0.006000
pop_n25_t20,pop,25,20,watts_strogatz,ces,10,8,5,0.006000
pop_n25_t20,pop,25,20,watts_strogatz,ces,10,8,6,0.005000
pop_n25_t20,pop,25,20,watts_strogatz,ces,10,8,7,0.006000
pop_n25_t20,pop,25,20,watts_strogatz,ces,10,8,8,0.005000
pop_n25_t20,pop,25,20,watts_strogatz,ces,10,8,9,0.009000
pop_n25_t20,pop,25,20,watts_strogatz,ces,10,8,10,0.005000
pop_n25_t20,pop,25,20,watts_strogatz,ces,10,8,11,0.005000
pop_n25_t20,pop,25,20,watts_strogatz,ces,10,8,12,0.005000
pop_n25_t20,pop,25,20,watts_strogatz,ces,10,8,13,0.005000
pop_n25_t20,pop,25,20,watts_strogatz,ces,10,8,14,0.004000
pop_n25_t20,pop,25,20,watts_strogatz,ces,10,8,15,0.004000
pop_n25_t20,pop,25,20,watts_strogatz,ces,10,8,16,0.004000
pop_n25_t20,pop,25,20,watts_strogatz,ces,10,8,17,0.004000
pop_n25_t20,pop,25,20,watts_strogatz,ces,10,8,18,0.004000
pop_n25_t20,pop,25,20,watts_strogatz,ces,10,8,19,0.004000
pop_n25_t20,pop,25,20,watts_strogatz,ces,10,8,20,0.004000
pop_n25_t20,pop,25,20,watts_strogatz,ces,10,9,1,0.009000
pop_n25_t20,pop,25,20,watts_strogatz,ces,10,9,2,0.006000
pop_n25_t20,pop,25,20,watts_strogatz,ces,10,9,3,0.007000
pop_n25_t20,pop,25,20,watts_strogatz,ces,10,9,4,0.005000
pop_n25_t20,pop,25,20,watts_strogatz,ces,10,9,5,0.006000
pop_n25_t20,pop,25,20,watts_strogatz,ces,10,9,6,0.005000
pop_n25_t20,pop,25,20,watts_strogatz,ces,10,9,7,0.005000
pop_n25_t20,pop,25,20,watts_strogatz,ces,10,9,8,0.005000
pop_n25_t20,pop,25,20,watts_strogatz,ces,10,9,9,0.006000
pop_n25_t20,pop,25,20,watts_strogatz,ces,10,9,10,0.004000
pop_n25_t20,pop,25,20,watts_strogatz,ces,10,9,11,0.005000
pop_n25_t20,pop,25,20,watts_strogatz,ces,10,9,12,0.005000
pop_n25_t20,pop,25,20,watts_strogatz,ces,10,9,13,0.004000
pop_n25_t20,pop,25,20,watts_strogatz,ces,10,9,14,0.009000
pop_n25_t20,pop,25,20,watts_strogatz,ces,10,9,15,0.004000
pop_n25_t20,pop,25,20,watts_strogatz,ces,10,9,16,0.004000
pop_n25_t20,pop,25,20,watts_strogatz,ces,10,9,17,0.004000
pop_n25_t20,pop,25,20,watts_strogatz,ces,10,9,18,0.004000
pop_n25_t20,pop,25,20,watts_strogatz,ces,10,9,19,0.004000
pop_n25_t20,pop,25,20,watts_strogatz,ces,10,9,20,0.004000
pop_n25_t50,pop,25,50,watts_strogatz,ces,10,2,1,0.012000
pop_n25_t50,pop,25,50,watts_strogatz,ces,10,2,2,0.008000
pop_n25_t50,pop,25,50,watts_strogatz,ces,10,2,3,0.007000
pop_n25_t50,pop,25,50,watts_strogatz,ces,10,2,4,0.008000
pop_n25_t50,pop,25,50,watts_strogatz,ces,10,2,5,0.006000
pop_n25_t50,pop,25,50,watts_strogatz,ces,10,2,6,0.006000
pop_n25_t50,pop,25,50,watts_strogatz,ces,10,2,7,0.006000
pop_n25_t50,pop,25,50,watts_strogatz,ces,10,2,8,0.005000
pop_n25_t50,pop,25,50,watts_strogatz,ces,10,2,9,0.005000
pop_n25_t50,pop,25,50,watts_strogatz,ces,10,2,10,0.006000
pop_n25_t50,pop,25,50,watts_strogatz,ces,10,2,11,0.005000
pop_n25_t50,pop,25,50,watts_strogatz,ces,10,2,12,0.005000
pop_n25_t50,pop,25,50,watts_strogatz,ces,10,2,13,0.004000
pop_n25_t50,pop,25,50,watts_strogatz,ces,10,2,14,0.005000
pop_n25_t50,pop,25,50,watts_strogatz,ces,10,2,15,0.005000
pop_n25_t50,pop,25,50,watts_strogatz,ces,10,2,16,0.004000
pop_n25_t50,pop,25,50,watts_strogatz,ces,10,2,17,0.010000
pop_n25_t50,pop,25,50,watts_strogatz,ces,10,2,18,0.004000
pop_n25_t50,pop,25,50,watts_strogatz,ces,10,2,19,0.004000
pop_n25_t50,pop,25,50,watts_strogatz,ces,10,2,20,0.005000
pop_n25_t50,pop,25,50,watts_strogatz,ces,10,2,21,0.004000
pop_n25_t50,pop,25,50,watts_strogatz,ces,10,2,22,0.004000
pop_n25_t50,pop,25,50,watts_strogatz,ces,10,2,23,0.004000
pop_n25_t50,pop,25,50,watts_strogatz,ces,10,2,24,0.004000
pop_n25_t50,pop,25,50,watts_strogatz,ces,10,2,25,0.004000
pop_n25_t50,pop,25,50,watts_strogatz,ces,10,2,26,0.004000
pop_n25_t50,pop,25,50,watts_strogatz,ces,10,2,27,0.004000
pop_n25_t50,pop,25,50,watts_strogatz,ces,10,2,28,0.055000
pop_n25_t50,pop,25,50,watts_strogatz,ces,10,2,29,0.004000
pop_n25_t50,pop,25,50,watts_strogatz,ces,10,2,30,0.003000
pop_n25_t50,pop,25,50,watts_strogatz,ces,10,2,31,0.004000
pop_n25_t50,pop,25,50,watts_strogatz,ces,10,2,32,0.003000
pop_n25_t50,pop,25,50,watts_strogatz,ces,10,2,33,0.003000
pop_n25_t50,pop,25,50,watts_strogatz,ces,10,2,34,0.055000
pop_n25_t50,pop,25,50,watts_strogatz,ces,10,2,35,0.004000
pop_n25_t50,pop,25,50,watts_strogatz,ces,10,2,36,0.004000
pop_n25_t50,pop,25,50,watts_strogatz,ces,10,2,37,0.005000
pop_n25_t50,pop,25,50,watts_strogatz,ces,10,2,38,0.002000
pop_n25_t50,pop,25,50,watts_strogatz,ces,10,2,39,0.003000
pop_n25_t50,pop,25,50,watts_strogatz,ces,10,2,40,0.002000
pop_n25_t50,pop,25,50,watts_strogatz,ces,10,2,41,0.003000
pop_n25_t50,pop,25,50,watts_strogatz,ces,10,2,42,0.002000
pop_n25_t50,pop,25,50,watts_strogatz,ces,10,2,43,0.004000
pop_n25_t50,pop,25,50,watts_strogatz,ces,10,2,44,0.002000
pop_n25_t50,pop,25,50,watts_strogatz,ces,10,2,45,0.003000
pop_n25_t50,pop,25,50,watts_strogatz,ces,10,2,46,0.002000
pop_n25_t50,pop,25,50,watts_strogatz,ces,10,2,47,0.002000
pop_n25_t50,pop,25,50,watts_strogatz,ces,10,2,48,0.002000
pop_n25_t50,pop,25,50,watts_strogatz,ces,10,2,49,0.002000
pop_n25_t50,pop,25,50,watts_strogatz,ces,10,2,50,0.003000
pop_n25_t50,pop,25,50,watts_strogatz,ces,10,3,1,0.013000
pop_n25_t50,pop,25,50,watts_strogatz,ces,10,3,2,0.007000
pop_n25_t50,pop,25,50,watts_strogatz,ces,10,3,3,0.006000
pop_n25_t50,pop,25,50,watts_strogatz,ces,10,3,4,0.007000
pop_n25_t50,pop,25,50,watts_strogatz,ces,10,3,5,0.006000
pop_n25_t50,pop,25,50,watts_strogatz,ces,10,3,6,0.006000
pop_n25_t50,pop,25,50,watts_strogatz,ces,10,3,7,0.006000
pop_n25_t50,pop,25,50,watts_strogatz,ces,10,3,8,0.007000
pop_n25_t50,pop,25,50,watts_strogatz,ces,10,3,9,0.006000
pop_n25_t50,pop,25,50,watts_strogatz,ces,10,3,10,0.005000
pop_n25_t50,pop,25,50,watts_strogatz,ces,10,3,11,0.005000
pop_n25_t50,pop,25,50,watts_strogatz,ces,10,3,12,0.005000
pop_n25_t50,pop,25,50,watts_strogatz,ces,10,3,13,0.005000
pop_n25_t50,pop,25,50,watts_strogatz,ces,10,3,14,0.005000
pop_n25_t50,pop,25,50,watts_strogatz,ces,10,3,15,0.004000
pop_n25_t50,pop,25,50,watts_strogatz,ces,10,3,16,0.005000
pop_n25_t50,pop,25,50,watts_strogatz,ces,10,3,17,0.004000
pop_n25_t50,pop,25,50,watts_strogatz,ces,10,3,18,0.004000
pop_n25_t50,pop,25,50,watts_strogatz,ces,10,3,19,0.004000
pop_n25_t50,pop,25,50,watts_strogatz,ces,10,3,20,0.004000
pop_n25_t50,pop,25,50,watts_strogatz,ces,10,3,21,0.004000
pop_n25_t50,pop,25,50,watts_strogatz,ces,10,3,22,0.009000
pop_n25_t50,pop,25,50,watts_strogatz,ces,10,3,23,0.003000
pop_n25_t50,pop,25,50,watts_strogatz,ces,10,3,24,0.004000
pop_n25_t50,pop,25,50,watts_strogatz,ces,10,3,25,0.004000
pop_n25_t50,pop,25,50,watts_strogatz,ces,10,3,26,0.003000
pop_n25_t50,pop,25,50,watts_strogatz,ces,10,3,27,0.003000
pop_n25_t50,pop,25,50,watts_strogatz,ces,10,3,28,0.004000
pop_n25_t50,pop,25,50,watts_strogatz,ces,10,3,29,0.004000
pop_n25_t50,pop,25,50,watts_strogatz,ces,10,3,30,0.004000
pop_n25_t50,pop,25,50,watts_strogatz,ces,10,3,31,0.004000
pop_n25_t50,pop,25,50,watts_strogatz,ces,10,3,32,0.003000
pop_n25_t50,pop,25,50,watts_strogatz,ces,10,3,33,0.003000
pop_n25_t50,pop,25,50,watts_strogatz,ces,10,3,34,0.003000
pop_n25_t50,pop,25,50,watts_strogatz,ces,10,3,35,0.002000
pop_n25_t50,pop,25,50,watts_strogatz,ces,10,3,36,0.003000
pop_n25_t50,pop,25,50,watts_strogatz,ces,10,3,37,0.002000
pop_n25_t50,pop,25,50,watts_strogatz,ces,10,3,38,0.003000
pop_n25_t50,pop,25,50,watts_strogatz,ces,10,3,39,0.002000
pop_n25_t50,pop,25,50,watts_strogatz,ces,10,3,40,0.002000
pop_n25_t50,pop,25,50,watts_strogatz,ces,10,3,41,0.003000
pop_n25_t50,pop,25,50,watts_strogatz,ces,10,3,42,0.002000
pop_n25_t50,pop,25,50,watts_strogatz,ces,10,3,43,0.002000
pop_n25_t50,pop,25,50,watts_strogatz,ces,10,3,44,0.002000
pop_n25_t50,pop,25,50,watts_strogatz,ces,10,3,45,0.002000
pop_n25_t50,pop,25,50,watts_strogatz,ces,10,3,46,0.003000
pop_n25_t50,pop,25,50,watts_strogatz,ces,10,3,47,0.002000
pop_n25_t50,pop,25,50,watts_strogatz,ces,10,3,48,0.002000
pop_n25_t50,pop,25,50,watts_strogatz,ces,10,3,49,0.002000
pop_n25_t50,pop,25,50,watts_strogatz,ces,10,3,50,0.002000
pop_n25_t50,pop,25,50,watts_strogatz,ces,10,4,1,0.010000
pop_n25_t50,pop,25,50,watts_strogatz,ces,10,4,2,0.007000
pop_n25_t50,pop,25,50,watts_strogatz,ces,10,4,3,0.007000
pop_n25_t50,pop,25,50,watts_strogatz,ces,10,4,4,0.007000
pop_n25_t50,pop,25,50,watts_strogatz,ces,10,4,5,0.010000
pop_n25_t50,pop,25,50,watts_strogatz,ces,10,4,6,0.007000
pop_n25_t50,pop,25,50,watts_strogatz,ces,10,4,7,0.007000
pop_n25_t50,pop,25,50,watts_strogatz,ces,10,4,8,0.006000
pop_n25_t50,pop,25,50,watts_strogatz,ces,10,4,9,0.007000
pop_n25_t50,pop,25,50,watts_strogatz,ces,10,4,10,0.006000
pop_n25_t50,pop,25,50,watts_strogatz,ces,10,4,11,0.005000
pop_n25_t50,pop,25,50,watts_strogatz,ces,10,4,12,0.005000
pop_n25_t50,pop,25,50,watts_strogatz,ces,10,4,13,0.006000
pop_n25_t50,pop,25,50,watts_strogatz,ces,10,4,14,0.004000
pop_n25_t50,pop,25,50,watts_strogatz,ces,10,4,15,0.004000
pop_n25_t50,pop,25,50,watts_strogatz,ces,10,4,16,0.005000
pop_n25_t50,pop,25,50,watts_strogatz,ces,10,4,17,0.006000
pop_n25_t50,pop,25,50,watts_strogatz,ces,10,4,18,0.005000
pop_n25_t50,pop,25,50,watts_strogatz,ces,10,4,19,0.004000
pop_n25_t50,pop,25,50,watts_strogatz,ces,10,4,20,0.004000
pop_n25_t50,pop,25,50,watts_strogatz,ces,10,4,21,0.004000
pop_n25_t50,pop,25,50,watts_strogatz,ces,10,4,22,0.004000
pop_n25_t50,pop,25,50,watts_strogatz,ces,10,4,23,0.004000
pop_n25_t50,pop,25,50,watts_strogatz,ces,10,4,24,0.004000
pop_n25_t50,pop,25,50,watts_strogatz,ces,10,4,25,0.003000
pop_n25_t50,pop,25,50,watts_strogatz,ces,10,4,26,0.004000
pop_n25_t50,pop,25,50,watts_strogatz,ces,10,4,27,0.003000
pop_n25_t50,pop,25,50,watts_strogatz,ces,10,4,28,0.003000
pop_n25_t50,pop,25,50,watts_strogatz,ces,10,4,29,0.003000
pop_n25_t50,pop,25,50,watts_strogatz,ces,10,4,30,0.003000
pop_n25_t50,pop,25,50,watts_strogatz,ces,10,4,31,0.003000
pop_n25_t50,pop,25,50,watts_strogatz,ces,10,4,32,0.003000
pop_n25_t50,pop,25,50,watts_strogatz,ces,10,4,33,0.003000
pop_n25_t50,pop,25,50,watts_strogatz,ces,10,4,34,0.003000
pop_n25_t50,pop,25,50,watts_strogatz,ces,10,4,35,0.003000
pop_n25_t50,pop,25,50,watts_strogatz,ces,10,4,36,0.003000
pop_n25_t50,pop,25,50,watts_strogatz,ces,10,4,37,0.002000
pop_n25_t50,pop,25,50,watts_strogatz,ces,10,4,38,0.003000
pop_n25_t50,pop,25,50,watts_strogatz,ces,10,4,39,0.007000
pop_n25_t50,pop,25,50,watts_strogatz,ces,10,4,40,0.003000
pop_n25_t50,pop,25,50,watts_strogatz,ces,10,4,41,0.003000
pop_n25_t50,pop,25,50,watts_strogatz,ces,10,4,42,0.002000
pop_n25_t50,pop,25,50,watts_strogatz,ces,10,4,43,0.003000
pop_n25_t50,pop,25,50,watts_strogatz,ces,10,4,44,0.002000
pop_n25_t50,pop,25,50,watts_strogatz,ces,10,4,45,0.002000
pop_n25_t50,pop,25,50,watts_strogatz,ces,10,4,46,0.003000
pop_n25_t50,pop,25,50,watts_strogatz,ces,10,4,47,0.002000
pop_n25_t50,pop,25,50,watts_strogatz,ces,10,4,48,0.002000
pop_n25_t50,pop,25,50,watts_strogatz,ces,10,4,49,0.002000
pop_n25_t50,pop,25,50,watts_strogatz,ces,10,4,50,0.002000
pop_n25_t50,pop,25,50,watts_strogatz,ces,10,5,1,0.009000
pop_n25_t50,pop,25,50,watts_strogatz,ces,10,5,2,0.007000
pop_n25_t50,pop,25,50,watts_strogatz,ces,10,5,3,0.006000
pop_n25_t50,pop,25,50,watts_strogatz,ces,10,5,4,0.006000
pop_n25_t50,pop,25,50,watts_strogatz,ces,10,5,5,0.006000
pop_n25_t50,pop,25,50,watts_strogatz,ces,10,5,6,0.005000
pop_n25_t50,pop,25,50,watts_strogatz,ces,10,5,7,0.006000
pop_n25_t50,pop,25,50,watts_strogatz,ces,10,5,8,0.005000
pop_n25_t50,pop,25,50,watts_strogatz,ces,10,5,9,0.005000
pop_n25_t50,pop,25,50,watts_strogatz,ces,10,5,10,0.005000
pop_n25_t50,pop,25,50,watts_strogatz,ces,10,5,11,0.005000
pop_n25_t50,pop,25,50,watts_strogatz,ces,10,5,12,0.005000
pop_n25_t50,pop,25,50,watts_strogatz,ces,10,5,13,0.004000
pop_n25_t50,pop,25,50,watts_strogatz,ces,10,5,14,0.005000
pop_n25_t50,pop,25,50,watts_strogatz,ces,10,5,15,0.004000
pop_n25_t50,pop,25,50,watts_strogatz,ces,10,5,16,0.004000
pop_n25_t50,pop,25,50,watts_strogatz,ces,10,5,17,0.005000
pop_n25_t50,pop,25,50,watts_strogatz,ces,10,5,18,0.004000
pop_n25_t50,pop,25,50,watts_strogatz,ces,10,5,19,0.009000
pop_n25_t50,pop,25,50,watts_strogatz,ces,10,5,20,0.006000
pop_n25_t50,pop,25,50,watts_strogatz,ces,10,5,21,0.005000
pop_n25_t50,pop,25,50,watts_strogatz,ces,10,5,22,0.004000
pop_n25_t50,pop,25,50,watts_strogatz,ces,10,5,23,0.004000
pop_n25_t50,pop,25,50,watts_strogatz,ces,10,5,24,0.004000
pop_n25_t50,pop,25,50,watts_strogatz,ces,10,5,25,0.004000
pop_n25_t50,pop,25,50,watts_strogatz,ces,10,5,26,0.004000
pop_n25_t50,pop,25,50,watts_strogatz,ces,10,5,27,0.004000
pop_n25_t50,pop,25,50,watts_strogatz,ces,10,5,28,0.004000
pop_n25_t50,pop,25,50,watts_strogatz,ces,10,5,29,0.005000
pop_n25_t50,pop,25,50,watts_strogatz,ces,10,5,30,0.003000
pop_n25_t50,pop,25,50,watts_strogatz,ces,10,5,31,0.004000
pop_n25_t50,pop,25,50,watts_strogatz,ces,10,5,32,0.003000
pop_n25_t50,pop,25,50,watts_strogatz,ces,10,5,33,0.004000
pop_n25_t50,pop,25,50,watts_strogatz,ces,10,5,34,0.003000
pop_n25_t50,pop,25,50,watts_strogatz,ces,10,5,35,0.003000
pop_n25_t50,pop,25,50,watts_strogatz,ces,10,5,36,0.003000
pop_n25_t50,pop,25,50,watts_strogatz,ces,10,5,37,0.003000
pop_n25_t50,pop,25,50,watts_strogatz,ces,10,5,38,0.003000
pop_n25_t50,pop,25,50,watts_strogatz,ces,10,5,39,0.003000
pop_n25_t50,pop,25,50,watts_strogatz,ces,10,5,40,0.002000
pop_n25_t50,pop,25,50,watts_strogatz,ces,10,5,41,0.003000
pop_n25_t50,pop,25,50,watts_strogatz,ces,10,5,42,0.003000
pop_n25_t50,pop,25,50,watts_strogatz,ces,10,5,43,0.002000
pop_n25_t50,pop,25,50,watts_strogatz,ces,10,5,44,0.003000
pop_n25_t50,pop,25,50,watts_strogatz,ces,10,5,45,0.003000
pop_n25_t50,pop,25,50,watts_strogatz,ces,10,5,46,0.002000
pop_n25_t50,pop,25,50,watts_strogatz,ces,10,5,47,0.003000
pop_n25_t50,pop,25,50,watts_strogatz,ces,10,5,48,0.002000
pop_n25_t50,pop,25,50,watts_strogatz,ces,10,5,49,0.003000
pop_n25_t50,pop,25,50,watts_strogatz,ces,10,5,50,0.002000
pop_n25_t50,pop,25,50,watts_strogatz,ces,10,6,1,0.010000
pop_n25_t50,pop,25,50,watts_strogatz,ces,10,6,2,0.008000
pop_n25_t50,pop,25,50,watts_strogatz,ces,10,6,3,0.007000
pop_n25_t50,pop,25,50,watts_strogatz,ces,10,6,4,0.006000
pop_n25_t50,pop,25,50,watts_strogatz,ces,10,6,5,0.006000
pop_n25_t50,pop,25,50,watts_strogatz,ces,10,6,6,0.007000
pop_n25_t50,pop,25,50,watts_strogatz,ces,10,6,7,0.011000
pop_n25_t50,pop,25,50,watts_strogatz,ces,10,6,8,0.006000
pop_n25_t50,pop,25,50,watts_strogatz,ces,10,6,9,0.006000
pop_n25_t50,pop,25,50,watts_strogatz,ces,10,6,10,0.006000
pop_n25_t50,pop,25,50,watts_strogatz,ces,10,6,11,0.005000
pop_n25_t50,pop,25,50,watts_strogatz,ces,10,6,12,0.007000
pop_n25_t50,pop,25,50,watts_strogatz,ces,10,6,13,0.005000
pop_n25_t50,pop,25,50,watts_strogatz,ces,10,6,14,0.006000
pop_n25_t50,pop,25,50,watts_strogatz,ces,10,6,15,0.005000
pop_n25_t50,pop,25,50,watts_strogatz,ces,10,6,16,0.004000
pop_n25_t50,pop,25,50,watts_strogatz,ces,10,6,17,0.005000
pop_n25_t50,pop,25,50,watts_strogatz,ces,10,6,18,0.004000
pop_n25_t50,pop,25,50,watts_strogatz,ces,10,6,19,0.004000
pop_n25_t50,pop,25,50,watts_strogatz,ces,10,6,20,0.004000
pop_n25_t50,pop,25,50,watts_strogatz,ces,10,6,21,0.003000
pop_n25_t50,pop,25,50,watts_strogatz,ces,10,6,22,0.004000
pop_n25_t50,pop,25,50,watts_strogatz,ces,10,6,23,0.003000
pop_n25_t50,pop,25,50,watts_strogatz,ces,10,6,24,0.004000
pop_n25_t50,pop,25,50,watts_strogatz,ces,10,6,25,0.003000
pop_n25_t50,pop,25,50,watts_strogatz,ces,10,6,26,0.003000
pop_n25_t50,pop,25,50,watts_strogatz,ces,10,6,27,0.003000
pop_n25_t50,pop,25,50,watts_strogatz,ces,10,6,28,0.003000
pop_n25_t50,pop,25,50,watts_strogatz,ces,10,6,29,0.003000
pop_n25_t50,pop,25,50,watts_strogatz,ces,10,6,30,0.003000
pop_n25_t50,pop,25,50,watts_strogatz,ces,10,6,31,0.003000
pop_n25_t50,pop,25,50,watts_strogatz,ces,10,6,32,0.003000
pop_n25_t50,pop,25,50,watts_strogatz,ces,10,6,33,0.003000
pop_n25_t50,pop,25,50,watts_strogatz,ces,10,6,34,0.002000
pop_n25_t50,pop,25,50,watts_strogatz,ces,10,6,35,0.003000
pop_n25_t50,pop,25,50,watts_strogatz,ces,10,6,36,0.003000
pop_n25_t50,pop,25,50,watts_strogatz,ces,10,6,37,0.002000
pop_n25_t50,pop,25,50,watts_strogatz,ces,10,6,38,0.003000
pop_n25_t50,pop,25,50,watts_strogatz,ces,10,6,39,0.002000
pop_n25_t50,pop,25,50,watts_strogatz,ces,10,6,40,0.003000
pop_n25_t50,pop,25,50,watts_strogatz,ces,10,6,41,0.002000
pop_n25_t50,pop,25,50,watts_strogatz,ces,10,6,42,0.002000
pop_n25_t50,pop,25,50,watts_strogatz,ces,10,6,43,0.003000
pop_n25_t50,pop,25,50,watts_strogatz,ces,10,6,44,0.002000
pop_n25_t50,pop,25,50,watts_strogatz,ces,10,6,45,0.007000
pop_n25_t50,pop,25,50,watts_strogatz,ces,10,6,46,0.003000
pop_n25_t50,pop,25,50,watts_strogatz,ces,10,6,47,0.002000
pop_n25_t50,pop,25,50,watts_strogatz,ces,10,6,48,0.002000
pop_n25_t50,pop,25,50,watts_strogatz,ces,10,6,49,0.002000
pop_n25_t50,pop,25,50,watts_strogatz,ces,10,6,50,0.003000
pop_n25_t50,pop,25,50,watts_strogatz,ces,10,7,1,0.010000
pop_n25_t50,pop,25,50,watts_strogatz,ces,10,7,2,0.008000
pop_n25_t50,pop,25,50,watts_strogatz,ces,10,7,3,0.007000
pop_n25_t50,pop,25,50,watts_strogatz,ces,10,7,4,0.008000
pop_n25_t50,pop,25,50,watts_strogatz,ces,10,7,5,0.006000
pop_n25_t50,pop,25,50,watts_strogatz,ces,10,7,6,0.007000
pop_n25_t50,pop,25,50,watts_strogatz,ces,10,7,7,0.006000
pop_n25_t50,pop,25,50,watts_strogatz,ces,10,7,8,0.006000
pop_n25_t50,pop,25,50,watts_strogatz,ces,10,7,9,0.005000
pop_n25_t50,pop,25,50,watts_strogatz,ces,10,7,10,0.005000
pop_n25_t50,pop,25,50,watts_strogatz,ces,10,7,11,0.005000
pop_n25_t50,pop,25,50,watts_strogatz,ces,10,7,12,0.005000
pop_n25_t50,pop,25,50,watts_strogatz,ces,10,7,13,0.004000
pop_n25_t50,pop,25,50,watts_strogatz,ces,10,7,14,0.005000
pop_n25_t50,pop,25,50,watts_strogatz,ces,10,7,15,0.004000
pop_n25_t50,pop,25,50,watts_strogatz,ces,10,7,16,0.004000
pop_n25_t50,pop,25,50,watts_strogatz,ces,10,7,17,0.004000
pop_n25_t50,pop,25,50,watts_strogatz,ces,10,7,18,0.004000
pop_n25_t50,pop,25,50,watts_strogatz,ces,10,7,19,0.004000
pop_n25_t50,pop,25,50,watts_strogatz,ces,10,7,20,0.003000
pop_n25_t50,pop,25,50,watts_strogatz,ces,10,7,21,0.004000
pop_n25_t50,pop,25,50,watts_strogatz,ces,10,7,22,0.004000
pop_n25_t50,pop,25,50,watts_strogatz,ces,10,7,23,0.003000
pop_n25_t50,pop,25,50,watts_strogatz,ces,10,7,24,0.003000
pop_n25_t50,pop,25,50,watts_strogatz,ces,10,7,25,0.004000
pop_n25_t50,pop,25,50,watts_strogatz,ces,10,7,26,0.004000
pop_n25_t50,pop,25,50,watts_strogatz,ces,10,7,27,0.003000
pop_n25_t50,pop,25,50,watts_strogatz,ces,10,7,28,0.003000
pop_n25_t50,pop,25,50,watts_strogatz,ces,10,7,29,0.003000
pop_n25_t50,pop,25,50,watts_strogatz,ces,10,7,30,0.003000
pop_n25_t50,pop,25,50,watts_strogatz,ces,10,7,31,0.003000
pop_n25_t50,pop,25,50,watts_strogatz,ces,10,7,32,0.002000
pop_n25_t50,pop,25,50,watts_strogatz,ces,10,7,33,0.003000
pop_n25_t50,pop,25,50,watts_strogatz,ces,10,7,34,0.003000
pop_n25_t50,pop,25,50,watts_strogatz,ces,10,7,35,0.002000
pop_n25_t50,pop,25,50,watts_strogatz,ces,10,7,36,0.007000
pop_n25_t50,pop,25,50,watts_strogatz,ces,10,7,37,0.003000
pop_n25_t50,pop,25,50,watts_strogatz,ces,10,7,38,0.002000
pop_n25_t50,pop,25,50,watts_strogatz,ces,10,7,39,0.003000
pop_n25_t50,pop,25,50,watts_strogatz,ces,10,7,40,0.002000
pop_n25_t50,pop,25,50,watts_strogatz,ces,10,7,41,0.002000
pop_n25_t50,pop,25,50,watts_strogatz,ces,10,7,42,0.003000
pop_n25_t50,pop,25,50,watts_strogatz,ces,10,7,43,0.002000
pop_n25_t50,pop,25,50,watts_strogatz,ces,10,7,44,0.002000
pop_n25_t50,pop,25,50,watts_strogatz,ces,10,7,45,0.002000
pop_n25_t50,pop,25,50,watts_strogatz,ces,10,7,46,0.003000
pop_n25_t50,pop,25,50,watts_strogatz,ces,10,7,47,0.002000
pop_n25_t50,pop,25,50,watts_strogatz,ces,10,7,48,0.002000
pop_n25_t50,pop,25,50,watts_strogatz,ces,10,7,49,0.002000
pop_n25_t50,pop,25,50,watts_strogatz,ces,10,7,50,0.002000
pop_n25_t50,pop,25,50,watts_strogatz,ces,10,8,1,0.009000
pop_n25_t50,pop,25,50,watts_strogatz,ces,10,8,2,0.007000
pop_n25_t50,pop,25,50,watts_strogatz,ces,10,8,3,0.007000
pop_n25_t50,pop,25,50,watts_strogatz,ces,10,8,4,0.006000
pop_n25_t50,pop,25,50,watts_strogatz,ces,10,8,5,0.006000
pop_n25_t50,pop,25,50,watts_strogatz,ces,10,8,6,0.005000
pop_n25_t50,pop,25,50,watts_strogatz,ces,10,8,7,0.006000
pop_n25_t50,pop,25,50,watts_strogatz,ces,10,8,8,0.005000
pop_n25_t50,pop,25,50,watts_strogatz,ces,10,8,9,0.005000
pop_n25_t50,pop,25,50,watts_strogatz,ces,10,8,10,0.005000
pop_n25_t50,pop,25,50,watts_strogatz,ces,10,8,11,0.005000
pop_n25_t50,pop,25,50,watts_strogatz,ces,10,8,12,0.004000
pop_n25_t50,pop,25,50,watts_strogatz,ces,10,8,13,0.005000
pop_n25_t50,pop,25,50,watts_strogatz,ces,10,8,14,0.004000
pop_n25_t50,pop,25,50,watts_strogatz,ces,10,8,15,0.004000
pop_n25_t50,pop,25,50,watts_strogatz,ces,10,8,16,0.004000
pop_n25_t50,pop,25,50,watts_strogatz,ces,10,8,17,0.004000
pop_n25_t50,pop,25,50,watts_strogatz,ces,10,8,18,0.004000
pop_n25_t50,pop,25,50,watts_strogatz,ces,10,8,19,0.004000
pop_n25_t50,pop,25,50,watts_strogatz,ces,10,8,20,0.004000
pop_n25_t50,pop,25,50,watts_strogatz,ces,10,8,21,0.004000
pop_n25_t50,pop,25,50,watts_strogatz,ces,10,8,22,0.003000
pop_n25_t50,pop,25,50,watts_strogatz,ces,10,8,23,0.004000
pop_n25_t50,pop,25,50,watts_strogatz,ces,10,8,24,0.003000
pop_n25_t50,pop,25,50,watts_strogatz,ces,10,8,25,0.003000
pop_n25_t50,pop,25,50,watts_strogatz,ces,10,8,26,0.003000
pop_n25_t50,pop,25,50,watts_strogatz,ces,10,8,27,0.004000
pop_n25_t50,pop,25,50,watts_strogatz,ces,10,8,28,0.007000
pop_n25_t50,pop,25,50,watts_strogatz,ces,10,8,29,0.003000
pop_n25_t50,pop,25,50,watts_strogatz,ces,10,8,30,0.002000
pop_n25_t50,pop,25,50,watts_strogatz,ces,10,8,31,0.003000
pop_n25_t50,pop,25,50,watts_strogatz,ces,10,8,32,0.003000
pop_n25_t50,pop,25,50,watts_strogatz,ces,10,8,33,0.003000
pop_n25_t50,pop,25,50,watts_strogatz,ces,10,8,34,0.003000
pop_n25_t50,pop,25,50,watts_strogatz,ces,10,8,35,0.003000
pop_n25_t50,pop,25,50,watts_strogatz,ces,10,8,36,0.003000
pop_n25_t50,pop,25,50,watts_strogatz,ces,10,8,37,0.002000
pop_n25_t50,pop,25,50,watts_strogatz,ces,10,8,38,0.003000
pop_n25_t50,pop,25,50,watts_strogatz,ces,10,8,39,0.002000
pop_n25_t50,pop,25,50,watts_strogatz,ces,10,8,40,0.003000
pop_n25_t50,pop,25,50,watts_strogatz,ces,10,8,41,0.002000
pop_n25_t50,pop,25,50,watts_strogatz,ces,10,8,42,0.003000
pop_n25_t50,pop,25,50,watts_strogatz,ces,10,8,43,0.002000
pop_n25_t50,pop,25,50,watts_strogatz,ces,10,8,44,0.002000
pop_n25_t50,pop,25,50,watts_strogatz,ces,10,8,45,0.002000
pop_n25_t50,pop,25,50,watts_strogatz,ces,10,8,46,0.003000
pop_n25_t50,pop,25,50,watts_strogatz,ces,10,8,47,0.003000
pop_n25_t50,pop,25,50,watts_strogatz,ces,10,8,48,0.002000
pop_n25_t50,pop,25,50,watts_strogatz,ces,10,8,49,0.002000
pop_n25_t50,pop,25,50,watts_strogatz,ces,10,8,50,0.002000
pop_n25_t50,pop,25,50,watts_strogatz,ces,10,9,1,0.009000
pop_n25_t50,pop,25,50,watts_strogatz,ces,10,9,2,0.007000
pop_n25_t50,pop,25,50,watts_strogatz,ces,10,9,3,0.007000
pop_n25_t50,pop,25,50,watts_strogatz,ces,10,9,4,0.006000
pop_n25_t50,pop,25,50,watts_strogatz,ces,10,9,5,0.005000
pop_n25_t50,pop,25,50,watts_strogatz,ces,10,9,6,0.007000
pop_n25_t50,pop,25,50,watts_strogatz,ces,10,9,7,0.005000
pop_n25_t50,pop,25,50,watts_strogatz,ces,10,9,8,0.005000
pop_n25_t50,pop,25,50,watts_strogatz,ces,10,9,9,0.006000
pop_n25_t50,pop,25,50,watts_strogatz,ces,10,9,10,0.005000
pop_n25_t50,pop,25,50,watts_strogatz,ces,10,9,11,0.005000
pop_n25_t50,pop,25,50,watts_strogatz,ces,10,9,12,0.004000
pop_n25_t50,pop,25,50,watts_strogatz,ces,10,9,13,0.005000
pop_n25_t50,pop,25,50,watts_strogatz,ces,10,9,14,0.004000
pop_n25_t50,pop,25,50,watts_strogatz,ces,10,9,15,0.004000
pop_n25_t50,pop,25,50,watts_strogatz,ces,10,9,16,0.005000
pop_n25_t50,pop,25,50,watts_strogatz,ces,10,9,17,0.004000
pop_n25_t50,pop,25,50,watts_strogatz,ces,10,9,18,0.004000
pop_n25_t50,pop,25,50,watts_strogatz,ces,10,9,19,0.003000
pop_n25_t50,pop,25,50,watts_strogatz,ces,10,9,20,0.004000
pop_n25_t50,pop,25,50,watts_strogatz,ces,10,9,21,0.007000
pop_n25_t50,pop,25,50,watts_strogatz,ces,10,9,22,0.003000
pop_n25_t50,pop,25,50,watts_strogatz,ces,10,9,23,0.004000
pop_n25_t50,pop,25,50,watts_strogatz,ces,10,9,24,0.003000
pop_n25_t50,pop,25,50,watts_strogatz,ces,10,9,25,0.003000
pop_n25_t50,pop,25,50,watts_strogatz,ces,10,9,26,0.004000
pop_n25_t50,pop,25,50,watts_strogatz,ces,10,9,27,0.003000
pop_n25_t50,pop,25,50,watts_strogatz,ces,10,9,28,0.003000
pop_n25_t50,pop,25,50,watts_strogatz,ces,10,9,29,0.003000
pop_n25_t50,pop,25,50,watts_strogatz,ces,10,9,30,0.003000
pop_n25_t50,pop,25,50,watts_strogatz,ces,10,9,31,0.003000
pop_n25_t50,pop,25,50,watts_strogatz,ces,10,9,32,0.002000
pop_n25_t50,pop,25,50,watts_strogatz,ces,10,9,33,0.003000
pop_n25_t50,pop,25,50,watts_strogatz,ces,10,9,34,0.055000
pop_n25_t50,pop,25,50,watts_strogatz,ces,10,9,35,0.004000
pop_n25_t50,pop,25,50,watts_strogatz,ces,10,9,36,0.003000
pop_n25_t50,pop,25,50,watts_strogatz,ces,10,9,37,0.004000
pop_n25_t50,pop,25,50,watts_strogatz,ces,10,9,38,0.002000
pop_n25_t50,pop,25,50,watts_strogatz,ces,10,9,39,0.003000
pop_n25_t50,pop,25,50,watts_strogatz,ces,10,9,40,0.002000
pop_n25_t50,pop,25,50,watts_strogatz,ces,10,9,41,0.002000
pop_n25_t50,pop,25,50,watts_strogatz,ces,10,9,42,0.002000
pop_n25_t50,pop,25,50,watts_strogatz,ces,10,9,43,0.002000
pop_n25_t50,pop,25,50,watts_strogatz,ces,10,9,44,0.004000
pop_n25_t50,pop,25,50,watts_strogatz,ces,10,9,45,0.003000
pop_n25_t50,pop,25,50,watts_strogatz,ces,10,9,46,0.002000
pop_n25_t50,pop,25,50,watts_strogatz,ces,10,9,47,0.002000
pop_n25_t50,pop,25,50,watts_strogatz,ces,10,9,48,0.002000
pop_n25_t50,pop,25,50,watts_strogatz,ces,10,9,49,0.002000
pop_n25_t50,pop,25,50,watts_strogatz,ces,10,9,50,0.002000
pop_n50_t1,pop,50,1,watts_strogatz,ces,10,2,1,0.037000
pop_n50_t1,pop,50,1,watts_strogatz,ces,10,3,1,0.028000
pop_n50_t1,pop,50,1,watts_strogatz,ces,10,4,1,0.023000
pop_n50_t1,pop,50,1,watts_strogatz,ces,10,5,1,0.028000
pop_n50_t1,pop,50,1,watts_strogatz,ces,10,6,1,0.022000
pop_n50_t1,pop,50,1,watts_strogatz,ces,10,7,1,0.021000
pop_n50_t1,pop,50,1,watts_strogatz,ces,10,8,1,0.023000
pop_n50_t1,pop,50,1,watts_strogatz,ces,10,9,1,0.029000
pop_n50_t5,pop,50,5,watts_strogatz,ces,10,2,1,0.029000
pop_n50_t5,pop,50,5,watts_strogatz,ces,10,2,2,0.017000
pop_n50_t5,pop,50,5,watts_strogatz,ces,10,2,3,0.015000
pop_n50_t5,pop,50,5,watts_strogatz,ces,10,2,4,0.015000
pop_n50_t5,pop,50,5,watts_strogatz,ces,10,2,5,0.017000
pop_n50_t5,pop,50,5,watts_strogatz,ces,10,3,1,0.033000
pop_n50_t5,pop,50,5,watts_strogatz,ces,10,3,2,0.022000
pop_n50_t5,pop,50,5,watts_strogatz,ces,10,3,3,0.020000
pop_n50_t5,pop,50,5,watts_strogatz,ces,10,3,4,0.019000
pop_n50_t5,pop,50,5,watts_strogatz,ces,10,3,5,0.015000
pop_n50_t5,pop,50,5,watts_strogatz,ces,10,4,1,0.021000
pop_n50_t5,pop,50,5,watts_strogatz,ces,10,4,2,0.014000
pop_n50_t5,pop,50,5,watts_strogatz,ces,10,4,3,0.016000
pop_n50_t5,pop,50,5,watts_strogatz,ces,10,4,4,0.012000
pop_n50_t5,pop,50,5,watts_strogatz,ces,10,4,5,0.011000
pop_n50_t5,pop,50,5,watts_strogatz,ces,10,5,1,0.020000
pop_n50_t5,pop,50,5,watts_strogatz,ces,10,5,2,0.015000
pop_n50_t5,pop,50,5,watts_strogatz,ces,10,5,3,0.015000
pop_n50_t5,pop,50,5,watts_strogatz,ces,10,5,4,0.014000
pop_n50_t5,pop,50,5,watts_strogatz,ces,10,5,5,0.016000
pop_n50_t5,pop,50,5,watts_strogatz,ces,10,6,1,0.019000
pop_n50_t5,pop,50,5,watts_strogatz,ces,10,6,2,0.015000
pop_n50_t5,pop,50,5,watts_strogatz,ces,10,6,3,0.013000
pop_n50_t5,pop,50,5,watts_strogatz,ces,10,6,4,0.012000
pop_n50_t5,pop,50,5,watts_strogatz,ces,10,6,5,0.011000
pop_n50_t5,pop,50,5,watts_strogatz,ces,10,7,1,0.020000
pop_n50_t5,pop,50,5,watts_strogatz,ces,10,7,2,0.073000
pop_n50_t5,pop,50,5,watts_strogatz,ces,10,7,3,0.013000
pop_n50_t5,pop,50,5,watts_strogatz,ces,10,7,4,0.012000
pop_n50_t5,pop,50,5,watts_strogatz,ces,10,7,5,0.011000
pop_n50_t5,pop,50,5,watts_strogatz,ces,10,8,1,0.019000
pop_n50_t5,pop,50,5,watts_strogatz,ces,10,8,2,0.015000
pop_n50_t5,pop,50,5,watts_strogatz,ces,10,8,3,0.012000
pop_n50_t5,pop,50,5,watts_strogatz,ces,10,8,4,0.016000
pop_n50_t5,pop,50,5,watts_strogatz,ces,10,8,5,0.014000
pop_n50_t5,pop,50,5,watts_strogatz,ces,10,9,1,0.022000
pop_n50_t5,pop,50,5,watts_strogatz,ces,10,9,2,0.015000
pop_n50_t5,pop,50,5,watts_strogatz,ces,10,9,3,0.015000
pop_n50_t5,pop,50,5,watts_strogatz,ces,10,9,4,0.011000
pop_n50_t5,pop,50,5,watts_strogatz,ces,10,9,5,0.011000
pop_n50_t20,pop,50,20,watts_strogatz,ces,10,2,1,0.023000
pop_n50_t20,pop,50,20,watts_strogatz,ces,10,2,2,0.019000
pop_n50_t20,pop,50,20,watts_strogatz,ces,10,2,3,0.013000
pop_n50_t20,pop,50,20,watts_strogatz,ces,10,2,4,0.018000
pop_n50_t20,pop,50,20,watts_strogatz,ces,10,2,5,0.012000
pop_n50_t20,pop,50,20,watts_strogatz,ces,10,2,6,0.012000
pop_n50_t20,pop,50,20,watts_strogatz,ces,10,2,7,0.012000
pop_n50_t20,pop,50,20,watts_strogatz,ces,10,2,8,0.013000
pop_n50_t20,pop,50,20,watts_strogatz,ces,10,2,9,0.011000
pop_n50_t20,pop,50,20,watts_strogatz,ces,10,2,10,0.012000
pop_n50_t20,pop,50,20,watts_strogatz,ces,10,2,11,0.012000
pop_n50_t20,pop,50,20,watts_strogatz,ces,10,2,12,0.011000
pop_n50_t20,pop,50,20,watts_strogatz,ces,10,2,13,0.011000
pop_n50_t20,pop,50,20,watts_strogatz,ces,10,2,14,0.012000
pop_n50_t20,pop,50,20,watts_strogatz,ces,10,2,15,0.016000
pop_n50_t20,pop,50,20,watts_strogatz,ces,10,2,16,0.010000
pop_n50_t20,pop,50,20,watts_strogatz,ces,10,2,17,0.011000
pop_n50_t20,pop,50,20,watts_strogatz,ces,10,2,18,0.009000
pop_n50_t20,pop,50,20,watts_strogatz,ces,10,2,19,0.008000
pop_n50_t20,pop,50,20,watts_strogatz,ces,10,2,20,0.008000
pop_n50_t20,pop,50,20,watts_strogatz,ces,10,3,1,0.020000
pop_n50_t20,pop,50,20,watts_strogatz,ces,10,3,2,0.014000
pop_n50_t20,pop,50,20,watts_strogatz,ces,10,3,3,0.013000
pop_n50_t20,pop,50,20,watts_strogatz,ces,10,3,4,0.016000
pop_n50_t20,pop,50,20,watts_strogatz,ces,10,3,5,0.012000
pop_n50_t20,pop,50,20,watts_strogatz,ces,10,3,6,0.011000
pop_n50_t20,pop,50,20,watts_strogatz,ces,10,3,7,0.010000
pop_n50_t20,pop,50,20,watts_strogatz,ces,10,3,8,0.010000
pop_n50_t20,pop,50,20,watts_strogatz,ces,10,3,9,0.009000
pop_n50_t20,pop,50,20,watts_strogatz,ces,10,3,10,0.008000
pop_n50_t20,pop,50,20,watts_strogatz,ces,10,3,11,0.009000
pop_n50_t20,pop,50,20,watts_strogatz,ces,10,3,12,0.008000
pop_n50_t20,pop,50,20,watts_strogatz,ces,10,3,13,0.008000
pop_n50_t20,pop,50,20,watts_strogatz,ces,10,3,14,0.009000
pop_n50_t20,pop,50,20,watts_strogatz,ces,10,3,15,0.013000
pop_n50_t20,pop,50,20,watts_strogatz,ces,10,3,16,0.009000
pop_n50_t20,pop,50,20,watts_strogatz,ces,10,3,17,0.009000
pop_n50_t20,pop,50,20,watts_strogatz,ces,10,3,18,0.009000
pop_n50_t20,pop,50,20,watts_strogatz,ces,10,3,19,0.008000
pop_n50_t20,pop,50,20,watts_strogatz,ces,10,3,20,0.009000
pop_n50_t20,pop,50,20,watts_strogatz,ces,10,4,1,0.022000
pop_n50_t20,pop,50,20,watts_strogatz,ces,10,4,2,0.015000
pop_n50_t20,pop,50,20,watts_strogatz,ces,10,4,3,0.012000
pop_n50_t20,pop,50,20,watts_strogatz,ces,10,4,4,0.012000
pop_n50_t20,pop,50,20,watts_strogatz,ces,10,4,5,0.012000
pop_n50_t20,pop,50,20,watts_strogatz,ces,10,4,6,0.011000
pop_n50_t20,pop,50,20,watts_strogatz,ces,10,4,7,0.016000
pop_n50_t20,pop,50,20,watts_strogatz,ces,10,4,8,0.010000
pop_n50_t20,pop,50,20,watts_strogatz,ces,10,4,9,0.009000
pop_n50_t20,pop,50,20,watts_strogatz,ces,10,4,10,0.009000
pop_n50_t20,pop,50,20,watts_strogatz,ces,10,4,11,0.009000
pop_n50_t20,pop,50,20,watts_strogatz,ces,10,4,12,0.008000
pop_n50_t20,pop,50,20,watts_strogatz,ces,10,4,13,0.008000
pop_n50_t20,pop,50,20,watts_strogatz,ces,10,4,14,0.008000
pop_n50_t20,pop,50,20,watts_strogatz,ces,10,4,15,0.062000
pop_n50_t20,pop,50,20,watts_strogatz,ces,10,4,16,0.007000
pop_n50_t20,pop,50,20,watts_strogatz,ces,10,4,17,0.008000
pop_n50_t20,pop,50,20,watts_strogatz,ces,10,4,18,0.007000
pop_n50_t20,pop,50,20,watts_strogatz,ces,10,4,19,0.007000
pop_n50_t20,pop,50,20,watts_strogatz,ces,10,4,20,0.007000
pop_n50_t20,pop,50,20,watts_strogatz,ces,10,5,1,0.021000
pop_n50_t20,pop,50,20,watts_strogatz,ces,10,5,2,0.019000
pop_n50_t20,pop,50,20,watts_strogatz,ces,10,5,3,0.013000
pop_n50_t20,pop,50,20,watts_strogatz,ces,10,5,4,0.011000
pop_n50_t20,pop,50,20,watts_strogatz,ces,10,5,5,0.011000
pop_n50_t20,pop,50,20,watts_strogatz,ces,10,5,6,0.011000
pop_n50_t20,pop,50,20,watts_strogatz,ces,10,5,7,0.010000
pop_n50_t20,pop,50,20,watts_strogatz,ces,10,5,8,0.010000
pop_n50_t20,pop,50,20,watts_strogatz,ces,10,5,9,0.009000
pop_n50_t20,pop,50,20,watts_strogatz,ces,10,5,10,0.009000
pop_n50_t20,pop,50,20,watts_strogatz,ces,10,5,11,0.009000
pop_n50_t20,pop,50,20,watts_strogatz,ces,10,5,12,0.009000
pop_n50_t20,pop,50,20,watts_strogatz,ces,10,5,13,0.008000
pop_n50_t20,pop,50,20,watts_strogatz,ces,10,5,14,0.012000
pop_n50_t20,pop,50,20,watts_strogatz,ces,10,5,15,0.007000
pop_n50_t20,pop,50,20,watts_strogatz,ces,10,5,16,0.008000
pop_n50_t20,pop,50,20,watts_strogatz,ces,10,5,17,0.007000
pop_n50_t20,pop,50,20,watts_strogatz,ces,10,5,18,0.007000
pop_n50_t20,pop,50,20,watts_strogatz,ces,10,5,19,0.007000
pop_n50_t20,pop,50,20,watts_strogatz,ces,10,5,20,0.007000
pop_n50_t20,pop,50,20,watts_strogatz,ces,10,6,1,0.018000
pop_n50_t20,pop,50,20,watts_strogatz,ces,10,6,2,0.014000
pop_n50_t20,pop,50,20,watts_strogatz,ces,10,6,3,0.012000
pop_n50_t20,pop,50,20,watts_strogatz,ces,10,6,4,0.012000
pop_n50_t20,pop,50,20,watts_strogatz,ces,10,6,5,0.011000
pop_n50_t20,pop,50,20,watts_strogatz,ces,10,6,6,0.015000
pop_n50_t20,pop,50,20,watts_strogatz,ces,10,6,7,0.010000
pop_n50_t20,pop,50,20,watts_strogatz,ces,10,6,8,0.012000
pop_n50_t20,pop,50,20,watts_strogatz,ces,10,6,9,0.011000
pop_n50_t20,pop,50,20,watts_strogatz,ces,10,6,10,0.011000
pop_n50_t20,pop,50,20,watts_strogatz,ces,10,6,11,0.012000
pop_n50_t20,pop,50,20,watts_strogatz,ces,10,6,12,0.012000
pop_n50_t20,pop,50,20,watts_strogatz,ces,10,6,13,0.010000
pop_n50_t20,pop,50,20,watts_strogatz,ces,10,6,14,0.011000
pop_n50_t20,pop,50,20,watts_strogatz,ces,10,6,15,0.007000
pop_n50_t20,pop,50,20,watts_strogatz,ces,10,6,16,0.007000
pop_n50_t20,pop,50,20,watts_strogatz,ces,10,6,17,0.008000
pop_n50_t20,pop,50,20,watts_strogatz,ces,10,6,18,0.007000
pop_n50_t20,pop,50,20,watts_strogatz,ces,10,6,19,0.006000
pop_n50_t20,pop,50,20,watts_strogatz,ces,10,6,20,0.008000
pop_n50_t20,pop,50,20,watts_strogatz,ces,10,7,1,0.018000
pop_n50_t20,pop,50,20,watts_strogatz,ces,10,7,2,0.014000
pop_n50_t20,pop,50,20,watts_strogatz,ces,10,7,3,0.013000
pop_n50_t20,pop,50,20,watts_strogatz,ces,10,7,4,0.016000
pop_n50_t20,pop,50,20,watts_strogatz,ces,10,7,5,0.011000
pop_n50_t20,pop,50,20,watts_strogatz,ces,10,7,6,0.010000
pop_n50_t20,pop,50,20,watts_strogatz,ces,10,7,7,0.010000
pop_n50_t20,pop,50,20,watts_strogatz,ces,10,7,8,0.010000
pop_n50_t20,pop,50,20,watts_strogatz,ces,10,7,9,0.011000
pop_n50_t20,pop,50,20,watts_strogatz,ces,10,7,10,0.010000
pop_n50_t20,pop,50,20,watts_strogatz,ces,10,7,11,0.010000
pop_n50_t20,pop,50,20,watts_strogatz,ces,10,7,12,0.009000
pop_n50_t20,pop,50,20,watts_strogatz,ces,10,7,13,0.010000
pop_n50_t20,pop,50,20,watts_strogatz,ces,10,7,14,0.008000
pop_n50_t20,pop,50,20,watts_strogatz,ces,10,7,15,0.008000
pop_n50_t20,pop,50,20,watts_strogatz,ces,10,7,16,0.008000
pop_n50_t20,pop,50,20,watts_strogatz,ces,10,7,17,0.007000
pop_n50_t20,pop,50,20,watts_strogatz,ces,10,7,18,0.007000
pop_n50_t20,pop,50,20,watts_strogatz,ces,10,7,19,0.007000
pop_n50_t20,pop,50,20,watts_strogatz,ces,10,7,20,0.006000
pop_n50_t20,pop,50,20,watts_strogatz,ces,10,8,1,0.023000
pop_n50_t20,pop,50,20,watts_strogatz,ces,10,8,2,0.015000
pop_n50_t20,pop,50,20,watts_strogatz,ces,10,8,3,0.012000
pop_n50_t20,pop,50,20,watts_strogatz,ces,10,8,4,0.012000
pop_n50_t20,pop,50,20,watts_strogatz,ces,10,8,5,0.011000
pop_n50_t20,pop,50,20,watts_strogatz,ces,10,8,6,0.013000
pop_n50_t20,pop,50,20,watts_strogatz,ces,10,8,7,0.011000
pop_n50_t20,pop,50,20,watts_strogatz,ces,10,8,8,0.010000
pop_n50_t20,pop,50,20,watts_strogatz,ces,10,8,9,0.009000
pop_n50_t20,pop,50,20,watts_strogatz,ces,10,8,10,0.009000
pop_n50_t20,pop,50,20,watts_strogatz,ces,10,8,11,0.009000
pop_n50_t20,pop,50,20,watts_strogatz,ces,10,8,12,0.009000
pop_n50_t20,pop,50,20,watts_strogatz,ces,10,8,13,0.008000
pop_n50_t20,pop,50,20,watts_strogatz,ces,10,8,14,0.007000
pop_n50_t20,pop,50,20,watts_strogatz,ces,10,8,15,0.007000
pop_n50_t20,pop,50,20,watts_strogatz,ces,10,8,16,0.007000
pop_n50_t20,pop,50,20,watts_strogatz,ces,10,8,17,0.007000
pop_n50_t20,pop,50,20,watts_strogatz,ces,10,8,18,0.007000
pop_n50_t20,pop,50,20,watts_strogatz,ces,10,8,19,0.010000
pop_n50_t20,pop,50,20,watts_strogatz,ces,10,8,20,0.007000
pop_n50_t20,pop,50,20,watts_strogatz,ces,10,9,1,0.017000
pop_n50_t20,pop,50,20,watts_strogatz,ces,10,9,2,0.014000
pop_n50_t20,pop,50,20,watts_strogatz,ces,10,9,3,0.013000
pop_n50_t20,pop,50,20,watts_strogatz,ces,10,9,4,0.011000
pop_n50_t20,pop,50,20,watts_strogatz,ces,10,9,5,0.011000
pop_n50_t20,pop,50,20,watts_strogatz,ces,10,9,6,0.010000
pop_n50_t20,pop,50,20,watts_strogatz,ces,10,9,7,0.010000
pop_n50_t20,pop,50,20,watts_strogatz,ces,10,9,8,0.010000
pop_n50_t20,pop,50,20,watts_strogatz,ces,10,9,9,0.009000
pop_n50_t20,pop,50,20,watts_strogatz,ces,10,9,10,0.009000
pop_n50_t20,pop,50,20,watts_strogatz,ces,10,9,11,0.008000
pop_n50_t20,pop,50,20,watts_strogatz,ces,10,9,12,0.008000
pop_n50_t20,pop,50,20,watts_strogatz,ces,10,9,13,0.008000
pop_n50_t20,pop,50,20,watts_strogatz,ces,10,9,14,0.012000
pop_n50_t20,pop,50,20,watts_strogatz,ces,10,9,15,0.007000
pop_n50_t20,pop,50,20,watts_strogatz,ces,10,9,16,0.008000
pop_n50_t20,pop,50,20,watts_strogatz,ces,10,9,17,0.061000
pop_n50_t20,pop,50,20,watts_strogatz,ces,10,9,18,0.010000
pop_n50_t20,pop,50,20,watts_strogatz,ces,10,9,19,0.007000
pop_n50_t20,pop,50,20,watts_strogatz,ces,10,9,20,0.008000
pop_n50_t50,pop,50,50,watts_strogatz,ces,10,2,1,0.019000
pop_n50_t50,pop,50,50,watts_strogatz,ces,10,2,2,0.018000
pop_n50_t50,pop,50,50,watts_strogatz,ces,10,2,3,0.013000
pop_n50_t50,pop,50,50,watts_strogatz,ces,10,2,4,0.012000
pop_n50_t50,pop,50,50,watts_strogatz,ces,10,2,5,0.013000
pop_n50_t50,pop,50,50,watts_strogatz,ces,10,2,6,0.013000
pop_n50_t50,pop,50,50,watts_strogatz,ces,10,2,7,0.011000
pop_n50_t50,pop,50,50,watts_strogatz,ces,10,2,8,0.010000
pop_n50_t50,pop,50,50,watts_strogatz,ces,10,2,9,0.010000
pop_n50_t50,pop,50,50,watts_strogatz,ces,10,2,10,0.010000
pop_n50_t50,pop,50,50,watts_strogatz,ces,10,2,11,0.010000
pop_n50_t50,pop,50,50,watts_strogatz,ces,10,2,12,0.014000
pop_n50_t50,pop,50,50,watts_strogatz,ces,10,2,13,0.010000
pop_n50_t50,pop,50,50,watts_strogatz,ces,10,2,14,0.009000
pop_n50_t50,pop,50,50,watts_strogatz,ces,10,2,15,0.010000
pop_n50_t50,pop,50,50,watts_strogatz,ces,10,2,16,0.009000
pop_n50_t50,pop,50,50,watts_strogatz,ces,10,2,17,0.010000
pop_n50_t50,pop,50,50,watts_strogatz,ces,10,2,18,0.008000
pop_n50_t50,pop,50,50,watts_strogatz,ces,10,2,19,0.008000
pop_n50_t50,pop,50,50,watts_strogatz,ces,10,2,20,0.007000
pop_n50_t50,pop,50,50,watts_strogatz,ces,10,2,21,0.006000
pop_n50_t50,pop,50,50,watts_strogatz,ces,10,2,22,0.007000
pop_n50_t50,pop,50,50,watts_strogatz,ces,10,2,23,0.006000
pop_n50_t50,pop,50,50,watts_strogatz,ces,10,2,24,0.006000
pop_n50_t50,pop,50,50,watts_strogatz,ces,10,2,25,0.006000
pop_n50_t50,pop,50,50,watts_strogatz,ces,10,2,26,0.010000
pop_n50_t50,pop,50,50,watts_strogatz,ces,10,2,27,0.006000
pop_n50_t50,pop,50,50,watts_strogatz,ces,10,2,28,0.007000
pop_n50_t50,pop,50,50,watts_strogatz,ces,10,2,29,0.006000
pop_n50_t50,pop,50,50,watts_strogatz,ces,10,2,30,0.006000
pop_n50_t50,pop,50,50,watts_strogatz,ces,10,2,31,0.007000
pop_n50_t50,pop,50,50,watts_strogatz,ces,10,2,32,0.058000
pop_n50_t50,pop,50,50,watts_strogatz,ces,10,2,33,0.008000
pop_n50_t50,pop,50,50,watts_strogatz,ces,10,2,34,0.059000
pop_n50_t50,pop,50,50,watts_strogatz,ces,10,2,35,0.007000
pop_n50_t50,pop,50,50,watts_strogatz,ces,10,2,36,0.005000
pop_n50_t50,pop,50,50,watts_strogatz,ces,10,2,37,0.005000
pop_n50_t50,pop,50,50,watts_strogatz,ces,10,2,38,0.006000
pop_n50_t50,pop,50,50,watts_strogatz,ces,10,2,39,0.004000
pop_n50_t50,pop,50,50,watts_strogatz,ces,10,2,40,0.004000
pop_n50_t50,pop,50,50,watts_strogatz,ces,10,2,41,0.004000
pop_n50_t50,pop,50,50,watts_strogatz,ces,10,2,42,0.004000
pop_n50_t50,pop,50,50,watts_strogatz,ces,10,2,43,0.004000
pop_n50_t50,pop,50,50,watts_strogatz,ces,10,2,44,0.004000
pop_n50_t50,pop,50,50,watts_strogatz,ces,10,2,45,0.004000
pop_n50_t50,pop,50,50,watts_strogatz,ces,10,2,46,0.004000
pop_n50_t50,pop,50,50,watts_strogatz,ces,10,2,47,0.004000
pop_n50_t50,pop,50,50,watts_strogatz,ces,10,2,48,0.004000
pop_n50_t50,pop,50,50,watts_strogatz,ces,10,2,49,0.004000
pop_n50_t50,pop,50,50,watts_strogatz,ces,10,2,50,0.004000
pop_n50_t50,pop,50,50,watts_strogatz,ces,10,3,1,0.018000
pop_n50_t50,pop,50,50,watts_strogatz,ces,10,3,2,0.018000
pop_n50_t50,pop,50,50,watts_strogatz,ces,10,3,3,0.012000
pop_n50_t50,pop,50,50,watts_strogatz,ces,10,3,4,0.012000
pop_n50_t50,pop,50,50,watts_strogatz,ces,10,3,5,0.011000
pop_n50_t50,pop,50,50,watts_strogatz,ces,10,3,6,0.011000
pop_n50_t50,pop,50,50,watts_strogatz,ces,10,3,7,0.010000
pop_n50_t50,pop,50,50,watts_strogatz,ces,10,3,8,0.010000
pop_n50_t50,pop,50,50,watts_strogatz,ces,10,3,9,0.009000
pop_n50_t50,pop,50,50,watts_strogatz,ces,10,3,10,0.010000
pop_n50_t50,pop,50,50,watts_strogatz,ces,10,3,11,0.010000
pop_n50_t50,pop,50,50,watts_strogatz,ces,10,3,12,0.008000
pop_n50_t50,pop,50,50,watts_strogatz,ces,10,3,13,0.009000
pop_n50_t50,pop,50,50,watts_strogatz,ces,10,3,14,0.012000
pop_n50_t50,pop,50,50,watts_strogatz,ces,10,3,15,0.009000
pop_n50_t50,pop,50,50,watts_strogatz,ces,10,3,16,0.007000
pop_n50_t50,pop,50,50,watts_strogatz,ces,10,3,17,0.008000
pop_n50_t50,pop,50,50,watts_strogatz,ces,10,3,18,0.007000
pop_n50_t50,pop,50,50,watts_strogatz,ces,10,3,19,0.007000
pop_n50_t50,pop,50,50,watts_strogatz,ces,10,3,20,0.007000
pop_n50_t50,pop,50,50,watts_strogatz,ces,10,3,21,0.006000
pop_n50_t50,pop,50,50,watts_strogatz,ces,10,3,22,0.006000
pop_n50_t50,pop,50,50,watts_strogatz,ces,10,3,23,0.006000
pop_n50_t50,pop,50,50,watts_strogatz,ces,10,3,24,0.007000
pop_n50_t50,pop,50,50,watts_strogatz,ces,10,3,25,0.006000
pop_n50_t50,pop,50,50,watts_strogatz,ces,10,3,26,0.006000
pop_n50_t50,pop,50,50,watts_strogatz,ces,10,3,27,0.006000
pop_n50_t50,pop,50,50,watts_strogatz,ces,10,3,28,0.005000
pop_n50_t50,pop,50,50,watts_strogatz,ces,10,3,29,0.006000
pop_n50_t50,pop,50,50,watts_strogatz,ces,10,3,30,0.007000
pop_n50_t50,pop,50,50,watts_strogatz,ces,10,3,31,0.005000
pop_n50_t50,pop,50,50,watts_strogatz,ces,10,3,32,0.006000
pop_n50_t50,pop,50,50,watts_strogatz,ces,10,3,33,0.006000
pop_n50_t50,pop,50,50,watts_strogatz,ces,10,3,34,0.006000
pop_n50_t50,pop,50,50,watts_strogatz,ces,10,3,35,0.005000
pop_n50_t50,pop,50,50,watts_strogatz,ces,10,3,36,0.010000
pop_n50_t50,pop,50,50,watts_strogatz,ces,10,3,37,0.005000
pop_n50_t50,pop,50,50,watts_strogatz,ces,10,3,38,0.005000
pop_n50_t50,pop,50,50,watts_strogatz,ces,10,3,39,0.006000
pop_n50_t50,pop,50,50,watts_strogatz,ces,10,3,40,0.004000
pop_n50_t50,pop,50,50,watts_strogatz,ces,10,3,41,0.004000
pop_n50_t50,pop,50,50,watts_strogatz,ces,10,3,42,0.005000
pop_n50_t50,pop,50,50,watts_strogatz,ces,10,3,43,0.004000
pop_n50_t50,pop,50,50,watts_strogatz,ces,10,3,44,0.004000
pop_n50_t50,pop,50,50,watts_strogatz,ces,10,3,45,0.004000
pop_n50_t50,pop,50,50,watts_strogatz,ces,10,3,46,0.004000
pop_n50_t50,pop,50,50,watts_strogatz,ces,10,3,47,0.004000
pop_n50_t50,pop,50,50,watts_strogatz,ces,10,3,48,0.003000
pop_n50_t50,pop,50,50,watts_strogatz,ces,10,3,49,0.004000
pop_n50_t50,pop,50,50,watts_strogatz,ces,10,3,50,0.004000
pop_n50_t50,pop,50,50,watts_strogatz,ces,10,4,1,0.017000
pop_n50_t50,pop,50,50,watts_strogatz,ces,10,4,2,0.015000
pop_n50_t50,pop,50,50,watts_strogatz,ces,10,4,3,0.014000
pop_n50_t50,pop,50,50,watts_strogatz,ces,10,4,4,0.012000
pop_n50_t50,pop,50,50,watts_strogatz,ces,10,4,5,0.011000
pop_n50_t50,pop,50,50,watts_strogatz,ces,10,4,6,0.017000
pop_n50_t50,pop,50,50,watts_strogatz,ces,10,4,7,0.011000
pop_n50_t50,pop,50,50,watts_strogatz,ces,10,4,8,0.013000
pop_n50_t50,pop,50,50,watts_strogatz,ces,10,4,9,0.011000
pop_n50_t50,pop,50,50,watts_strogatz,ces,10,4,10,0.011000
pop_n50_t50,pop,50,50,watts_strogatz,ces,10,4,11,0.009000
pop_n50_t50,pop,50,50,watts_strogatz,ces,10,4,12,0.009000
pop_n50_t50,pop,50,50,watts_strogatz,ces,10,4,13,0.008000
pop_n50_t50,pop,50,50,watts_strogatz,ces,10,4,14,0.007000
pop_n50_t50,pop,50,50,watts_strogatz,ces,10,4,15,0.008000
pop_n50_t50,pop,50,50,watts_strogatz,ces,10,4,16,0.007000
pop_n50_t50,pop,50,50,watts_strogatz,ces,10,4,17,0.007000
pop_n50_t50,pop,50,50,watts_strogatz,ces,10,4,18,0.007000
pop_n50_t50,pop,50,50,watts_strogatz,ces,10,4,19,0.007000
pop_n50_t50,pop,50,50,watts_strogatz,ces,10,4,20,0.008000
pop_n50_t50,pop,50,50,watts_strogatz,ces,10,4,21,0.006000
pop_n50_t50,pop,50,50,watts_strogatz,ces,10,4,22,0.006000
pop_n50_t50,pop,50,50,watts_strogatz,ces,10,4,23,0.006000
pop_n50_t50,pop,50,50,watts_strogatz,ces,10,4,24,0.006000
pop_n50_t50,pop,50,50,watts_strogatz,ces,10,4,25,0.006000
pop_n50_t50,pop,50,50,watts_strogatz,ces,10,4,26,0.005000
pop_n50_t50,pop,50,50,watts_strogatz,ces,10,4,27,0.010000
pop_n50_t50,pop,50,50,watts_strogatz,ces,10,4,28,0.005000
pop_n50_t50,pop,50,50,watts_strogatz,ces,10,4,29,0.005000
pop_n50_t50,pop,50,50,watts_strogatz,ces,10,4,30,0.005000
pop_n50_t50,pop,50,50,watts_strogatz,ces,10,4,31,0.006000
pop_n50_t50,pop,50,50,watts_strogatz,ces,10,4,32,0.005000
pop_n50_t50,pop,50,50,watts_strogatz,ces,10,4,33,0.005000
pop_n50_t50,pop,50,50,watts_strogatz,ces,10,4,34,0.005000
pop_n50_t50,pop,50,50,watts_strogatz,ces,10,4,35,0.005000
pop_n50_t50,pop,50,50,watts_strogatz,ces,10,4,36,0.006000
pop_n50_t50,pop,50,50,watts_strogatz,ces,10,4,37,0.005000
pop_n50_t50,pop,50,50,watts_strogatz,ces,10,4,38,0.004000
pop_n50_t50,pop,50,50,watts_strogatz,ces,10,4,39,0.004000
pop_n50_t50,pop,50,50,watts_strogatz,ces,10,4,40,0.005000
pop_n50_t50,pop,50,50,watts_strogatz,ces,10,4,41,0.004000
pop_n50_t50,pop,50,50,watts_strogatz,ces,10,4,42,0.004000
pop_n50_t50,pop,50,50,watts_strogatz,ces,10,4,43,0.005000
pop_n50_t50,pop,50,50,watts_strogatz,ces,10,4,44,0.003000
pop_n50_t50,pop,50,50,watts_strogatz,ces,10,4,45,0.005000
pop_n50_t50,pop,50,50,watts_strogatz,ces,10,4,46,0.004000
pop_n50_t50,pop,50,50,watts_strogatz,ces,10,4,47,0.003000
pop_n50_t50,pop,50,50,watts_strogatz,ces,10,4,48,0.004000
pop_n50_t50,pop,50,50,watts_strogatz,ces,10,4,49,0.004000
pop_n50_t50,pop,50,50,watts_strogatz,ces,10,4,50,0.003000
pop_n50_t50,pop,50,50,watts_strogatz,ces,10,5,1,0.018000
pop_n50_t50,pop,50,50,watts_strogatz,ces,10,5,2,0.013000
pop_n50_t50,pop,50,50,watts_strogatz,ces,10,5,3,0.013000
pop_n50_t50,pop,50,50,watts_strogatz,ces,10,5,4,0.016000
pop_n50_t50,pop,50,50,watts_strogatz,ces,10,5,5,0.011000
pop_n50_t50,pop,50,50,watts_strogatz,ces,10,5,6,0.011000
pop_n50_t50,pop,50,50,watts_strogatz,ces,10,5,7,0.010000
pop_n50_t50,pop,50,50,watts_strogatz,ces,10,5,8,0.009000
pop_n50_t50,pop,50,50,watts_strogatz,ces,10,5,9,0.009000
pop_n50_t50,pop,50,50,watts_strogatz,ces,10,5,10,0.008000
pop_n50_t50,pop,50,50,watts_strogatz,ces,10,5,11,0.008000
pop_n50_t50,pop,50,50,watts_strogatz,ces,10,5,12,0.008000
pop_n50_t50,pop,50,50,watts_strogatz,ces,10,5,13,0.008000
pop_n50_t50,pop,50,50,watts_strogatz,ces,10,5,14,0.008000
pop_n50_t50,pop,50,50,watts_strogatz,ces,10,5,15,0.007000
pop_n50_t50,pop,50,50,watts_strogatz,ces,10,5,16,0.007000
pop_n50_t50,pop,50,50,watts_strogatz,ces,10,5,17,0.007000
pop_n50_t50,pop,50,50,watts_strogatz,ces,10,5,18,0.007000
pop_n50_t50,pop,50,50,watts_strogatz,ces,10,5,19,0.006000
pop_n50_t50,pop,50,50,watts_strogatz,ces,10,5,20,0.007000
pop_n50_t50,pop,50,50,watts_strogatz,ces,10,5,21,0.006000
pop_n50_t50,pop,50,50,watts_strogatz,ces,10,5,22,0.006000
pop_n50_t50,pop,50,50,watts_strogatz,ces,10,5,23,0.006000
pop_n50_t50,pop,50,50,watts_strogatz,ces,10,5,24,0.009000
pop_n50_t50,pop,50,50,watts_strogatz,ces,10,5,25,0.006000
pop_n50_t50,pop,50,50,watts_strogatz,ces,10,5,26,0.006000
pop_n50_t50,pop,50,50,watts_strogatz,ces,10,5,27,0.005000
pop_n50_t50,pop,50,50,watts_strogatz,ces,10,5,28,0.006000
pop_n50_t50,pop,50,50,watts_strogatz,ces,10,5,29,0.005000
pop_n50_t50,pop,50,50,watts_strogatz,ces,10,5,30,0.005000
pop_n50_t50,pop,50,50,watts_strogatz,ces,10,5,31,0.005000
pop_n50_t50,pop,50,50,watts_strogatz,ces,10,5,32,0.005000
pop_n50_t50,pop,50,50,watts_strogatz,ces,10,5,33,0.005000
pop_n50_t50,pop,50,50,watts_strogatz,ces,10,5,34,0.005000
pop_n50_t50,pop,50,50,watts_strogatz,ces,10,5,35,0.005000
pop_n50_t50,pop,50,50,watts_strogatz,ces,10,5,36,0.004000
pop_n50_t50,pop,50,50,watts_strogatz,ces,10,5,37,0.005000
pop_n50_t50,pop,50,50,watts_strogatz,ces,10,5,38,0.004000
pop_n50_t50,pop,50,50,watts_strogatz,ces,10,5,39,0.005000
pop_n50_t50,pop,50,50,watts_strogatz,ces,10,5,40,0.004000
pop_n50_t50,pop,50,50,watts_strogatz,ces,10,5,41,0.004000
pop_n50_t50,pop,50,50,watts_strogatz,ces,10,5,42,0.004000
pop_n50_t50,pop,50,50,watts_strogatz,ces,10,5,43,0.005000
pop_n50_t50,pop,50,50,watts_strogatz,ces,10,5,44,0.004000
pop_n50_t50,pop,50,50,watts_strogatz,ces,10,5,45,0.004000
pop_n50_t50,pop,50,50,watts_strogatz,ces,10,5,46,0.003000
pop_n50_t50,pop,50,50,watts_strogatz,ces,10,5,47,0.004000
pop_n50_t50,pop,50,50,watts_strogatz,ces,10,5,48,0.004000
pop_n50_t50,pop,50,50,watts_strogatz,ces,10,5,49,0.003000
pop_n50_t50,pop,50,50,watts_strogatz,ces,10,5,50,0.003000
pop_n50_t50,pop,50,50,watts_strogatz,ces,10,6,1,0.018000
pop_n50_t50,pop,50,50,watts_strogatz,ces,10,6,2,0.013000
pop_n50_t50,pop,50,50,watts_strogatz,ces,10,6,3,0.016000
pop_n50_t50,pop,50,50,watts_strogatz,ces,10,6,4,0.014000
pop_n50_t50,pop,50,50,watts_strogatz,ces,10,6,5,0.012000
pop_n50_t50,pop,50,50,watts_strogatz,ces,10,6,6,0.012000
pop_n50_t50,pop,50,50,watts_strogatz,ces,10,6,7,0.011000
pop_n50_t50,pop,50,50,watts_strogatz,ces,10,6,8,0.011000
pop_n50_t50,pop,50,50,watts_strogatz,ces,10,6,9,0.009000
pop_n50_t50,pop,50,50,watts_strogatz,ces,10,6,10,0.009000
pop_n50_t50,pop,50,50,watts_strogatz,ces,10,6,11,0.008000
pop_n50_t50,pop,50,50,watts_strogatz,ces,10,6,12,0.008000
pop_n50_t50,pop,50,50,watts_strogatz,ces,10,6,13,0.008000
pop_n50_t50,pop,50,50,watts_strogatz,ces,10,6,14,0.008000
pop_n50_t50,pop,50,50,watts_strogatz,ces,10,6,15,0.008000
pop_n50_t50,pop,50,50,watts_strogatz,ces,10,6,16,0.007000
pop_n50_t50,pop,50,50,watts_strogatz,ces,10,6,17,0.007000
pop_n50_t50,pop,50,50,watts_strogatz,ces,10,6,18,0.006000
pop_n50_t50,pop,50,50,watts_strogatz,ces,10,6,19,0.007000
pop_n50_t50,pop,50,50,watts_strogatz,ces,10,6,20,0.006000
pop_n50_t50,pop,50,50,watts_strogatz,ces,10,6,21,0.006000
pop_n50_t50,pop,50,50,watts_strogatz,ces,10,6,22,0.006000
pop_n50_t50,pop,50,50,watts_strogatz,ces,10,6,23,0.006000
pop_n50_t50,pop,50,50,watts_strogatz,ces,10,6,24,0.005000
pop_n50_t50,pop,50,50,watts_strogatz,ces,10,6,25,0.006000
pop_n50_t50,pop,50,50,watts_strogatz,ces,10,6,26,0.006000
pop_n50_t50,pop,50,50,watts_strogatz,ces,10,6,27,0.007000
pop_n50_t50,pop,50,50,watts_strogatz,ces,10,6,28,0.006000
pop_n50_t50,pop,50,50,watts_strogatz,ces,10,6,29,0.005000
pop_n50_t50,pop,50,50,watts_strogatz,ces,10,6,30,0.005000
pop_n50_t50,pop,50,50,watts_strogatz,ces,10,6,31,0.005000
pop_n50_t50,pop,50,50,watts_strogatz,ces,10,6,32,0.005000
pop_n50_t50,pop,50,50,watts_strogatz,ces,10,6,33,0.005000
pop_n50_t50,pop,50,50,watts_strogatz,ces,10,6,34,0.006000
pop_n50_t50,pop,50,50,watts_strogatz,ces,10,6,35,0.004000
pop_n50_t50,pop,50,50,watts_strogatz,ces,10,6,36,0.005000
pop_n50_t50,pop,50,50,watts_strogatz,ces,10,6,37,0.004000
pop_n50_t50,pop,50,50,watts_strogatz,ces,10,6,38,0.004000
pop_n50_t50,pop,50,50,watts_strogatz,ces,10,6,39,0.004000
pop_n50_t50,pop,50,50,watts_strogatz,ces,10,6,40,0.004000
pop_n50_t50,pop,50,50,watts_strogatz,ces,10,6,41,0.005000
pop_n50_t50,pop,50,50,watts_strogatz,ces,10,6,42,0.004000
pop_n50_t50,pop,50,50,watts_strogatz,ces,10,6,43,0.003000
pop_n50_t50,pop,50,50,watts_strogatz,ces,10,6,44,0.004000
pop_n50_t50,pop,50,50,watts_strogatz,ces,10,6,45,0.004000
pop_n50_t50,pop,50,50,watts_strogatz,ces,10,6,46,0.004000
pop_n50_t50,pop,50,50,watts_strogatz,ces,10,6,47,0.004000
pop_n50_t50,pop,50,50,watts_strogatz,ces,10,6,48,0.004000
pop_n50_t50,pop,50,50,watts_strogatz,ces,10,6,49,0.003000
pop_n50_t50,pop,50,50,watts_strogatz,ces,10,6,50,0.004000
pop_n50_t50,pop,50,50,watts_strogatz,ces,10,7,1,0.019000
pop_n50_t50,pop,50,50,watts_strogatz,ces,10,7,2,0.013000
pop_n50_t50,pop,50,50,watts_strogatz,ces,10,7,3,0.013000
pop_n50_t50,pop,50,50,watts_strogatz,ces,10,7,4,0.011000
pop_n50_t50,pop,50,50,watts_strogatz,ces,10,7,5,0.011000
pop_n50_t50,pop,50,50,watts_strogatz,ces,10,7,6,0.011000
pop_n50_t50,pop,50,50,watts_strogatz,ces,10,7,7,0.010000
pop_n50_t50,pop,50,50,watts_strogatz,ces,10,7,8,0.010000
pop_n50_t50,pop,50,50,watts_strogatz,ces,10,7,9,0.008000
pop_n50_t50,pop,50,50,watts_strogatz,ces,10,7,10,0.009000
pop_n50_t50,pop,50,50,watts_strogatz,ces,10,7,11,0.008000
pop_n50_t50,pop,50,50,watts_strogatz,ces,10,7,12,0.008000
pop_n50_t50,pop,50,50,watts_strogatz,ces,10,7,13,0.008000
pop_n50_t50,pop,50,50,watts_strogatz,ces,10,7,14,0.007000
pop_n50_t50,pop,50,50,watts_strogatz,ces,10,7,15,0.008000
pop_n50_t50,pop,50,50,watts_strogatz,ces,10,7,16,0.007000
pop_n50_t50,pop,50,50,watts_strogatz,ces,10,7,17,0.006000
pop_n50_t50,pop,50,50,watts_strogatz,ces,10,7,18,0.007000
pop_n50_t50,pop,50,50,watts_strogatz,ces,10,7,19,0.006000
pop_n50_t50,pop,50,50,watts_strogatz,ces,10,7,20,0.007000
pop_n50_t50,pop,50,50,watts_strogatz,ces,10,7,21,0.006000
pop_n50_t50,pop,50,50,watts_strogatz,ces,10,7,22,0.006000
pop_n50_t50,pop,50,50,watts_strogatz,ces,10,7,23,0.006000
pop_n50_t50,pop,50,50,watts_strogatz,ces,10,7,24,0.006000
pop_n50_t50,pop,50,50,watts_strogatz,ces,10,7,25,0.006000
pop_n50_t50,pop,50,50,watts_strogatz,ces,10,7,26,0.005000
pop_n50_t50,pop,50,50,watts_strogatz,ces,10,7,27,0.006000
pop_n50_t50,pop,50,50,watts_strogatz,ces,10,7,28,0.005000
pop_n50_t50,pop,50,50,watts_strogatz,ces,10,7,29,0.005000
pop_n50_t50,pop,50,50,watts_strogatz,ces,10,7,30,0.005000
pop_n50_t50,pop,50,50,watts_strogatz,ces,10,7,31,0.005000
pop_n50_t50,pop,50,50,watts_strogatz,ces,10,7,32,0.005000
pop_n50_t50,pop,50,50,watts_strogatz,ces,10,7,33,0.005000
pop_n50_t50,pop,50,50,watts_strogatz,ces,10,7,34,0.005000
pop_n50_t50,pop,50,50,watts_strogatz,ces,10,7,35,0.005000
pop_n50_t50,pop,50,50,watts_strogatz,ces,10,7,36,0.004000
pop_n50_t50,pop,50,50,watts_strogatz,ces,10,7,37,0.005000
pop_n50_t50,pop,50,50,watts_strogatz,ces,10,7,38,0.006000
pop_n50_t50,pop,50,50,watts_strogatz,ces,10,7,39,0.004000
pop_n50_t50,pop,50,50,watts_strogatz,ces,10,7,40,0.004000
pop_n50_t50,pop,50,50,watts_strogatz,ces,10,7,41,0.004000
pop_n50_t50,pop,50,50,watts_strogatz,ces,10,7,42,0.004000
pop_n50_t50,pop,50,50,watts_strogatz,ces,10,7,43,0.005000
pop_n50_t50,pop,50,50,watts_strogatz,ces,10,7,44,0.003000
pop_n50_t50,pop,50,50,watts_strogatz,ces,10,7,45,0.004000
pop_n50_t50,pop,50,50,watts_strogatz,ces,10,7,46,0.004000
pop_n50_t50,pop,50,50,watts_strogatz,ces,10,7,47,0.004000
pop_n50_t50,pop,50,50,watts_strogatz,ces,10,7,48,0.004000
pop_n50_t50,pop,50,50,watts_strogatz,ces,10,7,49,0.003000
pop_n50_t50,pop,50,50,watts_strogatz,ces,10,7,50,0.004000
pop_n50_t50,pop,50,50,watts_strogatz,ces,10,8,1,0.017000
pop_n50_t50,pop,50,50,watts_strogatz,ces,10,8,2,0.014000
pop_n50_t50,pop,50,50,watts_strogatz,ces,10,8,3,0.012000
pop_n50_t50,pop,50,50,watts_strogatz,ces,10,8,4,0.011000
pop_n50_t50,pop,50,50,watts_strogatz,ces,10,8,5,0.011000
pop_n50_t50,pop,50,50,watts_strogatz,ces,10,8,6,0.010000
pop_n50_t50,pop,50,50,watts_strogatz,ces,10,8,7,0.010000
pop_n50_t50,pop,50,50,watts_strogatz,ces,10,8,8,0.009000
pop_n50_t50,pop,50,50,watts_strogatz,ces,10,8,9,0.009000
pop_n50_t50,pop,50,50,watts_strogatz,ces,10,8,10,0.008000
pop_n50_t50,pop,50,50,watts_strogatz,ces,10,8,11,0.009000
pop_n50_t50,pop,50,50,watts_strogatz,ces,10,8,12,0.008000
pop_n50_t50,pop,50,50,watts_strogatz,ces,10,8,13,0.007000
pop_n50_t50,pop,50,50,watts_strogatz,ces,10,8,14,0.009000
pop_n50_t50,pop,50,50,watts_strogatz,ces,10,8,15,0.007000
pop_n50_t50,pop,50,50,watts_strogatz,ces,10,8,16,0.007000
pop_n50_t50,pop,50,50,watts_strogatz,ces,10,8,17,0.007000
pop_n50_t50,pop,50,50,watts_strogatz,ces,10,8,18,0.007000
pop_n50_t50,pop,50,50,watts_strogatz,ces,10,8,19,0.006000
pop_n50_t50,pop,50,50,watts_strogatz,ces,10,8,20,0.007000
pop_n50_t50,pop,50,50,watts_strogatz,ces,10,8,21,0.006000
pop_n50_t50,pop,50,50,watts_strogatz,ces,10,8,22,0.006000
pop_n50_t50,pop,50,50,watts_strogatz,ces,10,8,23,0.006000
pop_n50_t50,pop,50,50,watts_strogatz,ces,10,8,24,0.006000
pop_n50_t50,pop,50,50,watts_strogatz,ces,10,8,25,0.006000
pop_n50_t50,pop,50,50,watts_strogatz,ces,10,8,26,0.005000
pop_n50_t50,pop,50,50,watts_strogatz,ces,10,8,27,0.006000
pop_n50_t50,pop,50,50,watts_strogatz,ces,10,8,28,0.005000
pop_n50_t50,pop,50,50,watts_strogatz,ces,10,8,29,0.006000
pop_n50_t50,pop,50,50,watts_strogatz,ces,10,8,30,0.005000
pop_n50_t50,pop,50,50,watts_strogatz,ces,10,8,31,0.005000
pop_n50_t50,pop,50,50,watts_strogatz,ces,10,8,32,0.005000
pop_n50_t50,pop,50,50,watts_strogatz,ces,10,8,33,0.004000
pop_n50_t50,pop,50,50,watts_strogatz,ces,10,8,34,0.005000
pop_n50_t50,pop,50,50,watts_strogatz,ces,10,8,35,0.005000
pop_n50_t50,pop,50,50,watts_strogatz,ces,10,8,36,0.005000
pop_n50_t50,pop,50,50,watts_strogatz,ces,10,8,37,0.004000
pop_n50_t50,pop,50,50,watts_strogatz,ces,10,8,38,0.005000
pop_n50_t50,pop,50,50,watts_strogatz,ces,10,8,39,0.004000
pop_n50_t50,pop,50,50,watts_strogatz,ces,10,8,40,0.004000
pop_n50_t50,pop,50,50,watts_strogatz,ces,10,8,41,0.004000
pop_n50_t50,pop,50,50,watts_strogatz,ces,10,8,42,0.005000
pop_n50_t50,pop,50,50,watts_strogatz,ces,10,8,43,0.004000
pop_n50_t50,pop,50,50,watts_strogatz,ces,10,8,44,0.004000
pop_n50_t50,pop,50,50,watts_strogatz,ces,10,8,45,0.004000
pop_n50_t50,pop,50,50,watts_strogatz,ces,10,8,46,0.004000
pop_n50_t50,pop,50,50,watts_strogatz,ces,10,8,47,0.003000
pop_n50_t50,pop,50,50,watts_strogatz,ces,10,8,48,0.004000
pop_n50_t50,pop,50,50,watts_strogatz,ces,10,8,49,0.004000
pop_n50_t50,pop,50,50,watts_strogatz,ces,10,8,50,0.003000
pop_n50_t50,pop,50,50,watts_strogatz,ces,10,9,1,0.018000
pop_n50_t50,pop,50,50,watts_strogatz,ces,10,9,2,0.014000
pop_n50_t50,pop,50,50,watts_strogatz,ces,10,9,3,0.012000
pop_n50_t50,pop,50,50,watts_strogatz,ces,10,9,4,0.012000
pop_n50_t50,pop,50,50,watts_strogatz,ces,10,9,5,0.010000
pop_n50_t50,pop,50,50,watts_strogatz,ces,10,9,6,0.010000
pop_n50_t50,pop,50,50,watts_strogatz,ces,10,9,7,0.010000
pop_n50_t50,pop,50,50,watts_strogatz,ces,10,9,8,0.010000
pop_n50_t50,pop,50,50,watts_strogatz,ces,10,9,9,0.009000
pop_n50_t50,pop,50,50,watts_strogatz,ces,10,9,10,0.008000
pop_n50_t50,pop,50,50,watts_strogatz,ces,10,9,11,0.009000
pop_n50_t50,pop,50,50,watts_strogatz,ces,10,9,12,0.007000
pop_n50_t50,pop,50,50,watts_strogatz,ces,10,9,13,0.008000
pop_n50_t50,pop,50,50,watts_strogatz,ces,10,9,14,0.008000
pop_n50_t50,pop,50,50,watts_strogatz,ces,10,9,15,0.007000
pop_n50_t50,pop,50,50,watts_strogatz,ces,10,9,16,0.007000
pop_n50_t50,pop,50,50,watts_strogatz,ces,10,9,17,0.007000
pop_n50_t50,pop,50,50,watts_strogatz,ces,10,9,18,0.007000
pop_n50_t50,pop,50,50,watts_strogatz,ces,10,9,19,0.007000
pop_n50_t50,pop,50,50,watts_strogatz,ces,10,9,20,0.006000
pop_n50_t50,pop,50,50,watts_strogatz,ces,10,9,21,0.006000
pop_n50_t50,pop,50,50,watts_strogatz,ces,10,9,22,0.007000
pop_n50_t50,pop,50,50,watts_strogatz,ces,10,9,23,0.006000
pop_n50_t50,pop,50,50,watts_strogatz,ces,10,9,24,0.006000
pop_n50_t50,pop,50,50,watts_strogatz,ces,10,9,25,0.006000
pop_n50_t50,pop,50,50,watts_strogatz,ces,10,9,26,0.005000
pop_n50_t50,pop,50,50,watts_strogatz,ces,10,9,27,0.006000
pop_n50_t50,pop,50,50,watts_strogatz,ces,10,9,28,0.005000
pop_n50_t50,pop,50,50,watts_strogatz,ces,10,9,29,0.005000
pop_n50_t50,pop,50,50,watts_strogatz,ces,10,9,30,0.005000
pop_n50_t50,pop,50,50,watts_strogatz,ces,10,9,31,0.005000
pop_n50_t50,pop,50,50,watts_strogatz,ces,10,9,32,0.005000
pop_n50_t50,pop,50,50,watts_strogatz,ces,10,9,33,0.005000
pop_n50_t50,pop,50,50,watts_strogatz,ces,10,9,34,0.057000
pop_n50_t50,pop,50,50,watts_strogatz,ces,10,9,35,0.007000
pop_n50_t50,pop,50,50,watts_strogatz,ces,10,9,36,0.005000
pop_n50_t50,pop,50,50,watts_strogatz,ces,10,9,37,0.004000
pop_n50_t50,pop,50,50,watts_strogatz,ces,10,9,38,0.004000
pop_n50_t50,pop,50,50,watts_strogatz,ces,10,9,39,0.005000
pop_n50_t50,pop,50,50,watts_strogatz,ces,10,9,40,0.004000
pop_n50_t50,pop,50,50,watts_strogatz,ces,10,9,41,0.004000
pop_n50_t50,pop,50,50,watts_strogatz,ces,10,9,42,0.004000
pop_n50_t50,pop,50,50,watts_strogatz,ces,10,9,43,0.004000
pop_n50_t50,pop,50,50,watts_strogatz,ces,10,9,44,0.004000
pop_n50_t50,pop,50,50,watts_strogatz,ces,10,9,45,0.004000
pop_n50_t50,pop,50,50,watts_strogatz,ces,10,9,46,0.004000
pop_n50_t50,pop,50,50,watts_strogatz,ces,10,9,47,0.005000
pop_n50_t50,pop,50,50,watts_strogatz,ces,10,9,48,0.003000
pop_n50_t50,pop,50,50,watts_strogatz,ces,10,9,49,0.004000
pop_n50_t50,pop,50,50,watts_strogatz,ces,10,9,50,0.003000
pop_n100_t1,pop,100,1,watts_strogatz,ces,10,2,1,0.053000
pop_n100_t1,pop,100,1,watts_strogatz,ces,10,3,1,0.050000
pop_n100_t1,pop,100,1,watts_strogatz,ces,10,4,1,0.045000
pop_n100_t1,pop,100,1,watts_strogatz,ces,10,5,1,0.058000
pop_n100_t1,pop,100,1,watts_strogatz,ces,10,6,1,0.051000
pop_n100_t1,pop,100,1,watts_strogatz,ces,10,7,1,0.055000
pop_n100_t1,pop,100,1,watts_strogatz,ces,10,8,1,0.039000
pop_n100_t1,pop,100,1,watts_strogatz,ces,10,9,1,0.038000
pop_n100_t5,pop,100,5,watts_strogatz,ces,10,2,1,0.057000
pop_n100_t5,pop,100,5,watts_strogatz,ces,10,2,2,0.039000
pop_n100_t5,pop,100,5,watts_strogatz,ces,10,2,3,0.030000
pop_n100_t5,pop,100,5,watts_strogatz,ces,10,2,4,0.025000
pop_n100_t5,pop,100,5,watts_strogatz,ces,10,2,5,0.027000
pop_n100_t5,pop,100,5,watts_strogatz,ces,10,3,1,0.041000
pop_n100_t5,pop,100,5,watts_strogatz,ces,10,3,2,0.027000
pop_n100_t5,pop,100,5,watts_strogatz,ces,10,3,3,0.024000
pop_n100_t5,pop,100,5,watts_strogatz,ces,10,3,4,0.029000
pop_n100_t5,pop,100,5,watts_strogatz,ces,10,3,5,0.022000
pop_n100_t5,pop,100,5,watts_strogatz,ces,10,4,1,0.038000
pop_n100_t5,pop,100,5,watts_strogatz,ces,10,4,2,0.036000
pop_n100_t5,pop,100,5,watts_strogatz,ces,10,4,3,0.030000
pop_n100_t5,pop,100,5,watts_strogatz,ces,10,4,4,0.030000
pop_n100_t5,pop,100,5,watts_strogatz,ces,10,4,5,0.025000
pop_n100_t5,pop,100,5,watts_strogatz,ces,10,5,1,0.047000
pop_n100_t5,pop,100,5,watts_strogatz,ces,10,5,2,0.033000
pop_n100_t5,pop,100,5,watts_strogatz,ces,10,5,3,0.029000
pop_n100_t5,pop,100,5,watts_strogatz,ces,10,5,4,0.024000
pop_n100_t5,pop,100,5,watts_strogatz,ces,10,5,5,0.023000
pop_n100_t5,pop,100,5,watts_strogatz,ces,10,6,1,0.043000
pop_n100_t5,pop,100,5,watts_strogatz,ces,10,6,2,0.029000
pop_n100_t5,pop,100,5,watts_strogatz,ces,10,6,3,0.027000
pop_n100_t5,pop,100,5,watts_strogatz,ces,10,6,4,0.025000
pop_n100_t5,pop,100,5,watts_strogatz,ces,10,6,5,0.024000
pop_n100_t5,pop,100,5,watts_strogatz,ces,10,7,1,0.042000
pop_n100_t5,pop,100,5,watts_strogatz,ces,10,7,2,0.027000
pop_n100_t5,pop,100,5,watts_strogatz,ces,10,7,3,0.029000
pop_n100_t5,pop,100,5,watts_strogatz,ces,10,7,4,0.026000
pop_n100_t5,pop,100,5,watts_strogatz,ces,10,7,5,0.022000
pop_n100_t5,pop,100,5,watts_strogatz,ces,10,8,1,0.042000
pop_n100_t5,pop,100,5,watts_strogatz,ces,10,8,2,0.026000
pop_n100_t5,pop,100,5,watts_strogatz,ces,10,8,3,0.025000
pop_n100_t5,pop,100,5,watts_strogatz,ces,10,8,4,0.023000
pop_n100_t5,pop,100,5,watts_strogatz,ces,10,8,5,0.023000
pop_n100_t5,pop,100,5,watts_strogatz,ces,10,9,1,0.044000
pop_n100_t5,pop,100,5,watts_strogatz,ces,10,9,2,0.031000
pop_n100_t5,pop,100,5,watts_strogatz,ces,10,9,3,0.025000
pop_n100_t5,pop,100,5,watts_strogatz,ces,10,9,4,0.023000
pop_n100_t5,pop,100,5,watts_strogatz,ces,10,9,5,0.023000
pop_n100_t20,pop,100,20,watts_strogatz,ces,10,2,1,0.037000
pop_n100_t20,pop,100,20,watts_strogatz,ces,10,2,2,0.027000
pop_n100_t20,pop,100,20,watts_strogatz,ces,10,2,3,0.028000
pop_n100_t20,pop,100,20,watts_strogatz,ces,10,2,4,0.024000
pop_n100_t20,pop,100,20,watts_strogatz,ces,10,2,5,0.022000
pop_n100_t20,pop,100,20,watts_strogatz,ces,10,2,6,0.022000
pop_n100_t20,pop,100,20,watts_strogatz,ces,10,2,7,0.025000
pop_n100_t20,pop,100,20,watts_strogatz,ces,10,2,8,0.023000
pop_n100_t20,pop,100,20,watts_strogatz,ces,10,2,9,0.022000
pop_n100_t20,pop,100,20,watts_strogatz,ces,10,2,10,0.020000
pop_n100_t20,pop,100,20,watts_strogatz,ces,10,2,11,0.018000
pop_n100_t20,pop,100,20,watts_strogatz,ces,10,2,12,0.018000
pop_n100_t20,pop,100,20,watts_strogatz,ces,10,2,13,0.018000
pop_n100_t20,pop,100,20,watts_strogatz,ces,10,2,14,0.023000
pop_n100_t20,pop,100,20,watts_strogatz,ces,10,2,15,0.017000
pop_n100_t20,pop,100,20,watts_strogatz,ces,10,2,16,0.014000
pop_n100_t20,pop,100,20,watts_strogatz,ces,10,2,17,0.015000
pop_n100_t20,pop,100,20,watts_strogatz,ces,10,2,18,0.069000
pop_n100_t20,pop,100,20,watts_strogatz,ces,10,2,19,0.014000
pop_n100_t20,pop,100,20,watts_strogatz,ces,10,2,20,0.013000
pop_n100_t20,pop,100,20,watts_strogatz,ces,10,3,1,0.042000
pop_n100_t20,pop,100,20,watts_strogatz,ces,10,3,2,0.027000
pop_n100_t20,pop,100,20,watts_strogatz,ces,10,3,3,0.026000
pop_n100_t20,pop,100,20,watts_strogatz,ces,10,3,4,0.024000
pop_n100_t20,pop,100,20,watts_strogatz,ces,10,3,5,0.022000
pop_n100_t20,pop,100,20,watts_strogatz,ces,10,3,6,0.022000
pop_n100_t20,pop,100,20,watts_strogatz,ces,10,3,7,0.025000
pop_n100_t20,pop,100,20,watts_strogatz,ces,10,3,8,0.021000
pop_n100_t20,pop,100,20,watts_strogatz,ces,10,3,9,0.020000
pop_n100_t20,pop,100,20,watts_strogatz,ces,10,3,10,0.019000
pop_n100_t20,pop,100,20,watts_strogatz,ces,10,3,11,0.018000
pop_n100_t20,pop,100,20,watts_strogatz,ces,10,3,12,0.017000
pop_n100_t20,pop,100,20,watts_strogatz,ces,10,3,13,0.022000
pop_n100_t20,pop,100,20,watts_strogatz,ces,10,3,14,0.019000
pop_n100_t20,pop,100,20,watts_strogatz,ces,10,3,15,0.018000
pop_n100_t20,pop,100,20,watts_strogatz,ces,10,3,16,0.018000
pop_n100_t20,pop,100,20,watts_strogatz,ces,10,3,17,0.017000
pop_n100_t20,pop,100,20,watts_strogatz,ces,10,3,18,0.015000
pop_n100_t20,pop,100,20,watts_strogatz,ces,10,3,19,0.014000
pop_n100_t20,pop,100,20,watts_strogatz,ces,10,3,20,0.014000
pop_n100_t20,pop,100,20,watts_strogatz,ces,10,4,1,0.037000
pop_n100_t20,pop,100,20,watts_strogatz,ces,10,4,2,0.032000
pop_n100_t20,pop,100,20,watts_strogatz,ces,10,4,3,0.024000
pop_n100_t20,pop,100,20,watts_strogatz,ces,10,4,4,0.024000
pop_n100_t20,pop,100,20,watts_strogatz,ces,10,4,5,0.024000
pop_n100_t20,pop,100,20,watts_strogatz,ces,10,4,6,0.025000
pop_n100_t20,pop,100,20,watts_strogatz,ces,10,4,7,0.026000
pop_n100_t20,pop,100,20,watts_strogatz,ces,10,4,8,0.021000
pop_n100_t20,pop,100,20,watts_strogatz,ces,10,4,9,0.024000
pop_n100_t20,pop,100,20,watts_strogatz,ces,10,4,10,0.019000
pop_n100_t20,pop,100,20,watts_strogatz,ces,10,4,11,0.018000
pop_n100_t20,pop,100,20,watts_strogatz,ces,10,4,12,0.016000
pop_n100_t20,pop,100,20,watts_strogatz,ces,10,4,13,0.017000
pop_n100_t20,pop,100,20,watts_strogatz,ces,10,4,14,0.016000
pop_n100_t20,pop,100,20,watts_strogatz,ces,10,4,15,0.071000
pop_n100_t20,pop,100,20,watts_strogatz,ces,10,4,16,0.014000
pop_n100_t20,pop,100,20,watts_strogatz,ces,10,4,17,0.015000
pop_n100_t20,pop,100,20,watts_strogatz,ces,10,4,18,0.014000
pop_n100_t20,pop,100,20,watts_strogatz,ces,10,4,19,0.071000
pop_n100_t20,pop,100,20,watts_strogatz,ces,10,4,20,0.013000
pop_n100_t20,pop,100,20,watts_strogatz,ces,10,5,1,0.037000
pop_n100_t20,pop,100,20,watts_strogatz,ces,10,5,2,0.027000
pop_n100_t20,pop,100,20,watts_strogatz,ces,10,5,3,0.024000
pop_n100_t20,pop,100,20,watts_strogatz,ces,10,5,4,0.023000
pop_n100_t20,pop,100,20,watts_strogatz,ces,10,5,5,0.022000
pop_n100_t20,pop,100,20,watts_strogatz,ces,10,5,6,0.025000
pop_n100_t20,pop,100,20,watts_strogatz,ces,10,5,7,0.024000
pop_n100_t20,pop,100,20,watts_strogatz,ces,10,5,8,0.023000
pop_n100_t20,pop,100,20,watts_strogatz,ces,10,5,9,0.020000
pop_n100_t20,pop,100,20,watts_strogatz,ces,10,5,10,0.018000
pop_n100_t20,pop,100,20,watts_strogatz,ces,10,5,11,0.018000
pop_n100_t20,pop,100,20,watts_strogatz,ces,10,5,12,0.017000
pop_n100_t20,pop,100,20,watts_strogatz,ces,10,5,13,0.017000
pop_n100_t20,pop,100,20,watts_strogatz,ces,10,5,14,0.016000
pop_n100_t20,pop,100,20,watts_strogatz,ces,10,5,15,0.016000
pop_n100_t20,pop,100,20,watts_strogatz,ces,10,5,16,0.015000
pop_n100_t20,pop,100,20,watts_strogatz,ces,10,5,17,0.018000
pop_n100_t20,pop,100,20,watts_strogatz,ces,10,5,18,0.014000
pop_n100_t20,pop,100,20,watts_strogatz,ces,10,5,19,0.014000
pop_n100_t20,pop,100,20,watts_strogatz,ces,10,5,20,0.013000
pop_n100_t20,pop,100,20,watts_strogatz,ces,10,6,1,0.037000
pop_n100_t20,pop,100,20,watts_strogatz,ces,10,6,2,0.027000
pop_n100_t20,pop,100,20,watts_strogatz,ces,10,6,3,0.025000
pop_n100_t20,pop,100,20,watts_strogatz,ces,10,6,4,0.024000
pop_n100_t20,pop,100,20,watts_strogatz,ces,10,6,5,0.022000
pop_n100_t20,pop,100,20,watts_strogatz,ces,10,6,6,0.023000
pop_n100_t20,pop,100,20,watts_strogatz,ces,10,6,7,0.021000
pop_n100_t20,pop,100,20,watts_strogatz,ces,10,6,8,0.020000
pop_n100_t20,pop,100,20,watts_strogatz,ces,10,6,9,0.018000
pop_n100_t20,pop,100,20,watts_strogatz,ces,10,6,10,0.019000
pop_n100_t20,pop,100,20,watts_strogatz,ces,10,6,11,0.017000
pop_n100_t20,pop,100,20,watts_strogatz,ces,10,6,12,0.018000
pop_n100_t20,pop,100,20,watts_strogatz,ces,10,6,13,0.016000
pop_n100_t20,pop,100,20,watts_strogatz,ces,10,6,14,0.017000
pop_n100_t20,pop,100,20,watts_strogatz,ces,10,6,15,0.015000
pop_n100_t20,pop,100,20,watts_strogatz,ces,10,6,16,0.015000
pop_n100_t20,pop,100,20,watts_strogatz,ces,10,6,17,0.016000
pop_n100_t20,pop,100,20,watts_strogatz,ces,10,6,18,0.015000
pop_n100_t20,pop,100,20,watts_strogatz,ces,10,6,19,0.014000
pop_n100_t20,pop,100,20,watts_strogatz,ces,10,6,20,0.013000
pop_n100_t20,pop,100,20,watts_strogatz,ces,10,7,1,0.037000
pop_n100_t20,pop,100,20,watts_strogatz,ces,10,7,2,0.027000
pop_n100_t20,pop,100,20,watts_strogatz,ces,10,7,3,0.024000
pop_n100_t20,pop,100,20,watts_strogatz,ces,10,7,4,0.024000
pop_n100_t20,pop,100,20,watts_strogatz,ces,10,7,5,0.022000
pop_n100_t20,pop,100,20,watts_strogatz,ces,10,7,6,0.022000
pop_n100_t20,pop,100,20,watts_strogatz,ces,10,7,7,0.021000
pop_n100_t20,pop,100,20,watts_strogatz,ces,10,7,8,0.020000
pop_n100_t20,pop,100,20,watts_strogatz,ces,10,7,9,0.019000
pop_n100_t20,pop,100,20,watts_strogatz,ces,10,7,10,0.018000
pop_n100_t20,pop,100,20,watts_strogatz,ces,10,7,11,0.018000
pop_n100_t20,pop,100,20,watts_strogatz,ces,10,7,12,0.017000
pop_n100_t20,pop,100,20,watts_strogatz,ces,10,7,13,0.017000
pop_n100_t20,pop,100,20,watts_strogatz,ces,10,7,14,0.016000
pop_n100_t20,pop,100,20,watts_strogatz,ces,10,7,15,0.015000
pop_n100_t20,pop,100,20,watts_strogatz,ces,10,7,16,0.014000
pop_n100_t20,pop,100,20,watts_strogatz,ces,10,7,17,0.016000
pop_n100_t20,pop,100,20,watts_strogatz,ces,10,7,18,0.015000
pop_n100_t20,pop,100,20,watts_strogatz,ces,10,7,19,0.014000
pop_n100_t20,pop,100,20,watts_strogatz,ces,10,7,20,0.014000
pop_n100_t20,pop,100,20,watts_strogatz,ces,10,8,1,0.038000
pop_n100_t20,pop,100,20,watts_strogatz,ces,10,8,2,0.026000
pop_n100_t20,pop,100,20,watts_strogatz,ces,10,8,3,0.023000
pop_n100_t20,pop,100,20,watts_strogatz,ces,10,8,4,0.023000
pop_n100_t20,pop,100,20,watts_strogatz,ces,10,8,5,0.022000
pop_n100_t20,pop,100,20,watts_strogatz,ces,10,8,6,0.022000
pop_n100_t20,pop,100,20,watts_strogatz,ces,10,8,7,0.020000
pop_n100_t20,pop,100,20,watts_strogatz,ces,10,8,8,0.020000
pop_n100_t20,pop,100,20,watts_strogatz,ces,10,8,9,0.019000
pop_n100_t20,pop,100,20,watts_strogatz,ces,10,8,10,0.018000
pop_n100_t20,pop,100,20,watts_strogatz,ces,10,8,11,0.018000
pop_n100_t20,pop,100,20,watts_strogatz,ces,10,8,12,0.018000
pop_n100_t20,pop,100,20,watts_strogatz,ces,10,8,13,0.016000
pop_n100_t20,pop,100,20,watts_strogatz,ces,10,8,14,0.016000
pop_n100_t20,pop,100,20,watts_strogatz,ces,10,8,15,0.015000
pop_n100_t20,pop,100,20,watts_strogatz,ces,10,8,16,0.016000
pop_n100_t20,pop,100,20,watts_strogatz,ces,10,8,17,0.016000
pop_n100_t20,pop,100,20,watts_strogatz,ces,10,8,18,0.014000
pop_n100_t20,pop,100,20,watts_strogatz,ces,10,8,19,0.014000
pop_n100_t20,pop,100,20,watts_strogatz,ces,10,8,20,0.014000
pop_n100_t20,pop,100,20,watts_strogatz,ces,10,9,1,0.037000
pop_n100_t20,pop,100,20,watts_strogatz,ces,10,9,2,0.027000
pop_n100_t20,pop,100,20,watts_strogatz,ces,10,9,3,0.024000
pop_n100_t20,pop,100,20,watts_strogatz,ces,10,9,4,0.023000
pop_n100_t20,pop,100,20,watts_strogatz,ces,10,9,5,0.023000
pop_n100_t20,pop,100,20,watts_strogatz,ces,10,9,6,0.022000
pop_n100_t20,pop,100,20,watts_strogatz,ces,10,9,7,0.021000
pop_n100_t20,pop,100,20,watts_strogatz,ces,10,9,8,0.019000
pop_n100_t20,pop,100,20,watts_strogatz,ces,10,9,9,0.019000
pop_n100_t20,pop,100,20,watts_strogatz,ces,10,9,10,0.019000
pop_n100_t20,pop,100,20,watts_strogatz,ces,10,9,11,0.017000
pop_n100_t20,pop,100,20,watts_strogatz,ces,10,9,12,0.017000
pop_n100_t20,pop,100,20,watts_strogatz,ces,10,9,13,0.017000
pop_n100_t20,pop,100,20,watts_strogatz,ces,10,9,14,0.016000
pop_n100_t20,pop,100,20,watts_strogatz,ces,10,9,15,0.016000
pop_n100_t20,pop,100,20,watts_strogatz,ces,10,9,16,0.015000
pop_n100_t20,pop,100,20,watts_strogatz,ces,10,9,17,0.015000
pop_n100_t20,pop,100,20,watts_strogatz,ces,10,9,18,0.015000
pop_n100_t20,pop,100,20,watts_strogatz,ces,10,9,19,0.013000
pop_n100_t20,pop,100,20,watts_strogatz,ces,10,9,20,0.014000
pop_n100_t50,pop,100,50,watts_strogatz,ces,10,2,1,0.042000
pop_n100_t50,pop,100,50,watts_strogatz,ces,10,2,2,0.028000
pop_n100_t50,pop,100,50,watts_strogatz,ces,10,2,3,0.027000
pop_n100_t50,pop,100,50,watts_strogatz,ces,10,2,4,0.027000
pop_n100_t50,pop,100,50,watts_strogatz,ces,10,2,5,0.027000
pop_n100_t50,pop,100,50,watts_strogatz,ces,10,2,6,0.032000
pop_n100_t50,pop,100,50,watts_strogatz,ces,10,2,7,0.025000
pop_n100_t50,pop,100,50,watts_strogatz,ces,10,2,8,0.022000
pop_n100_t50,pop,100,50,watts_strogatz,ces,10,2,9,0.020000
pop_n100_t50,pop,100,50,watts_strogatz,ces,10,2,10,0.019000
pop_n100_t50,pop,100,50,watts_strogatz,ces,10,2,11,0.018000
pop_n100_t50,pop,100,50,watts_strogatz,ces,10,2,12,0.018000
pop_n100_t50,pop,100,50,watts_strogatz,ces,10,2,13,0.023000
pop_n100_t50,pop,100,50,watts_strogatz,ces,10,2,14,0.017000
pop_n100_t50,pop,100,50,watts_strogatz,ces,10,2,15,0.017000
pop_n100_t50,pop,100,50,watts_strogatz,ces,10,2,16,0.018000
pop_n100_t50,pop,100,50,watts_strogatz,ces,10,2,17,0.016000
pop_n100_t50,pop,100,50,watts_strogatz,ces,10,2,18,0.015000
pop_n100_t50,pop,100,50,watts_strogatz,ces,10,2,19,0.014000
pop_n100_t50,pop,100,50,watts_strogatz,ces,10,2,20,0.015000
pop_n100_t50,pop,100,50,watts_strogatz,ces,10,2,21,0.014000
pop_n100_t50,pop,100,50,watts_strogatz,ces,10,2,22,0.018000
pop_n100_t50,pop,100,50,watts_strogatz,ces,10,2,23,0.015000
pop_n100_t50,pop,100,50,watts_strogatz,ces,10,2,24,0.014000
pop_n100_t50,pop,100,50,watts_strogatz,ces,10,2,25,0.015000
pop_n100_t50,pop,100,50,watts_strogatz,ces,10,2,26,0.014000
pop_n100_t50,pop,100,50,watts_strogatz,ces,10,2,27,0.014000
pop_n100_t50,pop,100,50,watts_strogatz,ces,10,2,28,0.013000
pop_n100_t50,pop,100,50,watts_strogatz,ces,10,2,29,0.011000
pop_n100_t50,pop,100,50,watts_strogatz,ces,10,2,30,0.012000
pop_n100_t50,pop,100,50,watts_strogatz,ces,10,2,31,0.011000
pop_n100_t50,pop,100,50,watts_strogatz,ces,10,2,32,0.065000
pop_n100_t50,pop,100,50,watts_strogatz,ces,10,2,33,0.010000
pop_n100_t50,pop,100,50,watts_strogatz,ces,10,2,34,0.010000
pop_n100_t50,pop,100,50,watts_strogatz,ces,10,2,35,0.009000
pop_n100_t50,pop,100,50,watts_strogatz,ces,10,2,36,0.010000
pop_n100_t50,pop,100,50,watts_strogatz,ces,10,2,37,0.009000
pop_n100_t50,pop,100,50,watts_strogatz,ces,10,2,38,0.009000
pop_n100_t50,pop,100,50,watts_strogatz,ces,10,2,39,0.009000
pop_n100_t50,pop,100,50,watts_strogatz,ces,10,2,40,0.013000
pop_n100_t50,pop,100,50,watts_strogatz,ces,10,2,41,0.009000
pop_n100_t50,pop,100,50,watts_strogatz,ces,10,2,42,0.009000
pop_n100_t50,pop,100,50,watts_strogatz,ces,10,2,43,0.008000
pop_n100_t50,pop,100,50,watts_strogatz,ces,10,2,44,0.009000
pop_n100_t50,pop,100,50,watts_strogatz,ces,10,2,45,0.009000
pop_n100_t50,pop,100,50,watts_strogatz,ces,10,2,46,0.008000
pop_n100_t50,pop,100,50,watts_strogatz,ces,10,2,47,0.008000
pop_n100_t50,pop,100,50,watts_strogatz,ces,10,2,48,0.009000
pop_n100_t50,pop,100,50,watts_strogatz,ces,10,2,49,0.007000
pop_n100_t50,pop,100,50,watts_strogatz,ces,10,2,50,0.008000
pop_n100_t50,pop,100,50,watts_strogatz,ces,10,3,1,0.039000
pop_n100_t50,pop,100,50,watts_strogatz,ces,10,3,2,0.028000
pop_n100_t50,pop,100,50,watts_strogatz,ces,10,3,3,0.029000
pop_n100_t50,pop,100,50,watts_strogatz,ces,10,3,4,0.025000
pop_n100_t50,pop,100,50,watts_strogatz,ces,10,3,5,0.023000
pop_n100_t50,pop,100,50,watts_strogatz,ces,10,3,6,0.022000
pop_n100_t50,pop,100,50,watts_strogatz,ces,10,3,7,0.022000
pop_n100_t50,pop,100,50,watts_strogatz,ces,10,3,8,0.020000
pop_n100_t50,pop,100,50,watts_strogatz,ces,10,3,9,0.020000
pop_n100_t50,pop,100,50,watts_strogatz,ces,10,3,10,0.019000
pop_n100_t50,pop,100,50,watts_strogatz,ces,10,3,11,0.018000
pop_n100_t50,pop,100,50,watts_strogatz,ces,10,3,12,0.022000
pop_n100_t50,pop,100,50,watts_strogatz,ces,10,3,13,0.017000
pop_n100_t50,pop,100,50,watts_strogatz,ces,10,3,14,0.017000
pop_n100_t50,pop,100,50,watts_strogatz,ces,10,3,15,0.017000
pop_n100_t50,pop,100,50,watts_strogatz,ces,10,3,16,0.016000
pop_n100_t50,pop,100,50,watts_strogatz,ces,10,3,17,0.015000
pop_n100_t50,pop,100,50,watts_strogatz,ces,10,3,18,0.016000
pop_n100_t50,pop,100,50,watts_strogatz,ces,10,3,19,0.014000
pop_n100_t50,pop,100,50,watts_strogatz,ces,10,3,20,0.014000
pop_n100_t50,pop,100,50,watts_strogatz,ces,10,3,21,0.014000
pop_n100_t50,pop,100,50,watts_strogatz,ces,10,3,22,0.013000
pop_n100_t50,pop,100,50,watts_strogatz,ces,10,3,23,0.013000
pop_n100_t50,pop,100,50,watts_strogatz,ces,10,3,24,0.015000
pop_n100_t50,pop,100,50,watts_strogatz,ces,10,3,25,0.014000
pop_n100_t50,pop,100,50,watts_strogatz,ces,10,3,26,0.014000
pop_n100_t50,pop,100,50,watts_strogatz,ces,10,3,27,0.014000
pop_n100_t50,pop,100,50,watts_strogatz,ces,10,3,28,0.013000
pop_n100_t50,pop,100,50,watts_strogatz,ces,10,3,29,0.013000
pop_n100_t50,pop,100,50,watts_strogatz,ces,10,3,30,0.011000
pop_n100_t50,pop,100,50,watts_strogatz,ces,10,3,31,0.010000
pop_n100_t50,pop,100,50,watts_strogatz,ces,10,3,32,0.011000
pop_n100_t50,pop,100,50,watts_strogatz,ces,10,3,33,0.010000
pop_n100_t50,pop,100,50,watts_strogatz,ces,10,3,34,0.010000
pop_n100_t50,pop,100,50,watts_strogatz,ces,10,3,35,0.010000
pop_n100_t50,pop,100,50,watts_strogatz,ces,10,3,36,0.009000
pop_n100_t50,pop,100,50,watts_strogatz,ces,10,3,37,0.010000
pop_n100_t50,pop,100,50,watts_strogatz,ces,10,3,38,0.009000
pop_n100_t50,pop,100,50,watts_strogatz,ces,10,3,39,0.009000
pop_n100_t50,pop,100,50,watts_strogatz,ces,10,3,40,0.009000
pop_n100_t50,pop,100,50,watts_strogatz,ces,10,3,41,0.009000
pop_n100_t50,pop,100,50,watts_strogatz,ces,10,3,42,0.008000
pop_n100_t50,pop,100,50,watts_strogatz,ces,10,3,43,0.009000
pop_n100_t50,pop,100,50,watts_strogatz,ces,10,3,44,0.008000
pop_n100_t50,pop,100,50,watts_strogatz,ces,10,3,45,0.008000
pop_n100_t50,pop,100,50,watts_strogatz,ces,10,3,46,0.008000
pop_n100_t50,pop,100,50,watts_strogatz,ces,10,3,47,0.011000
pop_n100_t50,pop,100,50,watts_strogatz,ces,10,3,48,0.007000
pop_n100_t50,pop,100,50,watts_strogatz,ces,10,3,49,0.008000
pop_n100_t50,pop,100,50,watts_strogatz,ces,10,3,50,0.008000
pop_n100_t50,pop,100,50,watts_strogatz,ces,10,4,1,0.038000
pop_n100_t50,pop,100,50,watts_strogatz,ces,10,4,2,0.027000
pop_n100_t50,pop,100,50,watts_strogatz,ces,10,4,3,0.024000
pop_n100_t50,pop,100,50,watts_strogatz,ces,10,4,4,0.024000
pop_n100_t50,pop,100,50,watts_strogatz,ces,10,4,5,0.023000
pop_n100_t50,pop,100,50,watts_strogatz,ces,10,4,6,0.021000
pop_n100_t50,pop,100,50,watts_strogatz,ces,10,4,7,0.021000
pop_n100_t50,pop,100,50,watts_strogatz,ces,10,4,8,0.021000
pop_n100_t50,pop,100,50,watts_strogatz,ces,10,4,9,0.020000
pop_n100_t50,pop,100,50,watts_strogatz,ces,10,4,10,0.019000
pop_n100_t50,pop,100,50,watts_strogatz,ces,10,4,11,0.018000
pop_n100_t50,pop,100,50,watts_strogatz,ces,10,4,12,0.017000
pop_n100_t50,pop,100,50,watts_strogatz,ces,10,4,13,0.018000
pop_n100_t50,pop,100,50,watts_strogatz,ces,10,4,14,0.016000
pop_n100_t50,pop,100,50,watts_strogatz,ces,10,4,15,0.016000
pop_n100_t50,pop,100,50,watts_strogatz,ces,10,4,16,0.016000
pop_n100_t50,pop,100,50,watts_strogatz,ces,10,4,17,0.015000
pop_n100_t50,pop,100,50,watts_strogatz,ces,10,4,18,0.015000
pop_n100_t50,pop,100,50,watts_strogatz,ces,10,4,19,0.014000
pop_n100_t50,pop,100,50,watts_strogatz,ces,10,4,20,0.015000
pop_n100_t50,pop,100,50,watts_strogatz,ces,10,4,21,0.013000
pop_n100_t50,pop,100,50,watts_strogatz,ces,10,4,22,0.013000
pop_n100_t50,pop,100,50,watts_strogatz,ces,10,4,23,0.013000
pop_n100_t50,pop,100,50,watts_strogatz,ces,10,4,24,0.013000
pop_n100_t50,pop,100,50,watts_strogatz,ces,10,4,25,0.012000
pop_n100_t50,pop,100,50,watts_strogatz,ces,10,4,26,0.012000
pop_n100_t50,pop,100,50,watts_strogatz,ces,10,4,27,0.011000
pop_n100_t50,pop,100,50,watts_strogatz,ces,10,4,28,0.011000
pop_n100_t50,pop,100,50,watts_strogatz,ces,10,4,29,0.011000
pop_n100_t50,pop,100,50,watts_strogatz,ces,10,4,30,0.011000
pop_n100_t50,pop,100,50,watts_strogatz,ces,10,4,31,0.011000
pop_n100_t50,pop,100,50,watts_strogatz,ces,10,4,32,0.010000
pop_n100_t50,pop,100,50,watts_strogatz,ces,10,4,33,0.011000
pop_n100_t50,pop,100,50,watts_strogatz,ces,10,4,34,0.010000
pop_n100_t50,pop,100,50,watts_strogatz,ces,10,4,35,0.010000
pop_n100_t50,pop,100,50,watts_strogatz,ces,10,4,36,0.010000
pop_n100_t50,pop,100,50,watts_strogatz,ces,10,4,37,0.010000
pop_n100_t50,pop,100,50,watts_strogatz,ces,10,4,38,0.009000
pop_n100_t50,pop,100,50,watts_strogatz,ces,10,4,39,0.010000
pop_n100_t50,pop,100,50,watts_strogatz,ces,10,4,40,0.008000
pop_n100_t50,pop,100,50,watts_strogatz,ces,10,4,41,0.010000
pop_n100_t50,pop,100,50,watts_strogatz,ces,10,4,42,0.008000
pop_n100_t50,pop,100,50,watts_strogatz,ces,10,4,43,0.009000
pop_n100_t50,pop,100,50,watts_strogatz,ces,10,4,44,0.008000
pop_n100_t50,pop,100,50,watts_strogatz,ces,10,4,45,0.008000
pop_n100_t50,pop,100,50,watts_strogatz,ces,10,4,46,0.008000
pop_n100_t50,pop,100,50,watts_strogatz,ces,10,4,47,0.008000
pop_n100_t50,pop,100,50,watts_strogatz,ces,10,4,48,0.008000
pop_n100_t50,pop,100,50,watts_strogatz,ces,10,4,49,0.008000
pop_n100_t50,pop,100,50,watts_strogatz,ces,10,4,50,0.008000
pop_n100_t50,pop,100,50,watts_strogatz,ces,10,5,1,0.037000
pop_n100_t50,pop,100,50,watts_strogatz,ces,10,5,2,0.027000
pop_n100_t50,pop,100,50,watts_strogatz,ces,10,5,3,0.025000
pop_n100_t50,pop,100,50,watts_strogatz,ces,10,5,4,0.023000
pop_n100_t50,pop,100,50,watts_strogatz,ces,10,5,5,0.023000
pop_n100_t50,pop,100,50,watts_strogatz,ces,10,5,6,0.022000
pop_n100_t50,pop,100,50,watts_strogatz,ces,10,5,7,0.023000
pop_n100_t50,pop,100,50,watts_strogatz,ces,10,5,8,0.020000
pop_n100_t50,pop,100,50,watts_strogatz,ces,10,5,9,0.020000
pop_n100_t50,pop,100,50,watts_strogatz,ces,10,5,10,0.018000
pop_n100_t50,pop,100,50,watts_strogatz,ces,10,5,11,0.018000
pop_n100_t50,pop,100,50,watts_strogatz,ces,10,5,12,0.018000
pop_n100_t50,pop,100,50,watts_strogatz,ces,10,5,13,0.017000
pop_n100_t50,pop,100,50,watts_strogatz,ces,10,5,14,0.016000
pop_n100_t50,pop,100,50,watts_strogatz,ces,10,5,15,0.016000
pop_n100_t50,pop,100,50,watts_strogatz,ces,10,5,16,0.016000
pop_n100_t50,pop,100,50,watts_strogatz,ces,10,5,17,0.016000
pop_n100_t50,pop,100,50,watts_strogatz,ces,10,5,18,0.015000
pop_n100_t50,pop,100,50,watts_strogatz,ces,10,5,19,0.014000
pop_n100_t50,pop,100,50,watts_strogatz,ces,10,5,20,0.014000
pop_n100_t50,pop,100,50,watts_strogatz,ces,10,5,21,0.013000
pop_n100_t50,pop,100,50,watts_strogatz,ces,10,5,22,0.013000
pop_n100_t50,pop,100,50,watts_strogatz,ces,10,5,23,0.013000
pop_n100_t50,pop,100,50,watts_strogatz,ces,10,5,24,0.012000
pop_n100_t50,pop,100,50,watts_strogatz,ces,10,5,25,0.013000
pop_n100_t50,pop,100,50,watts_strogatz,ces,10,5,26,0.012000
pop_n100_t50,pop,100,50,watts_strogatz,ces,10,5,27,0.011000
pop_n100_t50,pop,100,50,watts_strogatz,ces,10,5,28,0.012000
pop_n100_t50,pop,100,50,watts_strogatz,ces,10,5,29,0.011000
pop_n100_t50,pop,100,50,watts_strogatz,ces,10,5,30,0.011000
pop_n100_t50,pop,100,50,watts_strogatz,ces,10,5,31,0.011000
pop_n100_t50,pop,100,50,watts_strogatz,ces,10,5,32,0.010000
pop_n100_t50,pop,100,50,watts_strogatz,ces,10,5,33,0.010000
pop_n100_t50,pop,100,50,watts_strogatz,ces,10,5,34,0.010000
pop_n100_t50,pop,100,50,watts_strogatz,ces,10,5,35,0.010000
pop_n100_t50,pop,100,50,watts_strogatz,ces,10,5,36,0.010000
pop_n100_t50,pop,100,50,watts_strogatz,ces,10,5,37,0.009000
pop_n100_t50,pop,100,50,watts_strogatz,ces,10,5,38,0.010000
pop_n100_t50,pop,100,50,watts_strogatz,ces,10,5,39,0.009000
pop_n100_t50,pop,100,50,watts_strogatz,ces,10,5,40,0.009000
pop_n100_t50,pop,100,50,watts_strogatz,ces,10,5,41,0.008000
pop_n100_t50,pop,100,50,watts_strogatz,ces,10,5,42,0.009000
pop_n100_t50,pop,100,50,watts_strogatz,ces,10,5,43,0.008000
pop_n100_t50,pop,100,50,watts_strogatz,ces,10,5,44,0.009000
pop_n100_t50,pop,100,50,watts_strogatz,ces,10,5,45,0.008000
pop_n100_t50,pop,100,50,watts_strogatz,ces,10,5,46,0.008000
pop_n100_t50,pop,100,50,watts_strogatz,ces,10,5,47,0.008000
pop_n100_t50,pop,100,50,watts_strogatz,ces,10,5,48,0.007000
pop_n100_t50,pop,100,50,watts_strogatz,ces,10,5,49,0.008000
pop_n100_t50,pop,100,50,watts_strogatz,ces,10,5,50,0.008000
pop_n100_t50,pop,100,50,watts_strogatz,ces,10,6,1,0.038000
pop_n100_t50,pop,100,50,watts_strogatz,ces,10,6,2,0.027000
pop_n100_t50,pop,100,50,watts_strogatz,ces,10,6,3,0.025000
pop_n100_t50,pop,100,50,watts_strogatz,ces,10,6,4,0.025000
pop_n100_t50,pop,100,50,watts_strogatz,ces,10,6,5,0.022000
pop_n100_t50,pop,100,50,watts_strogatz,ces,10,6,6,0.027000
pop_n100_t50,pop,100,50,watts_strogatz,ces,10,6,7,0.021000
pop_n100_t50,pop,100,50,watts_strogatz,ces,10,6,8,0.020000
pop_n100_t50,pop,100,50,watts_strogatz,ces,10,6,9,0.020000
pop_n100_t50,pop,100,50,watts_strogatz,ces,10,6,10,0.019000
pop_n100_t50,pop,100,50,watts_strogatz,ces,10,6,11,0.019000
pop_n100_t50,pop,100,50,watts_strogatz,ces,10,6,12,0.017000
pop_n100_t50,pop,100,50,watts_strogatz,ces,10,6,13,0.017000
pop_n100_t50,pop,100,50,watts_strogatz,ces,10,6,14,0.018000
pop_n100_t50,pop,100,50,watts_strogatz,ces,10,6,15,0.016000
pop_n100_t50,pop,100,50,watts_strogatz,ces,10,6,16,0.016000
pop_n100_t50,pop,100,50,watts_strogatz,ces,10,6,17,0.015000
pop_n100_t50,pop,100,50,watts_strogatz,ces,10,6,18,0.015000
pop_n100_t50,pop,100,50,watts_strogatz,ces,10,6,19,0.014000
pop_n100_t50,pop,100,50,watts_strogatz,ces,10,6,20,0.014000
pop_n100_t50,pop,100,50,watts_strogatz,ces,10,6,21,0.013000
pop_n100_t50,pop,100,50,watts_strogatz,ces,10,6,22,0.013000
pop_n100_t50,pop,100,50,watts_strogatz,ces,10,6,23,0.013000
pop_n100_t50,pop,100,50,watts_strogatz,ces,10,6,24,0.013000
pop_n100_t50,pop,100,50,watts_strogatz,ces,10,6,25,0.012000
pop_n100_t50,pop,100,50,watts_strogatz,ces,10,6,26,0.012000
pop_n100_t50,pop,100,50,watts_strogatz,ces,10,6,27,0.011000
pop_n100_t50,pop,100,50,watts_strogatz,ces,10,6,28,0.011000
pop_n100_t50,pop,100,50,watts_strogatz,ces,10,6,29,0.012000
pop_n100_t50,pop,100,50,watts_strogatz,ces,10,6,30,0.011000
pop_n100_t50,pop,100,50,watts_strogatz,ces,10,6,31,0.011000
pop_n100_t50,pop,100,50,watts_strogatz,ces,10,6,32,0.010000
pop_n100_t50,pop,100,50,watts_strogatz,ces,10,6,33,0.010000
pop_n100_t50,pop,100,50,watts_strogatz,ces,10,6,34,0.010000
pop_n100_t50,pop,100,50,watts_strogatz,ces,10,6,35,0.010000
pop_n100_t50,pop,100,50,watts_strogatz,ces,10,6,36,0.009000
pop_n100_t50,pop,100,50,watts_strogatz,ces,10,6,37,0.010000
pop_n100_t50,pop,100,50,watts_strogatz,ces,10,6,38,0.009000
pop_n100_t50,pop,100,50,watts_strogatz,ces,10,6,39,0.009000
pop_n100_t50,pop,100,50,watts_strogatz,ces,10,6,40,0.009000
pop_n100_t50,pop,100,50,watts_strogatz,ces,10,6,41,0.008000
pop_n100_t50,pop,100,50,watts_strogatz,ces,10,6,42,0.009000
pop_n100_t50,pop,100,50,watts_strogatz,ces,10,6,43,0.008000
pop_n100_t50,pop,100,50,watts_strogatz,ces,10,6,44,0.009000
pop_n100_t50,pop,100,50,watts_strogatz,ces,10,6,45,0.008000
pop_n100_t50,pop,100,50,watts_strogatz,ces,10,6,46,0.008000
pop_n100_t50,pop,100,50,watts_strogatz,ces,10,6,47,0.008000
pop_n100_t50,pop,100,50,watts_strogatz,ces,10,6,48,0.007000
pop_n100_t50,pop,100,50,watts_strogatz,ces,10,6,49,0.008000
pop_n100_t50,pop,100,50,watts_strogatz,ces,10,6,50,0.007000
pop_n100_t50,pop,100,50,watts_strogatz,ces,10,7,1,0.038000
pop_n100_t50,pop,100,50,watts_strogatz,ces,10,7,2,0.027000
pop_n100_t50,pop,100,50,watts_strogatz,ces,10,7,3,0.025000
pop_n100_t50,pop,100,50,watts_strogatz,ces,10,7,4,0.024000
pop_n100_t50,pop,100,50,watts_strogatz,ces,10,7,5,0.022000
pop_n100_t50,pop,100,50,watts_strogatz,ces,10,7,6,0.022000
pop_n100_t50,pop,100,50,watts_strogatz,ces,10,7,7,0.021000
pop_n100_t50,pop,100,50,watts_strogatz,ces,10,7,8,0.020000
pop_n100_t50,pop,100,50,watts_strogatz,ces,10,7,9,0.020000
pop_n100_t50,pop,100,50,watts_strogatz,ces,10,7,10,0.018000
pop_n100_t50,pop,100,50,watts_strogatz,ces,10,7,11,0.019000
pop_n100_t50,pop,100,50,watts_strogatz,ces,10,7,12,0.018000
pop_n100_t50,pop,100,50,watts_strogatz,ces,10,7,13,0.017000
pop_n100_t50,pop,100,50,watts_strogatz,ces,10,7,14,0.016000
pop_n100_t50,pop,100,50,watts_strogatz,ces,10,7,15,0.016000
pop_n100_t50,pop,100,50,watts_strogatz,ces,10,7,16,0.016000
pop_n100_t50,pop,100,50,watts_strogatz,ces,10,7,17,0.015000
pop_n100_t50,pop,100,50,watts_strogatz,ces,10,7,18,0.014000
pop_n100_t50,pop,100,50,watts_strogatz,ces,10,7,19,0.015000
pop_n100_t50,pop,100,50,watts_strogatz,ces,10,7,20,0.013000
pop_n100_t50,pop,100,50,watts_strogatz,ces,10,7,21,0.014000
pop_n100_t50,pop,100,50,watts_strogatz,ces,10,7,22,0.013000
pop_n100_t50,pop,100,50,watts_strogatz,ces,10,7,23,0.034000
pop_n100_t50,pop,100,50,watts_strogatz,ces,10,7,24,0.013000
pop_n100_t50,pop,100,50,watts_strogatz,ces,10,7,25,0.012000
pop_n100_t50,pop,100,50,watts_strogatz,ces,10,7,26,0.012000
pop_n100_t50,pop,100,50,watts_strogatz,ces,10,7,27,0.013000
pop_n100_t50,pop,100,50,watts_strogatz,ces,10,7,28,0.014000
pop_n100_t50,pop,100,50,watts_strogatz,ces,10,7,29,0.011000
pop_n100_t50,pop,100,50,watts_strogatz,ces,10,7,30,0.011000
pop_n100_t50,pop,100,50,watts_strogatz,ces,10,7,31,0.010000
pop_n100_t50,pop,100,50,watts_strogatz,ces,10,7,32,0.010000
pop_n100_t50,pop,100,50,watts_strogatz,ces,10,7,33,0.010000
pop_n100_t50,pop,100,50,watts_strogatz,ces,10,7,34,0.010000
pop_n100_t50,pop,100,50,watts_strogatz,ces,10,7,35,0.010000
pop_n100_t50,pop,100,50,watts_strogatz,ces,10,7,36,0.009000
pop_n100_t50,pop,100,50,watts_strogatz,ces,10,7,37,0.010000
pop_n100_t50,pop,100,50,watts_strogatz,ces,10,7,38,0.009000
pop_n100_t50,pop,100,50,watts_strogatz,ces,10,7,39,0.009000
pop_n100_t50,pop,100,50,watts_strogatz,ces,10,7,40,0.009000
pop_n100_t50,pop,100,50,watts_strogatz,ces,10,7,41,0.008000
pop_n100_t50,pop,100,50,watts_strogatz,ces,10,7,42,0.009000
pop_n100_t50,pop,100,50,watts_strogatz,ces,10,7,43,0.008000
pop_n100_t50,pop,100,50,watts_strogatz,ces,10,7,44,0.008000
pop_n100_t50,pop,100,50,watts_strogatz,ces,10,7,45,0.008000
pop_n100_t50,pop,100,50,watts_strogatz,ces,10,7,46,0.008000
pop_n100_t50,pop,100,50,watts_strogatz,ces,10,7,47,0.008000
pop_n100_t50,pop,100,50,watts_strogatz,ces,10,7,48,0.007000
pop_n100_t50,pop,100,50,watts_strogatz,ces,10,7,49,0.009000
pop_n100_t50,pop,100,50,watts_strogatz,ces,10,7,50,0.007000
pop_n100_t50,pop,100,50,watts_strogatz,ces,10,8,1,0.039000
pop_n100_t50,pop,100,50,watts_strogatz,ces,10,8,2,0.027000
pop_n100_t50,pop,100,50,watts_strogatz,ces,10,8,3,0.025000
pop_n100_t50,pop,100,50,watts_strogatz,ces,10,8,4,0.024000
pop_n100_t50,pop,100,50,watts_strogatz,ces,10,8,5,0.023000
pop_n100_t50,pop,100,50,watts_strogatz,ces,10,8,6,0.022000
pop_n100_t50,pop,100,50,watts_strogatz,ces,10,8,7,0.021000
pop_n100_t50,pop,100,50,watts_strogatz,ces,10,8,8,0.021000
pop_n100_t50,pop,100,50,watts_strogatz,ces,10,8,9,0.020000
pop_n100_t50,pop,100,50,watts_strogatz,ces,10,8,10,0.019000
pop_n100_t50,pop,100,50,watts_strogatz,ces,10,8,11,0.018000
pop_n100_t50,pop,100,50,watts_strogatz,ces,10,8,12,0.018000
pop_n100_t50,pop,100,50,watts_strogatz,ces,10,8,13,0.016000
pop_n100_t50,pop,100,50,watts_strogatz,ces,10,8,14,0.017000
pop_n100_t50,pop,100,50,watts_strogatz,ces,10,8,15,0.016000
pop_n100_t50,pop,100,50,watts_strogatz,ces,10,8,16,0.016000
pop_n100_t50,pop,100,50,watts_strogatz,ces,10,8,17,0.015000
pop_n100_t50,pop,100,50,watts_strogatz,ces,10,8,18,0.014000
pop_n100_t50,pop,100,50,watts_strogatz,ces,10,8,19,0.014000
pop_n100_t50,pop,100,50,watts_strogatz,ces,10,8,20,0.014000
pop_n100_t50,pop,100,50,watts_strogatz,ces,10,8,21,0.014000
pop_n100_t50,pop,100,50,watts_strogatz,ces,10,8,22,0.014000
pop_n100_t50,pop,100,50,watts_strogatz,ces,10,8,23,0.013000
pop_n100_t50,pop,100,50,watts_strogatz,ces,10,8,24,0.012000
pop_n100_t50,pop,100,50,watts_strogatz,ces,10,8,25,0.012000
pop_n100_t50,pop,100,50,watts_strogatz,ces,10,8,26,0.012000
pop_n100_t50,pop,100,50,watts_strogatz,ces,10,8,27,0.012000
pop_n100_t50,pop,100,50,watts_strogatz,ces,10,8,28,0.011000
pop_n100_t50,pop,100,50,watts_strogatz,ces,10,8,29,0.011000
pop_n100_t50,pop,100,50,watts_strogatz,ces,10,8,30,0.011000
pop_n100_t50,pop,100,50,watts_strogatz,ces,10,8,31,0.010000
pop_n100_t50,pop,100,50,watts_strogatz,ces,10,8,32,0.011000
pop_n100_t50,pop,100,50,watts_strogatz,ces,10,8,33,0.010000
pop_n100_t50,pop,100,50,watts_strogatz,ces,10,8,34,0.010000
pop_n100_t50,pop,100,50,watts_strogatz,ces,10,8,35,0.010000
pop_n100_t50,pop,100,50,watts_strogatz,ces,10,8,36,0.009000
pop_n100_t50,pop,100,50,watts_strogatz,ces,10,8,37,0.010000
pop_n100_t50,pop,100,50,watts_strogatz,ces,10,8,38,0.009000
pop_n100_t50,pop,100,50,watts_strogatz,ces,10,8,39,0.009000
pop_n100_t50,pop,100,50,watts_strogatz,ces,10,8,40,0.009000
pop_n100_t50,pop,100,50,watts_strogatz,ces,10,8,41,0.009000
pop_n100_t50,pop,100,50,watts_strogatz,ces,10,8,42,0.008000
pop_n100_t50,pop,100,50,watts_strogatz,ces,10,8,43,0.009000
pop_n100_t50,pop,100,50,watts_strogatz,ces,10,8,44,0.008000
pop_n100_t50,pop,100,50,watts_strogatz,ces,10,8,45,0.009000
pop_n100_t50,pop,100,50,watts_strogatz,ces,10,8,46,0.008000
pop_n100_t50,pop,100,50,watts_strogatz,ces,10,8,47,0.008000
pop_n100_t50,pop,100,50,watts_strogatz,ces,10,8,48,0.007000
pop_n100_t50,pop,100,50,watts_strogatz,ces,10,8,49,0.008000
pop_n100_t50,pop,100,50,watts_strogatz,ces,10,8,50,0.007000
pop_n100_t50,pop,100,50,watts_strogatz,ces,10,9,1,0.038000
pop_n100_t50,pop,100,50,watts_strogatz,ces,10,9,2,0.027000
pop_n100_t50,pop,100,50,watts_strogatz,ces,10,9,3,0.025000
pop_n100_t50,pop,100,50,watts_strogatz,ces,10,9,4,0.023000
pop_n100_t50,pop,100,50,watts_strogatz,ces,10,9,5,0.023000
pop_n100_t50,pop,100,50,watts_strogatz,ces,10,9,6,0.021000
pop_n100_t50,pop,100,50,watts_strogatz,ces,10,9,7,0.022000
pop_n100_t50,pop,100,50,watts_strogatz,ces,10,9,8,0.020000
pop_n100_t50,pop,100,50,watts_strogatz,ces,10,9,9,0.019000
pop_n100_t50,pop,100,50,watts_strogatz,ces,10,9,10,0.019000
pop_n100_t50,pop,100,50,watts_strogatz,ces,10,9,11,0.018000
pop_n100_t50,pop,100,50,watts_strogatz,ces,10,9,12,0.017000
pop_n100_t50,pop,100,50,watts_strogatz,ces,10,9,13,0.017000
pop_n100_t50,pop,100,50,watts_strogatz,ces,10,9,14,0.017000
pop_n100_t50,pop,100,50,watts_strogatz,ces,10,9,15,0.016000
pop_n100_t50,pop,100,50,watts_strogatz,ces,10,9,16,0.016000
pop_n100_t50,pop,100,50,watts_strogatz,ces,10,9,17,0.014000
pop_n100_t50,pop,100,50,watts_strogatz,ces,10,9,18,0.015000
pop_n100_t50,pop,100,50,watts_strogatz,ces,10,9,19,0.015000
pop_n100_t50,pop,100,50,watts_strogatz,ces,10,9,20,0.014000
pop_n100_t50,pop,100,50,watts_strogatz,ces,10,9,21,0.013000
pop_n100_t50,pop,100,50,watts_strogatz,ces,10,9,22,0.013000
pop_n100_t50,pop,100,50,watts_strogatz,ces,10,9,23,0.013000
pop_n100_t50,pop,100,50,watts_strogatz,ces,10,9,24,0.012000
pop_n100_t50,pop,100,50,watts_strogatz,ces,10,9,25,0.012000
pop_n100_t50,pop,100,50,watts_strogatz,ces,10,9,26,0.012000
pop_n100_t50,pop,100,50,watts_strogatz,ces,10,9,27,0.012000
pop_n100_t50,pop,100,50,watts_strogatz,ces,10,9,28,0.011000
pop_n100_t50,pop,100,50,watts_strogatz,ces,10,9,29,0.011000
pop_n100_t50,pop,100,50,watts_strogatz,ces,10,9,30,0.010000
pop_n100_t50,pop,100,50,watts_strogatz,ces,10,9,31,0.011000
pop_n100_t50,pop,100,50,watts_strogatz,ces,10,9,32,0.065000
pop_n100_t50,pop,100,50,watts_strogatz,ces,10,9,33,0.064000
pop_n100_t50,pop,100,50,watts_strogatz,ces,10,9,34,0.010000
pop_n100_t50,pop,100,50,watts_strogatz,ces,10,9,35,0.009000
pop_n100_t50,pop,100,50,watts_strogatz,ces,10,9,36,0.009000
pop_n100_t50,pop,100,50,watts_strogatz,ces,10,9,37,0.009000
pop_n100_t50,pop,100,50,watts_strogatz,ces,10,9,38,0.009000
pop_n100_t50,pop,100,50,watts_strogatz,ces,10,9,39,0.009000
pop_n100_t50,pop,100,50,watts_strogatz,ces,10,9,40,0.009000
pop_n100_t50,pop,100,50,watts_strogatz,ces,10,9,41,0.008000
pop_n100_t50,pop,100,50,watts_strogatz,ces,10,9,42,0.009000
pop_n100_t50,pop,100,50,watts_strogatz,ces,10,9,43,0.008000
pop_n100_t50,pop,100,50,watts_strogatz,ces,10,9,44,0.008000
pop_n100_t50,pop,100,50,watts_strogatz,ces,10,9,45,0.008000
pop_n100_t50,pop,100,50,watts_strogatz,ces,10,9,46,0.008000
pop_n100_t50,pop,100,50,watts_strogatz,ces,10,9,47,0.007000
pop_n100_t50,pop,100,50,watts_strogatz,ces,10,9,48,0.008000
pop_n100_t50,pop,100,50,watts_strogatz,ces,10,9,49,0.007000
pop_n100_t50,pop,100,50,watts_strogatz,ces,10,9,50,0.007000
pop_n200_t1,pop,200,1,watts_strogatz,ces,10,2,1,0.099000
pop_n200_t1,pop,200,1,watts_strogatz,ces,10,3,1,0.109000
pop_n200_t1,pop,200,1,watts_strogatz,ces,10,4,1,0.100000
pop_n200_t1,pop,200,1,watts_strogatz,ces,10,5,1,0.080000
pop_n200_t1,pop,200,1,watts_strogatz,ces,10,6,1,0.078000
pop_n200_t1,pop,200,1,watts_strogatz,ces,10,7,1,0.084000
pop_n200_t1,pop,200,1,watts_strogatz,ces,10,8,1,0.090000
pop_n200_t1,pop,200,1,watts_strogatz,ces,10,9,1,0.079000
pop_n200_t5,pop,200,5,watts_strogatz,ces,10,2,1,0.086000
pop_n200_t5,pop,200,5,watts_strogatz,ces,10,2,2,0.056000
pop_n200_t5,pop,200,5,watts_strogatz,ces,10,2,3,0.059000
pop_n200_t5,pop,200,5,watts_strogatz,ces,10,2,4,0.059000
pop_n200_t5,pop,200,5,watts_strogatz,ces,10,2,5,0.053000
pop_n200_t5,pop,200,5,watts_strogatz,ces,10,3,1,0.085000
pop_n200_t5,pop,200,5,watts_strogatz,ces,10,3,2,0.052000
pop_n200_t5,pop,200,5,watts_strogatz,ces,10,3,3,0.052000
pop_n200_t5,pop,200,5,watts_strogatz,ces,10,3,4,0.046000
pop_n200_t5,pop,200,5,watts_strogatz,ces,10,3,5,0.044000
pop_n200_t5,pop,200,5,watts_strogatz,ces,10,4,1,0.075000
pop_n200_t5,pop,200,5,watts_strogatz,ces,10,4,2,0.053000
pop_n200_t5,pop,200,5,watts_strogatz,ces,10,4,3,0.052000
pop_n200_t5,pop,200,5,watts_strogatz,ces,10,4,4,0.046000
pop_n200_t5,pop,200,5,watts_strogatz,ces,10,4,5,0.043000
pop_n200_t5,pop,200,5,watts_strogatz,ces,10,5,1,0.088000
pop_n200_t5,pop,200,5,watts_strogatz,ces,10,5,2,0.052000
pop_n200_t5,pop,200,5,watts_strogatz,ces,10,5,3,0.052000
pop_n200_t5,pop,200,5,watts_strogatz,ces,10,5,4,0.044000
pop_n200_t5,pop,200,5,watts_strogatz,ces,10,5,5,0.042000
pop_n200_t5,pop,200,5,watts_strogatz,ces,10,6,1,0.077000
pop_n200_t5,pop,200,5,watts_strogatz,ces,10,6,2,0.052000
pop_n200_t5,pop,200,5,watts_strogatz,ces,10,6,3,0.048000
pop_n200_t5,pop,200,5,watts_strogatz,ces,10,6,4,0.045000
pop_n200_t5,pop,200,5,watts_strogatz,ces,10,6,5,0.046000
pop_n200_t5,pop,200,5,watts_strogatz,ces,10,7,1,0.074000
pop_n200_t5,pop,200,5,watts_strogatz,ces,10,7,2,0.053000
pop_n200_t5,pop,200,5,watts_strogatz,ces,10,7,3,0.056000
pop_n200_t5,pop,200,5,watts_strogatz,ces,10,7,4,0.053000
pop_n200_t5,pop,200,5,watts_strogatz,ces,10,7,5,0.043000
pop_n200_t5,pop,200,5,watts_strogatz,ces,10,8,1,0.075000
pop_n200_t5,pop,200,5,watts_strogatz,ces,10,8,2,0.054000
pop_n200_t5,pop,200,5,watts_strogatz,ces,10,8,3,0.049000
pop_n200_t5,pop,200,5,watts_strogatz,ces,10,8,4,0.045000
pop_n200_t5,pop,200,5,watts_strogatz,ces,10,8,5,0.044000
pop_n200_t5,pop,200,5,watts_strogatz,ces,10,9,1,0.079000
pop_n200_t5,pop,200,5,watts_strogatz,ces,10,9,2,0.051000
pop_n200_t5,pop,200,5,watts_strogatz,ces,10,9,3,0.048000
pop_n200_t5,pop,200,5,watts_strogatz,ces,10,9,4,0.044000
pop_n200_t5,pop,200,5,watts_strogatz,ces,10,9,5,0.043000
pop_n200_t20,pop,200,20,watts_strogatz,ces,10,2,1,0.082000
pop_n200_t20,pop,200,20,watts_strogatz,ces,10,2,2,0.055000
pop_n200_t20,pop,200,20,watts_strogatz,ces,10,2,3,0.051000
pop_n200_t20,pop,200,20,watts_strogatz,ces,10,2,4,0.054000
pop_n200_t20,pop,200,20,watts_strogatz,ces,10,2,5,0.043000
pop_n200_t20,pop,200,20,watts_strogatz,ces,10,2,6,0.042000
pop_n200_t20,pop,200,20,watts_strogatz,ces,10,2,7,0.047000
pop_n200_t20,pop,200,20,watts_strogatz,ces,10,2,8,0.044000
pop_n200_t20,pop,200,20,watts_strogatz,ces,10,2,9,0.042000
pop_n200_t20,pop,200,20,watts_strogatz,ces,10,2,10,0.037000
pop_n200_t20,pop,200,20,watts_strogatz,ces,10,2,11,0.036000
pop_n200_t20,pop,200,20,watts_strogatz,ces,10,2,12,0.038000
pop_n200_t20,pop,200,20,watts_strogatz,ces,10,2,13,0.034000
pop_n200_t20,pop,200,20,watts_strogatz,ces,10,2,14,0.033000
pop_n200_t20,pop,200,20,watts_strogatz,ces,10,2,15,0.031000
pop_n200_t20,pop,200,20,watts_strogatz,ces,10,2,16,0.030000
pop_n200_t20,pop,200,20,watts_strogatz,ces,10,2,17,0.030000
pop_n200_t20,pop,200,20,watts_strogatz,ces,10,2,18,0.034000
pop_n200_t20,pop,200,20,watts_strogatz,ces,10,2,19,0.028000
pop_n200_t20,pop,200,20,watts_strogatz,ces,10,2,20,0.032000
pop_n200_t20,pop,200,20,watts_strogatz,ces,10,3,1,0.076000
pop_n200_t20,pop,200,20,watts_strogatz,ces,10,3,2,0.055000
pop_n200_t20,pop,200,20,watts_strogatz,ces,10,3,3,0.050000
pop_n200_t20,pop,200,20,watts_strogatz,ces,10,3,4,0.045000
pop_n200_t20,pop,200,20,watts_strogatz,ces,10,3,5,0.042000
pop_n200_t20,pop,200,20,watts_strogatz,ces,10,3,6,0.049000
pop_n200_t20,pop,200,20,watts_strogatz,ces,10,3,7,0.045000
pop_n200_t20,pop,200,20,watts_strogatz,ces,10,3,8,0.037000
pop_n200_t20,pop,200,20,watts_strogatz,ces,10,3,9,0.037000
pop_n200_t20,pop,200,20,watts_strogatz,ces,10,3,10,0.035000
pop_n200_t20,pop,200,20,watts_strogatz,ces,10,3,11,0.036000
pop_n200_t20,pop,200,20,watts_strogatz,ces,10,3,12,0.033000
pop_n200_t20,pop,200,20,watts_strogatz,ces,10,3,13,0.031000
pop_n200_t20,pop,200,20,watts_strogatz,ces,10,3,14,0.031000
pop_n200_t20,pop,200,20,watts_strogatz,ces,10,3,15,0.030000
pop_n200_t20,pop,200,20,watts_strogatz,ces,10,3,16,0.029000
pop_n200_t20,pop,200,20,watts_strogatz,ces,10,3,17,0.029000
pop_n200_t20,pop,200,20,watts_strogatz,ces,10,3,18,0.028000
pop_n200_t20,pop,200,20,watts_strogatz,ces,10,3,19,0.028000
pop_n200_t20,pop,200,20,watts_strogatz,ces,10,3,20,0.026000
pop_n200_t20,pop,200,20,watts_strogatz,ces,10,4,1,0.075000
pop_n200_t20,pop,200,20,watts_strogatz,ces,10,4,2,0.052000
pop_n200_t20,pop,200,20,watts_strogatz,ces,10,4,3,0.049000
pop_n200_t20,pop,200,20,watts_strogatz,ces,10,4,4,0.045000
pop_n200_t20,pop,200,20,watts_strogatz,ces,10,4,5,0.044000
pop_n200_t20,pop,200,20,watts_strogatz,ces,10,4,6,0.042000
pop_n200_t20,pop,200,20,watts_strogatz,ces,10,4,7,0.040000
pop_n200_t20,pop,200,20,watts_strogatz,ces,10,4,8,0.039000
pop_n200_t20,pop,200,20,watts_strogatz,ces,10,4,9,0.037000
pop_n200_t20,pop,200,20,watts_strogatz,ces,10,4,10,0.037000
pop_n200_t20,pop,200,20,watts_strogatz,ces,10,4,11,0.087000
pop_n200_t20,pop,200,20,watts_strogatz,ces,10,4,12,0.033000
pop_n200_t20,pop,200,20,watts_strogatz,ces,10,4,13,0.032000
pop_n200_t20,pop,200,20,watts_strogatz,ces,10,4,14,0.032000
pop_n200_t20,pop,200,20,watts_strogatz,ces,10,4,15,0.084000
pop_n200_t20,pop,200,20,watts_strogatz,ces,10,4,16,0.030000
pop_n200_t20,pop,200,20,watts_strogatz,ces,10,4,17,0.029000
pop_n200_t20,pop,200,20,watts_strogatz,ces,10,4,18,0.026000
pop_n200_t20,pop,200,20,watts_strogatz,ces,10,4,19,0.027000
pop_n200_t20,pop,200,20,watts_strogatz,ces,10,4,20,0.025000
pop_n200_t20,pop,200,20,watts_strogatz,ces,10,5,1,0.074000
pop_n200_t20,pop,200,20,watts_strogatz,ces,10,5,2,0.052000
pop_n200_t20,pop,200,20,watts_strogatz,ces,10,5,3,0.047000
pop_n200_t20,pop,200,20,watts_strogatz,ces,10,5,4,0.044000
pop_n200_t20,pop,200,20,watts_strogatz,ces,10,5,5,0.043000
pop_n200_t20,pop,200,20,watts_strogatz,ces,10,5,6,0.041000
pop_n200_t20,pop,200,20,watts_strogatz,ces,10,5,7,0.038000
pop_n200_t20,pop,200,20,watts_strogatz,ces,10,5,8,0.038000
pop_n200_t20,pop,200,20,watts_strogatz,ces,10,5,9,0.036000
pop_n200_t20,pop,200,20,watts_strogatz,ces,10,5,10,0.035000
pop_n200_t20,pop,200,20,watts_strogatz,ces,10,5,11,0.034000
pop_n200_t20,pop,200,20,watts_strogatz,ces,10,5,12,0.033000
pop_n200_t20,pop,200,20,watts_strogatz,ces,10,5,13,0.032000
pop_n200_t20,pop,200,20,watts_strogatz,ces,10,5,14,0.031000
pop_n200_t20,pop,200,20,watts_strogatz,ces,10,5,15,0.029000
pop_n200_t20,pop,200,20,watts_strogatz,ces,10,5,16,0.030000
pop_n200_t20,pop,200,20,watts_strogatz,ces,10,5,17,0.028000
pop_n200_t20,pop,200,20,watts_strogatz,ces,10,5,18,0.028000
pop_n200_t20,pop,200,20,watts_strogatz,ces,10,5,19,0.027000
pop_n200_t20,pop,200,20,watts_strogatz,ces,10,5,20,0.026000
pop_n200_t20,pop,200,20,watts_strogatz,ces,10,6,1,0.074000
pop_n200_t20,pop,200,20,watts_strogatz,ces,10,6,2,0.051000
pop_n200_t20,pop,200,20,watts_strogatz,ces,10,6,3,0.048000
pop_n200_t20,pop,200,20,watts_strogatz,ces,10,6,4,0.044000
pop_n200_t20,pop,200,20,watts_strogatz,ces,10,6,5,0.042000
pop_n200_t20,pop,200,20,watts_strogatz,ces,10,6,6,0.041000
pop_n200_t20,pop,200,20,watts_strogatz,ces,10,6,7,0.040000
pop_n200_t20,pop,200,20,watts_strogatz,ces,10,6,8,0.040000
pop_n200_t20,pop,200,20,watts_strogatz,ces,10,6,9,0.035000
pop_n200_t20,pop,200,20,watts_strogatz,ces,10,6,10,0.035000
pop_n200_t20,pop,200,20,watts_strogatz,ces,10,6,11,0.034000
pop_n200_t20,pop,200,20,watts_strogatz,ces,10,6,12,0.033000
pop_n200_t20,pop,200,20,watts_strogatz,ces,10,6,13,0.032000
pop_n200_t20,pop,200,20,watts_strogatz,ces,10,6,14,0.031000
pop_n200_t20,pop,200,20,watts_strogatz,ces,10,6,15,0.030000
pop_n200_t20,pop,200,20,watts_strogatz,ces,10,6,16,0.029000
pop_n200_t20,pop,200,20,watts_strogatz,ces,10,6,17,0.029000
pop_n200_t20,pop,200,20,watts_strogatz,ces,10,6,18,0.030000
pop_n200_t20,pop,200,20,watts_strogatz,ces,10,6,19,0.026000
pop_n200_t20,pop,200,20,watts_strogatz,ces,10,6,20,0.027000
pop_n200_t20,pop,200,20,watts_strogatz,ces,10,7,1,0.075000
pop_n200_t20,pop,200,20,watts_strogatz,ces,10,7,2,0.054000
pop_n200_t20,pop,200,20,watts_strogatz,ces,10,7,3,0.048000
pop_n200_t20,pop,200,20,watts_strogatz,ces,10,7,4,0.045000
pop_n200_t20,pop,200,20,watts_strogatz,ces,10,7,5,0.044000
pop_n200_t20,pop,200,20,watts_strogatz,ces,10,7,6,0.042000
pop_n200_t20,pop,200,20,watts_strogatz,ces,10,7,7,0.039000
pop_n200_t20,pop,200,20,watts_strogatz,ces,10,7,8,0.038000
pop_n200_t20,pop,200,20,watts_strogatz,ces,10,7,9,0.037000
pop_n200_t20,pop,200,20,watts_strogatz,ces,10,7,10,0.036000
pop_n200_t20,pop,200,20,watts_strogatz,ces,10,7,11,0.034000
pop_n200_t20,pop,200,20,watts_strogatz,ces,10,7,12,0.032000
pop_n200_t20,pop,200,20,watts_strogatz,ces,10,7,13,0.031000
pop_n200_t20,pop,200,20,watts_strogatz,ces,10,7,14,0.030000
pop_n200_t20,pop,200,20,watts_strogatz,ces,10,7,15,0.030000
pop_n200_t20,pop,200,20,watts_strogatz,ces,10,7,16,0.029000
pop_n200_t20,pop,200,20,watts_strogatz,ces,10,7,17,0.028000
pop_n200_t20,pop,200,20,watts_strogatz,ces,10,7,18,0.027000
pop_n200_t20,pop,200,20,watts_strogatz,ces,10,7,19,0.027000
pop_n200_t20,pop,200,20,watts_strogatz,ces,10,7,20,0.026000
pop_n200_t20,pop,200,20,watts_strogatz,ces,10,8,1,0.083000
pop_n200_t20,pop,200,20,watts_strogatz,ces,10,8,2,0.052000
pop_n200_t20,pop,200,20,watts_strogatz,ces,10,8,3,0.047000
pop_n200_t20,pop,200,20,watts_strogatz,ces,10,8,4,0.045000
pop_n200_t20,pop,200,20,watts_strogatz,ces,10,8,5,0.043000
pop_n200_t20,pop,200,20,watts_strogatz,ces,10,8,6,0.041000
pop_n200_t20,pop,200,20,watts_strogatz,ces,10,8,7,0.040000
pop_n200_t20,pop,200,20,watts_strogatz,ces,10,8,8,0.038000
pop_n200_t20,pop,200,20,watts_strogatz,ces,10,8,9,0.036000
pop_n200_t20,pop,200,20,watts_strogatz,ces,10,8,10,0.035000
pop_n200_t20,pop,200,20,watts_strogatz,ces,10,8,11,0.033000
pop_n200_t20,pop,200,20,watts_strogatz,ces,10,8,12,0.033000
pop_n200_t20,pop,200,20,watts_strogatz,ces,10,8,13,0.032000
pop_n200_t20,pop,200,20,watts_strogatz,ces,10,8,14,0.030000
pop_n200_t20,pop,200,20,watts_strogatz,ces,10,8,15,0.030000
pop_n200_t20,pop,200,20,watts_strogatz,ces,10,8,16,0.029000
pop_n200_t20,pop,200,20,watts_strogatz,ces,10,8,17,0.029000
pop_n200_t20,pop,200,20,watts_strogatz,ces,10,8,18,0.027000
pop_n200_t20,pop,200,20,watts_strogatz,ces,10,8,19,0.028000
pop_n200_t20,pop,200,20,watts_strogatz,ces,10,8,20,0.026000
pop_n200_t20,pop,200,20,watts_strogatz,ces,10,9,1,0.075000
pop_n200_t20,pop,200,20,watts_strogatz,ces,10,9,2,0.051000
pop_n200_t20,pop,200,20,watts_strogatz,ces,10,9,3,0.047000
pop_n200_t20,pop,200,20,watts_strogatz,ces,10,9,4,0.044000
pop_n200_t20,pop,200,20,watts_strogatz,ces,10,9,5,0.043000
pop_n200_t20,pop,200,20,watts_strogatz,ces,10,9,6,0.041000
pop_n200_t20,pop,200,20,watts_strogatz,ces,10,9,7,0.039000
pop_n200_t20,pop,200,20,watts_strogatz,ces,10,9,8,0.038000
pop_n200_t20,pop,200,20,watts_strogatz,ces,10,9,9,0.036000
pop_n200_t20,pop,200,20,watts_strogatz,ces,10,9,10,0.038000
pop_n200_t20,pop,200,20,watts_strogatz,ces,10,9,11,0.035000
pop_n200_t20,pop,200,20,watts_strogatz,ces,10,9,12,0.033000
pop_n200_t20,pop,200,20,watts_strogatz,ces,10,9,13,0.033000
pop_n200_t20,pop,200,20,watts_strogatz,ces,10,9,14,0.032000
pop_n200_t20,pop,200,20,watts_strogatz,ces,10,9,15,0.031000
pop_n200_t20,pop,200,20,watts_strogatz,ces,10,9,16,0.031000
pop_n200_t20,pop,200,20,watts_strogatz,ces,10,9,17,0.029000
pop_n200_t20,pop,200,20,watts_strogatz,ces,10,9,18,0.030000
pop_n200_t20,pop,200,20,watts_strogatz,ces,10,9,19,0.028000
pop_n200_t20,pop,200,20,watts_strogatz,ces,10,9,20,0.028000
pop_n200_t50,pop,200,50,watts_strogatz,ces,10,2,1,0.084000
pop_n200_t50,pop,200,50,watts_strogatz,ces,10,2,2,0.055000
pop_n200_t50,pop,200,50,watts_strogatz,ces,10,2,3,0.054000
pop_n200_t50,pop,200,50,watts_strogatz,ces,10,2,4,0.048000
pop_n200_t50,pop,200,50,watts_strogatz,ces,10,2,5,0.045000
pop_n200_t50,pop,200,50,watts_strogatz,ces,10,2,6,0.043000
pop_n200_t50,pop,200,50,watts_strogatz,ces,10,2,7,0.041000
pop_n200_t50,pop,200,50,watts_strogatz,ces,10,2,8,0.042000
pop_n200_t50,pop,200,50,watts_strogatz,ces,10,2,9,0.037000
pop_n200_t50,pop,200,50,watts_strogatz,ces,10,2,10,0.035000
pop_n200_t50,pop,200,50,watts_strogatz,ces,10,2,11,0.035000
pop_n200_t50,pop,200,50,watts_strogatz,ces,10,2,12,0.035000
pop_n200_t50,pop,200,50,watts_strogatz,ces,10,2,13,0.033000
pop_n200_t50,pop,200,50,watts_strogatz,ces,10,2,14,0.034000
pop_n200_t50,pop,200,50,watts_strogatz,ces,10,2,15,0.031000
pop_n200_t50,pop,200,50,watts_strogatz,ces,10,2,16,0.030000
pop_n200_t50,pop,200,50,watts_strogatz,ces,10,2,17,0.030000
pop_n200_t50,pop,200,50,watts_strogatz,ces,10,2,18,0.028000
pop_n200_t50,pop,200,50,watts_strogatz,ces,10,2,19,0.027000
pop_n200_t50,pop,200,50,watts_strogatz,ces,10,2,20,0.027000
pop_n200_t50,pop,200,50,watts_strogatz,ces,10,2,21,0.032000
pop_n200_t50,pop,200,50,watts_strogatz,ces,10,2,22,0.029000
pop_n200_t50,pop,200,50,watts_strogatz,ces,10,2,23,0.029000
pop_n200_t50,pop,200,50,watts_strogatz,ces,10,2,24,0.026000
pop_n200_t50,pop,200,50,watts_strogatz,ces,10,2,25,0.024000
pop_n200_t50,pop,200,50,watts_strogatz,ces,10,2,26,0.023000
pop_n200_t50,pop,200,50,watts_strogatz,ces,10,2,27,0.023000
pop_n200_t50,pop,200,50,watts_strogatz,ces,10,2,28,0.022000
pop_n200_t50,pop,200,50,watts_strogatz,ces,10,2,29,0.022000
pop_n200_t50,pop,200,50,watts_strogatz,ces,10,2,30,0.021000
pop_n200_t50,pop,200,50,watts_strogatz,ces,10,2,31,0.023000
pop_n200_t50,pop,200,50,watts_strogatz,ces,10,2,32,0.020000
pop_n200_t50,pop,200,50,watts_strogatz,ces,10,2,33,0.020000
pop_n200_t50,pop,200,50,watts_strogatz,ces,10,2,34,0.020000
pop_n200_t50,pop,200,50,watts_strogatz,ces,10,2,35,0.019000
pop_n200_t50,pop,200,50,watts_strogatz,ces,10,2,36,0.019000
pop_n200_t50,pop,200,50,watts_strogatz,ces,10,2,37,0.019000
pop_n200_t50,pop,200,50,watts_strogatz,ces,10,2,38,0.018000
pop_n200_t50,pop,200,50,watts_strogatz,ces,10,2,39,0.018000
pop_n200_t50,pop,200,50,watts_strogatz,ces,10,2,40,0.018000
pop_n200_t50,pop,200,50,watts_strogatz,ces,10,2,41,0.019000
pop_n200_t50,pop,200,50,watts_strogatz,ces,10,2,42,0.018000
pop_n200_t50,pop,200,50,watts_strogatz,ces,10,2,43,0.018000
pop_n200_t50,pop,200,50,watts_strogatz,ces,10,2,44,0.017000
pop_n200_t50,pop,200,50,watts_strogatz,ces,10,2,45,0.017000
pop_n200_t50,pop,200,50,watts_strogatz,ces,10,2,46,0.017000
pop_n200_t50,pop,200,50,watts_strogatz,ces,10,2,47,0.016000
pop_n200_t50,pop,200,50,watts_strogatz,ces,10,2,48,0.015000
pop_n200_t50,pop,200,50,watts_strogatz,ces,10,2,49,0.015000
pop_n200_t50,pop,200,50,watts_strogatz,ces,10,2,50,0.015000
pop_n200_t50,pop,200,50,watts_strogatz,ces,10,3,1,0.075000
pop_n200_t50,pop,200,50,watts_strogatz,ces,10,3,2,0.053000
pop_n200_t50,pop,200,50,watts_strogatz,ces,10,3,3,0.048000
pop_n200_t50,pop,200,50,watts_strogatz,ces,10,3,4,0.045000
pop_n200_t50,pop,200,50,watts_strogatz,ces,10,3,5,0.043000
pop_n200_t50,pop,200,50,watts_strogatz,ces,10,3,6,0.040000
pop_n200_t50,pop,200,50,watts_strogatz,ces,10,3,7,0.040000
pop_n200_t50,pop,200,50,watts_strogatz,ces,10,3,8,0.038000
pop_n200_t50,pop,200,50,watts_strogatz,ces,10,3,9,0.037000
pop_n200_t50,pop,200,50,watts_strogatz,ces,10,3,10,0.036000
pop_n200_t50,pop,200,50,watts_strogatz,ces,10,3,11,0.035000
pop_n200_t50,pop,200,50,watts_strogatz,ces,10,3,12,0.033000
pop_n200_t50,pop,200,50,watts_strogatz,ces,10,3,13,0.033000
pop_n200_t50,pop,200,50,watts_strogatz,ces,10,3,14,0.031000
pop_n200_t50,pop,200,50,watts_strogatz,ces,10,3,15,0.031000
pop_n200_t50,pop,200,50,watts_strogatz,ces,10,3,16,0.030000
pop_n200_t50,pop,200,50,watts_strogatz,ces,10,3,17,0.029000
pop_n200_t50,pop,200,50,watts_strogatz,ces,10,3,18,0.027000
pop_n200_t50,pop,200,50,watts_strogatz,ces,10,3,19,0.028000
pop_n200_t50,pop,200,50,watts_strogatz,ces,10,3,20,0.027000
pop_n200_t50,pop,200,50,watts_strogatz,ces,10,3,21,0.025000
pop_n200_t50,pop,200,50,watts_strogatz,ces,10,3,22,0.026000
pop_n200_t50,pop,200,50,watts_strogatz,ces,10,3,23,0.025000
pop_n200_t50,pop,200,50,watts_strogatz,ces,10,3,24,0.025000
pop_n200_t50,pop,200,50,watts_strogatz,ces,10,3,25,0.024000
pop_n200_t50,pop,200,50,watts_strogatz,ces,10,3,26,0.025000
pop_n200_t50,pop,200,50,watts_strogatz,ces,10,3,27,0.023000
pop_n200_t50,pop,200,50,watts_strogatz,ces,10,3,28,0.022000
pop_n200_t50,pop,200,50,watts_strogatz,ces,10,3,29,0.022000
pop_n200_t50,pop,200,50,watts_strogatz,ces,10,3,30,0.021000
pop_n200_t50,pop,200,50,watts_strogatz,ces,10,3,31,0.020000
pop_n200_t50,pop,200,50,watts_strogatz,ces,10,3,32,0.020000
pop_n200_t50,pop,200,50,watts_strogatz,ces,10,3,33,0.020000
pop_n200_t50,pop,200,50,watts_strogatz,ces,10,3,34,0.020000
pop_n200_t50,pop,200,50,watts_strogatz,ces,10,3,35,0.019000
pop_n200_t50,pop,200,50,watts_strogatz,ces,10,3,36,0.019000
pop_n200_t50,pop,200,50,watts_strogatz,ces,10,3,37,0.018000
pop_n200_t50,pop,200,50,watts_strogatz,ces,10,3,38,0.019000
pop_n200_t50,pop,200,50,watts_strogatz,ces,10,3,39,0.017000
pop_n200_t50,pop,200,50,watts_strogatz,ces,10,3,40,0.018000
pop_n200_t50,pop,200,50,watts_strogatz,ces,10,3,41,0.016000
pop_n200_t50,pop,200,50,watts_strogatz,ces,10,3,42,0.017000
pop_n200_t50,pop,200,50,watts_strogatz,ces,10,3,43,0.016000
pop_n200_t50,pop,200,50,watts_strogatz,ces,10,3,44,0.016000
pop_n200_t50,pop,200,50,watts_strogatz,ces,10,3,45,0.016000
pop_n200_t50,pop,200,50,watts_strogatz,ces,10,3,46,0.016000
pop_n200_t50,pop,200,50,watts_strogatz,ces,10,3,47,0.015000
pop_n200_t50,pop,200,50,watts_strogatz,ces,10,3,48,0.015000
pop_n200_t50,pop,200,50,watts_strogatz,ces,10,3,49,0.015000
pop_n200_t50,pop,200,50,watts_strogatz,ces,10,3,50,0.015000
pop_n200_t50,pop,200,50,watts_strogatz,ces,10,4,1,0.076000
pop_n200_t50,pop,200,50,watts_strogatz,ces,10,4,2,0.052000
pop_n200_t50,pop,200,50,watts_strogatz,ces,10,4,3,0.047000
pop_n200_t50,pop,200,50,watts_strogatz,ces,10,4,4,0.045000
pop_n200_t50,pop,200,50,watts_strogatz,ces,10,4,5,0.043000
pop_n200_t50,pop,200,50,watts_strogatz,ces,10,4,6,0.042000
pop_n200_t50,pop,200,50,watts_strogatz,ces,10,4,7,0.040000
pop_n200_t50,pop,200,50,watts_strogatz,ces,10,4,8,0.035000
pop_n200_t50,pop,200,50,watts_strogatz,ces,10,4,9,0.035000
pop_n200_t50,pop,200,50,watts_strogatz,ces,10,4,10,0.036000
pop_n200_t50,pop,200,50,watts_strogatz,ces,10,4,11,0.033000
pop_n200_t50,pop,200,50,watts_strogatz,ces,10,4,12,0.032000
pop_n200_t50,pop,200,50,watts_strogatz,ces,10,4,13,0.033000
pop_n200_t50,pop,200,50,watts_strogatz,ces,10,4,14,0.030000
pop_n200_t50,pop,200,50,watts_strogatz,ces,10,4,15,0.030000
pop_n200_t50,pop,200,50,watts_strogatz,ces,10,4,16,0.029000
pop_n200_t50,pop,200,50,watts_strogatz,ces,10,4,17,0.028000
pop_n200_t50,pop,200,50,watts_strogatz,ces,10,4,18,0.028000
pop_n200_t50,pop,200,50,watts_strogatz,ces,10,4,19,0.027000
pop_n200_t50,pop,200,50,watts_strogatz,ces,10,4,20,0.026000
pop_n200_t50,pop,200,50,watts_strogatz,ces,10,4,21,0.026000
pop_n200_t50,pop,200,50,watts_strogatz,ces,10,4,22,0.025000
pop_n200_t50,pop,200,50,watts_strogatz,ces,10,4,23,0.024000
pop_n200_t50,pop,200,50,watts_strogatz,ces,10,4,24,0.024000
pop_n200_t50,pop,200,50,watts_strogatz,ces,10,4,25,0.023000
pop_n200_t50,pop,200,50,watts_strogatz,ces,10,4,26,0.022000
pop_n200_t50,pop,200,50,watts_strogatz,ces,10,4,27,0.022000
pop_n200_t50,pop,200,50,watts_strogatz,ces,10,4,28,0.021000
pop_n200_t50,pop,200,50,watts_strogatz,ces,10,4,29,0.021000
pop_n200_t50,pop,200,50,watts_strogatz,ces,10,4,30,0.021000
pop_n200_t50,pop,200,50,watts_strogatz,ces,10,4,31,0.020000
pop_n200_t50,pop,200,50,watts_strogatz,ces,10,4,32,0.020000
pop_n200_t50,pop,200,50,watts_strogatz,ces,10,4,33,0.019000
pop_n200_t50,pop,200,50,watts_strogatz,ces,10,4,34,0.019000
pop_n200_t50,pop,200,50,watts_strogatz,ces,10,4,35,0.019000
pop_n200_t50,pop,200,50,watts_strogatz,ces,10,4,36,0.018000
pop_n200_t50,pop,200,50,watts_strogatz,ces,10,4,37,0.018000
pop_n200_t50,pop,200,50,watts_strogatz,ces,10,4,38,0.017000
pop_n200_t50,pop,200,50,watts_strogatz,ces,10,4,39,0.017000
pop_n200_t50,pop,200,50,watts_strogatz,ces,10,4,40,0.017000
pop_n200_t50,pop,200,50,watts_strogatz,ces,10,4,41,0.016000
pop_n200_t50,pop,200,50,watts_strogatz,ces,10,4,42,0.016000
pop_n200_t50,pop,200,50,watts_strogatz,ces,10,4,43,0.016000
pop_n200_t50,pop,200,50,watts_strogatz,ces,10,4,44,0.016000
pop_n200_t50,pop,200,50,watts_strogatz,ces,10,4,45,0.016000
pop_n200_t50,pop,200,50,watts_strogatz,ces,10,4,46,0.016000
pop_n200_t50,pop,200,50,watts_strogatz,ces,10,4,47,0.015000
pop_n200_t50,pop,200,50,watts_strogatz,ces,10,4,48,0.014000
pop_n200_t50,pop,200,50,watts_strogatz,ces,10,4,49,0.015000
pop_n200_t50,pop,200,50,watts_strogatz,ces,10,4,50,0.014000
pop_n200_t50,pop,200,50,watts_strogatz,ces,10,5,1,0.074000
pop_n200_t50,pop,200,50,watts_strogatz,ces,10,5,2,0.051000
pop_n200_t50,pop,200,50,watts_strogatz,ces,10,5,3,0.048000
pop_n200_t50,pop,200,50,watts_strogatz,ces,10,5,4,0.046000
pop_n200_t50,pop,200,50,watts_strogatz,ces,10,5,5,0.042000
pop_n200_t50,pop,200,50,watts_strogatz,ces,10,5,6,0.043000
pop_n200_t50,pop,200,50,watts_strogatz,ces,10,5,7,0.041000
pop_n200_t50,pop,200,50,watts_strogatz,ces,10,5,8,0.038000
pop_n200_t50,pop,200,50,watts_strogatz,ces,10,5,9,0.038000
pop_n200_t50,pop,200,50,watts_strogatz,ces,10,5,10,0.036000
pop_n200_t50,pop,200,50,watts_strogatz,ces,10,5,11,0.034000
pop_n200_t50,pop,200,50,watts_strogatz,ces,10,5,12,0.034000
pop_n200_t50,pop,200,50,watts_strogatz,ces,10,5,13,0.033000
pop_n200_t50,pop,200,50,watts_strogatz,ces,10,5,14,0.032000
pop_n200_t50,pop,200,50,watts_strogatz,ces,10,5,15,0.031000
pop_n200_t50,pop,200,50,watts_strogatz,ces,10,5,16,0.030000
pop_n200_t50,pop,200,50,watts_strogatz,ces,10,5,17,0.029000
pop_n200_t50,pop,200,50,watts_strogatz,ces,10,5,18,0.029000
pop_n200_t50,pop,200,50,watts_strogatz,ces,10,5,19,0.028000
pop_n200_t50,pop,200,50,watts_strogatz,ces,10,5,20,0.027000
pop_n200_t50,pop,200,50,watts_strogatz,ces,10,5,21,0.027000
pop_n200_t50,pop,200,50,watts_strogatz,ces,10,5,22,0.025000
pop_n200_t50,pop,200,50,watts_strogatz,ces,10,5,23,0.025000
pop_n200_t50,pop,200,50,watts_strogatz,ces,10,5,24,0.025000
pop_n200_t50,pop,200,50,watts_strogatz,ces,10,5,25,0.024000
pop_n200_t50,pop,200,50,watts_strogatz,ces,10,5,26,0.024000
pop_n200_t50,pop,200,50,watts_strogatz,ces,10,5,27,0.023000
pop_n200_t50,pop,200,50,watts_strogatz,ces,10,5,28,0.022000
pop_n200_t50,pop,200,50,watts_strogatz,ces,10,5,29,0.022000
pop_n200_t50,pop,200,50,watts_strogatz,ces,10,5,30,0.021000
pop_n200_t50,pop,200,50,watts_strogatz,ces,10,5,31,0.021000
pop_n200_t50,pop,200,50,watts_strogatz,ces,10,5,32,0.021000
pop_n200_t50,pop,200,50,watts_strogatz,ces,10,5,33,0.020000
pop_n200_t50,pop,200,50,watts_strogatz,ces,10,5,34,0.019000
pop_n200_t50,pop,200,50,watts_strogatz,ces,10,5,35,0.020000
pop_n200_t50,pop,200,50,watts_strogatz,ces,10,5,36,0.018000
pop_n200_t50,pop,200,50,watts_strogatz,ces,10,5,37,0.019000
pop_n200_t50,pop,200,50,watts_strogatz,ces,10,5,38,0.019000
pop_n200_t50,pop,200,50,watts_strogatz,ces,10,5,39,0.018000
pop_n200_t50,pop,200,50,watts_strogatz,ces,10,5,40,0.017000
pop_n200_t50,pop,200,50,watts_strogatz,ces,10,5,41,0.017000
pop_n200_t50,pop,200,50,watts_strogatz,ces,10,5,42,0.017000
pop_n200_t50,pop,200,50,watts_strogatz,ces,10,5,43,0.016000
pop_n200_t50,pop,200,50,watts_strogatz,ces,10,5,44,0.017000
pop_n200_t50,pop,200,50,watts_strogatz,ces,10,5,45,0.016000
pop_n200_t50,pop,200,50,watts_strogatz,ces,10,5,46,0.016000
pop_n200_t50,pop,200,50,watts_strogatz,ces,10,5,47,0.016000
pop_n200_t50,pop,200,50,watts_strogatz,ces,10,5,48,0.016000
pop_n200_t50,pop,200,50,watts_strogatz,ces,10,5,49,0.015000
pop_n200_t50,pop,200,50,watts_strogatz,ces,10,5,50,0.016000
pop_n200_t50,pop,200,50,watts_strogatz,ces,10,6,1,0.079000
pop_n200_t50,pop,200,50,watts_strogatz,ces,10,6,2,0.053000
pop_n200_t50,pop,200,50,watts_strogatz,ces,10,6,3,0.047000
pop_n200_t50,pop,200,50,watts_strogatz,ces,10,6,4,0.045000
pop_n200_t50,pop,200,50,watts_strogatz,ces,10,6,5,0.043000
pop_n200_t50,pop,200,50,watts_strogatz,ces,10,6,6,0.042000
pop_n200_t50,pop,200,50,watts_strogatz,ces,10,6,7,0.039000
pop_n200_t50,pop,200,50,watts_strogatz,ces,10,6,8,0.038000
pop_n200_t50,pop,200,50,watts_strogatz,ces,10,6,9,0.037000
pop_n200_t50,pop,200,50,watts_strogatz,ces,10,6,10,0.036000
pop_n200_t50,pop,200,50,watts_strogatz,ces,10,6,11,0.034000
pop_n200_t50,pop,200,50,watts_strogatz,ces,10,6,12,0.033000
pop_n200_t50,pop,200,50,watts_strogatz,ces,10,6,13,0.033000
pop_n200_t50,pop,200,50,watts_strogatz,ces,10,6,14,0.031000
pop_n200_t50,pop,200,50,watts_strogatz,ces,10,6,15,0.031000
pop_n200_t50,pop,200,50,watts_strogatz,ces,10,6,16,0.030000
pop_n200_t50,pop,200,50,watts_strogatz,ces,10,6,17,0.029000
pop_n200_t50,pop,200,50,watts_strogatz,ces,10,6,18,0.028000
pop_n200_t50,pop,200,50,watts_strogatz,ces,10,6,19,0.027000
pop_n200_t50,pop,200,50,watts_strogatz,ces,10,6,20,0.027000
pop_n200_t50,pop,200,50,watts_strogatz,ces,10,6,21,0.028000
pop_n200_t50,pop,200,50,watts_strogatz,ces,10,6,22,0.025000
pop_n200_t50,pop,200,50,watts_strogatz,ces,10,6,23,0.025000
pop_n200_t50,pop,200,50,watts_strogatz,ces,10,6,24,0.024000
pop_n200_t50,pop,200,50,watts_strogatz,ces,10,6,25,0.023000
pop_n200_t50,pop,200,50,watts_strogatz,ces,10,6,26,0.023000
pop_n200_t50,pop,200,50,watts_strogatz,ces,10,6,27,0.023000
pop_n200_t50,pop,200,50,watts_strogatz,ces,10,6,28,0.021000
pop_n200_t50,pop,200,50,watts_strogatz,ces,10,6,29,0.022000
pop_n200_t50,pop,200,50,watts_strogatz,ces,10,6,30,0.021000
pop_n200_t50,pop,200,50,watts_strogatz,ces,10,6,31,0.021000
pop_n200_t50,pop,200,50,watts_strogatz,ces,10,6,32,0.021000
pop_n200_t50,pop,200,50,watts_strogatz,ces,10,6,33,0.020000
pop_n200_t50,pop,200,50,watts_strogatz,ces,10,6,34,0.019000
pop_n200_t50,pop,200,50,watts_strogatz,ces,10,6,35,0.019000
pop_n200_t50,pop,200,50,watts_strogatz,ces,10,6,36,0.018000
pop_n200_t50,pop,200,50,watts_strogatz,ces,10,6,37,0.018000
pop_n200_t50,pop,200,50,watts_strogatz,ces,10,6,38,0.018000
pop_n200_t50,pop,200,50,watts_strogatz,ces,10,6,39,0.018000
pop_n200_t50,pop,200,50,watts_strogatz,ces,10,6,40,0.017000
pop_n200_t50,pop,200,50,watts_strogatz,ces,10,6,41,0.017000
pop_n200_t50,pop,200,50,watts_strogatz,ces,10,6,42,0.017000
pop_n200_t50,pop,200,50,watts_strogatz,ces,10,6,43,0.017000
pop_n200_t50,pop,200,50,watts_strogatz,ces,10,6,44,0.016000
pop_n200_t50,pop,200,50,watts_strogatz,ces,10,6,45,0.015000
pop_n200_t50,pop,200,50,watts_strogatz,ces,10,6,46,0.017000
pop_n200_t50,pop,200,50,watts_strogatz,ces,10,6,47,0.015000
pop_n200_t50,pop,200,50,watts_strogatz,ces,10,6,48,0.015000
pop_n200_t50,pop,200,50,watts_strogatz,ces,10,6,49,0.015000
pop_n200_t50,pop,200,50,watts_strogatz,ces,10,6,50,0.015000
pop_n200_t50,pop,200,50,watts_strogatz,ces,10,7,1,0.074000
pop_n200_t50,pop,200,50,watts_strogatz,ces,10,7,2,0.052000
pop_n200_t50,pop,200,50,watts_strogatz,ces,10,7,3,0.048000
pop_n200_t50,pop,200,50,watts_strogatz,ces,10,7,4,0.044000
pop_n200_t50,pop,200,50,watts_strogatz,ces,10,7,5,0.043000
pop_n200_t50,pop,200,50,watts_strogatz,ces,10,7,6,0.041000
pop_n200_t50,pop,200,50,watts_strogatz,ces,10,7,7,0.039000
pop_n200_t50,pop,200,50,watts_strogatz,ces,10,7,8,0.038000
pop_n200_t50,pop,200,50,watts_strogatz,ces,10,7,9,0.038000
pop_n200_t50,pop,200,50,watts_strogatz,ces,10,7,10,0.035000
pop_n200_t50,pop,200,50,watts_strogatz,ces,10,7,11,0.035000
pop_n200_t50,pop,200,50,watts_strogatz,ces,10,7,12,0.033000
pop_n200_t50,pop,200,50,watts_strogatz,ces,10,7,13,0.032000
pop_n200_t50,pop,200,50,watts_strogatz,ces,10,7,14,0.031000
pop_n200_t50,pop,200,50,watts_strogatz,ces,10,7,15,0.030000
pop_n200_t50,pop,200,50,watts_strogatz,ces,10,7,16,0.030000
pop_n200_t50,pop,200,50,watts_strogatz,ces,10,7,17,0.029000
pop_n200_t50,pop,200,50,watts_strogatz,ces,10,7,18,0.028000
pop_n200_t50,pop,200,50,watts_strogatz,ces,10,7,19,0.027000
pop_n200_t50,pop,200,50,watts_strogatz,ces,10,7,20,0.027000
pop_n200_t50,pop,200,50,watts_strogatz,ces,10,7,21,0.026000
pop_n200_t50,pop,200,50,watts_strogatz,ces,10,7,22,0.025000
pop_n200_t50,pop,200,50,watts_strogatz,ces,10,7,23,0.025000
pop_n200_t50,pop,200,50,watts_strogatz,ces,10,7,24,0.024000
pop_n200_t50,pop,200,50,watts_strogatz,ces,10,7,25,0.023000
pop_n200_t50,pop,200,50,watts_strogatz,ces,10,7,26,0.024000
pop_n200_t50,pop,200,50,watts_strogatz,ces,10,7,27,0.023000
pop_n200_t50,pop,200,50,watts_strogatz,ces,10,7,28,0.021000
pop_n200_t50,pop,200,50,watts_strogatz,ces,10,7,29,0.021000
pop_n200_t50,pop,200,50,watts_strogatz,ces,10,7,30,0.021000
pop_n200_t50,pop,200,50,watts_strogatz,ces,10,7,31,0.019000
pop_n200_t50,pop,200,50,watts_strogatz,ces,10,7,32,0.019000
pop_n200_t50,pop,200,50,watts_strogatz,ces,10,7,33,0.019000
pop_n200_t50,pop,200,50,watts_strogatz,ces,10,7,34,0.018000
pop_n200_t50,pop,200,50,watts_strogatz,ces,10,7,35,0.019000
pop_n200_t50,pop,200,50,watts_strogatz,ces,10,7,36,0.018000
pop_n200_t50,pop,200,50,watts_strogatz,ces,10,7,37,0.018000
pop_n200_t50,pop,200,50,watts_strogatz,ces,10,7,38,0.018000
pop_n200_t50,pop,200,50,watts_strogatz,ces,10,7,39,0.018000
pop_n200_t50,pop,200,50,watts_strogatz,ces,10,7,40,0.016000
pop_n200_t50,pop,200,50,watts_strogatz,ces,10,7,41,0.017000
pop_n200_t50,pop,200,50,watts_strogatz,ces,10,7,42,0.016000
pop_n200_t50,pop,200,50,watts_strogatz,ces,10,7,43,0.016000
pop_n200_t50,pop,200,50,watts_strogatz,ces,10,7,44,0.016000
pop_n200_t50,pop,200,50,watts_strogatz,ces,10,7,45,0.015000
pop_n200_t50,pop,200,50,watts_strogatz,ces,10,7,46,0.016000
pop_n200_t50,pop,200,50,watts_strogatz,ces,10,7,47,0.014000
pop_n200_t50,pop,200,50,watts_strogatz,ces,10,7,48,0.015000
pop_n200_t50,pop,200,50,watts_strogatz,ces,10,7,49,0.015000
pop_n200_t50,pop,200,50,watts_strogatz,ces,10,7,50,0.015000
pop_n200_t50,pop,200,50,watts_strogatz,ces,10,8,1,0.073000
pop_n200_t50,pop,200,50,watts_strogatz,ces,10,8,2,0.051000
pop_n200_t50,pop,200,50,watts_strogatz,ces,10,8,3,0.046000
pop_n200_t50,pop,200,50,watts_strogatz,ces,10,8,4,0.044000
pop_n200_t50,pop,200,50,watts_strogatz,ces,10,8,5,0.042000
pop_n200_t50,pop,200,50,watts_strogatz,ces,10,8,6,0.041000
pop_n200_t50,pop,200,50,watts_strogatz,ces,10,8,7,0.039000
pop_n200_t50,pop,200,50,watts_strogatz,ces,10,8,8,0.037000
pop_n200_t50,pop,200,50,watts_strogatz,ces,10,8,9,0.037000
pop_n200_t50,pop,200,50,watts_strogatz,ces,10,8,10,0.035000
pop_n200_t50,pop,200,50,watts_strogatz,ces,10,8,11,0.034000
pop_n200_t50,pop,200,50,watts_strogatz,ces,10,8,12,0.032000
pop_n200_t50,pop,200,50,watts_strogatz,ces,10,8,13,0.033000
pop_n200_t50,pop,200,50,watts_strogatz,ces,10,8,14,0.030000
pop_n200_t50,pop,200,50,watts_strogatz,ces,10,8,15,0.030000
pop_n200_t50,pop,200,50,watts_strogatz,ces,10,8,16,0.029000
pop_n200_t50,pop,200,50,watts_strogatz,ces,10,8,17,0.028000
pop_n200_t50,pop,200,50,watts_strogatz,ces,10,8,18,0.027000
pop_n200_t50,pop,200,50,watts_strogatz,ces,10,8,19,0.026000
pop_n200_t50,pop,200,50,watts_strogatz,ces,10,8,20,0.026000
pop_n200_t50,pop,200,50,watts_strogatz,ces,10,8,21,0.026000
pop_n200_t50,pop,200,50,watts_strogatz,ces,10,8,22,0.025000
pop_n200_t50,pop,200,50,watts_strogatz,ces,10,8,23,0.023000
pop_n200_t50,pop,200,50,watts_strogatz,ces,10,8,24,0.024000
pop_n200_t50,pop,200,50,watts_strogatz,ces,10,8,25,0.024000
pop_n200_t50,pop,200,50,watts_strogatz,ces,10,8,26,0.023000
pop_n200_t50,pop,200,50,watts_strogatz,ces,10,8,27,0.023000
pop_n200_t50,pop,200,50,watts_strogatz,ces,10,8,28,0.021000
pop_n200_t50,pop,200,50,watts_strogatz,ces,10,8,29,0.022000
pop_n200_t50,pop,200,50,watts_strogatz,ces,10,8,30,0.020000
pop_n200_t50,pop,200,50,watts_strogatz,ces,10,8,31,0.021000
pop_n200_t50,pop,200,50,watts_strogatz,ces,10,8,32,0.022000
pop_n200_t50,pop,200,50,watts_strogatz,ces,10,8,33,0.019000
pop_n200_t50,pop,200,50,watts_strogatz,ces,10,8,34,0.020000
pop_n200_t50,pop,200,50,watts_strogatz,ces,10,8,35,0.019000
pop_n200_t50,pop,200,50,watts_strogatz,ces,10,8,36,0.019000
pop_n200_t50,pop,200,50,watts_strogatz,ces,10,8,37,0.018000
pop_n200_t50,pop,200,50,watts_strogatz,ces,10,8,38,0.018000
pop_n200_t50,pop,200,50,watts_strogatz,ces,10,8,39,0.018000
pop_n200_t50,pop,200,50,watts_strogatz,ces,10,8,40,0.017000
pop_n200_t50,pop,200,50,watts_strogatz,ces,10,8,41,0.016000
pop_n200_t50,pop,200,50,watts_strogatz,ces,10,8,42,0.017000
pop_n200_t50,pop,200,50,watts_strogatz,ces,10,8,43,0.017000
pop_n200_t50,pop,200,50,watts_strogatz,ces,10,8,44,0.016000
pop_n200_t50,pop,200,50,watts_strogatz,ces,10,8,45,0.016000
pop_n200_t50,pop,200,50,watts_strogatz,ces,10,8,46,0.015000
pop_n200_t50,pop,200,50,watts_strogatz,ces,10,8,47,0.016000
pop_n200_t50,pop,200,50,watts_strogatz,ces,10,8,48,0.015000
pop_n200_t50,pop,200,50,watts_strogatz,ces,10,8,49,0.015000
pop_n200_t50,pop,200,50,watts_strogatz,ces,10,8,50,0.014000
pop_n200_t50,pop,200,50,watts_strogatz,ces,10,9,1,0.076000
pop_n200_t50,pop,200,50,watts_strogatz,ces,10,9,2,0.052000
pop_n200_t50,pop,200,50,watts_strogatz,ces,10,9,3,0.047000
pop_n200_t50,pop,200,50,watts_strogatz,ces,10,9,4,0.046000
pop_n200_t50,pop,200,50,watts_strogatz,ces,10,9,5,0.043000
pop_n200_t50,pop,200,50,watts_strogatz,ces,10,9,6,0.041000
pop_n200_t50,pop,200,50,watts_strogatz,ces,10,9,7,0.039000
pop_n200_t50,pop,200,50,watts_strogatz,ces,10,9,8,0.038000
pop_n200_t50,pop,200,50,watts_strogatz,ces,10,9,9,0.037000
pop_n200_t50,pop,200,50,watts_strogatz,ces,10,9,10,0.035000
pop_n200_t50,pop,200,50,watts_strogatz,ces,10,9,11,0.034000
pop_n200_t50,pop,200,50,watts_strogatz,ces,10,9,12,0.034000
pop_n200_t50,pop,200,50,watts_strogatz,ces,10,9,13,0.032000
pop_n200_t50,pop,200,50,watts_strogatz,ces,10,9,14,0.031000
pop_n200_t50,pop,200,50,watts_strogatz,ces,10,9,15,0.030000
pop_n200_t50,pop,200,50,watts_strogatz,ces,10,9,16,0.029000
pop_n200_t50,pop,200,50,watts_strogatz,ces,10,9,17,0.030000
pop_n200_t50,pop,200,50,watts_strogatz,ces,10,9,18,0.028000
pop_n200_t50,pop,200,50,watts_strogatz,ces,10,9,19,0.027000
pop_n200_t50,pop,200,50,watts_strogatz,ces,10,9,20,0.026000
pop_n200_t50,pop,200,50,watts_strogatz,ces,10,9,21,0.026000
pop_n200_t50,pop,200,50,watts_strogatz,ces,10,9,22,0.025000
pop_n200_t50,pop,200,50,watts_strogatz,ces,10,9,23,0.023000
pop_n200_t50,pop,200,50,watts_strogatz,ces,10,9,24,0.023000
pop_n200_t50,pop,200,50,watts_strogatz,ces,10,9,25,0.023000
pop_n200_t50,pop,200,50,watts_strogatz,ces,10,9,26,0.023000
pop_n200_t50,pop,200,50,watts_strogatz,ces,10,9,27,0.022000
pop_n200_t50,pop,200,50,watts_strogatz,ces,10,9,28,0.021000
pop_n200_t50,pop,200,50,watts_strogatz,ces,10,9,29,0.021000
pop_n200_t50,pop,200,50,watts_strogatz,ces,10,9,30,0.074000
pop_n200_t50,pop,200,50,watts_strogatz,ces,10,9,31,0.020000
pop_n200_t50,pop,200,50,watts_strogatz,ces,10,9,32,0.019000
pop_n200_t50,pop,200,50,watts_strogatz,ces,10,9,33,0.020000
pop_n200_t50,pop,200,50,watts_strogatz,ces,10,9,34,0.020000
pop_n200_t50,pop,200,50,watts_strogatz,ces,10,9,35,0.018000
pop_n200_t50,pop,200,50,watts_strogatz,ces,10,9,36,0.018000
pop_n200_t50,pop,200,50,watts_strogatz,ces,10,9,37,0.018000
pop_n200_t50,pop,200,50,watts_strogatz,ces,10,9,38,0.017000
pop_n200_t50,pop,200,50,watts_strogatz,ces,10,9,39,0.018000
pop_n200_t50,pop,200,50,watts_strogatz,ces,10,9,40,0.017000
pop_n200_t50,pop,200,50,watts_strogatz,ces,10,9,41,0.016000
pop_n200_t50,pop,200,50,watts_strogatz,ces,10,9,42,0.016000
pop_n200_t50,pop,200,50,watts_strogatz,ces,10,9,43,0.016000
pop_n200_t50,pop,200,50,watts_strogatz,ces,10,9,44,0.016000
pop_n200_t50,pop,200,50,watts_strogatz,ces,10,9,45,0.015000
pop_n200_t50,pop,200,50,watts_strogatz,ces,10,9,46,0.015000
pop_n200_t50,pop,200,50,watts_strogatz,ces,10,9,47,0.015000
pop_n200_t50,pop,200,50,watts_strogatz,ces,10,9,48,0.015000
pop_n200_t50,pop,200,50,watts_strogatz,ces,10,9,49,0.014000
pop_n200_t50,pop,200,50,watts_strogatz,ces,10,9,50,0.015000
pop_n400_t1,pop,400,1,watts_strogatz,ces,10,2,1,0.189000
pop_n400_t1,pop,400,1,watts_strogatz,ces,10,3,1,0.153000
pop_n400_t1,pop,400,1,watts_strogatz,ces,10,4,1,0.171000
pop_n400_t1,pop,400,1,watts_strogatz,ces,10,5,1,0.152000
pop_n400_t1,pop,400,1,watts_strogatz,ces,10,6,1,0.145000
pop_n400_t1,pop,400,1,watts_strogatz,ces,10,7,1,0.143000
pop_n400_t1,pop,400,1,watts_strogatz,ces,10,8,1,0.154000
pop_n400_t1,pop,400,1,watts_strogatz,ces,10,9,1,0.148000
pop_n400_t5,pop,400,5,watts_strogatz,ces,10,2,1,0.169000
pop_n400_t5,pop,400,5,watts_strogatz,ces,10,2,2,0.107000
pop_n400_t5,pop,400,5,watts_strogatz,ces,10,2,3,0.096000
pop_n400_t5,pop,400,5,watts_strogatz,ces,10,2,4,0.086000
pop_n400_t5,pop,400,5,watts_strogatz,ces,10,2,5,0.085000
pop_n400_t5,pop,400,5,watts_strogatz,ces,10,3,1,0.165000
pop_n400_t5,pop,400,5,watts_strogatz,ces,10,3,2,0.105000
pop_n400_t5,pop,400,5,watts_strogatz,ces,10,3,3,0.097000
pop_n400_t5,pop,400,5,watts_strogatz,ces,10,3,4,0.086000
pop_n400_t5,pop,400,5,watts_strogatz,ces,10,3,5,0.087000
pop_n400_t5,pop,400,5,watts_strogatz,ces,10,4,1,0.150000
pop_n400_t5,pop,400,5,watts_strogatz,ces,10,4,2,0.106000
pop_n400_t5,pop,400,5,watts_strogatz,ces,10,4,3,0.103000
pop_n400_t5,pop,400,5,watts_strogatz,ces,10,4,4,0.084000
pop_n400_t5,pop,400,5,watts_strogatz,ces,10,4,5,0.080000
pop_n400_t5,pop,400,5,watts_strogatz,ces,10,5,1,0.153000
pop_n400_t5,pop,400,5,watts_strogatz,ces,10,5,2,0.099000
pop_n400_t5,pop,400,5,watts_strogatz,ces,10,5,3,0.091000
pop_n400_t5,pop,400,5,watts_strogatz,ces,10,5,4,0.084000
pop_n400_t5,pop,400,5,watts_strogatz,ces,10,5,5,0.079000
pop_n400_t5,pop,400,5,watts_strogatz,ces,10,6,1,0.140000
pop_n400_t5,pop,400,5,watts_strogatz,ces,10,6,2,0.098000
pop_n400_t5,pop,400,5,watts_strogatz,ces,10,6,3,0.088000
pop_n400_t5,pop,400,5,watts_strogatz,ces,10,6,4,0.082000
pop_n400_t5,pop,400,5,watts_strogatz,ces,10,6,5,0.076000
pop_n400_t5,pop,400,5,watts_strogatz,ces,10,7,1,0.144000
pop_n400_t5,pop,400,5,watts_strogatz,ces,10,7,2,0.102000
pop_n400_t5,pop,400,5,watts_strogatz,ces,10,7,3,0.091000
pop_n400_t5,pop,400,5,watts_strogatz,ces,10,7,4,0.082000
pop_n400_t5,pop,400,5,watts_strogatz,ces,10,7,5,0.078000
pop_n400_t5,pop,400,5,watts_strogatz,ces,10,8,1,0.144000
pop_n400_t5,pop,400,5,watts_strogatz,ces,10,8,2,0.100000
pop_n400_t5,pop,400,5,watts_strogatz,ces,10,8,3,0.089000
pop_n400_t5,pop,400,5,watts_strogatz,ces,10,8,4,0.082000
pop_n400_t5,pop,400,5,watts_strogatz,ces,10,8,5,0.078000
pop_n400_t5,pop,400,5,watts_strogatz,ces,10,9,1,0.143000
pop_n400_t5,pop,400,5,watts_strogatz,ces,10,9,2,0.099000
pop_n400_t5,pop,400,5,watts_strogatz,ces,10,9,3,0.089000
pop_n400_t5,pop,400,5,watts_strogatz,ces,10,9,4,0.083000
pop_n400_t5,pop,400,5,watts_strogatz,ces,10,9,5,0.077000
pop_n400_t20,pop,400,20,watts_strogatz,ces,10,2,1,0.148000
pop_n400_t20,pop,400,20,watts_strogatz,ces,10,2,2,0.101000
pop_n400_t20,pop,400,20,watts_strogatz,ces,10,2,3,0.093000
pop_n400_t20,pop,400,20,watts_strogatz,ces,10,2,4,0.085000
pop_n400_t20,pop,400,20,watts_strogatz,ces,10,2,5,0.082000
pop_n400_t20,pop,400,20,watts_strogatz,ces,10,2,6,0.076000
pop_n400_t20,pop,400,20,watts_strogatz,ces,10,2,7,0.072000
pop_n400_t20,pop,400,20,watts_strogatz,ces,10,2,8,0.078000
pop_n400_t20,pop,400,20,watts_strogatz,ces,10,2,9,0.074000
pop_n400_t20,pop,400,20,watts_strogatz,ces,10,2,10,0.066000
pop_n400_t20,pop,400,20,watts_strogatz,ces,10,2,11,0.063000
pop_n400_t20,pop,400,20,watts_strogatz,ces,10,2,12,0.062000
pop_n400_t20,pop,400,20,watts_strogatz,ces,10,2,13,0.059000
pop_n400_t20,pop,400,20,watts_strogatz,ces,10,2,14,0.057000
pop_n400_t20,pop,400,20,watts_strogatz,ces,10,2,15,0.056000
pop_n400_t20,pop,400,20,watts_strogatz,ces,10,2,16,0.055000
pop_n400_t20,pop,400,20,watts_strogatz,ces,10,2,17,0.052000
pop_n400_t20,pop,400,20,watts_strogatz,ces,10,2,18,0.052000
pop_n400_t20,pop,400,20,watts_strogatz,ces,10,2,19,0.049000
pop_n400_t20,pop,400,20,watts_strogatz,ces,10,2,20,0.048000
pop_n400_t20,pop,400,20,watts_strogatz,ces,10,3,1,0.141000
pop_n400_t20,pop,400,20,watts_strogatz,ces,10,3,2,0.100000
pop_n400_t20,pop,400,20,watts_strogatz,ces,10,3,3,0.088000
pop_n400_t20,pop,400,20,watts_strogatz,ces,10,3,4,0.081000
pop_n400_t20,pop,400,20,watts_strogatz,ces,10,3,5,0.079000
pop_n400_t20,pop,400,20,watts_strogatz,ces,10,3,6,0.076000
pop_n400_t20,pop,400,20,watts_strogatz,ces,10,3,7,0.073000
pop_n400_t20,pop,400,20,watts_strogatz,ces,10,3,8,0.070000
pop_n400_t20,pop,400,20,watts_strogatz,ces,10,3,9,0.068000
pop_n400_t20,pop,400,20,watts_strogatz,ces,10,3,10,0.065000
pop_n400_t20,pop,400,20,watts_strogatz,ces,10,3,11,0.064000
pop_n400_t20,pop,400,20,watts_strogatz,ces,10,3,12,0.062000
pop_n400_t20,pop,400,20,watts_strogatz,ces,10,3,13,0.059000
pop_n400_t20,pop,400,20,watts_strogatz,ces,10,3,14,0.058000
pop_n400_t20,pop,400,20,watts_strogatz,ces,10,3,15,0.055000
pop_n400_t20,pop,400,20,watts_strogatz,ces,10,3,16,0.055000
pop_n400_t20,pop,400,20,watts_strogatz,ces,10,3,17,0.053000
pop_n400_t20,pop,400,20,watts_strogatz,ces,10,3,18,0.053000
pop_n400_t20,pop,400,20,watts_strogatz,ces,10,3,19,0.050000
pop_n400_t20,pop,400,20,watts_strogatz,ces,10,3,20,0.048000
pop_n400_t20,pop,400,20,watts_strogatz,ces,10,4,1,0.144000
pop_n400_t20,pop,400,20,watts_strogatz,ces,10,4,2,0.102000
pop_n400_t20,pop,400,20,watts_strogatz,ces,10,4,3,0.091000
pop_n400_t20,pop,400,20,watts_strogatz,ces,10,4,4,0.086000
pop_n400_t20,pop,400,20,watts_strogatz,ces,10,4,5,0.080000
pop_n400_t20,pop,400,20,watts_strogatz,ces,10,4,6,0.076000
pop_n400_t20,pop,400,20,watts_strogatz,ces,10,4,7,0.074000
pop_n400_t20,pop,400,20,watts_strogatz,ces,10,4,8,0.071000
pop_n400_t20,pop,400,20,watts_strogatz,ces,10,4,9,0.069000
pop_n400_t20,pop,400,20,watts_strogatz,ces,10,4,10,0.066000
pop_n400_t20,pop,400,20,watts_strogatz,ces,10,4,11,0.064000
pop_n400_t20,pop,400,20,watts_strogatz,ces,10,4,12,0.061000
pop_n400_t20,pop,400,20,watts_strogatz,ces,10,4,13,0.060000
pop_n400_t20,pop,400,20,watts_strogatz,ces,10,4,14,0.058000
pop_n400_t20,pop,400,20,watts_strogatz,ces,10,4,15,0.056000
pop_n400_t20,pop,400,20,watts_strogatz,ces,10,4,16,0.054000
pop_n400_t20,pop,400,20,watts_strogatz,ces,10,4,17,0.053000
pop_n400_t20,pop,400,20,watts_strogatz,ces,10,4,18,0.051000
pop_n400_t20,pop,400,20,watts_strogatz,ces,10,4,19,0.050000
pop_n400_t20,pop,400,20,watts_strogatz,ces,10,4,20,0.048000
pop_n400_t20,pop,400,20,watts_strogatz,ces,10,5,1,0.157000
pop_n400_t20,pop,400,20,watts_strogatz,ces,10,5,2,0.102000
pop_n400_t20,pop,400,20,watts_strogatz,ces,10,5,3,0.091000
pop_n400_t20,pop,400,20,watts_strogatz,ces,10,5,4,0.085000
pop_n400_t20,pop,400,20,watts_strogatz,ces,10,5,5,0.081000
pop_n400_t20,pop,400,20,watts_strogatz,ces,10,5,6,0.078000
pop_n400_t20,pop,400,20,watts_strogatz,ces,10,5,7,0.073000
pop_n400_t20,pop,400,20,watts_strogatz,ces,10,5,8,0.070000
pop_n400_t20,pop,400,20,watts_strogatz,ces,10,5,9,0.068000
pop_n400_t20,pop,400,20,watts_strogatz,ces,10,5,10,0.066000
pop_n400_t20,pop,400,20,watts_strogatz,ces,10,5,11,0.064000
pop_n400_t20,pop,400,20,watts_strogatz,ces,10,5,12,0.064000
pop_n400_t20,pop,400,20,watts_strogatz,ces,10,5,13,0.062000
pop_n400_t20,pop,400,20,watts_strogatz,ces,10,5,14,0.058000
pop_n400_t20,pop,400,20,watts_strogatz,ces,10,5,15,0.056000
pop_n400_t20,pop,400,20,watts_strogatz,ces,10,5,16,0.054000
pop_n400_t20,pop,400,20,watts_strogatz,ces,10,5,17,0.053000
pop_n400_t20,pop,400,20,watts_strogatz,ces,10,5,18,0.051000
pop_n400_t20,pop,400,20,watts_strogatz,ces,10,5,19,0.050000
pop_n400_t20,pop,400,20,watts_strogatz,ces,10,5,20,0.047000
pop_n400_t20,pop,400,20,watts_strogatz,ces,10,6,1,0.144000
pop_n400_t20,pop,400,20,watts_strogatz,ces,10,6,2,0.101000
pop_n400_t20,pop,400,20,watts_strogatz,ces,10,6,3,0.091000
pop_n400_t20,pop,400,20,watts_strogatz,ces,10,6,4,0.088000
pop_n400_t20,pop,400,20,watts_strogatz,ces,10,6,5,0.080000
pop_n400_t20,pop,400,20,watts_strogatz,ces,10,6,6,0.076000
pop_n400_t20,pop,400,20,watts_strogatz,ces,10,6,7,0.074000
pop_n400_t20,pop,400,20,watts_strogatz,ces,10,6,8,0.071000
pop_n400_t20,pop,400,20,watts_strogatz,ces,10,6,9,0.068000
pop_n400_t20,pop,400,20,watts_strogatz,ces,10,6,10,0.065000
pop_n400_t20,pop,400,20,watts_strogatz,ces,10,6,11,0.063000
pop_n400_t20,pop,400,20,watts_strogatz,ces,10,6,12,0.062000
pop_n400_t20,pop,400,20,watts_strogatz,ces,10,6,13,0.060000
pop_n400_t20,pop,400,20,watts_strogatz,ces,10,6,14,0.058000
pop_n400_t20,pop,400,20,watts_strogatz,ces,10,6,15,0.054000
pop_n400_t20,pop,400,20,watts_strogatz,ces,10,6,16,0.052000
pop_n400_t20,pop,400,20,watts_strogatz,ces,10,6,17,0.052000
pop_n400_t20,pop,400,20,watts_strogatz,ces,10,6,18,0.048000
pop_n400_t20,pop,400,20,watts_strogatz,ces,10,6,19,0.048000
pop_n400_t20,pop,400,20,watts_strogatz,ces,10,6,20,0.047000
pop_n400_t20,pop,400,20,watts_strogatz,ces,10,7,1,0.141000
pop_n400_t20,pop,400,20,watts_strogatz,ces,10,7,2,0.101000
pop_n400_t20,pop,400,20,watts_strogatz,ces,10,7,3,0.089000
pop_n400_t20,pop,400,20,watts_strogatz,ces,10,7,4,0.082000
pop_n400_t20,pop,400,20,watts_strogatz,ces,10,7,5,0.077000
pop_n400_t20,pop,400,20,watts_strogatz,ces,10,7,6,0.072000
pop_n400_t20,pop,400,20,watts_strogatz,ces,10,7,7,0.070000
pop_n400_t20,pop,400,20,watts_strogatz,ces,10,7,8,0.069000
pop_n400_t20,pop,400,20,watts_strogatz,ces,10,7,9,0.067000
pop_n400_t20,pop,400,20,watts_strogatz,ces,10,7,10,0.063000
pop_n400_t20,pop,400,20,watts_strogatz,ces,10,7,11,0.063000
pop_n400_t20,pop,400,20,watts_strogatz,ces,10,7,12,0.060000
pop_n400_t20,pop,400,20,watts_strogatz,ces,10,7,13,0.058000
pop_n400_t20,pop,400,20,watts_strogatz,ces,10,7,14,0.056000
pop_n400_t20,pop,400,20,watts_strogatz,ces,10,7,15,0.055000
pop_n400_t20,pop,400,20,watts_strogatz,ces,10,7,16,0.054000
pop_n400_t20,pop,400,20,watts_strogatz,ces,10,7,17,0.052000
pop_n400_t20,pop,400,20,watts_strogatz,ces,10,7,18,0.050000
pop_n400_t20,pop,400,20,watts_strogatz,ces,10,7,19,0.050000
pop_n400_t20,pop,400,20,watts_strogatz,ces,10,7,20,0.049000
pop_n400_t20,pop,400,20,watts_strogatz,ces,10,8,1,0.144000
pop_n400_t20,pop,400,20,watts_strogatz,ces,10,8,2,0.102000
pop_n400_t20,pop,400,20,watts_strogatz,ces,10,8,3,0.090000
pop_n400_t20,pop,400,20,watts_strogatz,ces,10,8,4,0.082000
pop_n400_t20,pop,400,20,watts_strogatz,ces,10,8,5,0.080000
pop_n400_t20,pop,400,20,watts_strogatz,ces,10,8,6,0.071000
pop_n400_t20,pop,400,20,watts_strogatz,ces,10,8,7,0.072000
pop_n400_t20,pop,400,20,watts_strogatz,ces,10,8,8,0.069000
pop_n400_t20,pop,400,20,watts_strogatz,ces,10,8,9,0.066000
pop_n400_t20,pop,400,20,watts_strogatz,ces,10,8,10,0.062000
pop_n400_t20,pop,400,20,watts_strogatz,ces,10,8,11,0.061000
pop_n400_t20,pop,400,20,watts_strogatz,ces,10,8,12,0.060000
pop_n400_t20,pop,400,20,watts_strogatz,ces,10,8,13,0.058000
pop_n400_t20,pop,400,20,watts_strogatz,ces,10,8,14,0.056000
pop_n400_t20,pop,400,20,watts_strogatz,ces,10,8,15,0.054000
pop_n400_t20,pop,400,20,watts_strogatz,ces,10,8,16,0.052000
pop_n400_t20,pop,400,20,watts_strogatz,ces,10,8,17,0.052000
pop_n400_t20,pop,400,20,watts_strogatz,ces,10,8,18,0.049000
pop_n400_t20,pop,400,20,watts_strogatz,ces,10,8,19,0.048000
pop_n400_t20,pop,400,20,watts_strogatz,ces,10,8,20,0.047000
pop_n400_t20,pop,400,20,watts_strogatz,ces,10,9,1,0.141000
pop_n400_t20,pop,400,20,watts_strogatz,ces,10,9,2,0.098000
pop_n400_t20,pop,400,20,watts_strogatz,ces,10,9,3,0.087000
pop_n400_t20,pop,400,20,watts_strogatz,ces,10,9,4,0.081000
pop_n400_t20,pop,400,20,watts_strogatz,ces,10,9,5,0.077000
pop_n400_t20,pop,400,20,watts_strogatz,ces,10,9,6,0.075000
pop_n400_t20,pop,400,20,watts_strogatz,ces,10,9,7,0.071000
pop_n400_t20,pop,400,20,watts_strogatz,ces,10,9,8,0.069000
pop_n400_t20,pop,400,20,watts_strogatz,ces,10,9,9,0.066000
pop_n400_t20,pop,400,20,watts_strogatz,ces,10,9,10,0.064000
pop_n400_t20,pop,400,20,watts_strogatz,ces,10,9,11,0.061000
pop_n400_t20,pop,400,20,watts_strogatz,ces,10,9,12,0.060000
pop_n400_t20,pop,400,20,watts_strogatz,ces,10,9,13,0.059000
pop_n400_t20,pop,400,20,watts_strogatz,ces,10,9,14,0.055000
pop_n400_t20,pop,400,20,watts_strogatz,ces,10,9,15,0.054000
pop_n400_t20,pop,400,20,watts_strogatz,ces,10,9,16,0.053000
pop_n400_t20,pop,400,20,watts_strogatz,ces,10,9,17,0.052000
pop_n400_t20,pop,400,20,watts_strogatz,ces,10,9,18,0.049000
pop_n400_t20,pop,400,20,watts_strogatz,ces,10,9,19,0.048000
pop_n400_t20,pop,400,20,watts_strogatz,ces,10,9,20,0.046000
pop_n400_t50,pop,400,50,watts_strogatz,ces,10,2,1,0.148000
pop_n400_t50,pop,400,50,watts_strogatz,ces,10,2,2,0.102000
pop_n400_t50,pop,400,50,watts_strogatz,ces,10,2,3,0.091000
pop_n400_t50,pop,400,50,watts_strogatz,ces,10,2,4,0.084000
pop_n400_t50,pop,400,50,watts_strogatz,ces,10,2,5,0.082000
pop_n400_t50,pop,400,50,watts_strogatz,ces,10,2,6,0.076000
pop_n400_t50,pop,400,50,watts_strogatz,ces,10,2,7,0.073000
pop_n400_t50,pop,400,50,watts_strogatz,ces,10,2,8,0.071000
pop_n400_t50,pop,400,50,watts_strogatz,ces,10,2,9,0.068000
pop_n400_t50,pop,400,50,watts_strogatz,ces,10,2,10,0.065000
pop_n400_t50,pop,400,50,watts_strogatz,ces,10,2,11,0.065000
pop_n400_t50,pop,400,50,watts_strogatz,ces,10,2,12,0.061000
pop_n400_t50,pop,400,50,watts_strogatz,ces,10,2,13,0.059000
pop_n400_t50,pop,400,50,watts_strogatz,ces,10,2,14,0.058000
pop_n400_t50,pop,400,50,watts_strogatz,ces,10,2,15,0.056000
pop_n400_t50,pop,400,50,watts_strogatz,ces,10,2,16,0.054000
pop_n400_t50,pop,400,50,watts_strogatz,ces,10,2,17,0.053000
pop_n400_t50,pop,400,50,watts_strogatz,ces,10,2,18,0.052000
pop_n400_t50,pop,400,50,watts_strogatz,ces,10,2,19,0.050000
pop_n400_t50,pop,400,50,watts_strogatz,ces,10,2,20,0.047000
pop_n400_t50,pop,400,50,watts_strogatz,ces,10,2,21,0.046000
pop_n400_t50,pop,400,50,watts_strogatz,ces,10,2,22,0.046000
pop_n400_t50,pop,400,50,watts_strogatz,ces,10,2,23,0.044000
pop_n400_t50,pop,400,50,watts_strogatz,ces,10,2,24,0.044000
pop_n400_t50,pop,400,50,watts_strogatz,ces,10,2,25,0.042000
pop_n400_t50,pop,400,50,watts_strogatz,ces,10,2,26,0.042000
pop_n400_t50,pop,400,50,watts_strogatz,ces,10,2,27,0.040000
pop_n400_t50,pop,400,50,watts_strogatz,ces,10,2,28,0.039000
pop_n400_t50,pop,400,50,watts_strogatz,ces,10,2,29,0.039000
pop_n400_t50,pop,400,50,watts_strogatz,ces,10,2,30,0.037000
pop_n400_t50,pop,400,50,watts_strogatz,ces,10,2,31,0.037000
pop_n400_t50,pop,400,50,watts_strogatz,ces,10,2,32,0.035000
pop_n400_t50,pop,400,50,watts_strogatz,ces,10,2,33,0.035000
pop_n400_t50,pop,400,50,watts_strogatz,ces,10,2,34,0.034000
pop_n400_t50,pop,400,50,watts_strogatz,ces,10,2,35,0.033000
pop_n400_t50,pop,400,50,watts_strogatz,ces,10,2,36,0.034000
pop_n400_t50,pop,400,50,watts_strogatz,ces,10,2,37,0.032000
pop_n400_t50,pop,400,50,watts_strogatz,ces,10,2,38,0.031000
pop_n400_t50,pop,400,50,watts_strogatz,ces,10,2,39,0.031000
pop_n400_t50,pop,400,50,watts_strogatz,ces,10,2,40,0.031000
pop_n400_t50,pop,400,50,watts_strogatz,ces,10,2,41,0.030000
pop_n400_t50,pop,400,50,watts_strogatz,ces,10,2,42,0.029000
pop_n400_t50,pop,400,50,watts_strogatz,ces,10,2,43,0.031000
pop_n400_t50,pop,400,50,watts_strogatz,ces,10,2,44,0.028000
pop_n400_t50,pop,400,50,watts_strogatz,ces,10,2,45,0.028000
pop_n400_t50,pop,400,50,watts_strogatz,ces,10,2,46,0.027000
pop_n400_t50,pop,400,50,watts_strogatz,ces,10,2,47,0.027000
pop_n400_t50,pop,400,50,watts_strogatz,ces,10,2,48,0.027000
pop_n400_t50,pop,400,50,watts_strogatz,ces,10,2,49,0.026000
pop_n400_t50,pop,400,50,watts_strogatz,ces,10,2,50,0.025000
pop_n400_t50,pop,400,50,watts_strogatz,ces,10,3,1,0.143000
pop_n400_t50,pop,400,50,watts_strogatz,ces,10,3,2,0.101000
pop_n400_t50,pop,400,50,watts_strogatz,ces,10,3,3,0.087000
pop_n400_t50,pop,400,50,watts_strogatz,ces,10,3,4,0.084000
pop_n400_t50,pop,400,50,watts_strogatz,ces,10,3,5,0.078000
pop_n400_t50,pop,400,50,watts_strogatz,ces,10,3,6,0.075000
pop_n400_t50,pop,400,50,watts_strogatz,ces,10,3,7,0.071000
pop_n400_t50,pop,400,50,watts_strogatz,ces,10,3,8,0.072000
pop_n400_t50,pop,400,50,watts_strogatz,ces,10,3,9,0.067000
pop_n400_t50,pop,400,50,watts_strogatz,ces,10,3,10,0.064000
pop_n400_t50,pop,400,50,watts_strogatz,ces,10,3,11,0.065000
pop_n400_t50,pop,400,50,watts_strogatz,ces,10,3,12,0.059000
pop_n400_t50,pop,400,50,watts_strogatz,ces,10,3,13,0.058000
pop_n400_t50,pop,400,50,watts_strogatz,ces,10,3,14,0.057000
pop_n400_t50,pop,400,50,watts_strogatz,ces,10,3,15,0.054000
pop_n400_t50,pop,400,50,watts_strogatz,ces,10,3,16,0.054000
pop_n400_t50,pop,400,50,watts_strogatz,ces,10,3,17,0.052000
pop_n400_t50,pop,400,50,watts_strogatz,ces,10,3,18,0.052000
pop_n400_t50,pop,400,50,watts_strogatz,ces,10,3,19,0.048000
pop_n400_t50,pop,400,50,watts_strogatz,ces,10,3,20,0.054000
pop_n400_t50,pop,400,50,watts_strogatz,ces,10,3,21,0.046000
pop_n400_t50,pop,400,50,watts_strogatz,ces,10,3,22,0.044000
pop_n400_t50,pop,400,50,watts_strogatz,ces,10,3,23,0.044000
pop_n400_t50,pop,400,50,watts_strogatz,ces,10,3,24,0.042000
pop_n400_t50,pop,400,50,watts_strogatz,ces,10,3,25,0.042000
pop_n400_t50,pop,400,50,watts_strogatz,ces,10,3,26,0.040000
pop_n400_t50,pop,400,50,watts_strogatz,ces,10,3,27,0.039000
pop_n400_t50,pop,400,50,watts_strogatz,ces,10,3,28,0.040000
pop_n400_t50,pop,400,50,watts_strogatz,ces,10,3,29,0.037000
pop_n400_t50,pop,400,50,watts_strogatz,ces,10,3,30,0.037000
pop_n400_t50,pop,400,50,watts_strogatz,ces,10,3,31,0.036000
pop_n400_t50,pop,400,50,watts_strogatz,ces,10,3,32,0.036000
pop_n400_t50,pop,400,50,watts_strogatz,ces,10,3,33,0.035000
pop_n400_t50,pop,400,50,watts_strogatz,ces,10,3,34,0.034000
pop_n400_t50,pop,400,50,watts_strogatz,ces,10,3,35,0.034000
pop_n400_t50,pop,400,50,watts_strogatz,ces,10,3,36,0.032000
pop_n400_t50,pop,400,50,watts_strogatz,ces,10,3,37,0.032000
pop_n400_t50,pop,400,50,watts_strogatz,ces,10,3,38,0.031000
pop_n400_t50,pop,400,50,watts_strogatz,ces,10,3,39,0.031000
pop_n400_t50,pop,400,50,watts_strogatz,ces,10,3,40,0.031000
pop_n400_t50,pop,400,50,watts_strogatz,ces,10,3,41,0.031000
pop_n400_t50,pop,400,50,watts_strogatz,ces,10,3,42,0.029000
pop_n400_t50,pop,400,50,watts_strogatz,ces,10,3,43,0.029000
pop_n400_t50,pop,400,50,watts_strogatz,ces,10,3,44,0.028000
pop_n400_t50,pop,400,50,watts_strogatz,ces,10,3,45,0.029000
pop_n400_t50,pop,400,50,watts_strogatz,ces,10,3,46,0.026000
pop_n400_t50,pop,400,50,watts_strogatz,ces,10,3,47,0.027000
pop_n400_t50,pop,400,50,watts_strogatz,ces,10,3,48,0.026000
pop_n400_t50,pop,400,50,watts_strogatz,ces,10,3,49,0.026000
pop_n400_t50,pop,400,50,watts_strogatz,ces,10,3,50,0.026000
pop_n400_t50,pop,400,50,watts_strogatz,ces,10,4,1,0.142000
pop_n400_t50,pop,400,50,watts_strogatz,ces,10,4,2,0.100000
pop_n400_t50,pop,400,50,watts_strogatz,ces,10,4,3,0.089000
pop_n400_t50,pop,400,50,watts_strogatz,ces,10,4,4,0.083000
pop_n400_t50,pop,400,50,watts_strogatz,ces,10,4,5,0.078000
pop_n400_t50,pop,400,50,watts_strogatz,ces,10,4,6,0.075000
pop_n400_t50,pop,400,50,watts_strogatz,ces,10,4,7,0.071000
pop_n400_t50,pop,400,50,watts_strogatz,ces,10,4,8,0.069000
pop_n400_t50,pop,400,50,watts_strogatz,ces,10,4,9,0.067000
pop_n400_t50,pop,400,50,watts_strogatz,ces,10,4,10,0.065000
pop_n400_t50,pop,400,50,watts_strogatz,ces,10,4,11,0.063000
pop_n400_t50,pop,400,50,watts_strogatz,ces,10,4,12,0.060000
pop_n400_t50,pop,400,50,watts_strogatz,ces,10,4,13,0.056000
pop_n400_t50,pop,400,50,watts_strogatz,ces,10,4,14,0.055000
pop_n400_t50,pop,400,50,watts_strogatz,ces,10,4,15,0.054000
pop_n400_t50,pop,400,50,watts_strogatz,ces,10,4,16,0.052000
pop_n400_t50,pop,400,50,watts_strogatz,ces,10,4,17,0.052000
pop_n400_t50,pop,400,50,watts_strogatz,ces,10,4,18,0.049000
pop_n400_t50,pop,400,50,watts_strogatz,ces,10,4,19,0.049000
pop_n400_t50,pop,400,50,watts_strogatz,ces,10,4,20,0.046000
pop_n400_t50,pop,400,50,watts_strogatz,ces,10,4,21,0.046000
pop_n400_t50,pop,400,50,watts_strogatz,ces,10,4,22,0.045000
pop_n400_t50,pop,400,50,watts_strogatz,ces,10,4,23,0.043000
pop_n400_t50,pop,400,50,watts_strogatz,ces,10,4,24,0.042000
pop_n400_t50,pop,400,50,watts_strogatz,ces,10,4,25,0.040000
pop_n400_t50,pop,400,50,watts_strogatz,ces,10,4,26,0.041000
pop_n400_t50,pop,400,50,watts_strogatz,ces,10,4,27,0.039000
pop_n400_t50,pop,400,50,watts_strogatz,ces,10,4,28,0.038000
pop_n400_t50,pop,400,50,watts_strogatz,ces,10,4,29,0.038000
pop_n400_t50,pop,400,50,watts_strogatz,ces,10,4,30,0.036000
pop_n400_t50,pop,400,50,watts_strogatz,ces,10,4,31,0.037000
pop_n400_t50,pop,400,50,watts_strogatz,ces,10,4,32,0.035000
pop_n400_t50,pop,400,50,watts_strogatz,ces,10,4,33,0.035000
pop_n400_t50,pop,400,50,watts_strogatz,ces,10,4,34,0.034000
pop_n400_t50,pop,400,50,watts_strogatz,ces,10,4,35,0.033000
pop_n400_t50,pop,400,50,watts_strogatz,ces,10,4,36,0.032000
pop_n400_t50,pop,400,50,watts_strogatz,ces,10,4,37,0.031000
pop_n400_t50,pop,400,50,watts_strogatz,ces,10,4,38,0.031000
pop_n400_t50,pop,400,50,watts_strogatz,ces,10,4,39,0.030000
pop_n400_t50,pop,400,50,watts_strogatz,ces,10,4,40,0.031000
pop_n400_t50,pop,400,50,watts_strogatz,ces,10,4,41,0.029000
pop_n400_t50,pop,400,50,watts_strogatz,ces,10,4,42,0.029000
pop_n400_t50,pop,400,50,watts_strogatz,ces,10,4,43,0.028000
pop_n400_t50,pop,400,50,watts_strogatz,ces,10,4,44,0.028000
pop_n400_t50,pop,400,50,watts_strogatz,ces,10,4,45,0.027000
pop_n400_t50,pop,400,50,watts_strogatz,ces,10,4,46,0.027000
pop_n400_t50,pop,400,50,watts_strogatz,ces,10,4,47,0.027000
pop_n400_t50,pop,400,50,watts_strogatz,ces,10,4,48,0.026000
pop_n400_t50,pop,400,50,watts_strogatz,ces,10,4,49,0.026000
pop_n400_t50,pop,400,50,watts_strogatz,ces,10,4,50,0.025000
pop_n400_t50,pop,400,50,watts_strogatz,ces,10,5,1,0.151000
pop_n400_t50,pop,400,50,watts_strogatz,ces,10,5,2,0.099000
pop_n400_t50,pop,400,50,watts_strogatz,ces,10,5,3,0.089000
pop_n400_t50,pop,400,50,watts_strogatz,ces,10,5,4,0.081000
pop_n400_t50,pop,400,50,watts_strogatz,ces,10,5,5,0.077000
pop_n400_t50,pop,400,50,watts_strogatz,ces,10,5,6,0.075000
pop_n400_t50,pop,400,50,watts_strogatz,ces,10,5,7,0.071000
pop_n400_t50,pop,400,50,watts_strogatz,ces,10,5,8,0.069000
pop_n400_t50,pop,400,50,watts_strogatz,ces,10,5,9,0.067000
pop_n400_t50,pop,400,50,watts_strogatz,ces,10,5,10,0.062000
pop_n400_t50,pop,400,50,watts_strogatz,ces,10,5,11,0.061000
pop_n400_t50,pop,400,50,watts_strogatz,ces,10,5,12,0.059000
pop_n400_t50,pop,400,50,watts_strogatz,ces,10,5,13,0.057000
pop_n400_t50,pop,400,50,watts_strogatz,ces,10,5,14,0.056000
pop_n400_t50,pop,400,50,watts_strogatz,ces,10,5,15,0.055000
pop_n400_t50,pop,400,50,watts_strogatz,ces,10,5,16,0.053000
pop_n400_t50,pop,400,50,watts_strogatz,ces,10,5,17,0.053000
pop_n400_t50,pop,400,50,watts_strogatz,ces,10,5,18,0.051000
pop_n400_t50,pop,400,50,watts_strogatz,ces,10,5,19,0.047000
pop_n400_t50,pop,400,50,watts_strogatz,ces,10,5,20,0.047000
pop_n400_t50,pop,400,50,watts_strogatz,ces,10,5,21,0.045000
pop_n400_t50,pop,400,50,watts_strogatz,ces,10,5,22,0.045000
pop_n400_t50,pop,400,50,watts_strogatz,ces,10,5,23,0.043000
pop_n400_t50,pop,400,50,watts_strogatz,ces,10,5,24,0.044000
pop_n400_t50,pop,400,50,watts_strogatz,ces,10,5,25,0.041000
pop_n400_t50,pop,400,50,watts_strogatz,ces,10,5,26,0.041000
pop_n400_t50,pop,400,50,watts_strogatz,ces,10,5,27,0.041000
pop_n400_t50,pop,400,50,watts_strogatz,ces,10,5,28,0.039000
pop_n400_t50,pop,400,50,watts_strogatz,ces,10,5,29,0.039000
pop_n400_t50,pop,400,50,watts_strogatz,ces,10,5,30,0.037000
pop_n400_t50,pop,400,50,watts_strogatz,ces,10,5,31,0.036000
pop_n400_t50,pop,400,50,watts_strogatz,ces,10,5,32,0.036000
pop_n400_t50,pop,400,50,watts_strogatz,ces,10,5,33,0.035000
pop_n400_t50,pop,400,50,watts_strogatz,ces,10,5,34,0.034000
pop_n400_t50,pop,400,50,watts_strogatz,ces,10,5,35,0.033000
pop_n400_t50,pop,400,50,watts_strogatz,ces,10,5,36,0.033000
pop_n400_t50,pop,400,50,watts_strogatz,ces,10,5,37,0.030000
pop_n400_t50,pop,400,50,watts_strogatz,ces,10,5,38,0.031000
pop_n400_t50,pop,400,50,watts_strogatz,ces,10,5,39,0.030000
pop_n400_t50,pop,400,50,watts_strogatz,ces,10,5,40,0.029000
pop_n400_t50,pop,400,50,watts_strogatz,ces,10,5,41,0.028000
pop_n400_t50,pop,400,50,watts_strogatz,ces,10,5,42,0.031000
pop_n400_t50,pop,400,50,watts_strogatz,ces,10,5,43,0.032000
pop_n400_t50,pop,400,50,watts_strogatz,ces,10,5,44,0.030000
pop_n400_t50,pop,400,50,watts_strogatz,ces,10,5,45,0.028000
pop_n400_t50,pop,400,50,watts_strogatz,ces,10,5,46,0.027000
pop_n400_t50,pop,400,50,watts_strogatz,ces,10,5,47,0.027000
pop_n400_t50,pop,400,50,watts_strogatz,ces,10,5,48,0.026000
pop_n400_t50,pop,400,50,watts_strogatz,ces,10,5,49,0.026000
pop_n400_t50,pop,400,50,watts_strogatz,ces,10,5,50,0.025000
pop_n400_t50,pop,400,50,watts_strogatz,ces,10,6,1,0.146000
pop_n400_t50,pop,400,50,watts_strogatz,ces,10,6,2,0.101000
pop_n400_t50,pop,400,50,watts_strogatz,ces,10,6,3,0.091000
pop_n400_t50,pop,400,50,watts_strogatz,ces,10,6,4,0.083000
pop_n400_t50,pop,400,50,watts_strogatz,ces,10,6,5,0.079000
pop_n400_t50,pop,400,50,watts_strogatz,ces,10,6,6,0.077000
pop_n400_t50,pop,400,50,watts_strogatz,ces,10,6,7,0.072000
pop_n400_t50,pop,400,50,watts_strogatz,ces,10,6,8,0.070000
pop_n400_t50,pop,400,50,watts_strogatz,ces,10,6,9,0.068000
pop_n400_t50,pop,400,50,watts_strogatz,ces,10,6,10,0.066000
pop_n400_t50,pop,400,50,watts_strogatz,ces,10,6,11,0.062000
pop_n400_t50,pop,400,50,watts_strogatz,ces,10,6,12,0.061000
pop_n400_t50,pop,400,50,watts_strogatz,ces,10,6,13,0.059000
pop_n400_t50,pop,400,50,watts_strogatz,ces,10,6,14,0.057000
pop_n400_t50,pop,400,50,watts_strogatz,ces,10,6,15,0.055000
pop_n400_t50,pop,400,50,watts_strogatz,ces,10,6,16,0.054000
pop_n400_t50,pop,400,50,watts_strogatz,ces,10,6,17,0.053000
pop_n400_t50,pop,400,50,watts_strogatz,ces,10,6,18,0.051000
pop_n400_t50,pop,400,50,watts_strogatz,ces,10,6,19,0.049000
pop_n400_t50,pop,400,50,watts_strogatz,ces,10,6,20,0.049000
pop_n400_t50,pop,400,50,watts_strogatz,ces,10,6,21,0.047000
pop_n400_t50,pop,400,50,watts_strogatz,ces,10,6,22,0.045000
pop_n400_t50,pop,400,50,watts_strogatz,ces,10,6,23,0.046000
pop_n400_t50,pop,400,50,watts_strogatz,ces,10,6,24,0.043000
pop_n400_t50,pop,400,50,watts_strogatz,ces,10,6,25,0.043000
pop_n400_t50,pop,400,50,watts_strogatz,ces,10,6,26,0.042000
pop_n400_t50,pop,400,50,watts_strogatz,ces,10,6,27,0.040000
pop_n400_t50,pop,400,50,watts_strogatz,ces,10,6,28,0.039000
pop_n400_t50,pop,400,50,watts_strogatz,ces,10,6,29,0.038000
pop_n400_t50,pop,400,50,watts_strogatz,ces,10,6,30,0.039000
pop_n400_t50,pop,400,50,watts_strogatz,ces,10,6,31,0.037000
pop_n400_t50,pop,400,50,watts_strogatz,ces,10,6,32,0.036000
pop_n400_t50,pop,400,50,watts_strogatz,ces,10,6,33,0.035000
pop_n400_t50,pop,400,50,watts_strogatz,ces,10,6,34,0.035000
pop_n400_t50,pop,400,50,watts_strogatz,ces,10,6,35,0.033000
pop_n400_t50,pop,400,50,watts_strogatz,ces,10,6,36,0.033000
pop_n400_t50,pop,400,50,watts_strogatz,ces,10,6,37,0.033000
pop_n400_t50,pop,400,50,watts_strogatz,ces,10,6,38,0.032000
pop_n400_t50,pop,400,50,watts_strogatz,ces,10,6,39,0.031000
pop_n400_t50,pop,400,50,watts_strogatz,ces,10,6,40,0.031000
pop_n400_t50,pop,400,50,watts_strogatz,ces,10,6,41,0.030000
pop_n400_t50,pop,400,50,watts_strogatz,ces,10,6,42,0.030000
pop_n400_t50,pop,400,50,watts_strogatz,ces,10,6,43,0.029000
pop_n400_t50,pop,400,50,watts_strogatz,ces,10,6,44,0.029000
pop_n400_t50,pop,400,50,watts_strogatz,ces,10,6,45,0.028000
pop_n400_t50,pop,400,50,watts_strogatz,ces,10,6,46,0.027000
pop_n400_t50,pop,400,50,watts_strogatz,ces,10,6,47,0.027000
pop_n400_t50,pop,400,50,watts_strogatz,ces,10,6,48,0.027000
pop_n400_t50,pop,400,50,watts_strogatz,ces,10,6,49,0.026000
pop_n400_t50,pop,400,50,watts_strogatz,ces,10,6,50,0.026000
pop_n400_t50,pop,400,50,watts_strogatz,ces,10,7,1,0.144000
pop_n400_t50,pop,400,50,watts_strogatz,ces,10,7,2,0.101000
pop_n400_t50,pop,400,50,watts_strogatz,ces,10,7,3,0.091000
pop_n400_t50,pop,400,50,watts_strogatz,ces,10,7,4,0.084000
pop_n400_t50,pop,400,50,watts_strogatz,ces,10,7,5,0.080000
pop_n400_t50,pop,400,50,watts_strogatz,ces,10,7,6,0.076000
pop_n400_t50,pop,400,50,watts_strogatz,ces,10,7,7,0.073000
pop_n400_t50,pop,400,50,watts_strogatz,ces,10,7,8,0.071000
pop_n400_t50,pop,400,50,watts_strogatz,ces,10,7,9,0.067000
pop_n400_t50,pop,400,50,watts_strogatz,ces,10,7,10,0.065000
pop_n400_t50,pop,400,50,watts_strogatz,ces,10,7,11,0.063000
pop_n400_t50,pop,400,50,watts_strogatz,ces,10,7,12,0.061000
pop_n400_t50,pop,400,50,watts_strogatz,ces,10,7,13,0.060000
pop_n400_t50,pop,400,50,watts_strogatz,ces,10,7,14,0.057000
pop_n400_t50,pop,400,50,watts_strogatz,ces,10,7,15,0.056000
pop_n400_t50,pop,400,50,watts_strogatz,ces,10,7,16,0.054000
pop_n400_t50,pop,400,50,watts_strogatz,ces,10,7,17,0.052000
pop_n400_t50,pop,400,50,watts_strogatz,ces,10,7,18,0.051000
pop_n400_t50,pop,400,50,watts_strogatz,ces,10,7,19,0.051000
pop_n400_t50,pop,400,50,watts_strogatz,ces,10,7,20,0.048000
pop_n400_t50,pop,400,50,watts_strogatz,ces,10,7,21,0.047000
pop_n400_t50,pop,400,50,watts_strogatz,ces,10,7,22,0.047000
pop_n400_t50,pop,400,50,watts_strogatz,ces,10,7,23,0.044000
pop_n400_t50,pop,400,50,watts_strogatz,ces,10,7,24,0.044000
pop_n400_t50,pop,400,50,watts_strogatz,ces,10,7,25,0.043000
pop_n400_t50,pop,400,50,watts_strogatz,ces,10,7,26,0.042000
pop_n400_t50,pop,400,50,watts_strogatz,ces,10,7,27,0.040000
pop_n400_t50,pop,400,50,watts_strogatz,ces,10,7,28,0.039000
pop_n400_t50,pop,400,50,watts_strogatz,ces,10,7,29,0.039000
pop_n400_t50,pop,400,50,watts_strogatz,ces,10,7,30,0.038000
pop_n400_t50,pop,400,50,watts_strogatz,ces,10,7,31,0.036000
pop_n400_t50,pop,400,50,watts_strogatz,ces,10,7,32,0.036000
pop_n400_t50,pop,400,50,watts_strogatz,ces,10,7,33,0.037000
pop_n400_t50,pop,400,50,watts_strogatz,ces,10,7,34,0.035000
pop_n400_t50,pop,400,50,watts_strogatz,ces,10,7,35,0.034000
pop_n400_t50,pop,400,50,watts_strogatz,ces,10,7,36,0.034000
pop_n400_t50,pop,400,50,watts_strogatz,ces,10,7,37,0.032000
pop_n400_t50,pop,400,50,watts_strogatz,ces,10,7,38,0.032000
pop_n400_t50,pop,400,50,watts_strogatz,ces,10,7,39,0.031000
pop_n400_t50,pop,400,50,watts_strogatz,ces,10,7,40,0.031000
pop_n400_t50,pop,400,50,watts_strogatz,ces,10,7,41,0.031000
pop_n400_t50,pop,400,50,watts_strogatz,ces,10,7,42,0.029000
pop_n400_t50,pop,400,50,watts_strogatz,ces,10,7,43,0.030000
pop_n400_t50,pop,400,50,watts_strogatz,ces,10,7,44,0.028000
pop_n400_t50,pop,400,50,watts_strogatz,ces,10,7,45,0.028000
pop_n400_t50,pop,400,50,watts_strogatz,ces,10,7,46,0.028000
pop_n400_t50,pop,400,50,watts_strogatz,ces,10,7,47,0.028000
pop_n400_t50,pop,400,50,watts_strogatz,ces,10,7,48,0.027000
pop_n400_t50,pop,400,50,watts_strogatz,ces,10,7,49,0.026000
pop_n400_t50,pop,400,50,watts_strogatz,ces,10,7,50,0.025000
pop_n400_t50,pop,400,50,watts_strogatz,ces,10,8,1,0.145000
pop_n400_t50,pop,400,50,watts_strogatz,ces,10,8,2,0.102000
pop_n400_t50,pop,400,50,watts_strogatz,ces,10,8,3,0.090000
pop_n400_t50,pop,400,50,watts_strogatz,ces,10,8,4,0.081000
pop_n400_t50,pop,400,50,watts_strogatz,ces,10,8,5,0.077000
pop_n400_t50,pop,400,50,watts_strogatz,ces,10,8,6,0.076000
pop_n400_t50,pop,400,50,watts_strogatz,ces,10,8,7,0.074000
pop_n400_t50,pop,400,50,watts_strogatz,ces,10,8,8,0.067000
pop_n400_t50,pop,400,50,watts_strogatz,ces,10,8,9,0.066000
pop_n400_t50,pop,400,50,watts_strogatz,ces,10,8,10,0.063000
pop_n400_t50,pop,400,50,watts_strogatz,ces,10,8,11,0.062000
pop_n400_t50,pop,400,50,watts_strogatz,ces,10,8,12,0.059000
pop_n400_t50,pop,400,50,watts_strogatz,ces,10,8,13,0.058000
pop_n400_t50,pop,400,50,watts_strogatz,ces,10,8,14,0.057000
pop_n400_t50,pop,400,50,watts_strogatz,ces,10,8,15,0.055000
pop_n400_t50,pop,400,50,watts_strogatz,ces,10,8,16,0.055000
pop_n400_t50,pop,400,50,watts_strogatz,ces,10,8,17,0.055000
pop_n400_t50,pop,400,50,watts_strogatz,ces,10,8,18,0.050000
pop_n400_t50,pop,400,50,watts_strogatz,ces,10,8,19,0.048000
pop_n400_t50,pop,400,50,watts_strogatz,ces,10,8,20,0.047000
pop_n400_t50,pop,400,50,watts_strogatz,ces,10,8,21,0.046000
pop_n400_t50,pop,400,50,watts_strogatz,ces,10,8,22,0.044000
pop_n400_t50,pop,400,50,watts_strogatz,ces,10,8,23,0.044000
pop_n400_t50,pop,400,50,watts_strogatz,ces,10,8,24,0.042000
pop_n400_t50,pop,400,50,watts_strogatz,ces,10,8,25,0.042000
pop_n400_t50,pop,400,50,watts_strogatz,ces,10,8,26,0.040000
pop_n400_t50,pop,400,50,watts_strogatz,ces,10,8,27,0.039000
pop_n400_t50,pop,400,50,watts_strogatz,ces,10,8,28,0.039000
pop_n400_t50,pop,400,50,watts_strogatz,ces,10,8,29,0.037000
pop_n400_t50,pop,400,50,watts_strogatz,ces,10,8,30,0.036000
pop_n400_t50,pop,400,50,watts_strogatz,ces,10,8,31,0.036000
pop_n400_t50,pop,400,50,watts_strogatz,ces,10,8,32,0.034000
pop_n400_t50,pop,400,50,watts_strogatz,ces,10,8,33,0.035000
pop_n400_t50,pop,400,50,watts_strogatz,ces,10,8,34,0.034000
pop_n400_t50,pop,400,50,watts_strogatz,ces,10,8,35,0.036000
pop_n400_t50,pop,400,50,watts_strogatz,ces,10,8,36,0.032000
pop_n400_t50,pop,400,50,watts_strogatz,ces,10,8,37,0.032000
pop_n400_t50,pop,400,50,watts_strogatz,ces,10,8,38,0.032000
pop_n400_t50,pop,400,50,watts_strogatz,ces,10,8,39,0.030000
pop_n400_t50,pop,400,50,watts_strogatz,ces,10,8,40,0.030000
pop_n400_t50,pop,400,50,watts_strogatz,ces,10,8,41,0.030000
pop_n400_t50,pop,400,50,watts_strogatz,ces,10,8,42,0.028000
pop_n400_t50,pop,400,50,watts_strogatz,ces,10,8,43,0.028000
pop_n400_t50,pop,400,50,watts_strogatz,ces,10,8,44,0.027000
pop_n400_t50,pop,400,50,watts_strogatz,ces,10,8,45,0.028000
pop_n400_t50,pop,400,50,watts_strogatz,ces,10,8,46,0.027000
pop_n400_t50,pop,400,50,watts_strogatz,ces,10,8,47,0.026000
pop_n400_t50,pop,400,50,watts_strogatz,ces,10,8,48,0.026000
pop_n400_t50,pop,400,50,watts_strogatz,ces,10,8,49,0.025000
pop_n400_t50,pop,400,50,watts_strogatz,ces,10,8,50,0.026000
pop_n400_t50,pop,400,50,watts_strogatz,ces,10,9,1,0.144000
pop_n400_t50,pop,400,50,watts_strogatz,ces,10,9,2,0.101000
pop_n400_t50,pop,400,50,watts_strogatz,ces,10,9,3,0.088000
pop_n400_t50,pop,400,50,watts_strogatz,ces,10,9,4,0.083000
pop_n400_t50,pop,400,50,watts_strogatz,ces,10,9,5,0.079000
pop_n400_t50,pop,400,50,watts_strogatz,ces,10,9,6,0.074000
pop_n400_t50,pop,400,50,watts_strogatz,ces,10,9,7,0.072000
pop_n400_t50,pop,400,50,watts_strogatz,ces,10,9,8,0.071000
pop_n400_t50,pop,400,50,watts_strogatz,ces,10,9,9,0.066000
pop_n400_t50,pop,400,50,watts_strogatz,ces,10,9,10,0.064000
pop_n400_t50,pop,400,50,watts_strogatz,ces,10,9,11,0.061000
pop_n400_t50,pop,400,50,watts_strogatz,ces,10,9,12,0.060000
pop_n400_t50,pop,400,50,watts_strogatz,ces,10,9,13,0.058000
pop_n400_t50,pop,400,50,watts_strogatz,ces,10,9,14,0.055000
pop_n400_t50,pop,400,50,watts_strogatz,ces,10,9,15,0.054000
pop_n400_t50,pop,400,50,watts_strogatz,ces,10,9,16,0.053000
pop_n400_t50,pop,400,50,watts_strogatz,ces,10,9,17,0.052000
pop_n400_t50,pop,400,50,watts_strogatz,ces,10,9,18,0.050000
pop_n400_t50,pop,400,50,watts_strogatz,ces,10,9,19,0.047000
pop_n400_t50,pop,400,50,watts_strogatz,ces,10,9,20,0.047000
pop_n400_t50,pop,400,50,watts_strogatz,ces,10,9,21,0.045000
pop_n400_t50,pop,400,50,watts_strogatz,ces,10,9,22,0.046000
pop_n400_t50,pop,400,50,watts_strogatz,ces,10,9,23,0.043000
pop_n400_t50,pop,400,50,watts_strogatz,ces,10,9,24,0.042000
pop_n400_t50,pop,400,50,watts_strogatz,ces,10,9,25,0.041000
pop_n400_t50,pop,400,50,watts_strogatz,ces,10,9,26,0.040000
pop_n400_t50,pop,400,50,watts_strogatz,ces,10,9,27,0.041000
pop_n400_t50,pop,400,50,watts_strogatz,ces,10,9,28,0.038000
pop_n400_t50,pop,400,50,watts_strogatz,ces,10,9,29,0.037000
pop_n400_t50,pop,400,50,watts_strogatz,ces,10,9,30,0.037000
pop_n400_t50,pop,400,50,watts_strogatz,ces,10,9,31,0.036000
pop_n400_t50,pop,400,50,watts_strogatz,ces,10,9,32,0.035000
pop_n400_t50,pop,400,50,watts_strogatz,ces,10,9,33,0.034000
pop_n400_t50,pop,400,50,watts_strogatz,ces,10,9,34,0.034000
pop_n400_t50,pop,400,50,watts_strogatz,ces,10,9,35,0.033000
pop_n400_t50,pop,400,50,watts_strogatz,ces,10,9,36,0.032000
pop_n400_t50,pop,400,50,watts_strogatz,ces,10,9,37,0.032000
pop_n400_t50,pop,400,50,watts_strogatz,ces,10,9,38,0.031000
pop_n400_t50,pop,400,50,watts_strogatz,ces,10,9,39,0.030000
pop_n400_t50,pop,400,50,watts_strogatz,ces,10,9,40,0.030000
pop_n400_t50,pop,400,50,watts_strogatz,ces,10,9,41,0.030000
pop_n400_t50,pop,400,50,watts_strogatz,ces,10,9,42,0.030000
pop_n400_t50,pop,400,50,watts_strogatz,ces,10,9,43,0.028000
pop_n400_t50,pop,400,50,watts_strogatz,ces,10,9,44,0.028000
pop_n400_t50,pop,400,50,watts_strogatz,ces,10,9,45,0.027000
pop_n400_t50,pop,400,50,watts_strogatz,ces,10,9,46,0.027000
pop_n400_t50,pop,400,50,watts_strogatz,ces,10,9,47,0.027000
pop_n400_t50,pop,400,50,watts_strogatz,ces,10,9,48,0.026000
pop_n400_t50,pop,400,50,watts_strogatz,ces,10,9,49,0.026000
pop_n400_t50,pop,400,50,watts_strogatz,ces,10,9,50,0.025000
pop_n800_t1,pop,800,1,watts_strogatz,ces,10,2,1,0.359000
pop_n800_t1,pop,800,1,watts_strogatz,ces,10,3,1,0.329000
pop_n800_t1,pop,800,1,watts_strogatz,ces,10,4,1,0.343000
pop_n800_t1,pop,800,1,watts_strogatz,ces,10,5,1,0.316000
pop_n800_t1,pop,800,1,watts_strogatz,ces,10,6,1,0.310000
pop_n800_t1,pop,800,1,watts_strogatz,ces,10,7,1,0.324000
pop_n800_t1,pop,800,1,watts_strogatz,ces,10,8,1,0.313000
pop_n800_t1,pop,800,1,watts_strogatz,ces,10,9,1,0.310000
pop_n800_t5,pop,800,5,watts_strogatz,ces,10,2,1,0.324000
pop_n800_t5,pop,800,5,watts_strogatz,ces,10,2,2,0.217000
pop_n800_t5,pop,800,5,watts_strogatz,ces,10,2,3,0.191000
pop_n800_t5,pop,800,5,watts_strogatz,ces,10,2,4,0.195000
pop_n800_t5,pop,800,5,watts_strogatz,ces,10,2,5,0.172000
pop_n800_t5,pop,800,5,watts_strogatz,ces,10,3,1,0.315000
pop_n800_t5,pop,800,5,watts_strogatz,ces,10,3,2,0.212000
pop_n800_t5,pop,800,5,watts_strogatz,ces,10,3,3,0.191000
pop_n800_t5,pop,800,5,watts_strogatz,ces,10,3,4,0.176000
pop_n800_t5,pop,800,5,watts_strogatz,ces,10,3,5,0.219000
pop_n800_t5,pop,800,5,watts_strogatz,ces,10,4,1,0.304000
pop_n800_t5,pop,800,5,watts_strogatz,ces,10,4,2,0.209000
pop_n800_t5,pop,800,5,watts_strogatz,ces,10,4,3,0.187000
pop_n800_t5,pop,800,5,watts_strogatz,ces,10,4,4,0.179000
pop_n800_t5,pop,800,5,watts_strogatz,ces,10,4,5,0.171000
pop_n800_t5,pop,800,5,watts_strogatz,ces,10,5,1,0.305000
pop_n800_t5,pop,800,5,watts_strogatz,ces,10,5,2,0.212000
pop_n800_t5,pop,800,5,watts_strogatz,ces,10,5,3,0.186000
pop_n800_t5,pop,800,5,watts_strogatz,ces,10,5,4,0.178000
pop_n800_t5,pop,800,5,watts_strogatz,ces,10,5,5,0.165000
pop_n800_t5,pop,800,5,watts_strogatz,ces,10,6,1,0.302000
pop_n800_t5,pop,800,5,watts_strogatz,ces,10,6,2,0.216000
pop_n800_t5,pop,800,5,watts_strogatz,ces,10,6,3,0.189000
pop_n800_t5,pop,800,5,watts_strogatz,ces,10,6,4,0.176000
pop_n800_t5,pop,800,5,watts_strogatz,ces,10,6,5,0.169000
pop_n800_t5,pop,800,5,watts_strogatz,ces,10,7,1,0.298000
pop_n800_t5,pop,800,5,watts_strogatz,ces,10,7,2,0.208000
pop_n800_t5,pop,800,5,watts_strogatz,ces,10,7,3,0.241000
pop_n800_t5,pop,800,5,watts_strogatz,ces,10,7,4,0.174000
pop_n800_t5,pop,800,5,watts_strogatz,ces,10,7,5,0.165000
pop_n800_t5,pop,800,5,watts_strogatz,ces,10,8,1,0.301000
pop_n800_t5,pop,800,5,watts_strogatz,ces,10,8,2,0.209000
pop_n800_t5,pop,800,5,watts_strogatz,ces,10,8,3,0.187000
pop_n800_t5,pop,800,5,watts_strogatz,ces,10,8,4,0.172000
pop_n800_t5,pop,800,5,watts_strogatz,ces,10,8,5,0.169000
pop_n800_t5,pop,800,5,watts_strogatz,ces,10,9,1,0.301000
pop_n800_t5,pop,800,5,watts_strogatz,ces,10,9,2,0.207000
pop_n800_t5,pop,800,5,watts_strogatz,ces,10,9,3,0.186000
pop_n800_t5,pop,800,5,watts_strogatz,ces,10,9,4,0.173000
pop_n800_t5,pop,800,5,watts_strogatz,ces,10,9,5,0.164000
pop_n800_t20,pop,800,20,watts_strogatz,ces,10,2,1,0.336000
pop_n800_t20,pop,800,20,watts_strogatz,ces,10,2,2,0.225000
pop_n800_t20,pop,800,20,watts_strogatz,ces,10,2,3,0.213000
pop_n800_t20,pop,800,20,watts_strogatz,ces,10,2,4,0.206000
pop_n800_t20,pop,800,20,watts_strogatz,ces,10,2,5,0.180000
pop_n800_t20,pop,800,20,watts_strogatz,ces,10,2,6,0.168000
pop_n800_t20,pop,800,20,watts_strogatz,ces,10,2,7,0.174000
pop_n800_t20,pop,800,20,watts_strogatz,ces,10,2,8,0.154000
pop_n800_t20,pop,800,20,watts_strogatz,ces,10,2,9,0.152000
pop_n800_t20,pop,800,20,watts_strogatz,ces,10,2,10,0.145000
pop_n800_t20,pop,800,20,watts_strogatz,ces,10,2,11,0.139000
pop_n800_t20,pop,800,20,watts_strogatz,ces,10,2,12,0.139000
pop_n800_t20,pop,800,20,watts_strogatz,ces,10,2,13,0.128000
pop_n800_t20,pop,800,20,watts_strogatz,ces,10,2,14,0.127000
pop_n800_t20,pop,800,20,watts_strogatz,ces,10,2,15,0.120000
pop_n800_t20,pop,800,20,watts_strogatz,ces,10,2,16,0.122000
pop_n800_t20,pop,800,20,watts_strogatz,ces,10,2,17,0.115000
pop_n800_t20,pop,800,20,watts_strogatz,ces,10,2,18,0.111000
pop_n800_t20,pop,800,20,watts_strogatz,ces,10,2,19,0.109000
pop_n800_t20,pop,800,20,watts_strogatz,ces,10,2,20,0.105000
pop_n800_t20,pop,800,20,watts_strogatz,ces,10,3,1,0.352000
pop_n800_t20,pop,800,20,watts_strogatz,ces,10,3,2,0.220000
pop_n800_t20,pop,800,20,watts_strogatz,ces,10,3,3,0.204000
pop_n800_t20,pop,800,20,watts_strogatz,ces,10,3,4,0.185000
pop_n800_t20,pop,800,20,watts_strogatz,ces,10,3,5,0.185000
pop_n800_t20,pop,800,20,watts_strogatz,ces,10,3,6,0.168000
pop_n800_t20,pop,800,20,watts_strogatz,ces,10,3,7,0.162000
pop_n800_t20,pop,800,20,watts_strogatz,ces,10,3,8,0.157000
pop_n800_t20,pop,800,20,watts_strogatz,ces,10,3,9,0.154000
pop_n800_t20,pop,800,20,watts_strogatz,ces,10,3,10,0.145000
pop_n800_t20,pop,800,20,watts_strogatz,ces,10,3,11,0.139000
pop_n800_t20,pop,800,20,watts_strogatz,ces,10,3,12,0.136000
pop_n800_t20,pop,800,20,watts_strogatz,ces,10,3,13,0.148000
pop_n800_t20,pop,800,20,watts_strogatz,ces,10,3,14,0.126000
pop_n800_t20,pop,800,20,watts_strogatz,ces,10,3,15,0.123000
pop_n800_t20,pop,800,20,watts_strogatz,ces,10,3,16,0.120000
pop_n800_t20,pop,800,20,watts_strogatz,ces,10,3,17,0.113000
pop_n800_t20,pop,800,20,watts_strogatz,ces,10,3,18,0.114000
pop_n800_t20,pop,800,20,watts_strogatz,ces,10,3,19,0.107000
pop_n800_t20,pop,800,20,watts_strogatz,ces,10,3,20,0.105000
pop_n800_t20,pop,800,20,watts_strogatz,ces,10,4,1,0.314000
pop_n800_t20,pop,800,20,watts_strogatz,ces,10,4,2,0.256000
pop_n800_t20,pop,800,20,watts_strogatz,ces,10,4,3,0.195000
pop_n800_t20,pop,800,20,watts_strogatz,ces,10,4,4,0.181000
pop_n800_t20,pop,800,20,watts_strogatz,ces,10,4,5,0.175000
pop_n800_t20,pop,800,20,watts_strogatz,ces,10,4,6,0.166000
pop_n800_t20,pop,800,20,watts_strogatz,ces,10,4,7,0.166000
pop_n800_t20,pop,800,20,watts_strogatz,ces,10,4,8,0.154000
pop_n800_t20,pop,800,20,watts_strogatz,ces,10,4,9,0.149000
pop_n800_t20,pop,800,20,watts_strogatz,ces,10,4,10,0.152000
pop_n800_t20,pop,800,20,watts_strogatz,ces,10,4,11,0.140000
pop_n800_t20,pop,800,20,watts_strogatz,ces,10,4,12,0.144000
pop_n800_t20,pop,800,20,watts_strogatz,ces,10,4,13,0.189000
pop_n800_t20,pop,800,20,watts_strogatz,ces,10,4,14,0.137000
pop_n800_t20,pop,800,20,watts_strogatz,ces,10,4,15,0.123000
pop_n800_t20,pop,800,20,watts_strogatz,ces,10,4,16,0.117000
pop_n800_t20,pop,800,20,watts_strogatz,ces,10,4,17,0.113000
pop_n800_t20,pop,800,20,watts_strogatz,ces,10,4,18,0.111000
pop_n800_t20,pop,800,20,watts_strogatz,ces,10,4,19,0.109000
pop_n800_t20,pop,800,20,watts_strogatz,ces,10,4,20,0.106000
pop_n800_t20,pop,800,20,watts_strogatz,ces,10,5,1,0.314000
pop_n800_t20,pop,800,20,watts_strogatz,ces,10,5,2,0.217000
pop_n800_t20,pop,800,20,watts_strogatz,ces,10,5,3,0.189000
pop_n800_t20,pop,800,20,watts_strogatz,ces,10,5,4,0.178000
pop_n800_t20,pop,800,20,watts_strogatz,ces,10,5,5,0.194000
pop_n800_t20,pop,800,20,watts_strogatz,ces,10,5,6,0.171000
pop_n800_t20,pop,800,20,watts_strogatz,ces,10,5,7,0.192000
pop_n800_t20,pop,800,20,watts_strogatz,ces,10,5,8,0.155000
pop_n800_t20,pop,800,20,watts_strogatz,ces,10,5,9,0.147000
pop_n800_t20,pop,800,20,watts_strogatz,ces,10,5,10,0.155000
pop_n800_t20,pop,800,20,watts_strogatz,ces,10,5,11,0.201000
pop_n800_t20,pop,800,20,watts_strogatz,ces,10,5,12,0.134000
pop_n800_t20,pop,800,20,watts_strogatz,ces,10,5,13,0.129000
pop_n800_t20,pop,800,20,watts_strogatz,ces,10,5,14,0.152000
pop_n800_t20,pop,800,20,watts_strogatz,ces,10,5,15,0.121000
pop_n800_t20,pop,800,20,watts_strogatz,ces,10,5,16,0.118000
pop_n800_t20,pop,800,20,watts_strogatz,ces,10,5,17,0.114000
pop_n800_t20,pop,800,20,watts_strogatz,ces,10,5,18,0.113000
pop_n800_t20,pop,800,20,watts_strogatz,ces,10,5,19,0.106000
pop_n800_t20,pop,800,20,watts_strogatz,ces,10,5,20,0.105000
pop_n800_t20,pop,800,20,watts_strogatz,ces,10,6,1,0.323000
pop_n800_t20,pop,800,20,watts_strogatz,ces,10,6,2,0.219000
pop_n800_t20,pop,800,20,watts_strogatz,ces,10,6,3,0.193000
pop_n800_t20,pop,800,20,watts_strogatz,ces,10,6,4,0.178000
pop_n800_t20,pop,800,20,watts_strogatz,ces,10,6,5,0.200000
pop_n800_t20,pop,800,20,watts_strogatz,ces,10,6,6,0.164000
pop_n800_t20,pop,800,20,watts_strogatz,ces,10,6,7,0.155000
pop_n800_t20,pop,800,20,watts_strogatz,ces,10,6,8,0.147000
pop_n800_t20,pop,800,20,watts_strogatz,ces,10,6,9,0.141000
pop_n800_t20,pop,800,20,watts_strogatz,ces,10,6,10,0.136000
pop_n800_t20,pop,800,20,watts_strogatz,ces,10,6,11,0.131000
pop_n800_t20,pop,800,20,watts_strogatz,ces,10,6,12,0.132000
pop_n800_t20,pop,800,20,watts_strogatz,ces,10,6,13,0.125000
pop_n800_t20,pop,800,20,watts_strogatz,ces,10,6,14,0.126000
pop_n800_t20,pop,800,20,watts_strogatz,ces,10,6,15,0.118000
pop_n800_t20,pop,800,20,watts_strogatz,ces,10,6,16,0.119000
pop_n800_t20,pop,800,20,watts_strogatz,ces,10,6,17,0.114000
pop_n800_t20,pop,800,20,watts_strogatz,ces,10,6,18,0.142000
pop_n800_t20,pop,800,20,watts_strogatz,ces,10,6,19,0.108000
pop_n800_t20,pop,800,20,watts_strogatz,ces,10,6,20,0.105000
pop_n800_t20,pop,800,20,watts_strogatz,ces,10,7,1,0.314000
pop_n800_t20,pop,800,20,watts_strogatz,ces,10,7,2,0.219000
pop_n800_t20,pop,800,20,watts_strogatz,ces,10,7,3,0.194000
pop_n800_t20,pop,800,20,watts_strogatz,ces,10,7,4,0.180000
pop_n800_t20,pop,800,20,watts_strogatz,ces,10,7,5,0.175000
pop_n800_t20,pop,800,20,watts_strogatz,ces,10,7,6,0.166000
pop_n800_t20,pop,800,20,watts_strogatz,ces,10,7,7,0.157000
pop_n800_t20,pop,800,20,watts_strogatz,ces,10,7,8,0.156000
pop_n800_t20,pop,800,20,watts_strogatz,ces,10,7,9,0.147000
pop_n800_t20,pop,800,20,watts_strogatz,ces,10,7,10,0.140000
pop_n800_t20,pop,800,20,watts_strogatz,ces,10,7,11,0.137000
pop_n800_t20,pop,800,20,watts_strogatz,ces,10,7,12,0.132000
pop_n800_t20,pop,800,20,watts_strogatz,ces,10,7,13,0.130000
pop_n800_t20,pop,800,20,watts_strogatz,ces,10,7,14,0.123000
pop_n800_t20,pop,800,20,watts_strogatz,ces,10,7,15,0.121000
pop_n800_t20,pop,800,20,watts_strogatz,ces,10,7,16,0.116000
pop_n800_t20,pop,800,20,watts_strogatz,ces,10,7,17,0.113000
pop_n800_t20,pop,800,20,watts_strogatz,ces,10,7,18,0.111000
pop_n800_t20,pop,800,20,watts_strogatz,ces,10,7,19,0.107000
pop_n800_t20,pop,800,20,watts_strogatz,ces,10,7,20,0.106000
pop_n800_t20,pop,800,20,watts_strogatz,ces,10,8,1,0.310000
pop_n800_t20,pop,800,20,watts_strogatz,ces,10,8,2,0.210000
pop_n800_t20,pop,800,20,watts_strogatz,ces,10,8,3,0.187000
pop_n800_t20,pop,800,20,watts_strogatz,ces,10,8,4,0.175000
pop_n800_t20,pop,800,20,watts_strogatz,ces,10,8,5,0.167000
pop_n800_t20,pop,800,20,watts_strogatz,ces,10,8,6,0.159000
pop_n800_t20,pop,800,20,watts_strogatz,ces,10,8,7,0.155000
pop_n800_t20,pop,800,20,watts_strogatz,ces,10,8,8,0.149000
pop_n800_t20,pop,800,20,watts_strogatz,ces,10,8,9,0.141000
pop_n800_t20,pop,800,20,watts_strogatz,ces,10,8,10,0.137000
pop_n800_t20,pop,800,20,watts_strogatz,ces,10,8,11,0.133000
pop_n800_t20,pop,800,20,watts_strogatz,ces,10,8,12,0.129000
pop_n800_t20,pop,800,20,watts_strogatz,ces,10,8,13,0.128000
pop_n800_t20,pop,800,20,watts_strogatz,ces,10,8,14,0.123000
pop_n800_t20,pop,800,20,watts_strogatz,ces,10,8,15,0.122000
pop_n800_t20,pop,800,20,watts_strogatz,ces,10,8,16,0.113000
pop_n800_t20,pop,800,20,watts_strogatz,ces,10,8,17,0.110000
pop_n800_t20,pop,800,20,watts_strogatz,ces,10,8,18,0.107000
pop_n800_t20,pop,800,20,watts_strogatz,ces,10,8,19,0.103000
pop_n800_t20,pop,800,20,watts_strogatz,ces,10,8,20,0.099000
pop_n800_t20,pop,800,20,watts_strogatz,ces,10,9,1,0.304000
pop_n800_t20,pop,800,20,watts_strogatz,ces,10,9,2,0.215000
pop_n800_t20,pop,800,20,watts_strogatz,ces,10,9,3,0.190000
pop_n800_t20,pop,800,20,watts_strogatz,ces,10,9,4,0.179000
pop_n800_t20,pop,800,20,watts_strogatz,ces,10,9,5,0.170000
pop_n800_t20,pop,800,20,watts_strogatz,ces,10,9,6,0.159000
pop_n800_t20,pop,800,20,watts_strogatz,ces,10,9,7,0.152000
pop_n800_t20,pop,800,20,watts_strogatz,ces,10,9,8,0.147000
pop_n800_t20,pop,800,20,watts_strogatz,ces,10,9,9,0.141000
pop_n800_t20,pop,800,20,watts_strogatz,ces,10,9,10,0.136000
pop_n800_t20,pop,800,20,watts_strogatz,ces,10,9,11,0.132000
pop_n800_t20,pop,800,20,watts_strogatz,ces,10,9,12,0.127000
pop_n800_t20,pop,800,20,watts_strogatz,ces,10,9,13,0.128000
pop_n800_t20,pop,800,20,watts_strogatz,ces,10,9,14,0.120000
pop_n800_t20,pop,800,20,watts_strogatz,ces,10,9,15,0.117000
pop_n800_t20,pop,800,20,watts_strogatz,ces,10,9,16,0.113000
pop_n800_t20,pop,800,20,watts_strogatz,ces,10,9,17,0.110000
pop_n800_t20,pop,800,20,watts_strogatz,ces,10,9,18,0.106000
pop_n800_t20,pop,800,20,watts_strogatz,ces,10,9,19,0.103000
pop_n800_t20,pop,800,20,watts_strogatz,ces,10,9,20,0.101000
pop_n800_t50,pop,800,50,watts_strogatz,ces,10,2,1,0.333000
pop_n800_t50,pop,800,50,watts_strogatz,ces,10,2,2,0.219000
pop_n800_t50,pop,800,50,watts_strogatz,ces,10,2,3,0.194000
pop_n800_t50,pop,800,50,watts_strogatz,ces,10,2,4,0.183000
pop_n800_t50,pop,800,50,watts_strogatz,ces,10,2,5,0.177000
pop_n800_t50,pop,800,50,watts_strogatz,ces,10,2,6,0.163000
pop_n800_t50,pop,800,50,watts_strogatz,ces,10,2,7,0.153000
pop_n800_t50,pop,800,50,watts_strogatz,ces,10,2,8,0.148000
pop_n800_t50,pop,800,50,watts_strogatz,ces,10,2,9,0.142000
pop_n800_t50,pop,800,50,watts_strogatz,ces,10,2,10,0.145000
pop_n800_t50,pop,800,50,watts_strogatz,ces,10,2,11,0.156000
pop_n800_t50,pop,800,50,watts_strogatz,ces,10,2,12,0.133000
pop_n800_t50,pop,800,50,watts_strogatz,ces,10,2,13,0.126000
pop_n800_t50,pop,800,50,watts_strogatz,ces,10,2,14,0.123000
pop_n800_t50,pop,800,50,watts_strogatz,ces,10,2,15,0.120000
pop_n800_t50,pop,800,50,watts_strogatz,ces,10,2,16,0.118000
pop_n800_t50,pop,800,50,watts_strogatz,ces,10,2,17,0.109000
pop_n800_t50,pop,800,50,watts_strogatz,ces,10,2,18,0.105000
pop_n800_t50,pop,800,50,watts_strogatz,ces,10,2,19,0.104000
pop_n800_t50,pop,800,50,watts_strogatz,ces,10,2,20,0.104000
pop_n800_t50,pop,800,50,watts_strogatz,ces,10,2,21,0.099000
pop_n800_t50,pop,800,50,watts_strogatz,ces,10,2,22,0.097000
pop_n800_t50,pop,800,50,watts_strogatz,ces,10,2,23,0.092000
pop_n800_t50,pop,800,50,watts_strogatz,ces,10,2,24,0.089000
pop_n800_t50,pop,800,50,watts_strogatz,ces,10,2,25,0.090000
pop_n800_t50,pop,800,50,watts_strogatz,ces,10,2,26,0.087000
pop_n800_t50,pop,800,50,watts_strogatz,ces,10,2,27,0.087000
pop_n800_t50,pop,800,50,watts_strogatz,ces,10,2,28,0.082000
pop_n800_t50,pop,800,50,watts_strogatz,ces,10,2,29,0.081000
pop_n800_t50,pop,800,50,watts_strogatz,ces,10,2,30,0.080000
pop_n800_t50,pop,800,50,watts_strogatz,ces,10,2,31,0.078000
pop_n800_t50,pop,800,50,watts_strogatz,ces,10,2,32,0.077000
pop_n800_t50,pop,800,50,watts_strogatz,ces,10,2,33,0.074000
pop_n800_t50,pop,800,50,watts_strogatz,ces,10,2,34,0.070000
pop_n800_t50,pop,800,50,watts_strogatz,ces,10,2,35,0.070000
pop_n800_t50,pop,800,50,watts_strogatz,ces,10,2,36,0.070000
pop_n800_t50,pop,800,50,watts_strogatz,ces,10,2,37,0.068000
pop_n800_t50,pop,800,50,watts_strogatz,ces,10,2,38,0.067000
pop_n800_t50,pop,800,50,watts_strogatz,ces,10,2,39,0.065000
pop_n800_t50,pop,800,50,watts_strogatz,ces,10,2,40,0.065000
pop_n800_t50,pop,800,50,watts_strogatz,ces,10,2,41,0.063000
pop_n800_t50,pop,800,50,watts_strogatz,ces,10,2,42,0.062000
pop_n800_t50,pop,800,50,watts_strogatz,ces,10,2,43,0.061000
pop_n800_t50,pop,800,50,watts_strogatz,ces,10,2,44,0.060000
pop_n800_t50,pop,800,50,watts_strogatz,ces,10,2,45,0.059000
pop_n800_t50,pop,800,50,watts_strogatz,ces,10,2,46,0.057000
pop_n800_t50,pop,800,50,watts_strogatz,ces,10,2,47,0.060000
pop_n800_t50,pop,800,50,watts_strogatz,ces,10,2,48,0.056000
pop_n800_t50,pop,800,50,watts_strogatz,ces,10,2,49,0.054000
pop_n800_t50,pop,800,50,watts_strogatz,ces,10,2,50,0.055000
pop_n800_t50,pop,800,50,watts_strogatz,ces,10,3,1,0.316000
pop_n800_t50,pop,800,50,watts_strogatz,ces,10,3,2,0.209000
pop_n800_t50,pop,800,50,watts_strogatz,ces,10,3,3,0.186000
pop_n800_t50,pop,800,50,watts_strogatz,ces,10,3,4,0.177000
pop_n800_t50,pop,800,50,watts_strogatz,ces,10,3,5,0.166000
pop_n800_t50,pop,800,50,watts_strogatz,ces,10,3,6,0.160000
pop_n800_t50,pop,800,50,watts_strogatz,ces,10,3,7,0.153000
pop_n800_t50,pop,800,50,watts_strogatz,ces,10,3,8,0.146000
pop_n800_t50,pop,800,50,watts_strogatz,ces,10,3,9,0.140000
pop_n800_t50,pop,800,50,watts_strogatz,ces,10,3,10,0.135000
pop_n800_t50,pop,800,50,watts_strogatz,ces,10,3,11,0.133000
pop_n800_t50,pop,800,50,watts_strogatz,ces,10,3,12,0.129000
pop_n800_t50,pop,800,50,watts_strogatz,ces,10,3,13,0.124000
pop_n800_t50,pop,800,50,watts_strogatz,ces,10,3,14,0.119000
pop_n800_t50,pop,800,50,watts_strogatz,ces,10,3,15,0.118000
pop_n800_t50,pop,800,50,watts_strogatz,ces,10,3,16,0.114000
pop_n800_t50,pop,800,50,watts_strogatz,ces,10,3,17,0.110000
pop_n800_t50,pop,800,50,watts_strogatz,ces,10,3,18,0.107000
pop_n800_t50,pop,800,50,watts_strogatz,ces,10,3,19,0.104000
pop_n800_t50,pop,800,50,watts_strogatz,ces,10,3,20,0.104000
pop_n800_t50,pop,800,50,watts_strogatz,ces,10,3,21,0.098000
pop_n800_t50,pop,800,50,watts_strogatz,ces,10,3,22,0.097000
pop_n800_t50,pop,800,50,watts_strogatz,ces,10,3,23,0.092000
pop_n800_t50,pop,800,50,watts_strogatz,ces,10,3,24,0.090000
pop_n800_t50,pop,800,50,watts_strogatz,ces,10,3,25,0.091000
pop_n800_t50,pop,800,50,watts_strogatz,ces,10,3,26,0.085000
pop_n800_t50,pop,800,50,watts_strogatz,ces,10,3,27,0.084000
pop_n800_t50,pop,800,50,watts_strogatz,ces,10,3,28,0.083000
pop_n800_t50,pop,800,50,watts_strogatz,ces,10,3,29,0.080000
pop_n800_t50,pop,800,50,watts_strogatz,ces,10,3,30,0.079000
pop_n800_t50,pop,800,50,watts_strogatz,ces,10,3,31,0.078000
pop_n800_t50,pop,800,50,watts_strogatz,ces,10,3,32,0.078000
pop_n800_t50,pop,800,50,watts_strogatz,ces,10,3,33,0.076000
pop_n800_t50,pop,800,50,watts_strogatz,ces,10,3,34,0.074000
pop_n800_t50,pop,800,50,watts_strogatz,ces,10,3,35,0.072000
pop_n800_t50,pop,800,50,watts_strogatz,ces,10,3,36,0.070000
pop_n800_t50,pop,800,50,watts_strogatz,ces,10,3,37,0.069000
pop_n800_t50,pop,800,50,watts_strogatz,ces,10,3,38,0.067000
pop_n800_t50,pop,800,50,watts_strogatz,ces,10,3,39,0.067000
pop_n800_t50,pop,800,50,watts_strogatz,ces,10,3,40,0.064000
pop_n800_t50,pop,800,50,watts_strogatz,ces,10,3,41,0.064000
pop_n800_t50,pop,800,50,watts_strogatz,ces,10,3,42,0.062000
pop_n800_t50,pop,800,50,watts_strogatz,ces,10,3,43,0.061000
pop_n800_t50,pop,800,50,watts_strogatz,ces,10,3,44,0.061000
pop_n800_t50,pop,800,50,watts_strogatz,ces,10,3,45,0.060000
pop_n800_t50,pop,800,50,watts_strogatz,ces,10,3,46,0.055000
pop_n800_t50,pop,800,50,watts_strogatz,ces,10,3,47,0.055000
pop_n800_t50,pop,800,50,watts_strogatz,ces,10,3,48,0.054000
pop_n800_t50,pop,800,50,watts_strogatz,ces,10,3,49,0.055000
pop_n800_t50,pop,800,50,watts_strogatz,ces,10,3,50,0.054000
pop_n800_t50,pop,800,50,watts_strogatz,ces,10,4,1,0.306000
pop_n800_t50,pop,800,50,watts_strogatz,ces,10,4,2,0.212000
pop_n800_t50,pop,800,50,watts_strogatz,ces,10,4,3,0.191000
pop_n800_t50,pop,800,50,watts_strogatz,ces,10,4,4,0.181000
pop_n800_t50,pop,800,50,watts_strogatz,ces,10,4,5,0.168000
pop_n800_t50,pop,800,50,watts_strogatz,ces,10,4,6,0.159000
pop_n800_t50,pop,800,50,watts_strogatz,ces,10,4,7,0.148000
pop_n800_t50,pop,800,50,watts_strogatz,ces,10,4,8,0.144000
pop_n800_t50,pop,800,50,watts_strogatz,ces,10,4,9,0.140000
pop_n800_t50,pop,800,50,watts_strogatz,ces,10,4,10,0.135000
pop_n800_t50,pop,800,50,watts_strogatz,ces,10,4,11,0.131000
pop_n800_t50,pop,800,50,watts_strogatz,ces,10,4,12,0.126000
pop_n800_t50,pop,800,50,watts_strogatz,ces,10,4,13,0.121000
pop_n800_t50,pop,800,50,watts_strogatz,ces,10,4,14,0.119000
pop_n800_t50,pop,800,50,watts_strogatz,ces,10,4,15,0.114000
pop_n800_t50,pop,800,50,watts_strogatz,ces,10,4,16,0.111000
pop_n800_t50,pop,800,50,watts_strogatz,ces,10,4,17,0.107000
pop_n800_t50,pop,800,50,watts_strogatz,ces,10,4,18,0.106000
pop_n800_t50,pop,800,50,watts_strogatz,ces,10,4,19,0.103000
pop_n800_t50,pop,800,50,watts_strogatz,ces,10,4,20,0.104000
pop_n800_t50,pop,800,50,watts_strogatz,ces,10,4,21,0.098000
pop_n800_t50,pop,800,50,watts_strogatz,ces,10,4,22,0.094000
pop_n800_t50,pop,800,50,watts_strogatz,ces,10,4,23,0.092000
pop_n800_t50,pop,800,50,watts_strogatz,ces,10,4,24,0.089000
pop_n800_t50,pop,800,50,watts_strogatz,ces,10,4,25,0.088000
pop_n800_t50,pop,800,50,watts_strogatz,ces,10,4,26,0.086000
pop_n800_t50,pop,800,50,watts_strogatz,ces,10,4,27,0.082000
pop_n800_t50,pop,800,50,watts_strogatz,ces,10,4,28,0.082000
pop_n800_t50,pop,800,50,watts_strogatz,ces,10,4,29,0.079000
pop_n800_t50,pop,800,50,watts_strogatz,ces,10,4,30,0.079000
pop_n800_t50,pop,800,50,watts_strogatz,ces,10,4,31,0.076000
pop_n800_t50,pop,800,50,watts_strogatz,ces,10,4,32,0.075000
pop_n800_t50,pop,800,50,watts_strogatz,ces,10,4,33,0.074000
pop_n800_t50,pop,800,50,watts_strogatz,ces,10,4,34,0.072000
pop_n800_t50,pop,800,50,watts_strogatz,ces,10,4,35,0.070000
pop_n800_t50,pop,800,50,watts_strogatz,ces,10,4,36,0.069000
pop_n800_t50,pop,800,50,watts_strogatz,ces,10,4,37,0.068000
pop_n800_t50,pop,800,50,watts_strogatz,ces,10,4,38,0.066000
pop_n800_t50,pop,800,50,watts_strogatz,ces,10,4,39,0.065000
pop_n800_t50,pop,800,50,watts_strogatz,ces,10,4,40,0.063000
pop_n800_t50,pop,800,50,watts_strogatz,ces,10,4,41,0.063000
pop_n800_t50,pop,800,50,watts_strogatz,ces,10,4,42,0.061000
pop_n800_t50,pop,800,50,watts_strogatz,ces,10,4,43,0.060000
pop_n800_t50,pop,800,50,watts_strogatz,ces,10,4,44,0.060000
pop_n800_t50,pop,800,50,watts_strogatz,ces,10,4,45,0.058000
pop_n800_t50,pop,800,50,watts_strogatz,ces,10,4,46,0.058000
pop_n800_t50,pop,800,50,watts_strogatz,ces,10,4,47,0.059000
pop_n800_t50,pop,800,50,watts_strogatz,ces,10,4,48,0.056000
pop_n800_t50,pop,800,50,watts_strogatz,ces,10,4,49,0.054000
pop_n800_t50,pop,800,50,watts_strogatz,ces,10,4,50,0.055000
pop_n800_t50,pop,800,50,watts_strogatz,ces,10,5,1,0.306000
pop_n800_t50,pop,800,50,watts_strogatz,ces,10,5,2,0.215000
pop_n800_t50,pop,800,50,watts_strogatz,ces,10,5,3,0.190000
pop_n800_t50,pop,800,50,watts_strogatz,ces,10,5,4,0.178000
pop_n800_t50,pop,800,50,watts_strogatz,ces,10,5,5,0.170000
pop_n800_t50,pop,800,50,watts_strogatz,ces,10,5,6,0.165000
pop_n800_t50,pop,800,50,watts_strogatz,ces,10,5,7,0.155000
pop_n800_t50,pop,800,50,watts_strogatz,ces,10,5,8,0.150000
pop_n800_t50,pop,800,50,watts_strogatz,ces,10,5,9,0.147000
pop_n800_t50,pop,800,50,watts_strogatz,ces,10,5,10,0.143000
pop_n800_t50,pop,800,50,watts_strogatz,ces,10,5,11,0.136000
pop_n800_t50,pop,800,50,watts_strogatz,ces,10,5,12,0.131000
pop_n800_t50,pop,800,50,watts_strogatz,ces,10,5,13,0.126000
pop_n800_t50,pop,800,50,watts_strogatz,ces,10,5,14,0.123000
pop_n800_t50,pop,800,50,watts_strogatz,ces,10,5,15,0.118000
pop_n800_t50,pop,800,50,watts_strogatz,ces,10,5,16,0.115000
pop_n800_t50,pop,800,50,watts_strogatz,ces,10,5,17,0.111000
pop_n800_t50,pop,800,50,watts_strogatz,ces,10,5,18,0.110000
pop_n800_t50,pop,800,50,watts_strogatz,ces,10,5,19,0.108000
pop_n800_t50,pop,800,50,watts_strogatz,ces,10,5,20,0.104000
pop_n800_t50,pop,800,50,watts_strogatz,ces,10,5,21,0.100000
pop_n800_t50,pop,800,50,watts_strogatz,ces,10,5,22,0.098000
pop_n800_t50,pop,800,50,watts_strogatz,ces,10,5,23,0.097000
pop_n800_t50,pop,800,50,watts_strogatz,ces,10,5,24,0.093000
pop_n800_t50,pop,800,50,watts_strogatz,ces,10,5,25,0.091000
pop_n800_t50,pop,800,50,watts_strogatz,ces,10,5,26,0.089000
pop_n800_t50,pop,800,50,watts_strogatz,ces,10,5,27,0.086000
pop_n800_t50,pop,800,50,watts_strogatz,ces,10,5,28,0.086000
pop_n800_t50,pop,800,50,watts_strogatz,ces,10,5,29,0.083000
pop_n800_t50,pop,800,50,watts_strogatz,ces,10,5,30,0.081000
pop_n800_t50,pop,800,50,watts_strogatz,ces,10,5,31,0.080000
pop_n800_t50,pop,800,50,watts_strogatz,ces,10,5,32,0.077000
pop_n800_t50,pop,800,50,watts_strogatz,ces,10,5,33,0.076000
pop_n800_t50,pop,800,50,watts_strogatz,ces,10,5,34,0.074000
pop_n800_t50,pop,800,50,watts_strogatz,ces,10,5,35,0.072000
pop_n800_t50,pop,800,50,watts_strogatz,ces,10,5,36,0.071000
pop_n800_t50,pop,800,50,watts_strogatz,ces,10,5,37,0.070000
pop_n800_t50,pop,800,50,watts_strogatz,ces,10,5,38,0.068000
pop_n800_t50,pop,800,50,watts_strogatz,ces,10,5,39,0.067000
pop_n800_t50,pop,800,50,watts_strogatz,ces,10,5,40,0.065000
pop_n800_t50,pop,800,50,watts_strogatz,ces,10,5,41,0.064000
pop_n800_t50,pop,800,50,watts_strogatz,ces,10,5,42,0.062000
pop_n800_t50,pop,800,50,watts_strogatz,ces,10,5,43,0.063000
pop_n800_t50,pop,800,50,watts_strogatz,ces,10,5,44,0.061000
pop_n800_t50,pop,800,50,watts_strogatz,ces,10,5,45,0.061000
pop_n800_t50,pop,800,50,watts_strogatz,ces,10,5,46,0.059000
pop_n800_t50,pop,800,50,watts_strogatz,ces,10,5,47,0.059000
pop_n800_t50,pop,800,50,watts_strogatz,ces,10,5,48,0.059000
pop_n800_t50,pop,800,50,watts_strogatz,ces,10,5,49,0.057000
pop_n800_t50,pop,800,50,watts_strogatz,ces,10,5,50,0.057000
pop_n800_t50,pop,800,50,watts_strogatz,ces,10,6,1,0.304000
pop_n800_t50,pop,800,50,watts_strogatz,ces,10,6,2,0.213000
pop_n800_t50,pop,800,50,watts_strogatz,ces,10,6,3,0.191000
pop_n800_t50,pop,800,50,watts_strogatz,ces,10,6,4,0.178000
pop_n800_t50,pop,800,50,watts_strogatz,ces,10,6,5,0.172000
pop_n800_t50,pop,800,50,watts_strogatz,ces,10,6,6,0.162000
pop_n800_t50,pop,800,50,watts_strogatz,ces,10,6,7,0.155000
pop_n800_t50,pop,800,50,watts_strogatz,ces,10,6,8,0.150000
pop_n800_t50,pop,800,50,watts_strogatz,ces,10,6,9,0.145000
pop_n800_t50,pop,800,50,watts_strogatz,ces,10,6,10,0.139000
pop_n800_t50,pop,800,50,watts_strogatz,ces,10,6,11,0.135000
pop_n800_t50,pop,800,50,watts_strogatz,ces,10,6,12,0.131000
pop_n800_t50,pop,800,50,watts_strogatz,ces,10,6,13,0.126000
pop_n800_t50,pop,800,50,watts_strogatz,ces,10,6,14,0.121000
pop_n800_t50,pop,800,50,watts_strogatz,ces,10,6,15,0.119000
pop_n800_t50,pop,800,50,watts_strogatz,ces,10,6,16,0.115000
pop_n800_t50,pop,800,50,watts_strogatz,ces,10,6,17,0.112000
pop_n800_t50,pop,800,50,watts_strogatz,ces,10,6,18,0.113000
pop_n800_t50,pop,800,50,watts_strogatz,ces,10,6,19,0.103000
pop_n800_t50,pop,800,50,watts_strogatz,ces,10,6,20,0.099000
pop_n800_t50,pop,800,50,watts_strogatz,ces,10,6,21,0.094000
pop_n800_t50,pop,800,50,watts_strogatz,ces,10,6,22,0.093000
pop_n800_t50,pop,800,50,watts_strogatz,ces,10,6,23,0.093000
pop_n800_t50,pop,800,50,watts_strogatz,ces,10,6,24,0.091000
pop_n800_t50,pop,800,50,watts_strogatz,ces,10,6,25,0.089000
pop_n800_t50,pop,800,50,watts_strogatz,ces,10,6,26,0.085000
pop_n800_t50,pop,800,50,watts_strogatz,ces,10,6,27,0.084000
pop_n800_t50,pop,800,50,watts_strogatz,ces,10,6,28,0.079000
pop_n800_t50,pop,800,50,watts_strogatz,ces,10,6,29,0.080000
pop_n800_t50,pop,800,50,watts_strogatz,ces,10,6,30,0.077000
pop_n800_t50,pop,800,50,watts_strogatz,ces,10,6,31,0.076000
pop_n800_t50,pop,800,50,watts_strogatz,ces,10,6,32,0.074000
pop_n800_t50,pop,800,50,watts_strogatz,ces,10,6,33,0.075000
pop_n800_t50,pop,800,50,watts_strogatz,ces,10,6,34,0.073000
pop_n800_t50,pop,800,50,watts_strogatz,ces,10,6,35,0.071000
pop_n800_t50,pop,800,50,watts_strogatz,ces,10,6,36,0.070000
pop_n800_t50,pop,800,50,watts_strogatz,ces,10,6,37,0.068000
pop_n800_t50,pop,800,50,watts_strogatz,ces,10,6,38,0.067000
pop_n800_t50,pop,800,50,watts_strogatz,ces,10,6,39,0.065000
pop_n800_t50,pop,800,50,watts_strogatz,ces,10,6,40,0.065000
pop_n800_t50,pop,800,50,watts_strogatz,ces,10,6,41,0.062000
pop_n800_t50,pop,800,50,watts_strogatz,ces,10,6,42,0.062000
pop_n800_t50,pop,800,50,watts_strogatz,ces,10,6,43,0.061000
pop_n800_t50,pop,800,50,watts_strogatz,ces,10,6,44,0.061000
pop_n800_t50,pop,800,50,watts_strogatz,ces,10,6,45,0.060000
pop_n800_t50,pop,800,50,watts_strogatz,ces,10,6,46,0.059000
pop_n800_t50,pop,800,50,watts_strogatz,ces,10,6,47,0.059000
pop_n800_t50,pop,800,50,watts_strogatz,ces,10,6,48,0.055000
pop_n800_t50,pop,800,50,watts_strogatz,ces,10,6,49,0.055000
pop_n800_t50,pop,800,50,watts_strogatz,ces,10,6,50,0.054000
pop_n800_t50,pop,800,50,watts_strogatz,ces,10,7,1,0.300000
pop_n800_t50,pop,800,50,watts_strogatz,ces,10,7,2,0.208000
pop_n800_t50,pop,800,50,watts_strogatz,ces,10,7,3,0.184000
pop_n800_t50,pop,800,50,watts_strogatz,ces,10,7,4,0.173000
pop_n800_t50,pop,800,50,watts_strogatz,ces,10,7,5,0.165000
pop_n800_t50,pop,800,50,watts_strogatz,ces,10,7,6,0.157000
pop_n800_t50,pop,800,50,watts_strogatz,ces,10,7,7,0.152000
pop_n800_t50,pop,800,50,watts_strogatz,ces,10,7,8,0.146000
pop_n800_t50,pop,800,50,watts_strogatz,ces,10,7,9,0.140000
pop_n800_t50,pop,800,50,watts_strogatz,ces,10,7,10,0.137000
pop_n800_t50,pop,800,50,watts_strogatz,ces,10,7,11,0.133000
pop_n800_t50,pop,800,50,watts_strogatz,ces,10,7,12,0.129000
pop_n800_t50,pop,800,50,watts_strogatz,ces,10,7,13,0.123000
pop_n800_t50,pop,800,50,watts_strogatz,ces,10,7,14,0.120000
pop_n800_t50,pop,800,50,watts_strogatz,ces,10,7,15,0.115000
pop_n800_t50,pop,800,50,watts_strogatz,ces,10,7,16,0.113000
pop_n800_t50,pop,800,50,watts_strogatz,ces,10,7,17,0.109000
pop_n800_t50,pop,800,50,watts_strogatz,ces,10,7,18,0.110000
pop_n800_t50,pop,800,50,watts_strogatz,ces,10,7,19,0.104000
pop_n800_t50,pop,800,50,watts_strogatz,ces,10,7,20,0.099000
pop_n800_t50,pop,800,50,watts_strogatz,ces,10,7,21,0.096000
pop_n800_t50,pop,800,50,watts_strogatz,ces,10,7,22,0.096000
pop_n800_t50,pop,800,50,watts_strogatz,ces,10,7,23,0.093000
pop_n800_t50,pop,800,50,watts_strogatz,ces,10,7,24,0.093000
pop_n800_t50,pop,800,50,watts_strogatz,ces,10,7,25,0.087000
pop_n800_t50,pop,800,50,watts_strogatz,ces,10,7,26,0.086000
pop_n800_t50,pop,800,50,watts_strogatz,ces,10,7,27,0.084000
pop_n800_t50,pop,800,50,watts_strogatz,ces,10,7,28,0.080000
pop_n800_t50,pop,800,50,watts_strogatz,ces,10,7,29,0.081000
pop_n800_t50,pop,800,50,watts_strogatz,ces,10,7,30,0.080000
pop_n800_t50,pop,800,50,watts_strogatz,ces,10,7,31,0.077000
pop_n800_t50,pop,800,50,watts_strogatz,ces,10,7,32,0.075000
pop_n800_t50,pop,800,50,watts_strogatz,ces,10,7,33,0.073000
pop_n800_t50,pop,800,50,watts_strogatz,ces,10,7,34,0.075000
pop_n800_t50,pop,800,50,watts_strogatz,ces,10,7,35,0.070000
pop_n800_t50,pop,800,50,watts_strogatz,ces,10,7,36,0.069000
pop_n800_t50,pop,800,50,watts_strogatz,ces,10,7,37,0.067000
pop_n800_t50,pop,800,50,watts_strogatz,ces,10,7,38,0.066000
pop_n800_t50,pop,800,50,watts_strogatz,ces,10,7,39,0.065000
pop_n800_t50,pop,800,50,watts_strogatz,ces,10,7,40,0.064000
pop_n800_t50,pop,800,50,watts_strogatz,ces,10,7,41,0.063000
pop_n800_t50,pop,800,50,watts_strogatz,ces,10,7,42,0.063000
pop_n800_t50,pop,800,50,watts_strogatz,ces,10,7,43,0.063000
pop_n800_t50,pop,800,50,watts_strogatz,ces,10,7,44,0.060000
pop_n800_t50,pop,800,50,watts_strogatz,ces,10,7,45,0.058000
pop_n800_t50,pop,800,50,watts_strogatz,ces,10,7,46,0.058000
pop_n800_t50,pop,800,50,watts_strogatz,ces,10,7,47,0.058000
pop_n800_t50,pop,800,50,watts_strogatz,ces,10,7,48,0.057000
pop_n800_t50,pop,800,50,watts_strogatz,ces,10,7,49,0.057000
pop_n800_t50,pop,800,50,watts_strogatz,ces,10,7,50,0.056000
pop_n800_t50,pop,800,50,watts_strogatz,ces,10,8,1,0.304000
pop_n800_t50,pop,800,50,watts_strogatz,ces,10,8,2,0.212000
pop_n800_t50,pop,800,50,watts_strogatz,ces,10,8,3,0.189000
pop_n800_t50,pop,800,50,watts_strogatz,ces,10,8,4,0.177000
pop_n800_t50,pop,800,50,watts_strogatz,ces,10,8,5,0.167000
pop_n800_t50,pop,800,50,watts_strogatz,ces,10,8,6,0.162000
pop_n800_t50,pop,800,50,watts_strogatz,ces,10,8,7,0.158000
pop_n800_t50,pop,800,50,watts_strogatz,ces,10,8,8,0.149000
pop_n800_t50,pop,800,50,watts_strogatz,ces,10,8,9,0.143000
pop_n800_t50,pop,800,50,watts_strogatz,ces,10,8,10,0.137000
pop_n800_t50,pop,800,50,watts_strogatz,ces,10,8,11,0.133000
pop_n800_t50,pop,800,50,watts_strogatz,ces,10,8,12,0.130000
pop_n800_t50,pop,800,50,watts_strogatz,ces,10,8,13,0.125000
pop_n800_t50,pop,800,50,watts_strogatz,ces,10,8,14,0.120000
pop_n800_t50,pop,800,50,watts_strogatz,ces,10,8,15,0.118000
pop_n800_t50,pop,800,50,watts_strogatz,ces,10,8,16,0.113000
pop_n800_t50,pop,800,50,watts_strogatz,ces,10,8,17,0.112000
pop_n800_t50,pop,800,50,watts_strogatz,ces,10,8,18,0.110000
pop_n800_t50,pop,800,50,watts_strogatz,ces,10,8,19,0.104000
pop_n800_t50,pop,800,50,watts_strogatz,ces,10,8,20,0.103000
pop_n800_t50,pop,800,50,watts_strogatz,ces,10,8,21,0.100000
pop_n800_t50,pop,800,50,watts_strogatz,ces,10,8,22,0.097000
pop_n800_t50,pop,800,50,watts_strogatz,ces,10,8,23,0.094000
pop_n800_t50,pop,800,50,watts_strogatz,ces,10,8,24,0.092000
pop_n800_t50,pop,800,50,watts_strogatz,ces,10,8,25,0.090000
pop_n800_t50,pop,800,50,watts_strogatz,ces,10,8,26,0.086000
pop_n800_t50,pop,800,50,watts_strogatz,ces,10,8,27,0.086000
pop_n800_t50,pop,800,50,watts_strogatz,ces,10,8,28,0.084000
pop_n800_t50,pop,800,50,watts_strogatz,ces,10,8,29,0.080000
pop_n800_t50,pop,800,50,watts_strogatz,ces,10,8,30,0.079000
pop_n800_t50,pop,800,50,watts_strogatz,ces,10,8,31,0.077000
pop_n800_t50,pop,800,50,watts_strogatz,ces,10,8,32,0.075000
pop_n800_t50,pop,800,50,watts_strogatz,ces,10,8,33,0.072000
pop_n800_t50,pop,800,50,watts_strogatz,ces,10,8,34,0.072000
pop_n800_t50,pop,800,50,watts_strogatz,ces,10,8,35,0.069000
pop_n800_t50,pop,800,50,watts_strogatz,ces,10,8,36,0.068000
pop_n800_t50,pop,800,50,watts_strogatz,ces,10,8,37,0.067000
pop_n800_t50,pop,800,50,watts_strogatz,ces,10,8,38,0.065000
pop_n800_t50,pop,800,50,watts_strogatz,ces,10,8,39,0.064000
pop_n800_t50,pop,800,50,watts_strogatz,ces,10,8,40,0.067000
pop_n800_t50,pop,800,50,watts_strogatz,ces,10,8,41,0.064000
pop_n800_t50,pop,800,50,watts_strogatz,ces,10,8,42,0.062000
pop_n800_t50,pop,800,50,watts_strogatz,ces,10,8,43,0.060000
pop_n800_t50,pop,800,50,watts_strogatz,ces,10,8,44,0.059000
pop_n800_t50,pop,800,50,watts_strogatz,ces,10,8,45,0.058000
pop_n800_t50,pop,800,50,watts_strogatz,ces,10,8,46,0.057000
pop_n800_t50,pop,800,50,watts_strogatz,ces,10,8,47,0.056000
pop_n800_t50,pop,800,50,watts_strogatz,ces,10,8,48,0.054000
pop_n800_t50,pop,800,50,watts_strogatz,ces,10,8,49,0.055000
pop_n800_t50,pop,800,50,watts_strogatz,ces,10,8,50,0.053000
pop_n800_t50,pop,800,50,watts_strogatz,ces,10,9,1,0.297000
pop_n800_t50,pop,800,50,watts_strogatz,ces,10,9,2,0.206000
pop_n800_t50,pop,800,50,watts_strogatz,ces,10,9,3,0.185000
pop_n800_t50,pop,800,50,watts_strogatz,ces,10,9,4,0.169000
pop_n800_t50,pop,800,50,watts_strogatz,ces,10,9,5,0.163000
pop_n800_t50,pop,800,50,watts_strogatz,ces,10,9,6,0.156000
pop_n800_t50,pop,800,50,watts_strogatz,ces,10,9,7,0.149000
pop_n800_t50,pop,800,50,watts_strogatz,ces,10,9,8,0.145000
pop_n800_t50,pop,800,50,watts_strogatz,ces,10,9,9,0.138000
pop_n800_t50,pop,800,50,watts_strogatz,ces,10,9,10,0.136000
pop_n800_t50,pop,800,50,watts_strogatz,ces,10,9,11,0.130000
pop_n800_t50,pop,800,50,watts_strogatz,ces,10,9,12,0.126000
pop_n800_t50,pop,800,50,watts_strogatz,ces,10,9,13,0.121000
pop_n800_t50,pop,800,50,watts_strogatz,ces,10,9,14,0.118000
pop_n800_t50,pop,800,50,watts_strogatz,ces,10,9,15,0.113000
pop_n800_t50,pop,800,50,watts_strogatz,ces,10,9,16,0.112000
pop_n800_t50,pop,800,50,watts_strogatz,ces,10,9,17,0.107000
pop_n800_t50,pop,800,50,watts_strogatz,ces,10,9,18,0.104000
pop_n800_t50,pop,800,50,watts_strogatz,ces,10,9,19,0.104000
pop_n800_t50,pop,800,50,watts_strogatz,ces,10,9,20,0.099000
pop_n800_t50,pop,800,50,watts_strogatz,ces,10,9,21,0.097000
pop_n800_t50,pop,800,50,watts_strogatz,ces,10,9,22,0.093000
pop_n800_t50,pop,800,50,watts_strogatz,ces,10,9,23,0.092000
pop_n800_t50,pop,800,50,watts_strogatz,ces,10,9,24,0.089000
pop_n800_t50,pop,800,50,watts_strogatz,ces,10,9,25,0.086000
pop_n800_t50,pop,800,50,watts_strogatz,ces,10,9,26,0.084000
pop_n800_t50,pop,800,50,watts_strogatz,ces,10,9,27,0.084000
pop_n800_t50,pop,800,50,watts_strogatz,ces,10,9,28,0.080000
pop_n800_t50,pop,800,50,watts_strogatz,ces,10,9,29,0.079000
pop_n800_t50,pop,800,50,watts_strogatz,ces,10,9,30,0.078000
pop_n800_t50,pop,800,50,watts_strogatz,ces,10,9,31,0.079000
pop_n800_t50,pop,800,50,watts_strogatz,ces,10,9,32,0.074000
pop_n800_t50,pop,800,50,watts_strogatz,ces,10,9,33,0.074000
pop_n800_t50,pop,800,50,watts_strogatz,ces,10,9,34,0.071000
pop_n800_t50,pop,800,50,watts_strogatz,ces,10,9,35,0.069000
pop_n800_t50,pop,800,50,watts_strogatz,ces,10,9,36,0.070000
pop_n800_t50,pop,800,50,watts_strogatz,ces,10,9,37,0.067000
pop_n800_t50,pop,800,50,watts_strogatz,ces,10,9,38,0.065000
pop_n800_t50,pop,800,50,watts_strogatz,ces,10,9,39,0.065000
pop_n800_t50,pop,800,50,watts_strogatz,ces,10,9,40,0.064000
pop_n800_t50,pop,800,50,watts_strogatz,ces,10,9,41,0.062000
pop_n800_t50,pop,800,50,watts_strogatz,ces,10,9,42,0.061000
pop_n800_t50,pop,800,50,watts_strogatz,ces,10,9,43,0.061000
pop_n800_t50,pop,800,50,watts_strogatz,ces,10,9,44,0.059000
pop_n800_t50,pop,800,50,watts_strogatz,ces,10,9,45,0.058000
pop_n800_t50,pop,800,50,watts_strogatz,ces,10,9,46,0.058000
pop_n800_t50,pop,800,50,watts_strogatz,ces,10,9,47,0.057000
pop_n800_t50,pop,800,50,watts_strogatz,ces,10,9,48,0.055000
pop_n800_t50,pop,800,50,watts_strogatz,ces,10,9,49,0.055000
pop_n800_t50,pop,800,50,watts_strogatz,ces,10,9,50,0.054000
net_none,net,100,20,none,ces,10,2,1,0.020000
net_none,net,100,20,none,ces,10,2,2,0.017000
net_none,net,100,20,none,ces,10,2,3,0.017000
net_none,net,100,20,none,ces,10,2,4,0.014000
net_none,net,100,20,none,ces,10,2,5,0.014000
net_none,net,100,20,none,ces,10,2,6,0.013000
net_none,net,100,20,none,ces,10,2,7,0.013000
net_none,net,100,20,none,ces,10,2,8,0.014000
net_none,net,100,20,none,ces,10,2,9,0.019000
net_none,net,100,20,none,ces,10,2,10,0.013000
net_none,net,100,20,none,ces,10,2,11,0.011000
net_none,net,100,20,none,ces,10,2,12,0.010000
net_none,net,100,20,none,ces,10,2,13,0.010000
net_none,net,100,20,none,ces,10,2,14,0.011000
net_none,net,100,20,none,ces,10,2,15,0.010000
net_none,net,100,20,none,ces,10,2,16,0.009000
net_none,net,100,20,none,ces,10,2,17,0.058000
net_none,net,100,20,none,ces,10,2,18,0.007000
net_none,net,100,20,none,ces,10,2,19,0.007000
net_none,net,100,20,none,ces,10,2,20,0.007000
net_none,net,100,20,none,ces,10,3,1,0.017000
net_none,net,100,20,none,ces,10,3,2,0.019000
net_none,net,100,20,none,ces,10,3,3,0.013000
net_none,net,100,20,none,ces,10,3,4,0.013000
net_none,net,100,20,none,ces,10,3,5,0.011000
net_none,net,100,20,none,ces,10,3,6,0.011000
net_none,net,100,20,none,ces,10,3,7,0.011000
net_none,net,100,20,none,ces,10,3,8,0.010000
net_none,net,100,20,none,ces,10,3,9,0.010000
net_none,net,100,20,none,ces,10,3,10,0.009000
net_none,net,100,20,none,ces,10,3,11,0.009000
net_none,net,100,20,none,ces,10,3,12,0.009000
net_none,net,100,20,none,ces,10,3,13,0.008000
net_none,net,100,20,none,ces,10,3,14,0.012000
net_none,net,100,20,none,ces,10,3,15,0.008000
net_none,net,100,20,none,ces,10,3,16,0.008000
net_none,net,100,20,none,ces,10,3,17,0.008000
net_none,net,100,20,none,ces,10,3,18,0.007000
net_none,net,100,20,none,ces,10,3,19,0.007000
net_none,net,100,20,none,ces,10,3,20,0.007000
net_none,net,100,20,none,ces,10,4,1,0.016000
net_none,net,100,20,none,ces,10,4,2,0.013000
net_none,net,100,20,none,ces,10,4,3,0.013000
net_none,net,100,20,none,ces,10,4,4,0.013000
net_none,net,100,20,none,ces,10,4,5,0.017000
net_none,net,100,20,none,ces,10,4,6,0.012000
net_none,net,100,20,none,ces,10,4,7,0.013000
net_none,net,100,20,none,ces,10,4,8,0.012000
net_none,net,100,20,none,ces,10,4,9,0.011000
net_none,net,100,20,none,ces,10,4,10,0.010000
net_none,net,100,20,none,ces,10,4,11,0.011000
net_none,net,100,20,none,ces,10,4,12,0.009000
net_none,net,100,20,none,ces,10,4,13,0.009000
net_none,net,100,20,none,ces,10,4,14,0.008000
net_none,net,100,20,none,ces,10,4,15,0.061000
net_none,net,100,20,none,ces,10,4,16,0.009000
net_none,net,100,20,none,ces,10,4,17,0.007000
net_none,net,100,20,none,ces,10,4,18,0.009000
net_none,net,100,20,none,ces,10,4,19,0.007000
net_none,net,100,20,none,ces,10,4,20,0.009000
net_none,net,100,20,none,ces,10,5,1,0.016000
net_none,net,100,20,none,ces,10,5,2,0.019000
net_none,net,100,20,none,ces,10,5,3,0.012000
net_none,net,100,20,none,ces,10,5,4,0.012000
net_none,net,100,20,none,ces,10,5,5,0.012000
net_none,net,100,20,none,ces,10,5,6,0.011000
net_none,net,100,20,none,ces,10,5,7,0.010000
net_none,net,100,20,none,ces,10,5,8,0.010000
net_none,net,100,20,none,ces,10,5,9,0.010000
net_none,net,100,20,none,ces,10,5,10,0.009000
net_none,net,100,20,none,ces,10,5,11,0.009000
net_none,net,100,20,none,ces,10,5,12,0.009000
net_none,net,100,20,none,ces,10,5,13,0.008000
net_none,net,100,20,none,ces,10,5,14,0.008000
net_none,net,100,20,none,ces,10,5,15,0.008000
net_none,net,100,20,none,ces,10,5,16,0.008000
net_none,net,100,20,none,ces,10,5,17,0.007000
net_none,net,100,20,none,ces,10,5,18,0.012000
net_none,net,100,20,none,ces,10,5,19,0.007000
net_none,net,100,20,none,ces,10,5,20,0.006000
net_none,net,100,20,none,ces,10,6,1,0.014000
net_none,net,100,20,none,ces,10,6,2,0.014000
net_none,net,100,20,none,ces,10,6,3,0.013000
net_none,net,100,20,none,ces,10,6,4,0.013000
net_none,net,100,20,none,ces,10,6,5,0.012000
net_none,net,100,20,none,ces,10,6,6,0.011000
net_none,net,100,20,none,ces,10,6,7,0.011000
net_none,net,100,20,none,ces,10,6,8,0.011000
net_none,net,100,20,none,ces,10,6,9,0.010000
net_none,net,100,20,none,ces,10,6,10,0.009000
net_none,net,100,20,none,ces,10,6,11,0.009000
net_none,net,100,20,none,ces,10,6,12,0.014000
net_none,net,100,20,none,ces,10,6,13,0.009000
net_none,net,100,20,none,ces,10,6,14,0.009000
net_none,net,100,20,none,ces,10,6,15,0.007000
net_none,net,100,20,none,ces,10,6,16,0.007000
net_none,net,100,20,none,ces,10,6,17,0.007000
net_none,net,100,20,none,ces,10,6,18,0.007000
net_none,net,100,20,none,ces,10,6,19,0.006000
net_none,net,100,20,none,ces,10,6,20,0.007000
net_none,net,100,20,none,ces,10,7,1,0.015000
net_none,net,100,20,none,ces,10,7,2,0.014000
net_none,net,100,20,none,ces,10,7,3,0.014000
net_none,net,100,20,none,ces,10,7,4,0.013000
net_none,net,100,20,none,ces,10,7,5,0.012000
net_none,net,100,20,none,ces,10,7,6,0.011000
net_none,net,100,20,none,ces,10,7,7,0.010000
net_none,net,100,20,none,ces,10,7,8,0.016000
net_none,net,100,20,none,ces,10,7,9,0.011000
net_none,net,100,20,none,ces,10,7,10,0.010000
net_none,net,100,20,none,ces,10,7,11,0.010000
net_none,net,100,20,none,ces,10,7,12,0.010000
net_none,net,100,20,none,ces,10,7,13,0.009000
net_none,net,100,20,none,ces,10,7,14,0.010000
net_none,net,100,20,none,ces,10,7,15,0.009000
net_none,net,100,20,none,ces,10,7,16,0.008000
net_none,net,100,20,none,ces,10,7,17,0.008000
net_none,net,100,20,none,ces,10,7,18,0.007000
net_none,net,100,20,none,ces,10,7,19,0.007000
net_none,net,100,20,none,ces,10,7,20,0.006000
net_none,net,100,20,none,ces,10,8,1,0.016000
net_none,net,100,20,none,ces,10,8,2,0.015000
net_none,net,100,20,none,ces,10,8,3,0.014000
net_none,net,100,20,none,ces,10,8,4,0.031000
net_none,net,100,20,none,ces,10,8,5,0.019000
net_none,net,100,20,none,ces,10,8,6,0.012000
net_none,net,100,20,none,ces,10,8,7,0.015000
net_none,net,100,20,none,ces,10,8,8,0.012000
net_none,net,100,20,none,ces,10,8,9,0.011000
net_none,net,100,20,none,ces,10,8,10,0.009000
net_none,net,100,20,none,ces,10,8,11,0.010000
net_none,net,100,20,none,ces,10,8,12,0.009000
net_none,net,100,20,none,ces,10,8,13,0.009000
net_none,net,100,20,none,ces,10,8,14,0.008000
net_none,net,100,20,none,ces,10,8,15,0.008000
net_none,net,100,20,none,ces,10,8,16,0.007000
net_none,net,100,20,none,ces,10,8,17,0.008000
net_none,net,100,20,none,ces,10,8,18,0.007000
net_none,net,100,20,none,ces,10,8,19,0.006000
net_none,net,100,20,none,ces,10,8,20,0.007000
net_none,net,100,20,none,ces,10,9,1,0.014000
net_none,net,100,20,none,ces,10,9,2,0.014000
net_none,net,100,20,none,ces,10,9,3,0.014000
net_none,net,100,20,none,ces,10,9,4,0.012000
net_none,net,100,20,none,ces,10,9,5,0.012000
net_none,net,100,20,none,ces,10,9,6,0.015000
net_none,net,100,20,none,ces,10,9,7,0.011000
net_none,net,100,20,none,ces,10,9,8,0.010000
net_none,net,100,20,none,ces,10,9,9,0.010000
net_none,net,100,20,none,ces,10,9,10,0.010000
net_none,net,100,20,none,ces,10,9,11,0.009000
net_none,net,100,20,none,ces,10,9,12,0.008000
net_none,net,100,20,none,ces,10,9,13,0.009000
net_none,net,100,20,none,ces,10,9,14,0.008000
net_none,net,100,20,none,ces,10,9,15,0.008000
net_none,net,100,20,none,ces,10,9,16,0.007000
net_none,net,100,20,none,ces,10,9,17,0.008000
net_none,net,100,20,none,ces,10,9,18,0.007000
net_none,net,100,20,none,ces,10,9,19,0.007000
net_none,net,100,20,none,ces,10,9,20,0.007000
net_watts_strogatz,net,100,20,watts_strogatz,ces,10,2,1,0.040000
net_watts_strogatz,net,100,20,watts_strogatz,ces,10,2,2,0.027000
net_watts_strogatz,net,100,20,watts_strogatz,ces,10,2,3,0.028000
net_watts_strogatz,net,100,20,watts_strogatz,ces,10,2,4,0.025000
net_watts_strogatz,net,100,20,watts_strogatz,ces,10,2,5,0.022000
net_watts_strogatz,net,100,20,watts_strogatz,ces,10,2,6,0.022000
net_watts_strogatz,net,100,20,watts_strogatz,ces,10,2,7,0.026000
net_watts_strogatz,net,100,20,watts_strogatz,ces,10,2,8,0.026000
net_watts_strogatz,net,100,20,watts_strogatz,ces,10,2,9,0.024000
net_watts_strogatz,net,100,20,watts_strogatz,ces,10,2,10,0.022000
net_watts_strogatz,net,100,20,watts_strogatz,ces,10,2,11,0.019000
net_watts_strogatz,net,100,20,watts_strogatz,ces,10,2,12,0.019000
net_watts_strogatz,net,100,20,watts_strogatz,ces,10,2,13,0.020000
net_watts_strogatz,net,100,20,watts_strogatz,ces,10,2,14,0.018000
net_watts_strogatz,net,100,20,watts_strogatz,ces,10,2,15,0.022000
net_watts_strogatz,net,100,20,watts_strogatz,ces,10,2,16,0.069000
net_watts_strogatz,net,100,20,watts_strogatz,ces,10,2,17,0.120000
net_watts_strogatz,net,100,20,watts_strogatz,ces,10,2,18,0.014000
net_watts_strogatz,net,100,20,watts_strogatz,ces,10,2,19,0.013000
net_watts_strogatz,net,100,20,watts_strogatz,ces,10,2,20,0.013000
net_watts_strogatz,net,100,20,watts_strogatz,ces,10,3,1,0.037000
net_watts_strogatz,net,100,20,watts_strogatz,ces,10,3,2,0.031000
net_watts_strogatz,net,100,20,watts_strogatz,ces,10,3,3,0.025000
net_watts_strogatz,net,100,20,watts_strogatz,ces,10,3,4,0.024000
net_watts_strogatz,net,100,20,watts_strogatz,ces,10,3,5,0.023000
net_watts_strogatz,net,100,20,watts_strogatz,ces,10,3,6,0.021000
net_watts_strogatz,net,100,20,watts_strogatz,ces,10,3,7,0.022000
net_watts_strogatz,net,100,20,watts_strogatz,ces,10,3,8,0.024000
net_watts_strogatz,net,100,20,watts_strogatz,ces,10,3,9,0.020000
net_watts_strogatz,net,100,20,watts_strogatz,ces,10,3,10,0.018000
net_watts_strogatz,net,100,20,watts_strogatz,ces,10,3,11,0.018000
net_watts_strogatz,net,100,20,watts_strogatz,ces,10,3,12,0.018000
net_watts_strogatz,net,100,20,watts_strogatz,ces,10,3,13,0.017000
net_watts_strogatz,net,100,20,watts_strogatz,ces,10,3,14,0.017000
net_watts_strogatz,net,100,20,watts_strogatz,ces,10,3,15,0.016000
net_watts_strogatz,net,100,20,watts_strogatz,ces,10,3,16,0.022000
net_watts_strogatz,net,100,20,watts_strogatz,ces,10,3,17,0.019000
net_watts_strogatz,net,100,20,watts_strogatz,ces,10,3,18,0.018000
net_watts_strogatz,net,100,20,watts_strogatz,ces,10,3,19,0.018000
net_watts_strogatz,net,100,20,watts_strogatz,ces,10,3,20,0.015000
net_watts_strogatz,net,100,20,watts_strogatz,ces,10,4,1,0.037000
net_watts_strogatz,net,100,20,watts_strogatz,ces,10,4,2,0.027000
net_watts_strogatz,net,100,20,watts_strogatz,ces,10,4,3,0.026000
net_watts_strogatz,net,100,20,watts_strogatz,ces,10,4,4,0.030000
net_watts_strogatz,net,100,20,watts_strogatz,ces,10,4,5,0.023000
net_watts_strogatz,net,100,20,watts_strogatz,ces,10,4,6,0.024000
net_watts_strogatz,net,100,20,watts_strogatz,ces,10,4,7,0.022000
net_watts_strogatz,net,100,20,watts_strogatz,ces,10,4,8,0.020000
net_watts_strogatz,net,100,20,watts_strogatz,ces,10,4,9,0.020000
net_watts_strogatz,net,100,20,watts_strogatz,ces,10,4,10,0.020000
net_watts_strogatz,net,100,20,watts_strogatz,ces,10,4,11,0.019000
net_watts_strogatz,net,100,20,watts_strogatz,ces,10,4,12,0.022000
net_watts_strogatz,net,100,20,watts_strogatz,ces,10,4,13,0.018000
net_watts_strogatz,net,100,20,watts_strogatz,ces,10,4,14,0.017000
net_watts_strogatz,net,100,20,watts_strogatz,ces,10,4,15,0.070000
net_watts_strogatz,net,100,20,watts_strogatz,ces,10,4,16,0.016000
net_watts_strogatz,net,100,20,watts_strogatz,ces,10,4,17,0.017000
net_watts_strogatz,net,100,20,watts_strogatz,ces,10,4,18,0.016000
net_watts_strogatz,net,100,20,watts_strogatz,ces,10,4,19,0.068000
net_watts_strogatz,net,100,20,watts_strogatz,ces,10,4,20,0.013000
net_watts_strogatz,net,100,20,watts_strogatz,ces,10,5,1,0.037000
net_watts_strogatz,net,100,20,watts_strogatz,ces,10,5,2,0.031000
net_watts_strogatz,net,100,20,watts_strogatz,ces,10,5,3,0.024000
net_watts_strogatz,net,100,20,watts_strogatz,ces,10,5,4,0.023000
net_watts_strogatz,net,100,20,watts_strogatz,ces,10,5,5,0.023000
net_watts_strogatz,net,100,20,watts_strogatz,ces,10,5,6,0.022000
net_watts_strogatz,net,100,20,watts_strogatz,ces,10,5,7,0.020000
net_watts_strogatz,net,100,20,watts_strogatz,ces,10,5,8,0.019000
net_watts_strogatz,net,100,20,watts_strogatz,ces,10,5,9,0.021000
net_watts_strogatz,net,100,20,watts_strogatz,ces,10,5,10,0.018000
net_watts_strogatz,net,100,20,watts_strogatz,ces,10,5,11,0.018000
net_watts_strogatz,net,100,20,watts_strogatz,ces,10,5,12,0.017000
net_watts_strogatz,net,100,20,watts_strogatz,ces,10,5,13,0.017000
net_watts_strogatz,net,100,20,watts_strogatz,ces,10,5,14,0.017000
net_watts_strogatz,net,100,20,watts_strogatz,ces,10,5,15,0.015000
net_watts_strogatz,net,100,20,watts_strogatz,ces,10,5,16,0.016000
net_watts_strogatz,net,100,20,watts_strogatz,ces,10,5,17,0.014000
net_watts_strogatz,net,100,20,watts_strogatz,ces,10,5,18,0.015000
net_watts_strogatz,net,100,20,watts_strogatz,ces,10,5,19,0.016000
net_watts_strogatz,net,100,20,watts_strogatz,ces,10,5,20,0.016000
net_watts_strogatz,net,100,20,watts_strogatz,ces,10,6,1,0.043000
net_watts_strogatz,net,100,20,watts_strogatz,ces,10,6,2,0.028000
net_watts_strogatz,net,100,20,watts_strogatz,ces,10,6,3,0.024000
net_watts_strogatz,net,100,20,watts_strogatz,ces,10,6,4,0.024000
net_watts_strogatz,net,100,20,watts_strogatz,ces,10,6,5,0.021000
net_watts_strogatz,net,100,20,watts_strogatz,ces,10,6,6,0.022000
net_watts_strogatz,net,100,20,watts_strogatz,ces,10,6,7,0.020000
net_watts_strogatz,net,100,20,watts_strogatz,ces,10,6,8,0.021000
net_watts_strogatz,net,100,20,watts_strogatz,ces,10,6,9,0.020000
net_watts_strogatz,net,100,20,watts_strogatz,ces,10,6,10,0.019000
net_watts_strogatz,net,100,20,watts_strogatz,ces,10,6,11,0.017000
net_watts_strogatz,net,100,20,watts_strogatz,ces,10,6,12,0.017000
net_watts_strogatz,net,100,20,watts_strogatz,ces,10,6,13,0.016000
net_watts_strogatz,net,100,20,watts_strogatz,ces,10,6,14,0.016000
net_watts_strogatz,net,100,20,watts_strogatz,ces,10,6,15,0.015000
net_watts_strogatz,net,100,20,watts_strogatz,ces,10,6,16,0.015000
net_watts_strogatz,net,100,20,watts_strogatz,ces,10,6,17,0.014000
net_watts_strogatz,net,100,20,watts_strogatz,ces,10,6,18,0.015000
net_watts_strogatz,net,100,20,watts_strogatz,ces,10,6,19,0.014000
net_watts_strogatz,net,100,20,watts_strogatz,ces,10,6,20,0.015000
net_watts_strogatz,net,100,20,watts_strogatz,ces,10,7,1,0.038000
net_watts_strogatz,net,100,20,watts_strogatz,ces,10,7,2,0.027000
net_watts_strogatz,net,100,20,watts_strogatz,ces,10,7,3,0.023000
net_watts_strogatz,net,100,20,watts_strogatz,ces,10,7,4,0.022000
net_watts_strogatz,net,100,20,watts_strogatz,ces,10,7,5,0.022000
net_watts_strogatz,net,100,20,watts_strogatz,ces,10,7,6,0.021000
net_watts_strogatz,net,100,20,watts_strogatz,ces,10,7,7,0.020000
net_watts_strogatz,net,100,20,watts_strogatz,ces,10,7,8,0.022000
net_watts_strogatz,net,100,20,watts_strogatz,ces,10,7,9,0.018000
net_watts_strogatz,net,100,20,watts_strogatz,ces,10,7,10,0.017000
net_watts_strogatz,net,100,20,watts_strogatz,ces,10,7,11,0.018000
net_watts_strogatz,net,100,20,watts_strogatz,ces,10,7,12,0.016000
net_watts_strogatz,net,100,20,watts_strogatz,ces,10,7,13,0.017000
net_watts_strogatz,net,100,20,watts_strogatz,ces,10,7,14,0.015000
net_watts_strogatz,net,100,20,watts_strogatz,ces,10,7,15,0.015000
net_watts_strogatz,net,100,20,watts_strogatz,ces,10,7,16,0.015000
net_watts_strogatz,net,100,20,watts_strogatz,ces,10,7,17,0.015000
net_watts_strogatz,net,100,20,watts_strogatz,ces,10,7,18,0.014000
net_watts_strogatz,net,100,20,watts_strogatz,ces,10,7,19,0.013000
net_watts_strogatz,net,100,20,watts_strogatz,ces,10,7,20,0.014000
net_watts_strogatz,net,100,20,watts_strogatz,ces,10,8,1,0.038000
net_watts_strogatz,net,100,20,watts_strogatz,ces,10,8,2,0.027000
net_watts_strogatz,net,100,20,watts_strogatz,ces,10,8,3,0.025000
net_watts_strogatz,net,100,20,watts_strogatz,ces,10,8,4,0.024000
net_watts_strogatz,net,100,20,watts_strogatz,ces,10,8,5,0.023000
net_watts_strogatz,net,100,20,watts_strogatz,ces,10,8,6,0.022000
net_watts_strogatz,net,100,20,watts_strogatz,ces,10,8,7,0.019000
net_watts_strogatz,net,100,20,watts_strogatz,ces,10,8,8,0.019000
net_watts_strogatz,net,100,20,watts_strogatz,ces,10,8,9,0.019000
net_watts_strogatz,net,100,20,watts_strogatz,ces,10,8,10,0.018000
net_watts_strogatz,net,100,20,watts_strogatz,ces,10,8,11,0.018000
net_watts_strogatz,net,100,20,watts_strogatz,ces,10,8,12,0.017000
net_watts_strogatz,net,100,20,watts_strogatz,ces,10,8,13,0.017000
net_watts_strogatz,net,100,20,watts_strogatz,ces,10,8,14,0.016000
net_watts_strogatz,net,100,20,watts_strogatz,ces,10,8,15,0.016000
net_watts_strogatz,net,100,20,watts_strogatz,ces,10,8,16,0.016000
net_watts_strogatz,net,100,20,watts_strogatz,ces,10,8,17,0.015000
net_watts_strogatz,net,100,20,watts_strogatz,ces,10,8,18,0.014000
net_watts_strogatz,net,100,20,watts_strogatz,ces,10,8,19,0.014000
net_watts_strogatz,net,100,20,watts_strogatz,ces,10,8,20,0.014000
net_watts_strogatz,net,100,20,watts_strogatz,ces,10,9,1,0.038000
net_watts_strogatz,net,100,20,watts_strogatz,ces,10,9,2,0.028000
net_watts_strogatz,net,100,20,watts_strogatz,ces,10,9,3,0.025000
net_watts_strogatz,net,100,20,watts_strogatz,ces,10,9,4,0.024000
net_watts_strogatz,net,100,20,watts_strogatz,ces,10,9,5,0.022000
net_watts_strogatz,net,100,20,watts_strogatz,ces,10,9,6,0.022000
net_watts_strogatz,net,100,20,watts_strogatz,ces,10,9,7,0.021000
net_watts_strogatz,net,100,20,watts_strogatz,ces,10,9,8,0.020000
net_watts_strogatz,net,100,20,watts_strogatz,ces,10,9,9,0.019000
net_watts_strogatz,net,100,20,watts_strogatz,ces,10,9,10,0.019000
net_watts_strogatz,net,100,20,watts_strogatz,ces,10,9,11,0.016000
net_watts_strogatz,net,100,20,watts_strogatz,ces,10,9,12,0.016000
net_watts_strogatz,net,100,20,watts_strogatz,ces,10,9,13,0.016000
net_watts_strogatz,net,100,20,watts_strogatz,ces,10,9,14,0.016000
net_watts_strogatz,net,100,20,watts_strogatz,ces,10,9,15,0.015000
net_watts_strogatz,net,100,20,watts_strogatz,ces,10,9,16,0.016000
net_watts_strogatz,net,100,20,watts_strogatz,ces,10,9,17,0.014000
net_watts_strogatz,net,100,20,watts_strogatz,ces,10,9,18,0.015000
net_watts_strogatz,net,100,20,watts_strogatz,ces,10,9,19,0.014000
net_watts_strogatz,net,100,20,watts_strogatz,ces,10,9,20,0.013000
net_random,net,100,20,random,ces,10,2,1,0.026000
net_random,net,100,20,random,ces,10,2,2,0.026000
net_random,net,100,20,random,ces,10,2,3,0.021000
net_random,net,100,20,random,ces,10,2,4,0.020000
net_random,net,100,20,random,ces,10,2,5,0.021000
net_random,net,100,20,random,ces,10,2,6,0.017000
net_random,net,100,20,random,ces,10,2,7,0.017000
net_random,net,100,20,random,ces,10,2,8,0.017000
net_random,net,100,20,random,ces,10,2,9,0.019000
net_random,net,100,20,random,ces,10,2,10,0.016000
net_random,net,100,20,random,ces,10,2,11,0.071000
net_random,net,100,20,random,ces,10,2,12,0.015000
net_random,net,100,20,random,ces,10,2,13,0.016000
net_random,net,100,20,random,ces,10,2,14,0.014000
net_random,net,100,20,random,ces,10,2,15,0.012000
net_random,net,100,20,random,ces,10,2,16,0.011000
net_random,net,100,20,random,ces,10,2,17,0.119000
net_random,net,100,20,random,ces,10,2,18,0.065000
net_random,net,100,20,random,ces,10,2,19,0.011000
net_random,net,100,20,random,ces,10,2,20,0.010000
net_random,net,100,20,random,ces,10,3,1,0.024000
net_random,net,100,20,random,ces,10,3,2,0.021000
net_random,net,100,20,random,ces,10,3,3,0.023000
net_random,net,100,20,random,ces,10,3,4,0.018000
net_random,net,100,20,random,ces,10,3,5,0.018000
net_random,net,100,20,random,ces,10,3,6,0.017000
net_random,net,100,20,random,ces,10,3,7,0.066000
net_random,net,100,20,random,ces,10,3,8,0.016000
net_random,net,100,20,random,ces,10,3,9,0.017000
net_random,net,100,20,random,ces,10,3,10,0.014000
net_random,net,100,20,random,ces,10,3,11,0.013000
net_random,net,100,20,random,ces,10,3,12,0.014000
net_random,net,100,20,random,ces,10,3,13,0.012000
net_random,net,100,20,random,ces,10,3,14,0.013000
net_random,net,100,20,random,ces,10,3,15,0.015000
net_random,net,100,20,random,ces,10,3,16,0.017000
net_random,net,100,20,random,ces,10,3,17,0.013000
net_random,net,100,20,random,ces,10,3,18,0.015000
net_random,net,100,20,random,ces,10,3,19,0.013000
net_random,net,100,20,random,ces,10,3,20,0.012000
net_random,net,100,20,random,ces,10,4,1,0.025000
net_random,net,100,20,random,ces,10,4,2,0.023000
net_random,net,100,20,random,ces,10,4,3,0.019000
net_random,net,100,20,random,ces,10,4,4,0.020000
net_random,net,100,20,random,ces,10,4,5,0.019000
net_random,net,100,20,random,ces,10,4,6,0.018000
net_random,net,100,20,random,ces,10,4,7,0.017000
net_random,net,100,20,random,ces,10,4,8,0.015000
net_random,net,100,20,random,ces,10,4,9,0.014000
net_random,net,100,20,random,ces,10,4,10,0.014000
net_random,net,100,20,random,ces,10,4,11,0.015000
net_random,net,100,20,random,ces,10,4,12,0.013000
net_random,net,100,20,random,ces,10,4,13,0.012000
net_random,net,100,20,random,ces,10,4,14,0.012000
net_random,net,100,20,random,ces,10,4,15,0.012000
net_random,net,100,20,random,ces,10,4,16,0.011000
net_random,net,100,20,random,ces,10,4,17,0.012000
net_random,net,100,20,random,ces,10,4,18,0.010000
net_random,net,100,20,random,ces,10,4,19,0.066000
net_random,net,100,20,random,ces,10,4,20,0.011000
net_random,net,100,20,random,ces,10,5,1,0.026000
net_random,net,100,20,random,ces,10,5,2,0.020000
net_random,net,100,20,random,ces,10,5,3,0.019000
net_random,net,100,20,random,ces,10,5,4,0.018000
net_random,net,100,20,random,ces,10,5,5,0.017000
net_random,net,100,20,random,ces,10,5,6,0.017000
net_random,net,100,20,random,ces,10,5,7,0.016000
net_random,net,100,20,random,ces,10,5,8,0.015000
net_random,net,100,20,random,ces,10,5,9,0.014000
net_random,net,100,20,random,ces,10,5,10,0.014000
net_random,net,100,20,random,ces,10,5,11,0.013000
net_random,net,100,20,random,ces,10,5,12,0.013000
net_random,net,100,20,random,ces,10,5,13,0.012000
net_random,net,100,20,random,ces,10,5,14,0.013000
net_random,net,100,20,random,ces,10,5,15,0.011000
net_random,net,100,20,random,ces,10,5,16,0.012000
net_random,net,100,20,random,ces,10,5,17,0.011000
net_random,net,100,20,random,ces,10,5,18,0.011000
net_random,net,100,20,random,ces,10,5,19,0.010000
net_random,net,100,20,random,ces,10,5,20,0.010000
net_random,net,100,20,random,ces,10,6,1,0.024000
net_random,net,100,20,random,ces,10,6,2,0.021000
net_random,net,100,20,random,ces,10,6,3,0.019000
net_random,net,100,20,random,ces,10,6,4,0.020000
net_random,net,100,20,random,ces,10,6,5,0.017000
net_random,net,100,20,random,ces,10,6,6,0.016000
net_random,net,100,20,random,ces,10,6,7,0.015000
net_random,net,100,20,random,ces,10,6,8,0.015000
net_random,net,100,20,random,ces,10,6,9,0.014000
net_random,net,100,20,random,ces,10,6,10,0.013000
net_random,net,100,20,random,ces,10,6,11,0.014000
net_random,net,100,20,random,ces,10,6,12,0.013000
net_random,net,100,20,random,ces,10,6,13,0.013000
net_random,net,100,20,random,ces,10,6,14,0.011000
net_random,net,100,20,random,ces,10,6,15,0.012000
net_random,net,100,20,random,ces,10,6,16,0.011000
net_random,net,100,20,random,ces,10,6,17,0.011000
net_random,net,100,20,random,ces,10,6,18,0.010000
net_random,net,100,20,random,ces,10,6,19,0.010000
net_random,net,100,20,random,ces,10,6,20,0.010000
net_random,net,100,20,random,ces,10,7,1,0.024000
net_random,net,100,20,random,ces,10,7,2,0.021000
net_random,net,100,20,random,ces,10,7,3,0.019000
net_random,net,100,20,random,ces,10,7,4,0.017000
net_random,net,100,20,random,ces,10,7,5,0.017000
net_random,net,100,20,random,ces,10,7,6,0.016000
net_random,net,100,20,random,ces,10,7,7,0.016000
net_random,net,100,20,random,ces,10,7,8,0.015000
net_random,net,100,20,random,ces,10,7,9,0.015000
net_random,net,100,20,random,ces,10,7,10,0.013000
net_random,net,100,20,random,ces,10,7,11,0.013000
net_random,net,100,20,random,ces,10,7,12,0.013000
net_random,net,100,20,random,ces,10,7,13,0.012000
net_random,net,100,20,random,ces,10,7,14,0.012000
net_random,net,100,20,random,ces,10,7,15,0.012000
net_random,net,100,20,random,ces,10,7,16,0.012000
net_random,net,100,20,random,ces,10,7,17,0.010000
net_random,net,100,20,random,ces,10,7,18,0.011000
net_random,net,100,20,random,ces,10,7,19,0.010000
net_random,net,100,20,random,ces,10,7,20,0.010000
net_random,net,100,20,random,ces,10,8,1,0.025000
net_random,net,100,20,random,ces,10,8,2,0.020000
net_random,net,100,20,random,ces,10,8,3,0.019000
net_random,net,100,20,random,ces,10,8,4,0.018000
net_random,net,100,20,random,ces,10,8,5,0.017000
net_random,net,100,20,random,ces,10,8,6,0.016000
net_random,net,100,20,random,ces,10,8,7,0.015000
net_random,net,100,20,random,ces,10,8,8,0.015000
net_random,net,100,20,random,ces,10,8,9,0.014000
net_random,net,100,20,random,ces,10,8,10,0.014000
net_random,net,100,20,random,ces,10,8,11,0.014000
net_random,net,100,20,random,ces,10,8,12,0.013000
net_random,net,100,20,random,ces,10,8,13,0.012000
net_random,net,100,20,random,ces,10,8,14,0.012000
net_random,net,100,20,random,ces,10,8,15,0.011000
net_random,net,100,20,random,ces,10,8,16,0.011000
net_random,net,100,20,random,ces,10,8,17,0.011000
net_random,net,100,20,random,ces,10,8,18,0.010000
net_random,net,100,20,random,ces,10,8,19,0.010000
net_random,net,100,20,random,ces,10,8,20,0.010000
net_random,net,100,20,random,ces,10,9,1,0.023000
net_random,net,100,20,random,ces,10,9,2,0.021000
net_random,net,100,20,random,ces,10,9,3,0.019000
net_random,net,100,20,random,ces,10,9,4,0.017000
net_random,net,100,20,random,ces,10,9,5,0.017000
net_random,net,100,20,random,ces,10,9,6,0.016000
net_random,net,100,20,random,ces,10,9,7,0.016000
net_random,net,100,20,random,ces,10,9,8,0.014000
net_random,net,100,20,random,ces,10,9,9,0.014000
net_random,net,100,20,random,ces,10,9,10,0.013000
net_random,net,100,20,random,ces,10,9,11,0.013000
net_random,net,100,20,random,ces,10,9,12,0.013000
net_random,net,100,20,random,ces,10,9,13,0.012000
net_random,net,100,20,random,ces,10,9,14,0.012000
net_random,net,100,20,random,ces,10,9,15,0.011000
net_random,net,100,20,random,ces,10,9,16,0.011000
net_random,net,100,20,random,ces,10,9,17,0.011000
net_random,net,100,20,random,ces,10,9,18,0.010000
net_random,net,100,20,random,ces,10,9,19,0.010000
net_random,net,100,20,random,ces,10,9,20,0.010000
net_preferential_attachment,net,100,20,preferential_attachment,ces,10,2,1,0.044000
net_preferential_attachment,net,100,20,preferential_attachment,ces,10,2,2,0.032000
net_preferential_attachment,net,100,20,preferential_attachment,ces,10,2,3,0.033000
net_preferential_attachment,net,100,20,preferential_attachment,ces,10,2,4,0.025000
net_preferential_attachment,net,100,20,preferential_attachment,ces,10,2,5,0.026000
net_preferential_attachment,net,100,20,preferential_attachment,ces,10,2,6,0.027000
net_preferential_attachment,net,100,20,preferential_attachment,ces,10,2,7,0.031000
net_preferential_attachment,net,100,20,preferential_attachment,ces,10,2,8,0.026000
net_preferential_attachment,net,100,20,preferential_attachment,ces,10,2,9,0.026000
net_preferential_attachment,net,100,20,preferential_attachment,ces,10,2,10,0.022000
net_preferential_attachment,net,100,20,preferential_attachment,ces,10,2,11,0.022000
net_preferential_attachment,net,100,20,preferential_attachment,ces,10,2,12,0.018000
net_preferential_attachment,net,100,20,preferential_attachment,ces,10,2,13,0.020000
net_preferential_attachment,net,100,20,preferential_attachment,ces,10,2,14,0.020000
net_preferential_attachment,net,100,20,preferential_attachment,ces,10,2,15,0.023000
net_preferential_attachment,net,100,20,preferential_attachment,ces,10,2,16,0.016000
net_preferential_attachment,net,100,20,preferential_attachment,ces,10,2,17,0.066000
net_preferential_attachment,net,100,20,preferential_attachment,ces,10,2,18,0.064000
net_preferential_attachment,net,100,20,preferential_attachment,ces,10,2,19,0.014000
net_preferential_attachment,net,100,20,preferential_attachment,ces,10,2,20,0.014000
net_preferential_attachment,net,100,20,preferential_attachment,ces,10,3,1,0.041000
net_preferential_attachment,net,100,20,preferential_attachment,ces,10,3,2,0.035000
net_preferential_attachment,net,100,20,preferential_attachment,ces,10,3,3,0.027000
net_preferential_attachment,net,100,20,preferential_attachment,ces,10,3,4,0.025000
net_preferential_attachment,net,100,20,preferential_attachment,ces,10,3,5,0.023000
net_preferential_attachment,net,100,20,preferential_attachment,ces,10,3,6,0.021000
net_preferential_attachment,net,100,20,preferential_attachment,ces,10,3,7,0.021000
net_preferential_attachment,net,100,20,preferential_attachment,ces,10,3,8,0.026000
net_preferential_attachment,net,100,20,preferential_attachment,ces,10,3,9,0.020000
net_preferential_attachment,net,100,20,preferential_attachment,ces,10,3,10,0.018000
net_preferential_attachment,net,100,20,preferential_attachment,ces,10,3,11,0.018000
net_preferential_attachment,net,100,20,preferential_attachment,ces,10,3,12,0.018000
net_preferential_attachment,net,100,20,preferential_attachment,ces,10,3,13,0.018000
net_preferential_attachment,net,100,20,preferential_attachment,ces,10,3,14,0.016000
net_preferential_attachment,net,100,20,preferential_attachment,ces,10,3,15,0.017000
net_preferential_attachment,net,100,20,preferential_attachment,ces,10,3,16,0.017000
net_preferential_attachment,net,100,20,preferential_attachment,ces,10,3,17,0.023000
net_preferential_attachment,net,100,20,preferential_attachment,ces,10,3,18,0.018000
net_preferential_attachment,net,100,20,preferential_attachment,ces,10,3,19,0.017000
net_preferential_attachment,net,100,20,preferential_attachment,ces,10,3,20,0.017000
net_preferential_attachment,net,100,20,preferential_attachment,ces,10,4,1,0.044000
net_preferential_attachment,net,100,20,preferential_attachment,ces,10,4,2,0.030000
net_preferential_attachment,net,100,20,preferential_attachment,ces,10,4,3,0.026000
net_preferential_attachment,net,100,20,preferential_attachment,ces,10,4,4,0.024000
net_preferential_attachment,net,100,20,preferential_attachment,ces,10,4,5,0.029000
net_preferential_attachment,net,100,20,preferential_attachment,ces,10,4,6,0.024000
net_preferential_attachment,net,100,20,preferential_attachment,ces,10,4,7,0.023000
net_preferential_attachment,net,100,20,preferential_attachment,ces,10,4,8,0.020000
net_preferential_attachment,net,100,20,preferential_attachment,ces,10,4,9,0.020000
net_preferential_attachment,net,100,20,preferential_attachment,ces,10,4,10,0.018000
net_preferential_attachment,net,100,20,preferential_attachment,ces,10,4,11,0.018000
net_preferential_attachment,net,100,20,preferential_attachment,ces,10,4,12,0.017000
net_preferential_attachment,net,100,20,preferential_attachment,ces,10,4,13,0.018000
net_preferential_attachment,net,100,20,preferential_attachment,ces,10,4,14,0.021000
net_preferential_attachment,net,100,20,preferential_attachment,ces,10,4,15,0.065000
net_preferential_attachment,net,100,20,preferential_attachment,ces,10,4,16,0.016000
net_preferential_attachment,net,100,20,preferential_attachment,ces,10,4,17,0.016000
net_preferential_attachment,net,100,20,preferential_attachment,ces,10,4,18,0.017000
net_preferential_attachment,net,100,20,preferential_attachment,ces,10,4,19,0.065000
net_preferential_attachment,net,100,20,preferential_attachment,ces,10,4,20,0.015000
net_preferential_attachment,net,100,20,preferential_attachment,ces,10,5,1,0.042000
net_preferential_attachment,net,100,20,preferential_attachment,ces,10,5,2,0.030000
net_preferential_attachment,net,100,20,preferential_attachment,ces,10,5,3,0.031000
net_preferential_attachment,net,100,20,preferential_attachment,ces,10,5,4,0.025000
net_preferential_attachment,net,100,20,preferential_attachment,ces,10,5,5,0.022000
net_preferential_attachment,net,100,20,preferential_attachment,ces,10,5,6,0.023000
net_preferential_attachment,net,100,20,preferential_attachment,ces,10,5,7,0.021000
net_preferential_attachment,net,100,20,preferential_attachment,ces,10,5,8,0.021000
net_preferential_attachment,net,100,20,preferential_attachment,ces,10,5,9,0.019000
net_preferential_attachment,net,100,20,preferential_attachment,ces,10,5,10,0.020000
net_preferential_attachment,net,100,20,preferential_attachment,ces,10,5,11,0.022000
net_preferential_attachment,net,100,20,preferential_attachment,ces,10,5,12,0.021000
net_preferential_attachment,net,100,20,preferential_attachment,ces,10,5,13,0.019000
net_preferential_attachment,net,100,20,preferential_attachment,ces,10,5,14,0.020000
net_preferential_attachment,net,100,20,preferential_attachment,ces,10,5,15,0.018000
net_preferential_attachment,net,100,20,preferential_attachment,ces,10,5,16,0.016000
net_preferential_attachment,net,100,20,preferential_attachment,ces,10,5,17,0.016000
net_preferential_attachment,net,100,20,preferential_attachment,ces,10,5,18,0.015000
net_preferential_attachment,net,100,20,preferential_attachment,ces,10,5,19,0.014000
net_preferential_attachment,net,100,20,preferential_attachment,ces,10,5,20,0.014000
net_preferential_attachment,net,100,20,preferential_attachment,ces,10,6,1,0.040000
net_preferential_attachment,net,100,20,preferential_attachment,ces,10,6,2,0.031000
net_preferential_attachment,net,100,20,preferential_attachment,ces,10,6,3,0.031000
net_preferential_attachment,net,100,20,preferential_attachment,ces,10,6,4,0.026000
net_preferential_attachment,net,100,20,preferential_attachment,ces,10,6,5,0.023000
net_preferential_attachment,net,100,20,preferential_attachment,ces,10,6,6,0.021000
net_preferential_attachment,net,100,20,preferential_attachment,ces,10,6,7,0.022000
net_preferential_attachment,net,100,20,preferential_attachment,ces,10,6,8,0.021000
net_preferential_attachment,net,100,20,preferential_attachment,ces,10,6,9,0.020000
net_preferential_attachment,net,100,20,preferential_attachment,ces,10,6,10,0.019000
net_preferential_attachment,net,100,20,preferential_attachment,ces,10,6,11,0.019000
net_preferential_attachment,net,100,20,preferential_attachment,ces,10,6,12,0.018000
net_preferential_attachment,net,100,20,preferential_attachment,ces,10,6,13,0.018000
net_preferential_attachment,net,100,20,preferential_attachment,ces,10,6,14,0.018000
net_preferential_attachment,net,100,20,preferential_attachment,ces,10,6,15,0.016000
net_preferential_attachment,net,100,20,preferential_attachment,ces,10,6,16,0.016000
net_preferential_attachment,net,100,20,preferential_attachment,ces,10,6,17,0.014000
net_preferential_attachment,net,100,20,preferential_attachment,ces,10,6,18,0.015000
net_preferential_attachment,net,100,20,preferential_attachment,ces,10,6,19,0.014000
net_preferential_attachment,net,100,20,preferential_attachment,ces,10,6,20,0.015000
net_preferential_attachment,net,100,20,preferential_attachment,ces,10,7,1,0.039000
net_preferential_attachment,net,100,20,preferential_attachment,ces,10,7,2,0.029000
net_preferential_attachment,net,100,20,preferential_attachment,ces,10,7,3,0.026000
net_preferential_attachment,net,100,20,preferential_attachment,ces,10,7,4,0.024000
net_preferential_attachment,net,100,20,preferential_attachment,ces,10,7,5,0.023000
net_preferential_attachment,net,100,20,preferential_attachment,ces,10,7,6,0.022000
net_preferential_attachment,net,100,20,preferential_attachment,ces,10,7,7,0.021000
net_preferential_attachment,net,100,20,preferential_attachment,ces,10,7,8,0.020000
net_preferential_attachment,net,100,20,preferential_attachment,ces,10,7,9,0.020000
net_preferential_attachment,net,100,20,preferential_attachment,ces,10,7,10,0.018000
net_preferential_attachment,net,100,20,preferential_attachment,ces,10,7,11,0.018000
net_preferential_attachment,net,100,20,preferential_attachment,ces,10,7,12,0.017000
net_preferential_attachment,net,100,20,preferential_attachment,ces,10,7,13,0.018000
net_preferential_attachment,net,100,20,preferential_attachment,ces,10,7,14,0.018000
net_preferential_attachment,net,100,20,preferential_attachment,ces,10,7,15,0.016000
net_preferential_attachment,net,100,20,preferential_attachment,ces,10,7,16,0.017000
net_preferential_attachment,net,100,20,preferential_attachment,ces,10,7,17,0.015000
net_preferential_attachment,net,100,20,preferential_attachment,ces,10,7,18,0.015000
net_preferential_attachment,net,100,20,preferential_attachment,ces,10,7,19,0.014000
net_preferential_attachment,net,100,20,preferential_attachment,ces,10,7,20,0.014000
net_preferential_attachment,net,100,20,preferential_attachment,ces,10,8,1,0.040000
net_preferential_attachment,net,100,20,preferential_attachment,ces,10,8,2,0.029000
net_preferential_attachment,net,100,20,preferential_attachment,ces,10,8,3,0.025000
net_preferential_attachment,net,100,20,preferential_attachment,ces,10,8,4,0.023000
net_preferential_attachment,net,100,20,preferential_attachment,ces,10,8,5,0.022000
net_preferential_attachment,net,100,20,preferential_attachment,ces,10,8,6,0.022000
net_preferential_attachment,net,100,20,preferential_attachment,ces,10,8,7,0.020000
net_preferential_attachment,net,100,20,preferential_attachment,ces,10,8,8,0.019000
net_preferential_attachment,net,100,20,preferential_attachment,ces,10,8,9,0.021000
net_preferential_attachment,net,100,20,preferential_attachment,ces,10,8,10,0.018000
net_preferential_attachment,net,100,20,preferential_attachment,ces,10,8,11,0.018000
net_preferential_attachment,net,100,20,preferential_attachment,ces,10,8,12,0.016000
net_preferential_attachment,net,100,20,preferential_attachment,ces,10,8,13,0.016000
net_preferential_attachment,net,100,20,preferential_attachment,ces,10,8,14,0.015000
net_preferential_attachment,net,100,20,preferential_attachment,ces,10,8,15,0.015000
net_preferential_attachment,net,100,20,preferential_attachment,ces,10,8,16,0.014000
net_preferential_attachment,net,100,20,preferential_attachment,ces,10,8,17,0.014000
net_preferential_attachment,net,100,20,preferential_attachment,ces,10,8,18,0.014000
net_preferential_attachment,net,100,20,preferential_attachment,ces,10,8,19,0.015000
net_preferential_attachment,net,100,20,preferential_attachment,ces,10,8,20,0.014000
net_preferential_attachment,net,100,20,preferential_attachment,ces,10,9,1,0.035000
net_preferential_attachment,net,100,20,preferential_attachment,ces,10,9,2,0.027000
net_preferential_attachment,net,100,20,preferential_attachment,ces,10,9,3,0.024000
net_preferential_attachment,net,100,20,preferential_attachment,ces,10,9,4,0.022000
net_preferential_attachment,net,100,20,preferential_attachment,ces,10,9,5,0.021000
net_preferential_attachment,net,100,20,preferential_attachment,ces,10,9,6,0.021000
net_preferential_attachment,net,100,20,preferential_attachment,ces,10,9,7,0.019000
net_preferential_attachment,net,100,20,preferential_attachment,ces,10,9,8,0.019000
net_preferential_attachment,net,100,20,preferential_attachment,ces,10,9,9,0.019000
net_preferential_attachment,net,100,20,preferential_attachment,ces,10,9,10,0.017000
net_preferential_attachment,net,100,20,preferential_attachment,ces,10,9,11,0.017000
net_preferential_attachment,net,100,20,preferential_attachment,ces,10,9,12,0.017000
net_preferential_attachment,net,100,20,preferential_attachment,ces,10,9,13,0.016000
net_preferential_attachment,net,100,20,preferential_attachment,ces,10,9,14,0.015000
net_preferential_attachment,net,100,20,preferential_attachment,ces,10,9,15,0.015000
net_preferential_attachment,net,100,20,preferential_attachment,ces,10,9,16,0.015000
net_preferential_attachment,net,100,20,preferential_attachment,ces,10,9,17,0.014000
net_preferential_attachment,net,100,20,preferential_attachment,ces,10,9,18,0.013000
net_preferential_attachment,net,100,20,preferential_attachment,ces,10,9,19,0.014000
net_preferential_attachment,net,100,20,preferential_attachment,ces,10,9,20,0.013000
net_similarity,net,100,20,similarity,ces,10,2,1,0.043000
net_similarity,net,100,20,similarity,ces,10,2,2,0.031000
net_similarity,net,100,20,similarity,ces,10,2,3,0.028000
net_similarity,net,100,20,similarity,ces,10,2,4,0.026000
net_similarity,net,100,20,similarity,ces,10,2,5,0.024000
net_similarity,net,100,20,similarity,ces,10,2,6,0.028000
net_similarity,net,100,20,similarity,ces,10,2,7,0.023000
net_similarity,net,100,20,similarity,ces,10,2,8,0.022000
net_similarity,net,100,20,similarity,ces,10,2,9,0.020000
net_similarity,net,100,20,similarity,ces,10,2,10,0.019000
net_similarity,net,100,20,similarity,ces,10,2,11,0.019000
net_similarity,net,100,20,similarity,ces,10,2,12,0.018000
net_similarity,net,100,20,similarity,ces,10,2,13,0.023000
net_similarity,net,100,20,similarity,ces,10,2,14,0.019000
net_similarity,net,100,20,similarity,ces,10,2,15,0.018000
net_similarity,net,100,20,similarity,ces,10,2,16,0.073000
net_similarity,net,100,20,similarity,ces,10,2,17,0.121000
net_similarity,net,100,20,similarity,ces,10,2,18,0.014000
net_similarity,net,100,20,similarity,ces,10,2,19,0.013000
net_similarity,net,100,20,similarity,ces,10,2,20,0.014000
net_similarity,net,100,20,similarity,ces,10,3,1,0.036000
net_similarity,net,100,20,similarity,ces,10,3,2,0.036000
net_similarity,net,100,20,similarity,ces,10,3,3,0.027000
net_similarity,net,100,20,similarity,ces,10,3,4,0.026000
net_similarity,net,100,20,similarity,ces,10,3,5,0.024000
net_similarity,net,100,20,similarity,ces,10,3,6,0.022000
net_similarity,net,100,20,similarity,ces,10,3,7,0.022000
net_similarity,net,100,20,similarity,ces,10,3,8,0.022000
net_similarity,net,100,20,similarity,ces,10,3,9,0.023000
net_similarity,net,100,20,similarity,ces,10,3,10,0.018000
net_similarity,net,100,20,similarity,ces,10,3,11,0.018000
net_similarity,net,100,20,similarity,ces,10,3,12,0.017000
net_similarity,net,100,20,similarity,ces,10,3,13,0.016000
net_similarity,net,100,20,similarity,ces,10,3,14,0.016000
net_similarity,net,100,20,similarity,ces,10,3,15,0.016000
net_similarity,net,100,20,similarity,ces,10,3,16,0.015000
net_similarity,net,100,20,similarity,ces,10,3,17,0.015000
net_similarity,net,100,20,similarity,ces,10,3,18,0.015000
net_similarity,net,100,20,similarity,ces,10,3,19,0.014000
net_similarity,net,100,20,similarity,ces,10,3,20,0.019000
net_similarity,net,100,20,similarity,ces,10,4,1,0.036000
net_similarity,net,100,20,similarity,ces,10,4,2,0.030000
net_similarity,net,100,20,similarity,ces,10,4,3,0.027000
net_similarity,net,100,20,similarity,ces,10,4,4,0.026000
net_similarity,net,100,20,similarity,ces,10,4,5,0.024000
net_similarity,net,100,20,similarity,ces,10,4,6,0.031000
net_similarity,net,100,20,similarity,ces,10,4,7,0.026000
net_similarity,net,100,20,similarity,ces,10,4,8,0.025000
net_similarity,net,100,20,similarity,ces,10,4,9,0.022000
net_similarity,net,100,20,similarity,ces,10,4,10,0.019000
net_similarity,net,100,20,similarity,ces,10,4,11,0.019000
net_similarity,net,100,20,similarity,ces,10,4,12,0.019000
net_similarity,net,100,20,similarity,ces,10,4,13,0.017000
net_similarity,net,100,20,similarity,ces,10,4,14,0.070000
net_similarity,net,100,20,similarity,ces,10,4,15,0.015000
net_similarity,net,100,20,similarity,ces,10,4,16,0.015000
net_similarity,net,100,20,similarity,ces,10,4,17,0.016000
net_similarity,net,100,20,similarity,ces,10,4,18,0.019000
net_similarity,net,100,20,similarity,ces,10,4,19,0.014000
net_similarity,net,100,20,similarity,ces,10,4,20,0.013000
net_similarity,net,100,20,similarity,ces,10,5,1,0.038000
net_similarity,net,100,20,similarity,ces,10,5,2,0.030000
net_similarity,net,100,20,similarity,ces,10,5,3,0.027000
net_similarity,net,100,20,similarity,ces,10,5,4,0.026000
net_similarity,net,100,20,similarity,ces,10,5,5,0.024000
net_similarity,net,100,20,similarity,ces,10,5,6,0.027000
net_similarity,net,100,20,similarity,ces,10,5,7,0.021000
net_similarity,net,100,20,similarity,ces,10,5,8,0.021000
net_similarity,net,100,20,similarity,ces,10,5,9,0.020000
net_similarity,net,100,20,similarity,ces,10,5,10,0.019000
net_similarity,net,100,20,similarity,ces,10,5,11,0.018000
net_similarity,net,100,20,similarity,ces,10,5,12,0.018000
net_similarity,net,100,20,similarity,ces,10,5,13,0.017000
net_similarity,net,100,20,similarity,ces,10,5,14,0.016000
net_similarity,net,100,20,similarity,ces,10,5,15,0.016000
net_similarity,net,100,20,similarity,ces,10,5,16,0.015000
net_similarity,net,100,20,similarity,ces,10,5,17,0.014000
net_similarity,net,100,20,similarity,ces,10,5,18,0.018000
net_similarity,net,100,20,similarity,ces,10,5,19,0.015000
net_similarity,net,100,20,similarity,ces,10,5,20,0.013000
net_similarity,net,100,20,similarity,ces,10,6,1,0.036000
net_similarity,net,100,20,similarity,ces,10,6,2,0.031000
net_similarity,net,100,20,similarity,ces,10,6,3,0.027000
net_similarity,net,100,20,similarity,ces,10,6,4,0.026000
net_similarity,net,100,20,similarity,ces,10,6,5,0.024000
net_similarity,net,100,20,similarity,ces,10,6,6,0.027000
net_similarity,net,100,20,similarity,ces,10,6,7,0.026000
net_similarity,net,100,20,similarity,ces,10,6,8,0.024000
net_similarity,net,100,20,similarity,ces,10,6,9,0.023000
net_similarity,net,100,20,similarity,ces,10,6,10,0.020000
net_similarity,net,100,20,similarity,ces,10,6,11,0.018000
net_similarity,net,100,20,similarity,ces,10,6,12,0.018000
net_similarity,net,100,20,similarity,ces,10,6,13,0.017000
net_similarity,net,100,20,similarity,ces,10,6,14,0.016000
net_similarity,net,100,20,similarity,ces,10,6,15,0.016000
net_similarity,net,100,20,similarity,ces,10,6,16,0.015000
net_similarity,net,100,20,similarity,ces,10,6,17,0.015000
net_similarity,net,100,20,similarity,ces,10,6,18,0.014000
net_similarity,net,100,20,similarity,ces,10,6,19,0.015000
net_similarity,net,100,20,similarity,ces,10,6,20,0.016000
net_similarity,net,100,20,similarity,ces,10,7,1,0.035000
net_similarity,net,100,20,similarity,ces,10,7,2,0.029000
net_similarity,net,100,20,similarity,ces,10,7,3,0.027000
net_similarity,net,100,20,similarity,ces,10,7,4,0.024000
net_similarity,net,100,20,similarity,ces,10,7,5,0.024000
net_similarity,net,100,20,similarity,ces,10,7,6,0.022000
net_similarity,net,100,20,similarity,ces,10,7,7,0.022000
net_similarity,net,100,20,similarity,ces,10,7,8,0.020000
net_similarity,net,100,20,similarity,ces,10,7,9,0.019000
net_similarity,net,100,20,similarity,ces,10,7,10,0.018000
net_similarity,net,100,20,similarity,ces,10,7,11,0.017000
net_similarity,net,100,20,similarity,ces,10,7,12,0.017000
net_similarity,net,100,20,similarity,ces,10,7,13,0.016000
net_similarity,net,100,20,similarity,ces,10,7,14,0.016000
net_similarity,net,100,20,similarity,ces,10,7,15,0.015000
net_similarity,net,100,20,similarity,ces,10,7,16,0.016000
net_similarity,net,100,20,similarity,ces,10,7,17,0.014000
net_similarity,net,100,20,similarity,ces,10,7,18,0.014000
net_similarity,net,100,20,similarity,ces,10,7,19,0.014000
net_similarity,net,100,20,similarity,ces,10,7,20,0.014000
net_similarity,net,100,20,similarity,ces,10,8,1,0.036000
net_similarity,net,100,20,similarity,ces,10,8,2,0.031000
net_similarity,net,100,20,similarity,ces,10,8,3,0.028000
net_similarity,net,100,20,similarity,ces,10,8,4,0.026000
net_similarity,net,100,20,similarity,ces,10,8,5,0.024000
net_similarity,net,100,20,similarity,ces,10,8,6,0.023000
net_similarity,net,100,20,similarity,ces,10,8,7,0.022000
net_similarity,net,100,20,similarity,ces,10,8,8,0.020000
net_similarity,net,100,20,similarity,ces,10,8,9,0.020000
net_similarity,net,100,20,similarity,ces,10,8,10,0.019000
net_similarity,net,100,20,similarity,ces,10,8,11,0.018000
net_similarity,net,100,20,similarity,ces,10,8,12,0.018000
net_similarity,net,100,20,similarity,ces,10,8,13,0.016000
net_similarity,net,100,20,similarity,ces,10,8,14,0.016000
net_similarity,net,100,20,similarity,ces,10,8,15,0.017000
net_similarity,net,100,20,similarity,ces,10,8,16,0.014000
net_similarity,net,100,20,similarity,ces,10,8,17,0.014000
net_similarity,net,100,20,similarity,ces,10,8,18,0.013000
net_similarity,net,100,20,similarity,ces,10,8,19,0.014000
net_similarity,net,100,20,similarity,ces,10,8,20,0.013000
net_similarity,net,100,20,similarity,ces,10,9,1,0.035000
net_similarity,net,100,20,similarity,ces,10,9,2,0.030000
net_similarity,net,100,20,similarity,ces,10,9,3,0.027000
net_similarity,net,100,20,similarity,ces,10,9,4,0.025000
net_similarity,net,100,20,similarity,ces,10,9,5,0.025000
net_similarity,net,100,20,similarity,ces,10,9,6,0.023000
net_similarity,net,100,20,similarity,ces,10,9,7,0.022000
net_similarity,net,100,20,similarity,ces,10,9,8,0.020000
net_similarity,net,100,20,similarity,ces,10,9,9,0.018000
net_similarity,net,100,20,similarity,ces,10,9,10,0.018000
net_similarity,net,100,20,similarity,ces,10,9,11,0.018000
net_similarity,net,100,20,similarity,ces,10,9,12,0.016000
net_similarity,net,100,20,similarity,ces,10,9,13,0.016000
net_similarity,net,100,20,similarity,ces,10,9,14,0.016000
net_similarity,net,100,20,similarity,ces,10,9,15,0.015000
net_similarity,net,100,20,similarity,ces,10,9,16,0.015000
net_similarity,net,100,20,similarity,ces,10,9,17,0.015000
net_similarity,net,100,20,similarity,ces,10,9,18,0.014000
net_similarity,net,100,20,similarity,ces,10,9,19,0.014000
net_similarity,net,100,20,similarity,ces,10,9,20,0.013000
net_homophily,net,100,20,homophily,ces,10,2,1,0.058000
net_homophily,net,100,20,homophily,ces,10,2,2,0.033000
net_homophily,net,100,20,homophily,ces,10,2,3,0.030000
net_homophily,net,100,20,homophily,ces,10,2,4,0.022000
net_homophily,net,100,20,homophily,ces,10,2,5,0.022000
net_homophily,net,100,20,homophily,ces,10,2,6,0.021000
net_homophily,net,100,20,homophily,ces,10,2,7,0.026000
net_homophily,net,100,20,homophily,ces,10,2,8,0.026000
net_homophily,net,100,20,homophily,ces,10,2,9,0.021000
net_homophily,net,100,20,homophily,ces,10,2,10,0.022000
net_homophily,net,100,20,homophily,ces,10,2,11,0.018000
net_homophily,net,100,20,homophily,ces,10,2,12,0.018000
net_homophily,net,100,20,homophily,ces,10,2,13,0.019000
net_homophily,net,100,20,homophily,ces,10,2,14,0.016000
net_homophily,net,100,20,homophily,ces,10,2,15,0.021000
net_homophily,net,100,20,homophily,ces,10,2,16,0.015000
net_homophily,net,100,20,homophily,ces,10,2,17,0.016000
net_homophily,net,100,20,homophily,ces,10,2,18,0.014000
net_homophily,net,100,20,homophily,ces,10,2,19,0.014000
net_homophily,net,100,20,homophily,ces,10,2,20,0.013000
net_homophily,net,100,20,homophily,ces,10,3,1,0.042000
net_homophily,net,100,20,homophily,ces,10,3,2,0.033000
net_homophily,net,100,20,homophily,ces,10,3,3,0.025000
net_homophily,net,100,20,homophily,ces,10,3,4,0.023000
net_homophily,net,100,20,homophily,ces,10,3,5,0.022000
net_homophily,net,100,20,homophily,ces,10,3,6,0.022000
net_homophily,net,100,20,homophily,ces,10,3,7,0.020000
net_homophily,net,100,20,homophily,ces,10,3,8,0.024000
net_homophily,net,100,20,homophily,ces,10,3,9,0.019000
net_homophily,net,100,20,homophily,ces,10,3,10,0.019000
net_homophily,net,100,20,homophily,ces,10,3,11,0.017000
net_homophily,net,100,20,homophily,ces,10,3,12,0.017000
net_homophily,net,100,20,homophily,ces,10,3,13,0.016000
net_homophily,net,100,20,homophily,ces,10,3,14,0.016000
net_homophily,net,100,20,homophily,ces,10,3,15,0.015000
net_homophily,net,100,20,homophily,ces,10,3,16,0.020000
net_homophily,net,100,20,homophily,ces,10,3,17,0.016000
net_homophily,net,100,20,homophily,ces,10,3,18,0.016000
net_homophily,net,100,20,homophily,ces,10,3,19,0.016000
net_homophily,net,100,20,homophily,ces,10,3,20,0.015000
net_homophily,net,100,20,homophily,ces,10,4,1,0.047000
net_homophily,net,100,20,homophily,ces,10,4,2,0.027000
net_homophily,net,100,20,homophily,ces,10,4,3,0.024000
net_homophily,net,100,20,homophily,ces,10,4,4,0.027000
net_homophily,net,100,20,homophily,ces,10,4,5,0.023000
net_homophily,net,100,20,homophily,ces,10,4,6,0.023000
net_homophily,net,100,20,homophily,ces,10,4,7,0.020000
net_homophily,net,100,20,homophily,ces,10,4,8,0.020000
net_homophily,net,100,20,homophily,ces,10,4,9,0.018000
net_homophily,net,100,20,homophily,ces,10,4,10,0.018000
net_homophily,net,100,20,homophily,ces,10,4,11,0.017000
net_homophily,net,100,20,homophily,ces,10,4,12,0.017000
net_homophily,net,100,20,homophily,ces,10,4,13,0.020000
net_homophily,net,100,20,homophily,ces,10,4,14,0.015000
net_homophily,net,100,20,homophily,ces,10,4,15,0.016000
net_homophily,net,100,20,homophily,ces,10,4,16,0.015000
net_homophily,net,100,20,homophily,ces,10,4,17,0.015000
net_homophily,net,100,20,homophily,ces,10,4,18,0.069000
net_homophily,net,100,20,homophily,ces,10,4,19,0.013000
net_homophily,net,100,20,homophily,ces,10,4,20,0.013000
net_homophily,net,100,20,homophily,ces,10,5,1,0.039000
net_homophily,net,100,20,homophily,ces,10,5,2,0.032000
net_homophily,net,100,20,homophily,ces,10,5,3,0.024000
net_homophily,net,100,20,homophily,ces,10,5,4,0.023000
net_homophily,net,100,20,homophily,ces,10,5,5,0.022000
net_homophily,net,100,20,homophily,ces,10,5,6,0.022000
net_homophily,net,100,20,homophily,ces,10,5,7,0.020000
net_homophily,net,100,20,homophily,ces,10,5,8,0.020000
net_homophily,net,100,20,homophily,ces,10,5,9,0.020000
net_homophily,net,100,20,homophily,ces,10,5,10,0.019000
net_homophily,net,100,20,homophily,ces,10,5,11,0.023000
net_homophily,net,100,20,homophily,ces,10,5,12,0.020000
net_homophily,net,100,20,homophily,ces,10,5,13,0.020000
net_homophily,net,100,20,homophily,ces,10,5,14,0.020000
net_homophily,net,100,20,homophily,ces,10,5,15,0.018000
net_homophily,net,100,20,homophily,ces,10,5,16,0.015000
net_homophily,net,100,20,homophily,ces,10,5,17,0.015000
net_homophily,net,100,20,homophily,ces,10,5,18,0.015000
net_homophily,net,100,20,homophily,ces,10,5,19,0.015000
net_homophily,net,100,20,homophily,ces,10,5,20,0.013000
net_homophily,net,100,20,homophily,ces,10,6,1,0.037000
net_homophily,net,100,20,homophily,ces,10,6,2,0.030000
net_homophily,net,100,20,homophily,ces,10,6,3,0.025000
net_homophily,net,100,20,homophily,ces,10,6,4,0.023000
net_homophily,net,100,20,homophily,ces,10,6,5,0.022000
net_homophily,net,100,20,homophily,ces,10,6,6,0.021000
net_homophily,net,100,20,homophily,ces,10,6,7,0.020000
net_homophily,net,100,20,homophily,ces,10,6,8,0.020000
net_homophily,net,100,20,homophily,ces,10,6,9,0.018000
net_homophily,net,100,20,homophily,ces,10,6,10,0.019000
net_homophily,net,100,20,homophily,ces,10,6,11,0.017000
net_homophily,net,100,20,homophily,ces,10,6,12,0.018000
net_homophily,net,100,20,homophily,ces,10,6,13,0.017000
net_homophily,net,100,20,homophily,ces,10,6,14,0.016000
net_homophily,net,100,20,homophily,ces,10,6,15,0.015000
net_homophily,net,100,20,homophily,ces,10,6,16,0.015000
net_homophily,net,100,20,homophily,ces,10,6,17,0.015000
net_homophily,net,100,20,homophily,ces,10,6,18,0.014000
net_homophily,net,100,20,homophily,ces,10,6,19,0.014000
net_homophily,net,100,20,homophily,ces,10,6,20,0.013000
net_homophily,net,100,20,homophily,ces,10,7,1,0.039000
net_homophily,net,100,20,homophily,ces,10,7,2,0.028000
net_homophily,net,100,20,homophily,ces,10,7,3,0.025000
net_homophily,net,100,20,homophily,ces,10,7,4,0.024000
net_homophily,net,100,20,homophily,ces,10,7,5,0.022000
net_homophily,net,100,20,homophily,ces,10,7,6,0.022000
net_homophily,net,100,20,homophily,ces,10,7,7,0.021000
net_homophily,net,100,20,homophily,ces,10,7,8,0.020000
net_homophily,net,100,20,homophily,ces,10,7,9,0.019000
net_homophily,net,100,20,homophily,ces,10,7,10,0.018000
net_homophily,net,100,20,homophily,ces,10,7,11,0.018000
net_homophily,net,100,20,homophily,ces,10,7,12,0.017000
net_homophily,net,100,20,homophily,ces,10,7,13,0.016000
net_homophily,net,100,20,homophily,ces,10,7,14,0.016000
net_homophily,net,100,20,homophily,ces,10,7,15,0.016000
net_homophily,net,100,20,homophily,ces,10,7,16,0.015000
net_homophily,net,100,20,homophily,ces,10,7,17,0.014000
net_homophily,net,100,20,homophily,ces,10,7,18,0.013000
net_homophily,net,100,20,homophily,ces,10,7,19,0.014000
net_homophily,net,100,20,homophily,ces,10,7,20,0.013000
net_homophily,net,100,20,homophily,ces,10,8,1,0.038000
net_homophily,net,100,20,homophily,ces,10,8,2,0.027000
net_homophily,net,100,20,homophily,ces,10,8,3,0.024000
net_homophily,net,100,20,homophily,ces,10,8,4,0.023000
net_homophily,net,100,20,homophily,ces,10,8,5,0.022000
net_homophily,net,100,20,homophily,ces,10,8,6,0.076000
net_homophily,net,100,20,homophily,ces,10,8,7,0.019000
net_homophily,net,100,20,homophily,ces,10,8,8,0.019000
net_homophily,net,100,20,homophily,ces,10,8,9,0.019000
net_homophily,net,100,20,homophily,ces,10,8,10,0.018000
net_homophily,net,100,20,homophily,ces,10,8,11,0.017000
net_homophily,net,100,20,homophily,ces,10,8,12,0.017000
net_homophily,net,100,20,homophily,ces,10,8,13,0.016000
net_homophily,net,100,20,homophily,ces,10,8,14,0.015000
net_homophily,net,100,20,homophily,ces,10,8,15,0.015000
net_homophily,net,100,20,homophily,ces,10,8,16,0.015000
net_homophily,net,100,20,homophily,ces,10,8,17,0.015000
net_homophily,net,100,20,homophily,ces,10,8,18,0.015000
net_homophily,net,100,20,homophily,ces,10,8,19,0.013000
net_homophily,net,100,20,homophily,ces,10,8,20,0.013000
net_homophily,net,100,20,homophily,ces,10,9,1,0.038000
net_homophily,net,100,20,homophily,ces,10,9,2,0.027000
net_homophily,net,100,20,homophily,ces,10,9,3,0.024000
net_homophily,net,100,20,homophily,ces,10,9,4,0.023000
net_homophily,net,100,20,homophily,ces,10,9,5,0.022000
net_homophily,net,100,20,homophily,ces,10,9,6,0.021000
net_homophily,net,100,20,homophily,ces,10,9,7,0.021000
net_homophily,net,100,20,homophily,ces,10,9,8,0.020000
net_homophily,net,100,20,homophily,ces,10,9,9,0.018000
net_homophily,net,100,20,homophily,ces,10,9,10,0.018000
net_homophily,net,100,20,homophily,ces,10,9,11,0.018000
net_homophily,net,100,20,homophily,ces,10,9,12,0.016000
net_homophily,net,100,20,homophily,ces,10,9,13,0.016000
net_homophily,net,100,20,homophily,ces,10,9,14,0.016000
net_homophily,net,100,20,homophily,ces,10,9,15,0.015000
net_homophily,net,100,20,homophily,ces,10,9,16,0.015000
net_homophily,net,100,20,homophily,ces,10,9,17,0.015000
net_homophily,net,100,20,homophily,ces,10,9,18,0.014000
net_homophily,net,100,20,homophily,ces,10,9,19,0.013000
net_homophily,net,100,20,homophily,ces,10,9,20,0.013000
net_homogeneous_mixing,net,100,20,homogeneous_mixing,ces,10,2,1,0.019000
net_homogeneous_mixing,net,100,20,homogeneous_mixing,ces,10,2,2,0.011000
net_homogeneous_mixing,net,100,20,homogeneous_mixing,ces,10,2,3,0.016000
net_homogeneous_mixing,net,100,20,homogeneous_mixing,ces,10,2,4,0.012000
net_homogeneous_mixing,net,100,20,homogeneous_mixing,ces,10,2,5,0.011000
net_homogeneous_mixing,net,100,20,homogeneous_mixing,ces,10,2,6,0.011000
net_homogeneous_mixing,net,100,20,homogeneous_mixing,ces,10,2,7,0.011000
net_homogeneous_mixing,net,100,20,homogeneous_mixing,ces,10,2,8,0.011000
net_homogeneous_mixing,net,100,20,homogeneous_mixing,ces,10,2,9,0.010000
net_homogeneous_mixing,net,100,20,homogeneous_mixing,ces,10,2,10,0.009000
net_homogeneous_mixing,net,100,20,homogeneous_mixing,ces,10,2,11,0.008000
net_homogeneous_mixing,net,100,20,homogeneous_mixing,ces,10,2,12,0.008000
net_homogeneous_mixing,net,100,20,homogeneous_mixing,ces,10,2,13,0.008000
net_homogeneous_mixing,net,100,20,homogeneous_mixing,ces,10,2,14,0.009000
net_homogeneous_mixing,net,100,20,homogeneous_mixing,ces,10,2,15,0.008000
net_homogeneous_mixing,net,100,20,homogeneous_mixing,ces,10,2,16,0.008000
net_homogeneous_mixing,net,100,20,homogeneous_mixing,ces,10,2,17,0.007000
net_homogeneous_mixing,net,100,20,homogeneous_mixing,ces,10,2,18,0.065000
net_homogeneous_mixing,net,100,20,homogeneous_mixing,ces,10,2,19,0.006000
net_homogeneous_mixing,net,100,20,homogeneous_mixing,ces,10,2,20,0.007000
net_homogeneous_mixing,net,100,20,homogeneous_mixing,ces,10,3,1,0.018000
net_homogeneous_mixing,net,100,20,homogeneous_mixing,ces,10,3,2,0.012000
net_homogeneous_mixing,net,100,20,homogeneous_mixing,ces,10,3,3,0.010000
net_homogeneous_mixing,net,100,20,homogeneous_mixing,ces,10,3,4,0.011000
net_homogeneous_mixing,net,100,20,homogeneous_mixing,ces,10,3,5,0.011000
net_homogeneous_mixing,net,100,20,homogeneous_mixing,ces,10,3,6,0.010000
net_homogeneous_mixing,net,100,20,homogeneous_mixing,ces,10,3,7,0.009000
net_homogeneous_mixing,net,100,20,homogeneous_mixing,ces,10,3,8,0.009000
net_homogeneous_mixing,net,100,20,homogeneous_mixing,ces,10,3,9,0.009000
net_homogeneous_mixing,net,100,20,homogeneous_mixing,ces,10,3,10,0.009000
net_homogeneous_mixing,net,100,20,homogeneous_mixing,ces,10,3,11,0.013000
net_homogeneous_mixing,net,100,20,homogeneous_mixing,ces,10,3,12,0.007000
net_homogeneous_mixing,net,100,20,homogeneous_mixing,ces,10,3,13,0.008000
net_homogeneous_mixing,net,100,20,homogeneous_mixing,ces,10,3,14,0.007000
net_homogeneous_mixing,net,100,20,homogeneous_mixing,ces,10,3,15,0.009000
net_homogeneous_mixing,net,100,20,homogeneous_mixing,ces,10,3,16,0.010000
net_homogeneous_mixing,net,100,20,homogeneous_mixing,ces,10,3,17,0.007000
net_homogeneous_mixing,net,100,20,homogeneous_mixing,ces,10,3,18,0.007000
net_homogeneous_mixing,net,100,20,homogeneous_mixing,ces,10,3,19,0.007000
net_homogeneous_mixing,net,100,20,homogeneous_mixing,ces,10,3,20,0.007000
net_homogeneous_mixing,net,100,20,homogeneous_mixing,ces,10,4,1,0.016000
net_homogeneous_mixing,net,100,20,homogeneous_mixing,ces,10,4,2,0.012000
net_homogeneous_mixing,net,100,20,homogeneous_mixing,ces,10,4,3,0.011000
net_homogeneous_mixing,net,100,20,homogeneous_mixing,ces,10,4,4,0.009000
net_homogeneous_mixing,net,100,20,homogeneous_mixing,ces,10,4,5,0.011000
net_homogeneous_mixing,net,100,20,homogeneous_mixing,ces,10,4,6,0.016000
net_homogeneous_mixing,net,100,20,homogeneous_mixing,ces,10,4,7,0.011000
net_homogeneous_mixing,net,100,20,homogeneous_mixing,ces,10,4,8,0.010000
net_homogeneous_mixing,net,100,20,homogeneous_mixing,ces,10,4,9,0.008000
net_homogeneous_mixing,net,100,20,homogeneous_mixing,ces,10,4,10,0.009000
net_homogeneous_mixing,net,100,20,homogeneous_mixing,ces,10,4,11,0.008000
net_homogeneous_mixing,net,100,20,homogeneous_mixing,ces,10,4,12,0.008000
net_homogeneous_mixing,net,100,20,homogeneous_mixing,ces,10,4,13,0.006000
net_homogeneous_mixing,net,100,20,homogeneous_mixing,ces,10,4,14,0.007000
net_homogeneous_mixing,net,100,20,homogeneous_mixing,ces,10,4,15,0.061000
net_homogeneous_mixing,net,100,20,homogeneous_mixing,ces,10,4,16,0.007000
net_homogeneous_mixing,net,100,20,homogeneous_mixing,ces,10,4,17,0.006000
net_homogeneous_mixing,net,100,20,homogeneous_mixing,ces,10,4,18,0.006000
net_homogeneous_mixing,net,100,20,homogeneous_mixing,ces,10,4,19,0.006000
net_homogeneous_mixing,net,100,20,homogeneous_mixing,ces,10,4,20,0.006000
net_homogeneous_mixing,net,100,20,homogeneous_mixing,ces,10,5,1,0.018000
net_homogeneous_mixing,net,100,20,homogeneous_mixing,ces,10,5,2,0.016000
net_homogeneous_mixing,net,100,20,homogeneous_mixing,ces,10,5,3,0.010000
net_homogeneous_mixing,net,100,20,homogeneous_mixing,ces,10,5,4,0.011000
net_homogeneous_mixing,net,100,20,homogeneous_mixing,ces,10,5,5,0.011000
net_homogeneous_mixing,net,100,20,homogeneous_mixing,ces,10,5,6,0.010000
net_homogeneous_mixing,net,100,20,homogeneous_mixing,ces,10,5,7,0.010000
net_homogeneous_mixing,net,100,20,homogeneous_mixing,ces,10,5,8,0.009000
net_homogeneous_mixing,net,100,20,homogeneous_mixing,ces,10,5,9,0.008000
net_homogeneous_mixing,net,100,20,homogeneous_mixing,ces,10,5,10,0.008000
net_homogeneous_mixing,net,100,20,homogeneous_mixing,ces,10,5,11,0.008000
net_homogeneous_mixing,net,100,20,homogeneous_mixing,ces,10,5,12,0.007000
net_homogeneous_mixing,net,100,20,homogeneous_mixing,ces,10,5,13,0.008000
net_homogeneous_mixing,net,100,20,homogeneous_mixing,ces,10,5,14,0.007000
net_homogeneous_mixing,net,100,20,homogeneous_mixing,ces,10,5,15,0.007000
net_homogeneous_mixing,net,100,20,homogeneous_mixing,ces,10,5,16,0.006000
net_homogeneous_mixing,net,100,20,homogeneous_mixing,ces,10,5,17,0.006000
net_homogeneous_mixing,net,100,20,homogeneous_mixing,ces,10,5,18,0.005000
net_homogeneous_mixing,net,100,20,homogeneous_mixing,ces,10,5,19,0.006000
net_homogeneous_mixing,net,100,20,homogeneous_mixing,ces,10,5,20,0.006000
net_homogeneous_mixing,net,100,20,homogeneous_mixing,ces,10,6,1,0.020000
net_homogeneous_mixing,net,100,20,homogeneous_mixing,ces,10,6,2,0.011000
net_homogeneous_mixing,net,100,20,homogeneous_mixing,ces,10,6,3,0.011000
net_homogeneous_mixing,net,100,20,homogeneous_mixing,ces,10,6,4,0.010000
net_homogeneous_mixing,net,100,20,homogeneous_mixing,ces,10,6,5,0.009000
net_homogeneous_mixing,net,100,20,homogeneous_mixing,ces,10,6,6,0.009000
net_homogeneous_mixing,net,100,20,homogeneous_mixing,ces,10,6,7,0.009000
net_homogeneous_mixing,net,100,20,homogeneous_mixing,ces,10,6,8,0.008000
net_homogeneous_mixing,net,100,20,homogeneous_mixing,ces,10,6,9,0.009000
net_homogeneous_mixing,net,100,20,homogeneous_mixing,ces,10,6,10,0.007000
net_homogeneous_mixing,net,100,20,homogeneous_mixing,ces,10,6,11,0.008000
net_homogeneous_mixing,net,100,20,homogeneous_mixing,ces,10,6,12,0.007000
net_homogeneous_mixing,net,100,20,homogeneous_mixing,ces,10,6,13,0.008000
net_homogeneous_mixing,net,100,20,homogeneous_mixing,ces,10,6,14,0.007000
net_homogeneous_mixing,net,100,20,homogeneous_mixing,ces,10,6,15,0.006000
net_homogeneous_mixing,net,100,20,homogeneous_mixing,ces,10,6,16,0.007000
net_homogeneous_mixing,net,100,20,homogeneous_mixing,ces,10,6,17,0.006000
net_homogeneous_mixing,net,100,20,homogeneous_mixing,ces,10,6,18,0.006000
net_homogeneous_mixing,net,100,20,homogeneous_mixing,ces,10,6,19,0.012000
net_homogeneous_mixing,net,100,20,homogeneous_mixing,ces,10,6,20,0.006000
net_homogeneous_mixing,net,100,20,homogeneous_mixing,ces,10,7,1,0.016000
net_homogeneous_mixing,net,100,20,homogeneous_mixing,ces,10,7,2,0.011000
net_homogeneous_mixing,net,100,20,homogeneous_mixing,ces,10,7,3,0.010000
net_homogeneous_mixing,net,100,20,homogeneous_mixing,ces,10,7,4,0.010000
net_homogeneous_mixing,net,100,20,homogeneous_mixing,ces,10,7,5,0.010000
net_homogeneous_mixing,net,100,20,homogeneous_mixing,ces,10,7,6,0.009000
net_homogeneous_mixing,net,100,20,homogeneous_mixing,ces,10,7,7,0.009000
net_homogeneous_mixing,net,100,20,homogeneous_mixing,ces,10,7,8,0.009000
net_homogeneous_mixing,net,100,20,homogeneous_mixing,ces,10,7,9,0.008000
net_homogeneous_mixing,net,100,20,homogeneous_mixing,ces,10,7,10,0.008000
net_homogeneous_mixing,net,100,20,homogeneous_mixing,ces,10,7,11,0.007000
net_homogeneous_mixing,net,100,20,homogeneous_mixing,ces,10,7,12,0.008000
net_homogeneous_mixing,net,100,20,homogeneous_mixing,ces,10,7,13,0.007000
net_homogeneous_mixing,net,100,20,homogeneous_mixing,ces,10,7,14,0.007000
net_homogeneous_mixing,net,100,20,homogeneous_mixing,ces,10,7,15,0.006000
net_homogeneous_mixing,net,100,20,homogeneous_mixing,ces,10,7,16,0.007000
net_homogeneous_mixing,net,100,20,homogeneous_mixing,ces,10,7,17,0.011000
net_homogeneous_mixing,net,100,20,homogeneous_mixing,ces,10,7,18,0.006000
net_homogeneous_mixing,net,100,20,homogeneous_mixing,ces,10,7,19,0.005000
net_homogeneous_mixing,net,100,20,homogeneous_mixing,ces,10,7,20,0.006000
net_homogeneous_mixing,net,100,20,homogeneous_mixing,ces,10,8,1,0.015000
net_homogeneous_mixing,net,100,20,homogeneous_mixing,ces,10,8,2,0.011000
net_homogeneous_mixing,net,100,20,homogeneous_mixing,ces,10,8,3,0.010000
net_homogeneous_mixing,net,100,20,homogeneous_mixing,ces,10,8,4,0.010000
net_homogeneous_mixing,net,100,20,homogeneous_mixing,ces,10,8,5,0.009000
net_homogeneous_mixing,net,100,20,homogeneous_mixing,ces,10,8,6,0.009000
net_homogeneous_mixing,net,100,20,homogeneous_mixing,ces,10,8,7,0.009000
net_homogeneous_mixing,net,100,20,homogeneous_mixing,ces,10,8,8,0.008000
net_homogeneous_mixing,net,100,20,homogeneous_mixing,ces,10,8,9,0.008000
net_homogeneous_mixing,net,100,20,homogeneous_mixing,ces,10,8,10,0.008000
net_homogeneous_mixing,net,100,20,homogeneous_mixing,ces,10,8,11,0.008000
net_homogeneous_mixing,net,100,20,homogeneous_mixing,ces,10,8,12,0.007000
net_homogeneous_mixing,net,100,20,homogeneous_mixing,ces,10,8,13,0.007000
net_homogeneous_mixing,net,100,20,homogeneous_mixing,ces,10,8,14,0.012000
net_homogeneous_mixing,net,100,20,homogeneous_mixing,ces,10,8,15,0.007000
net_homogeneous_mixing,net,100,20,homogeneous_mixing,ces,10,8,16,0.008000
net_homogeneous_mixing,net,100,20,homogeneous_mixing,ces,10,8,17,0.007000
net_homogeneous_mixing,net,100,20,homogeneous_mixing,ces,10,8,18,0.007000
net_homogeneous_mixing,net,100,20,homogeneous_mixing,ces,10,8,19,0.007000
net_homogeneous_mixing,net,100,20,homogeneous_mixing,ces,10,8,20,0.007000
net_homogeneous_mixing,net,100,20,homogeneous_mixing,ces,10,9,1,0.017000
net_homogeneous_mixing,net,100,20,homogeneous_mixing,ces,10,9,2,0.012000
net_homogeneous_mixing,net,100,20,homogeneous_mixing,ces,10,9,3,0.012000
net_homogeneous_mixing,net,100,20,homogeneous_mixing,ces,10,9,4,0.009000
net_homogeneous_mixing,net,100,20,homogeneous_mixing,ces,10,9,5,0.009000
net_homogeneous_mixing,net,100,20,homogeneous_mixing,ces,10,9,6,0.009000
net_homogeneous_mixing,net,100,20,homogeneous_mixing,ces,10,9,7,0.008000
net_homogeneous_mixing,net,100,20,homogeneous_mixing,ces,10,9,8,0.009000
net_homogeneous_mixing,net,100,20,homogeneous_mixing,ces,10,9,9,0.007000
net_homogeneous_mixing,net,100,20,homogeneous_mixing,ces,10,9,10,0.008000
net_homogeneous_mixing,net,100,20,homogeneous_mixing,ces,10,9,11,0.007000
net_homogeneous_mixing,net,100,20,homogeneous_mixing,ces,10,9,12,0.008000
net_homogeneous_mixing,net,100,20,homogeneous_mixing,ces,10,9,13,0.006000
net_homogeneous_mixing,net,100,20,homogeneous_mixing,ces,10,9,14,0.007000
net_homogeneous_mixing,net,100,20,homogeneous_mixing,ces,10,9,15,0.007000
net_homogeneous_mixing,net,100,20,homogeneous_mixing,ces,10,9,16,0.006000
net_homogeneous_mixing,net,100,20,homogeneous_mixing,ces,10,9,17,0.006000
net_homogeneous_mixing,net,100,20,homogeneous_mixing,ces,10,9,18,0.011000
net_homogeneous_mixing,net,100,20,homogeneous_mixing,ces,10,9,19,0.005000
net_homogeneous_mixing,net,100,20,homogeneous_mixing,ces,10,9,20,0.006000
util_additive,util,100,20,watts_strogatz,additive,10,2,1,0.023000
util_additive,util,100,20,watts_strogatz,additive,10,2,2,0.016000
util_additive,util,100,20,watts_strogatz,additive,10,2,3,0.015000
util_additive,util,100,20,watts_strogatz,additive,10,2,4,0.016000
util_additive,util,100,20,watts_strogatz,additive,10,2,5,0.015000
util_additive,util,100,20,watts_strogatz,additive,10,2,6,0.016000
util_additive,util,100,20,watts_strogatz,additive,10,2,7,0.022000
util_additive,util,100,20,watts_strogatz,additive,10,2,8,0.017000
util_additive,util,100,20,watts_strogatz,additive,10,2,9,0.017000
util_additive,util,100,20,watts_strogatz,additive,10,2,10,0.015000
util_additive,util,100,20,watts_strogatz,additive,10,2,11,0.013000
util_additive,util,100,20,watts_strogatz,additive,10,2,12,0.013000
util_additive,util,100,20,watts_strogatz,additive,10,2,13,0.013000
util_additive,util,100,20,watts_strogatz,additive,10,2,14,0.016000
util_additive,util,100,20,watts_strogatz,additive,10,2,15,0.017000
util_additive,util,100,20,watts_strogatz,additive,10,2,16,0.012000
util_additive,util,100,20,watts_strogatz,additive,10,2,17,0.012000
util_additive,util,100,20,watts_strogatz,additive,10,2,18,0.065000
util_additive,util,100,20,watts_strogatz,additive,10,2,19,0.011000
util_additive,util,100,20,watts_strogatz,additive,10,2,20,0.010000
util_additive,util,100,20,watts_strogatz,additive,10,3,1,0.021000
util_additive,util,100,20,watts_strogatz,additive,10,3,2,0.021000
util_additive,util,100,20,watts_strogatz,additive,10,3,3,0.018000
util_additive,util,100,20,watts_strogatz,additive,10,3,4,0.018000
util_additive,util,100,20,watts_strogatz,additive,10,3,5,0.017000
util_additive,util,100,20,watts_strogatz,additive,10,3,6,0.018000
util_additive,util,100,20,watts_strogatz,additive,10,3,7,0.013000
util_additive,util,100,20,watts_strogatz,additive,10,3,8,0.014000
util_additive,util,100,20,watts_strogatz,additive,10,3,9,0.013000
util_additive,util,100,20,watts_strogatz,additive,10,3,10,0.014000
util_additive,util,100,20,watts_strogatz,additive,10,3,11,0.013000
util_additive,util,100,20,watts_strogatz,additive,10,3,12,0.017000
util_additive,util,100,20,watts_strogatz,additive,10,3,13,0.013000
util_additive,util,100,20,watts_strogatz,additive,10,3,14,0.013000
util_additive,util,100,20,watts_strogatz,additive,10,3,15,0.013000
util_additive,util,100,20,watts_strogatz,additive,10,3,16,0.012000
util_additive,util,100,20,watts_strogatz,additive,10,3,17,0.012000
util_additive,util,100,20,watts_strogatz,additive,10,3,18,0.012000
util_additive,util,100,20,watts_strogatz,additive,10,3,19,0.011000
util_additive,util,100,20,watts_strogatz,additive,10,3,20,0.011000
util_additive,util,100,20,watts_strogatz,additive,10,4,1,0.022000
util_additive,util,100,20,watts_strogatz,additive,10,4,2,0.021000
util_additive,util,100,20,watts_strogatz,additive,10,4,3,0.015000
util_additive,util,100,20,watts_strogatz,additive,10,4,4,0.016000
util_additive,util,100,20,watts_strogatz,additive,10,4,5,0.015000
util_additive,util,100,20,watts_strogatz,additive,10,4,6,0.015000
util_additive,util,100,20,watts_strogatz,additive,10,4,7,0.014000
util_additive,util,100,20,watts_strogatz,additive,10,4,8,0.014000
util_additive,util,100,20,watts_strogatz,additive,10,4,9,0.014000
util_additive,util,100,20,watts_strogatz,additive,10,4,10,0.014000
util_additive,util,100,20,watts_strogatz,additive,10,4,11,0.013000
util_additive,util,100,20,watts_strogatz,additive,10,4,12,0.018000
util_additive,util,100,20,watts_strogatz,additive,10,4,13,0.013000
util_additive,util,100,20,watts_strogatz,additive,10,4,14,0.012000
util_additive,util,100,20,watts_strogatz,additive,10,4,15,0.013000
util_additive,util,100,20,watts_strogatz,additive,10,4,16,0.013000
util_additive,util,100,20,watts_strogatz,additive,10,4,17,0.013000
util_additive,util,100,20,watts_strogatz,additive,10,4,18,0.011000
util_additive,util,100,20,watts_strogatz,additive,10,4,19,0.012000
util_additive,util,100,20,watts_strogatz,additive,10,4,20,0.011000
util_additive,util,100,20,watts_strogatz,additive,10,5,1,0.021000
util_additive,util,100,20,watts_strogatz,additive,10,5,2,0.017000
util_additive,util,100,20,watts_strogatz,additive,10,5,3,0.022000
util_additive,util,100,20,watts_strogatz,additive,10,5,4,0.019000
util_additive,util,100,20,watts_strogatz,additive,10,5,5,0.017000
util_additive,util,100,20,watts_strogatz,additive,10,5,6,0.016000
util_additive,util,100,20,watts_strogatz,additive,10,5,7,0.014000
util_additive,util,100,20,watts_strogatz,additive,10,5,8,0.013000
util_additive,util,100,20,watts_strogatz,additive,10,5,9,0.014000
util_additive,util,100,20,watts_strogatz,additive,10,5,10,0.013000
util_additive,util,100,20,watts_strogatz,additive,10,5,11,0.012000
util_additive,util,100,20,watts_strogatz,additive,10,5,12,0.013000
util_additive,util,100,20,watts_strogatz,additive,10,5,13,0.012000
util_additive,util,100,20,watts_strogatz,additive,10,5,14,0.012000
util_additive,util,100,20,watts_strogatz,additive,10,5,15,0.016000
util_additive,util,100,20,watts_strogatz,additive,10,5,16,0.011000
util_additive,util,100,20,watts_strogatz,additive,10,5,17,0.012000
util_additive,util,100,20,watts_strogatz,additive,10,5,18,0.011000
util_additive,util,100,20,watts_strogatz,additive,10,5,19,0.011000
util_additive,util,100,20,watts_strogatz,additive,10,5,20,0.010000
util_additive,util,100,20,watts_strogatz,additive,10,6,1,0.021000
util_additive,util,100,20,watts_strogatz,additive,10,6,2,0.015000
util_additive,util,100,20,watts_strogatz,additive,10,6,3,0.016000
util_additive,util,100,20,watts_strogatz,additive,10,6,4,0.015000
util_additive,util,100,20,watts_strogatz,additive,10,6,5,0.014000
util_additive,util,100,20,watts_strogatz,additive,10,6,6,0.014000
util_additive,util,100,20,watts_strogatz,additive,10,6,7,0.017000
util_additive,util,100,20,watts_strogatz,additive,10,6,8,0.014000
util_additive,util,100,20,watts_strogatz,additive,10,6,9,0.013000
util_additive,util,100,20,watts_strogatz,additive,10,6,10,0.014000
util_additive,util,100,20,watts_strogatz,additive,10,6,11,0.013000
util_additive,util,100,20,watts_strogatz,additive,10,6,12,0.013000
util_additive,util,100,20,watts_strogatz,additive,10,6,13,0.012000
util_additive,util,100,20,watts_strogatz,additive,10,6,14,0.012000
util_additive,util,100,20,watts_strogatz,additive,10,6,15,0.011000
util_additive,util,100,20,watts_strogatz,additive,10,6,16,0.011000
util_additive,util,100,20,watts_strogatz,additive,10,6,17,0.011000
util_additive,util,100,20,watts_strogatz,additive,10,6,18,0.012000
util_additive,util,100,20,watts_strogatz,additive,10,6,19,0.010000
util_additive,util,100,20,watts_strogatz,additive,10,6,20,0.014000
util_additive,util,100,20,watts_strogatz,additive,10,7,1,0.021000
util_additive,util,100,20,watts_strogatz,additive,10,7,2,0.016000
util_additive,util,100,20,watts_strogatz,additive,10,7,3,0.015000
util_additive,util,100,20,watts_strogatz,additive,10,7,4,0.015000
util_additive,util,100,20,watts_strogatz,additive,10,7,5,0.015000
util_additive,util,100,20,watts_strogatz,additive,10,7,6,0.014000
util_additive,util,100,20,watts_strogatz,additive,10,7,7,0.014000
util_additive,util,100,20,watts_strogatz,additive,10,7,8,0.014000
util_additive,util,100,20,watts_strogatz,additive,10,7,9,0.013000
util_additive,util,100,20,watts_strogatz,additive,10,7,10,0.013000
util_additive,util,100,20,watts_strogatz,additive,10,7,11,0.013000
util_additive,util,100,20,watts_strogatz,additive,10,7,12,0.017000
util_additive,util,100,20,watts_strogatz,additive,10,7,13,0.015000
util_additive,util,100,20,watts_strogatz,additive,10,7,14,0.014000
util_additive,util,100,20,watts_strogatz,additive,10,7,15,0.014000
util_additive,util,100,20,watts_strogatz,additive,10,7,16,0.014000
util_additive,util,100,20,watts_strogatz,additive,10,7,17,0.012000
util_additive,util,100,20,watts_strogatz,additive,10,7,18,0.011000
util_additive,util,100,20,watts_strogatz,additive,10,7,19,0.013000
util_additive,util,100,20,watts_strogatz,additive,10,7,20,0.011000
util_additive,util,100,20,watts_strogatz,additive,10,8,1,0.021000
util_additive,util,100,20,watts_strogatz,additive,10,8,2,0.016000
util_additive,util,100,20,watts_strogatz,additive,10,8,3,0.015000
util_additive,util,100,20,watts_strogatz,additive,10,8,4,0.015000
util_additive,util,100,20,watts_strogatz,additive,10,8,5,0.014000
util_additive,util,100,20,watts_strogatz,additive,10,8,6,0.016000
util_additive,util,100,20,watts_strogatz,additive,10,8,7,0.014000
util_additive,util,100,20,watts_strogatz,additive,10,8,8,0.013000
util_additive,util,100,20,watts_strogatz,additive,10,8,9,0.013000
util_additive,util,100,20,watts_strogatz,additive,10,8,10,0.013000
util_additive,util,100,20,watts_strogatz,additive,10,8,11,0.013000
util_additive,util,100,20,watts_strogatz,additive,10,8,12,0.013000
util_additive,util,100,20,watts_strogatz,additive,10,8,13,0.012000
util_additive,util,100,20,watts_strogatz,additive,10,8,14,0.012000
util_additive,util,100,20,watts_strogatz,additive,10,8,15,0.012000
util_additive,util,100,20,watts_strogatz,additive,10,8,16,0.011000
util_additive,util,100,20,watts_strogatz,additive,10,8,17,0.012000
util_additive,util,100,20,watts_strogatz,additive,10,8,18,0.011000
util_additive,util,100,20,watts_strogatz,additive,10,8,19,0.011000
util_additive,util,100,20,watts_strogatz,additive,10,8,20,0.011000
util_additive,util,100,20,watts_strogatz,additive,10,9,1,0.022000
util_additive,util,100,20,watts_strogatz,additive,10,9,2,0.017000
util_additive,util,100,20,watts_strogatz,additive,10,9,3,0.014000
util_additive,util,100,20,watts_strogatz,additive,10,9,4,0.014000
util_additive,util,100,20,watts_strogatz,additive,10,9,5,0.014000
util_additive,util,100,20,watts_strogatz,additive,10,9,6,0.014000
util_additive,util,100,20,watts_strogatz,additive,10,9,7,0.014000
util_additive,util,100,20,watts_strogatz,additive,10,9,8,0.013000
util_additive,util,100,20,watts_strogatz,additive,10,9,9,0.013000
util_additive,util,100,20,watts_strogatz,additive,10,9,10,0.013000
util_additive,util,100,20,watts_strogatz,additive,10,9,11,0.013000
util_additive,util,100,20,watts_strogatz,additive,10,9,12,0.012000
util_additive,util,100,20,watts_strogatz,additive,10,9,13,0.012000
util_additive,util,100,20,watts_strogatz,additive,10,9,14,0.012000
util_additive,util,100,20,watts_strogatz,additive,10,9,15,0.012000
util_additive,util,100,20,watts_strogatz,additive,10,9,16,0.011000
util_additive,util,100,20,watts_strogatz,additive,10,9,17,0.012000
util_additive,util,100,20,watts_strogatz,additive,10,9,18,0.011000
util_additive,util,100,20,watts_strogatz,additive,10,9,19,0.011000
util_additive,util,100,20,watts_strogatz,additive,10,9,20,0.011000
util_ces,util,100,20,watts_strogatz,ces,10,2,1,0.039000
util_ces,util,100,20,watts_strogatz,ces,10,2,2,0.033000
util_ces,util,100,20,watts_strogatz,ces,10,2,3,0.025000
util_ces,util,100,20,watts_strogatz,ces,10,2,4,0.025000
util_ces,util,100,20,watts_strogatz,ces,10,2,5,0.023000
util_ces,util,100,20,watts_strogatz,ces,10,2,6,0.028000
util_ces,util,100,20,watts_strogatz,ces,10,2,7,0.026000
util_ces,util,100,20,watts_strogatz,ces,10,2,8,0.024000
util_ces,util,100,20,watts_strogatz,ces,10,2,9,0.021000
util_ces,util,100,20,watts_strogatz,ces,10,2,10,0.020000
util_ces,util,100,20,watts_strogatz,ces,10,2,11,0.019000
util_ces,util,100,20,watts_strogatz,ces,10,2,12,0.022000
util_ces,util,100,20,watts_strogatz,ces,10,2,13,0.021000
util_ces,util,100,20,watts_strogatz,ces,10,2,14,0.016000
util_ces,util,100,20,watts_strogatz,ces,10,2,15,0.017000
util_ces,util,100,20,watts_strogatz,ces,10,2,16,0.016000
util_ces,util,100,20,watts_strogatz,ces,10,2,17,0.070000
util_ces,util,100,20,watts_strogatz,ces,10,2,18,0.014000
util_ces,util,100,20,watts_strogatz,ces,10,2,19,0.014000
util_ces,util,100,20,watts_strogatz,ces,10,2,20,0.013000
util_ces,util,100,20,watts_strogatz,ces,10,3,1,0.039000
util_ces,util,100,20,watts_strogatz,ces,10,3,2,0.027000
util_ces,util,100,20,watts_strogatz,ces,10,3,3,0.025000
util_ces,util,100,20,watts_strogatz,ces,10,3,4,0.024000
util_ces,util,100,20,watts_strogatz,ces,10,3,5,0.028000
util_ces,util,100,20,watts_strogatz,ces,10,3,6,0.022000
util_ces,util,100,20,watts_strogatz,ces,10,3,7,0.021000
util_ces,util,100,20,watts_strogatz,ces,10,3,8,0.020000
util_ces,util,100,20,watts_strogatz,ces,10,3,9,0.019000
util_ces,util,100,20,watts_strogatz,ces,10,3,10,0.018000
util_ces,util,100,20,watts_strogatz,ces,10,3,11,0.023000
util_ces,util,100,20,watts_strogatz,ces,10,3,12,0.020000
util_ces,util,100,20,watts_strogatz,ces,10,3,13,0.020000
util_ces,util,100,20,watts_strogatz,ces,10,3,14,0.074000
util_ces,util,100,20,watts_strogatz,ces,10,3,15,0.019000
util_ces,util,100,20,watts_strogatz,ces,10,3,16,0.016000
util_ces,util,100,20,watts_strogatz,ces,10,3,17,0.016000
util_ces,util,100,20,watts_strogatz,ces,10,3,18,0.014000
util_ces,util,100,20,watts_strogatz,ces,10,3,19,0.014000
util_ces,util,100,20,watts_strogatz,ces,10,3,20,0.014000
util_ces,util,100,20,watts_strogatz,ces,10,4,1,0.042000
util_ces,util,100,20,watts_strogatz,ces,10,4,2,0.027000
util_ces,util,100,20,watts_strogatz,ces,10,4,3,0.024000
util_ces,util,100,20,watts_strogatz,ces,10,4,4,0.025000
util_ces,util,100,20,watts_strogatz,ces,10,4,5,0.024000
util_ces,util,100,20,watts_strogatz,ces,10,4,6,0.024000
util_ces,util,100,20,watts_strogatz,ces,10,4,7,0.026000
util_ces,util,100,20,watts_strogatz,ces,10,4,8,0.020000
util_ces,util,100,20,watts_strogatz,ces,10,4,9,0.021000
util_ces,util,100,20,watts_strogatz,ces,10,4,10,0.019000
util_ces,util,100,20,watts_strogatz,ces,10,4,11,0.019000
util_ces,util,100,20,watts_strogatz,ces,10,4,12,0.017000
util_ces,util,100,20,watts_strogatz,ces,10,4,13,0.016000
util_ces,util,100,20,watts_strogatz,ces,10,4,14,0.017000
util_ces,util,100,20,watts_strogatz,ces,10,4,15,0.070000
util_ces,util,100,20,watts_strogatz,ces,10,4,16,0.015000
util_ces,util,100,20,watts_strogatz,ces,10,4,17,0.018000
util_ces,util,100,20,watts_strogatz,ces,10,4,18,0.014000
util_ces,util,100,20,watts_strogatz,ces,10,4,19,0.069000
util_ces,util,100,20,watts_strogatz,ces,10,4,20,0.013000
util_ces,util,100,20,watts_strogatz,ces,10,5,1,0.036000
util_ces,util,100,20,watts_strogatz,ces,10,5,2,0.027000
util_ces,util,100,20,watts_strogatz,ces,10,5,3,0.023000
util_ces,util,100,20,watts_strogatz,ces,10,5,4,0.027000
util_ces,util,100,20,watts_strogatz,ces,10,5,5,0.026000
util_ces,util,100,20,watts_strogatz,ces,10,5,6,0.025000
util_ces,util,100,20,watts_strogatz,ces,10,5,7,0.022000
util_ces,util,100,20,watts_strogatz,ces,10,5,8,0.019000
util_ces,util,100,20,watts_strogatz,ces,10,5,9,0.019000
util_ces,util,100,20,watts_strogatz,ces,10,5,10,0.019000
util_ces,util,100,20,watts_strogatz,ces,10,5,11,0.018000
util_ces,util,100,20,watts_strogatz,ces,10,5,12,0.017000
util_ces,util,100,20,watts_strogatz,ces,10,5,13,0.017000
util_ces,util,100,20,watts_strogatz,ces,10,5,14,0.018000
util_ces,util,100,20,watts_strogatz,ces,10,5,15,0.016000
util_ces,util,100,20,watts_strogatz,ces,10,5,16,0.017000
util_ces,util,100,20,watts_strogatz,ces,10,5,17,0.015000
util_ces,util,100,20,watts_strogatz,ces,10,5,18,0.014000
util_ces,util,100,20,watts_strogatz,ces,10,5,19,0.015000
util_ces,util,100,20,watts_strogatz,ces,10,5,20,0.013000
util_ces,util,100,20,watts_strogatz,ces,10,6,1,0.038000
util_ces,util,100,20,watts_strogatz,ces,10,6,2,0.027000
util_ces,util,100,20,watts_strogatz,ces,10,6,3,0.025000
util_ces,util,100,20,watts_strogatz,ces,10,6,4,0.025000
util_ces,util,100,20,watts_strogatz,ces,10,6,5,0.022000
util_ces,util,100,20,watts_strogatz,ces,10,6,6,0.022000
util_ces,util,100,20,watts_strogatz,ces,10,6,7,0.022000
util_ces,util,100,20,watts_strogatz,ces,10,6,8,0.020000
util_ces,util,100,20,watts_strogatz,ces,10,6,9,0.020000
util_ces,util,100,20,watts_strogatz,ces,10,6,10,0.018000
util_ces,util,100,20,watts_strogatz,ces,10,6,11,0.019000
util_ces,util,100,20,watts_strogatz,ces,10,6,12,0.017000
util_ces,util,100,20,watts_strogatz,ces,10,6,13,0.018000
util_ces,util,100,20,watts_strogatz,ces,10,6,14,0.016000
util_ces,util,100,20,watts_strogatz,ces,10,6,15,0.016000
util_ces,util,100,20,watts_strogatz,ces,10,6,16,0.016000
util_ces,util,100,20,watts_strogatz,ces,10,6,17,0.015000
util_ces,util,100,20,watts_strogatz,ces,10,6,18,0.013000
util_ces,util,100,20,watts_strogatz,ces,10,6,19,0.014000
util_ces,util,100,20,watts_strogatz,ces,10,6,20,0.014000
util_ces,util,100,20,watts_strogatz,ces,10,7,1,0.037000
util_ces,util,100,20,watts_strogatz,ces,10,7,2,0.027000
util_ces,util,100,20,watts_strogatz,ces,10,7,3,0.024000
util_ces,util,100,20,watts_strogatz,ces,10,7,4,0.025000
util_ces,util,100,20,watts_strogatz,ces,10,7,5,0.022000
util_ces,util,100,20,watts_strogatz,ces,10,7,6,0.022000
util_ces,util,100,20,watts_strogatz,ces,10,7,7,0.021000
util_ces,util,100,20,watts_strogatz,ces,10,7,8,0.020000
util_ces,util,100,20,watts_strogatz,ces,10,7,9,0.019000
util_ces,util,100,20,watts_strogatz,ces,10,7,10,0.019000
util_ces,util,100,20,watts_strogatz,ces,10,7,11,0.018000
util_ces,util,100,20,watts_strogatz,ces,10,7,12,0.017000
util_ces,util,100,20,watts_strogatz,ces,10,7,13,0.016000
util_ces,util,100,20,watts_strogatz,ces,10,7,14,0.018000
util_ces,util,100,20,watts_strogatz,ces,10,7,15,0.015000
util_ces,util,100,20,watts_strogatz,ces,10,7,16,0.016000
util_ces,util,100,20,watts_strogatz,ces,10,7,17,0.016000
util_ces,util,100,20,watts_strogatz,ces,10,7,18,0.014000
util_ces,util,100,20,watts_strogatz,ces,10,7,19,0.014000
util_ces,util,100,20,watts_strogatz,ces,10,7,20,0.013000
util_ces,util,100,20,watts_strogatz,ces,10,8,1,0.040000
util_ces,util,100,20,watts_strogatz,ces,10,8,2,0.027000
util_ces,util,100,20,watts_strogatz,ces,10,8,3,0.024000
util_ces,util,100,20,watts_strogatz,ces,10,8,4,0.025000
util_ces,util,100,20,watts_strogatz,ces,10,8,5,0.021000
util_ces,util,100,20,watts_strogatz,ces,10,8,6,0.022000
util_ces,util,100,20,watts_strogatz,ces,10,8,7,0.021000
util_ces,util,100,20,watts_strogatz,ces,10,8,8,0.020000
util_ces,util,100,20,watts_strogatz,ces,10,8,9,0.019000
util_ces,util,100,20,watts_strogatz,ces,10,8,10,0.019000
util_ces,util,100,20,watts_strogatz,ces,10,8,11,0.018000
util_ces,util,100,20,watts_strogatz,ces,10,8,12,0.017000
util_ces,util,100,20,watts_strogatz,ces,10,8,13,0.017000
util_ces,util,100,20,watts_strogatz,ces,10,8,14,0.017000
util_ces,util,100,20,watts_strogatz,ces,10,8,15,0.015000
util_ces,util,100,20,watts_strogatz,ces,10,8,16,0.016000
util_ces,util,100,20,watts_strogatz,ces,10,8,17,0.015000
util_ces,util,100,20,watts_strogatz,ces,10,8,18,0.014000
util_ces,util,100,20,watts_strogatz,ces,10,8,19,0.014000
util_ces,util,100,20,watts_strogatz,ces,10,8,20,0.014000
util_ces,util,100,20,watts_strogatz,ces,10,9,1,0.038000
util_ces,util,100,20,watts_strogatz,ces,10,9,2,0.027000
util_ces,util,100,20,watts_strogatz,ces,10,9,3,0.024000
util_ces,util,100,20,watts_strogatz,ces,10,9,4,0.025000
util_ces,util,100,20,watts_strogatz,ces,10,9,5,0.022000
util_ces,util,100,20,watts_strogatz,ces,10,9,6,0.022000
util_ces,util,100,20,watts_strogatz,ces,10,9,7,0.021000
util_ces,util,100,20,watts_strogatz,ces,10,9,8,0.020000
util_ces,util,100,20,watts_strogatz,ces,10,9,9,0.019000
util_ces,util,100,20,watts_strogatz,ces,10,9,10,0.019000
util_ces,util,100,20,watts_strogatz,ces,10,9,11,0.018000
util_ces,util,100,20,watts_strogatz,ces,10,9,12,0.018000
util_ces,util,100,20,watts_strogatz,ces,10,9,13,0.017000
util_ces,util,100,20,watts_strogatz,ces,10,9,14,0.017000
util_ces,util,100,20,watts_strogatz,ces,10,9,15,0.016000
util_ces,util,100,20,watts_strogatz,ces,10,9,16,0.015000
util_ces,util,100,20,watts_strogatz,ces,10,9,17,0.014000
util_ces,util,100,20,watts_strogatz,ces,10,9,18,0.013000
util_ces,util,100,20,watts_strogatz,ces,10,9,19,0.014000
util_ces,util,100,20,watts_strogatz,ces,10,9,20,0.013000
util_multiplicative,util,100,20,watts_strogatz,multiplicative,10,2,1,0.051000
util_multiplicative,util,100,20,watts_strogatz,multiplicative,10,2,2,0.050000
util_multiplicative,util,100,20,watts_strogatz,multiplicative,10,2,3,0.042000
util_multiplicative,util,100,20,watts_strogatz,multiplicative,10,2,4,0.034000
util_multiplicative,util,100,20,watts_strogatz,multiplicative,10,2,5,0.029000
util_multiplicative,util,100,20,watts_strogatz,multiplicative,10,2,6,0.032000
util_multiplicative,util,100,20,watts_strogatz,multiplicative,10,2,7,0.026000
util_multiplicative,util,100,20,watts_strogatz,multiplicative,10,2,8,0.024000
util_multiplicative,util,100,20,watts_strogatz,multiplicative,10,2,9,0.022000
util_multiplicative,util,100,20,watts_strogatz,multiplicative,10,2,10,0.022000
util_multiplicative,util,100,20,watts_strogatz,multiplicative,10,2,11,0.021000
util_multiplicative,util,100,20,watts_strogatz,multiplicative,10,2,12,0.023000
util_multiplicative,util,100,20,watts_strogatz,multiplicative,10,2,13,0.020000
util_multiplicative,util,100,20,watts_strogatz,multiplicative,10,2,14,0.018000
util_multiplicative,util,100,20,watts_strogatz,multiplicative,10,2,15,0.016000
util_multiplicative,util,100,20,watts_strogatz,multiplicative,10,2,16,0.017000
util_multiplicative,util,100,20,watts_strogatz,multiplicative,10,2,17,0.016000
util_multiplicative,util,100,20,watts_strogatz,multiplicative,10,2,18,0.015000
util_multiplicative,util,100,20,watts_strogatz,multiplicative,10,2,19,0.015000
util_multiplicative,util,100,20,watts_strogatz,multiplicative,10,2,20,0.018000
util_multiplicative,util,100,20,watts_strogatz,multiplicative,10,3,1,0.052000
util_multiplicative,util,100,20,watts_strogatz,multiplicative,10,3,2,0.043000
util_multiplicative,util,100,20,watts_strogatz,multiplicative,10,3,3,0.043000
util_multiplicative,util,100,20,watts_strogatz,multiplicative,10,3,4,0.038000
util_multiplicative,util,100,20,watts_strogatz,multiplicative,10,3,5,0.035000
util_multiplicative,util,100,20,watts_strogatz,multiplicative,10,3,6,0.029000
util_multiplicative,util,100,20,watts_strogatz,multiplicative,10,3,7,0.026000
util_multiplicative,util,100,20,watts_strogatz,multiplicative,10,3,8,0.024000
util_multiplicative,util,100,20,watts_strogatz,multiplicative,10,3,9,0.023000
util_multiplicative,util,100,20,watts_strogatz,multiplicative,10,3,10,0.028000
util_multiplicative,util,100,20,watts_strogatz,multiplicative,10,3,11,0.021000
util_multiplicative,util,100,20,watts_strogatz,multiplicative,10,3,12,0.019000
util_multiplicative,util,100,20,watts_strogatz,multiplicative,10,3,13,0.018000
util_multiplicative,util,100,20,watts_strogatz,multiplicative,10,3,14,0.017000
util_multiplicative,util,100,20,watts_strogatz,multiplicative,10,3,15,0.017000
util_multiplicative,util,100,20,watts_strogatz,multiplicative,10,3,16,0.017000
util_multiplicative,util,100,20,watts_strogatz,multiplicative,10,3,17,0.016000
util_multiplicative,util,100,20,watts_strogatz,multiplicative,10,3,18,0.015000
util_multiplicative,util,100,20,watts_strogatz,multiplicative,10,3,19,0.014000
util_multiplicative,util,100,20,watts_strogatz,multiplicative,10,3,20,0.018000
util_multiplicative,util,100,20,watts_strogatz,multiplicative,10,4,1,0.054000
util_multiplicative,util,100,20,watts_strogatz,multiplicative,10,4,2,0.042000
util_multiplicative,util,100,20,watts_strogatz,multiplicative,10,4,3,0.037000
util_multiplicative,util,100,20,watts_strogatz,multiplicative,10,4,4,0.035000
util_multiplicative,util,100,20,watts_strogatz,multiplicative,10,4,5,0.030000
util_multiplicative,util,100,20,watts_strogatz,multiplicative,10,4,6,0.030000
util_multiplicative,util,100,20,watts_strogatz,multiplicative,10,4,7,0.026000
util_multiplicative,util,100,20,watts_strogatz,multiplicative,10,4,8,0.025000
util_multiplicative,util,100,20,watts_strogatz,multiplicative,10,4,9,0.022000
util_multiplicative,util,100,20,watts_strogatz,multiplicative,10,4,10,0.023000
util_multiplicative,util,100,20,watts_strogatz,multiplicative,10,4,11,0.023000
util_multiplicative,util,100,20,watts_strogatz,multiplicative,10,4,12,0.023000
util_multiplicative,util,100,20,watts_strogatz,multiplicative,10,4,13,0.021000
util_multiplicative,util,100,20,watts_strogatz,multiplicative,10,4,14,0.020000
util_multiplicative,util,100,20,watts_strogatz,multiplicative,10,4,15,0.019000
util_multiplicative,util,100,20,watts_strogatz,multiplicative,10,4,16,0.017000
util_multiplicative,util,100,20,watts_strogatz,multiplicative,10,4,17,0.015000
util_multiplicative,util,100,20,watts_strogatz,multiplicative,10,4,18,0.069000
util_multiplicative,util,100,20,watts_strogatz,multiplicative,10,4,19,0.014000
util_multiplicative,util,100,20,watts_strogatz,multiplicative,10,4,20,0.014000
util_multiplicative,util,100,20,watts_strogatz,multiplicative,10,5,1,0.052000
util_multiplicative,util,100,20,watts_strogatz,multiplicative,10,5,2,0.045000
util_multiplicative,util,100,20,watts_strogatz,multiplicative,10,5,3,0.037000
util_multiplicative,util,100,20,watts_strogatz,multiplicative,10,5,4,0.032000
util_multiplicative,util,100,20,watts_strogatz,multiplicative,10,5,5,0.029000
util_multiplicative,util,100,20,watts_strogatz,multiplicative,10,5,6,0.028000
util_multiplicative,util,100,20,watts_strogatz,multiplicative,10,5,7,0.025000
util_multiplicative,util,100,20,watts_strogatz,multiplicative,10,5,8,0.023000
util_multiplicative,util,100,20,watts_strogatz,multiplicative,10,5,9,0.024000
util_multiplicative,util,100,20,watts_strogatz,multiplicative,10,5,10,0.021000
util_multiplicative,util,100,20,watts_strogatz,multiplicative,10,5,11,0.020000
util_multiplicative,util,100,20,watts_strogatz,multiplicative,10,5,12,0.020000
util_multiplicative,util,100,20,watts_strogatz,multiplicative,10,5,13,0.019000
util_multiplicative,util,100,20,watts_strogatz,multiplicative,10,5,14,0.016000
util_multiplicative,util,100,20,watts_strogatz,multiplicative,10,5,15,0.018000
util_multiplicative,util,100,20,watts_strogatz,multiplicative,10,5,16,0.017000
util_multiplicative,util,100,20,watts_strogatz,multiplicative,10,5,17,0.016000
util_multiplicative,util,100,20,watts_strogatz,multiplicative,10,5,18,0.015000
util_multiplicative,util,100,20,watts_strogatz,multiplicative,10,5,19,0.015000
util_multiplicative,util,100,20,watts_strogatz,multiplicative,10,5,20,0.014000
util_multiplicative,util,100,20,watts_strogatz,multiplicative,10,6,1,0.055000
util_multiplicative,util,100,20,watts_strogatz,multiplicative,10,6,2,0.043000
util_multiplicative,util,100,20,watts_strogatz,multiplicative,10,6,3,0.036000
util_multiplicative,util,100,20,watts_strogatz,multiplicative,10,6,4,0.033000
util_multiplicative,util,100,20,watts_strogatz,multiplicative,10,6,5,0.028000
util_multiplicative,util,100,20,watts_strogatz,multiplicative,10,6,6,0.028000
util_multiplicative,util,100,20,watts_strogatz,multiplicative,10,6,7,0.026000
util_multiplicative,util,100,20,watts_strogatz,multiplicative,10,6,8,0.023000
util_multiplicative,util,100,20,watts_strogatz,multiplicative,10,6,9,0.023000
util_multiplicative,util,100,20,watts_strogatz,multiplicative,10,6,10,0.021000
util_multiplicative,util,100,20,watts_strogatz,multiplicative,10,6,11,0.023000
util_multiplicative,util,100,20,watts_strogatz,multiplicative,10,6,12,0.020000
util_multiplicative,util,100,20,watts_strogatz,multiplicative,10,6,13,0.018000
util_multiplicative,util,100,20,watts_strogatz,multiplicative,10,6,14,0.017000
util_multiplicative,util,100,20,watts_strogatz,multiplicative,10,6,15,0.017000
util_multiplicative,util,100,20,watts_strogatz,multiplicative,10,6,16,0.016000
util_multiplicative,util,100,20,watts_strogatz,multiplicative,10,6,17,0.016000
util_multiplicative,util,100,20,watts_strogatz,multiplicative,10,6,18,0.014000
util_multiplicative,util,100,20,watts_strogatz,multiplicative,10,6,19,0.014000
util_multiplicative,util,100,20,watts_strogatz,multiplicative,10,6,20,0.014000
util_multiplicative,util,100,20,watts_strogatz,multiplicative,10,7,1,0.051000
util_multiplicative,util,100,20,watts_strogatz,multiplicative,10,7,2,0.043000
util_multiplicative,util,100,20,watts_strogatz,multiplicative,10,7,3,0.036000
util_multiplicative,util,100,20,watts_strogatz,multiplicative,10,7,4,0.032000
util_multiplicative,util,100,20,watts_strogatz,multiplicative,10,7,5,0.029000
util_multiplicative,util,100,20,watts_strogatz,multiplicative,10,7,6,0.027000
util_multiplicative,util,100,20,watts_strogatz,multiplicative,10,7,7,0.026000
util_multiplicative,util,100,20,watts_strogatz,multiplicative,10,7,8,0.023000
util_multiplicative,util,100,20,watts_strogatz,multiplicative,10,7,9,0.023000
util_multiplicative,util,100,20,watts_strogatz,multiplicative,10,7,10,0.021000
util_multiplicative,util,100,20,watts_strogatz,multiplicative,10,7,11,0.020000
util_multiplicative,util,100,20,watts_strogatz,multiplicative,10,7,12,0.019000
util_multiplicative,util,100,20,watts_strogatz,multiplicative,10,7,13,0.019000
util_multiplicative,util,100,20,watts_strogatz,multiplicative,10,7,14,0.017000
util_multiplicative,util,100,20,watts_strogatz,multiplicative,10,7,15,0.017000
util_multiplicative,util,100,20,watts_strogatz,multiplicative,10,7,16,0.016000
util_multiplicative,util,100,20,watts_strogatz,multiplicative,10,7,17,0.016000
util_multiplicative,util,100,20,watts_strogatz,multiplicative,10,7,18,0.015000
util_multiplicative,util,100,20,watts_strogatz,multiplicative,10,7,19,0.014000
util_multiplicative,util,100,20,watts_strogatz,multiplicative,10,7,20,0.014000
util_multiplicative,util,100,20,watts_strogatz,multiplicative,10,8,1,0.052000
util_multiplicative,util,100,20,watts_strogatz,multiplicative,10,8,2,0.044000
util_multiplicative,util,100,20,watts_strogatz,multiplicative,10,8,3,0.038000
util_multiplicative,util,100,20,watts_strogatz,multiplicative,10,8,4,0.033000
util_multiplicative,util,100,20,watts_strogatz,multiplicative,10,8,5,0.030000
util_multiplicative,util,100,20,watts_strogatz,multiplicative,10,8,6,0.027000
util_multiplicative,util,100,20,watts_strogatz,multiplicative,10,8,7,0.025000
util_multiplicative,util,100,20,watts_strogatz,multiplicative,10,8,8,0.028000
util_multiplicative,util,100,20,watts_strogatz,multiplicative,10,8,9,0.021000
util_multiplicative,util,100,20,watts_strogatz,multiplicative,10,8,10,0.021000
util_multiplicative,util,100,20,watts_strogatz,multiplicative,10,8,11,0.019000
util_multiplicative,util,100,20,watts_strogatz,multiplicative,10,8,12,0.019000
util_multiplicative,util,100,20,watts_strogatz,multiplicative,10,8,13,0.017000
util_multiplicative,util,100,20,watts_strogatz,multiplicative,10,8,14,0.017000
util_multiplicative,util,100,20,watts_strogatz,multiplicative,10,8,15,0.016000
util_multiplicative,util,100,20,watts_strogatz,multiplicative,10,8,16,0.016000
util_multiplicative,util,100,20,watts_strogatz,multiplicative,10,8,17,0.015000
util_multiplicative,util,100,20,watts_strogatz,multiplicative,10,8,18,0.014000
util_multiplicative,util,100,20,watts_strogatz,multiplicative,10,8,19,0.014000
util_multiplicative,util,100,20,watts_strogatz,multiplicative,10,8,20,0.013000
util_multiplicative,util,100,20,watts_strogatz,multiplicative,10,9,1,0.052000
util_multiplicative,util,100,20,watts_strogatz,multiplicative,10,9,2,0.043000
util_multiplicative,util,100,20,watts_strogatz,multiplicative,10,9,3,0.035000
util_multiplicative,util,100,20,watts_strogatz,multiplicative,10,9,4,0.032000
util_multiplicative,util,100,20,watts_strogatz,multiplicative,10,9,5,0.028000
util_multiplicative,util,100,20,watts_strogatz,multiplicative,10,9,6,0.027000
util_multiplicative,util,100,20,watts_strogatz,multiplicative,10,9,7,0.024000
util_multiplicative,util,100,20,watts_strogatz,multiplicative,10,9,8,0.024000
util_multiplicative,util,100,20,watts_strogatz,multiplicative,10,9,9,0.021000
util_multiplicative,util,100,20,watts_strogatz,multiplicative,10,9,10,0.021000
util_multiplicative,util,100,20,watts_strogatz,multiplicative,10,9,11,0.020000
util_multiplicative,util,100,20,watts_strogatz,multiplicative,10,9,12,0.018000
util_multiplicative,util,100,20,watts_strogatz,multiplicative,10,9,13,0.017000
util_multiplicative,util,100,20,watts_strogatz,multiplicative,10,9,14,0.017000
util_multiplicative,util,100,20,watts_strogatz,multiplicative,10,9,15,0.016000
util_multiplicative,util,100,20,watts_strogatz,multiplicative,10,9,16,0.016000
util_multiplicative,util,100,20,watts_strogatz,multiplicative,10,9,17,0.015000
util_multiplicative,util,100,20,watts_strogatz,multiplicative,10,9,18,0.015000
util_multiplicative,util,100,20,watts_strogatz,multiplicative,10,9,19,0.014000
util_multiplicative,util,100,20,watts_strogatz,multiplicative,10,9,20,0.014000
util_multiplicative_weighted,util,100,20,watts_strogatz,multiplicative_weighted,10,2,1,0.152000
util_multiplicative_weighted,util,100,20,watts_strogatz,multiplicative_weighted,10,2,2,0.149000
util_multiplicative_weighted,util,100,20,watts_strogatz,multiplicative_weighted,10,2,3,0.147000
util_multiplicative_weighted,util,100,20,watts_strogatz,multiplicative_weighted,10,2,4,0.151000
util_multiplicative_weighted,util,100,20,watts_strogatz,multiplicative_weighted,10,2,5,0.151000
util_multiplicative_weighted,util,100,20,watts_strogatz,multiplicative_weighted,10,2,6,0.143000
util_multiplicative_weighted,util,100,20,watts_strogatz,multiplicative_weighted,10,2,7,0.168000
util_multiplicative_weighted,util,100,20,watts_strogatz,multiplicative_weighted,10,2,8,0.148000
util_multiplicative_weighted,util,100,20,watts_strogatz,multiplicative_weighted,10,2,9,0.149000
util_multiplicative_weighted,util,100,20,watts_strogatz,multiplicative_weighted,10,2,10,0.146000
util_multiplicative_weighted,util,100,20,watts_strogatz,multiplicative_weighted,10,2,11,0.145000
util_multiplicative_weighted,util,100,20,watts_strogatz,multiplicative_weighted,10,2,12,0.146000
util_multiplicative_weighted,util,100,20,watts_strogatz,multiplicative_weighted,10,2,13,0.148000
util_multiplicative_weighted,util,100,20,watts_strogatz,multiplicative_weighted,10,2,14,0.150000
util_multiplicative_weighted,util,100,20,watts_strogatz,multiplicative_weighted,10,2,15,0.144000
util_multiplicative_weighted,util,100,20,watts_strogatz,multiplicative_weighted,10,2,16,0.141000
util_multiplicative_weighted,util,100,20,watts_strogatz,multiplicative_weighted,10,2,17,0.138000
util_multiplicative_weighted,util,100,20,watts_strogatz,multiplicative_weighted,10,2,18,0.140000
util_multiplicative_weighted,util,100,20,watts_strogatz,multiplicative_weighted,10,2,19,0.136000
util_multiplicative_weighted,util,100,20,watts_strogatz,multiplicative_weighted,10,2,20,0.137000
util_multiplicative_weighted,util,100,20,watts_strogatz,multiplicative_weighted,10,3,1,0.154000
util_multiplicative_weighted,util,100,20,watts_strogatz,multiplicative_weighted,10,3,2,0.148000
util_multiplicative_weighted,util,100,20,watts_strogatz,multiplicative_weighted,10,3,3,0.147000
util_multiplicative_weighted,util,100,20,watts_strogatz,multiplicative_weighted,10,3,4,0.146000
util_multiplicative_weighted,util,100,20,watts_strogatz,multiplicative_weighted,10,3,5,0.145000
util_multiplicative_weighted,util,100,20,watts_strogatz,multiplicative_weighted,10,3,6,0.196000
util_multiplicative_weighted,util,100,20,watts_strogatz,multiplicative_weighted,10,3,7,0.143000
util_multiplicative_weighted,util,100,20,watts_strogatz,multiplicative_weighted,10,3,8,0.144000
util_multiplicative_weighted,util,100,20,watts_strogatz,multiplicative_weighted,10,3,9,0.155000
util_multiplicative_weighted,util,100,20,watts_strogatz,multiplicative_weighted,10,3,10,0.142000
util_multiplicative_weighted,util,100,20,watts_strogatz,multiplicative_weighted,10,3,11,0.142000
util_multiplicative_weighted,util,100,20,watts_strogatz,multiplicative_weighted,10,3,12,0.141000
util_multiplicative_weighted,util,100,20,watts_strogatz,multiplicative_weighted,10,3,13,0.142000
util_multiplicative_weighted,util,100,20,watts_strogatz,multiplicative_weighted,10,3,14,0.144000
util_multiplicative_weighted,util,100,20,watts_strogatz,multiplicative_weighted,10,3,15,0.144000
util_multiplicative_weighted,util,100,20,watts_strogatz,multiplicative_weighted,10,3,16,0.145000
util_multiplicative_weighted,util,100,20,watts_strogatz,multiplicative_weighted,10,3,17,0.140000
util_multiplicative_weighted,util,100,20,watts_strogatz,multiplicative_weighted,10,3,18,0.143000
util_multiplicative_weighted,util,100,20,watts_strogatz,multiplicative_weighted,10,3,19,0.140000
util_multiplicative_weighted,util,100,20,watts_strogatz,multiplicative_weighted,10,3,20,0.139000
util_multiplicative_weighted,util,100,20,watts_strogatz,multiplicative_weighted,10,4,1,0.157000
util_multiplicative_weighted,util,100,20,watts_strogatz,multiplicative_weighted,10,4,2,0.155000
util_multiplicative_weighted,util,100,20,watts_strogatz,multiplicative_weighted,10,4,3,0.149000
util_multiplicative_weighted,util,100,20,watts_strogatz,multiplicative_weighted,10,4,4,0.146000
util_multiplicative_weighted,util,100,20,watts_strogatz,multiplicative_weighted,10,4,5,0.146000
util_multiplicative_weighted,util,100,20,watts_strogatz,multiplicative_weighted,10,4,6,0.147000
util_multiplicative_weighted,util,100,20,watts_strogatz,multiplicative_weighted,10,4,7,0.145000
util_multiplicative_weighted,util,100,20,watts_strogatz,multiplicative_weighted,10,4,8,0.141000
util_multiplicative_weighted,util,100,20,watts_strogatz,multiplicative_weighted,10,4,9,0.142000
util_multiplicative_weighted,util,100,20,watts_strogatz,multiplicative_weighted,10,4,10,0.141000
util_multiplicative_weighted,util,100,20,watts_strogatz,multiplicative_weighted,10,4,11,0.138000
util_multiplicative_weighted,util,100,20,watts_strogatz,multiplicative_weighted,10,4,12,0.140000
util_multiplicative_weighted,util,100,20,watts_strogatz,multiplicative_weighted,10,4,13,0.140000
util_multiplicative_weighted,util,100,20,watts_strogatz,multiplicative_weighted,10,4,14,0.140000
util_multiplicative_weighted,util,100,20,watts_strogatz,multiplicative_weighted,10,4,15,0.141000
util_multiplicative_weighted,util,100,20,watts_strogatz,multiplicative_weighted,10,4,16,0.139000
util_multiplicative_weighted,util,100,20,watts_strogatz,multiplicative_weighted,10,4,17,0.140000
util_multiplicative_weighted,util,100,20,watts_strogatz,multiplicative_weighted,10,4,18,0.137000
util_multiplicative_weighted,util,100,20,watts_strogatz,multiplicative_weighted,10,4,19,0.137000
util_multiplicative_weighted,util,100,20,watts_strogatz,multiplicative_weighted,10,4,20,0.136000
util_multiplicative_weighted,util,100,20,watts_strogatz,multiplicative_weighted,10,5,1,0.152000
util_multiplicative_weighted,util,100,20,watts_strogatz,multiplicative_weighted,10,5,2,0.149000
util_multiplicative_weighted,util,100,20,watts_strogatz,multiplicative_weighted,10,5,3,0.149000
util_multiplicative_weighted,util,100,20,watts_strogatz,multiplicative_weighted,10,5,4,0.145000
util_multiplicative_weighted,util,100,20,watts_strogatz,multiplicative_weighted,10,5,5,0.146000
util_multiplicative_weighted,util,100,20,watts_strogatz,multiplicative_weighted,10,5,6,0.146000
util_multiplicative_weighted,util,100,20,watts_strogatz,multiplicative_weighted,10,5,7,0.145000
util_multiplicative_weighted,util,100,20,watts_strogatz,multiplicative_weighted,10,5,8,0.142000
util_multiplicative_weighted,util,100,20,watts_strogatz,multiplicative_weighted,10,5,9,0.142000
util_multiplicative_weighted,util,100,20,watts_strogatz,multiplicative_weighted,10,5,10,0.142000
util_multiplicative_weighted,util,100,20,watts_strogatz,multiplicative_weighted,10,5,11,0.141000
util_multiplicative_weighted,util,100,20,watts_strogatz,multiplicative_weighted,10,5,12,0.139000
util_multiplicative_weighted,util,100,20,watts_strogatz,multiplicative_weighted,10,5,13,0.138000
util_multiplicative_weighted,util,100,20,watts_strogatz,multiplicative_weighted,10,5,14,0.140000
util_multiplicative_weighted,util,100,20,watts_strogatz,multiplicative_weighted,10,5,15,0.147000
util_multiplicative_weighted,util,100,20,watts_strogatz,multiplicative_weighted,10,5,16,0.139000
util_multiplicative_weighted,util,100,20,watts_strogatz,multiplicative_weighted,10,5,17,0.141000
util_multiplicative_weighted,util,100,20,watts_strogatz,multiplicative_weighted,10,5,18,0.136000
util_multiplicative_weighted,util,100,20,watts_strogatz,multiplicative_weighted,10,5,19,0.137000
util_multiplicative_weighted,util,100,20,watts_strogatz,multiplicative_weighted,10,5,20,0.137000
util_multiplicative_weighted,util,100,20,watts_strogatz,multiplicative_weighted,10,6,1,0.153000
util_multiplicative_weighted,util,100,20,watts_strogatz,multiplicative_weighted,10,6,2,0.148000
util_multiplicative_weighted,util,100,20,watts_strogatz,multiplicative_weighted,10,6,3,0.147000
util_multiplicative_weighted,util,100,20,watts_strogatz,multiplicative_weighted,10,6,4,0.147000
util_multiplicative_weighted,util,100,20,watts_strogatz,multiplicative_weighted,10,6,5,0.146000
util_multiplicative_weighted,util,100,20,watts_strogatz,multiplicative_weighted,10,6,6,0.144000
util_multiplicative_weighted,util,100,20,watts_strogatz,multiplicative_weighted,10,6,7,0.143000
util_multiplicative_weighted,util,100,20,watts_strogatz,multiplicative_weighted,10,6,8,0.141000
util_multiplicative_weighted,util,100,20,watts_strogatz,multiplicative_weighted,10,6,9,0.141000
util_multiplicative_weighted,util,100,20,watts_strogatz,multiplicative_weighted,10,6,10,0.140000
util_multiplicative_weighted,util,100,20,watts_strogatz,multiplicative_weighted,10,6,11,0.140000
util_multiplicative_weighted,util,100,20,watts_strogatz,multiplicative_weighted,10,6,12,0.140000
util_multiplicative_weighted,util,100,20,watts_strogatz,multiplicative_weighted,10,6,13,0.139000
util_multiplicative_weighted,util,100,20,watts_strogatz,multiplicative_weighted,10,6,14,0.139000
util_multiplicative_weighted,util,100,20,watts_strogatz,multiplicative_weighted,10,6,15,0.140000
util_multiplicative_weighted,util,100,20,watts_strogatz,multiplicative_weighted,10,6,16,0.138000
util_multiplicative_weighted,util,100,20,watts_strogatz,multiplicative_weighted,10,6,17,0.137000
util_multiplicative_weighted,util,100,20,watts_strogatz,multiplicative_weighted,10,6,18,0.136000
util_multiplicative_weighted,util,100,20,watts_strogatz,multiplicative_weighted,10,6,19,0.138000
util_multiplicative_weighted,util,100,20,watts_strogatz,multiplicative_weighted,10,6,20,0.137000
util_multiplicative_weighted,util,100,20,watts_strogatz,multiplicative_weighted,10,7,1,0.150000
util_multiplicative_weighted,util,100,20,watts_strogatz,multiplicative_weighted,10,7,2,0.148000
util_multiplicative_weighted,util,100,20,watts_strogatz,multiplicative_weighted,10,7,3,0.146000
util_multiplicative_weighted,util,100,20,watts_strogatz,multiplicative_weighted,10,7,4,0.146000
util_multiplicative_weighted,util,100,20,watts_strogatz,multiplicative_weighted,10,7,5,0.144000
util_multiplicative_weighted,util,100,20,watts_strogatz,multiplicative_weighted,10,7,6,0.144000
util_multiplicative_weighted,util,100,20,watts_strogatz,multiplicative_weighted,10,7,7,0.142000
util_multiplicative_weighted,util,100,20,watts_strogatz,multiplicative_weighted,10,7,8,0.141000
util_multiplicative_weighted,util,100,20,watts_strogatz,multiplicative_weighted,10,7,9,0.144000
util_multiplicative_weighted,util,100,20,watts_strogatz,multiplicative_weighted,10,7,10,0.140000
util_multiplicative_weighted,util,100,20,watts_strogatz,multiplicative_weighted,10,7,11,0.139000
util_multiplicative_weighted,util,100,20,watts_strogatz,multiplicative_weighted,10,7,12,0.139000
util_multiplicative_weighted,util,100,20,watts_strogatz,multiplicative_weighted,10,7,13,0.138000
util_multiplicative_weighted,util,100,20,watts_strogatz,multiplicative_weighted,10,7,14,0.139000
util_multiplicative_weighted,util,100,20,watts_strogatz,multiplicative_weighted,10,7,15,0.140000
util_multiplicative_weighted,util,100,20,watts_strogatz,multiplicative_weighted,10,7,16,0.136000
util_multiplicative_weighted,util,100,20,watts_strogatz,multiplicative_weighted,10,7,17,0.137000
util_multiplicative_weighted,util,100,20,watts_strogatz,multiplicative_weighted,10,7,18,0.138000
util_multiplicative_weighted,util,100,20,watts_strogatz,multiplicative_weighted,10,7,19,0.135000
util_multiplicative_weighted,util,100,20,watts_strogatz,multiplicative_weighted,10,7,20,0.136000
util_multiplicative_weighted,util,100,20,watts_strogatz,multiplicative_weighted,10,8,1,0.150000
util_multiplicative_weighted,util,100,20,watts_strogatz,multiplicative_weighted,10,8,2,0.148000
util_multiplicative_weighted,util,100,20,watts_strogatz,multiplicative_weighted,10,8,3,0.146000
util_multiplicative_weighted,util,100,20,watts_strogatz,multiplicative_weighted,10,8,4,0.145000
util_multiplicative_weighted,util,100,20,watts_strogatz,multiplicative_weighted,10,8,5,0.145000
util_multiplicative_weighted,util,100,20,watts_strogatz,multiplicative_weighted,10,8,6,0.143000
util_multiplicative_weighted,util,100,20,watts_strogatz,multiplicative_weighted,10,8,7,0.143000
util_multiplicative_weighted,util,100,20,watts_strogatz,multiplicative_weighted,10,8,8,0.143000
util_multiplicative_weighted,util,100,20,watts_strogatz,multiplicative_weighted,10,8,9,0.142000
util_multiplicative_weighted,util,100,20,watts_strogatz,multiplicative_weighted,10,8,10,0.141000
util_multiplicative_weighted,util,100,20,watts_strogatz,multiplicative_weighted,10,8,11,0.139000
util_multiplicative_weighted,util,100,20,watts_strogatz,multiplicative_weighted,10,8,12,0.141000
util_multiplicative_weighted,util,100,20,watts_strogatz,multiplicative_weighted,10,8,13,0.139000
util_multiplicative_weighted,util,100,20,watts_strogatz,multiplicative_weighted,10,8,14,0.139000
util_multiplicative_weighted,util,100,20,watts_strogatz,multiplicative_weighted,10,8,15,0.137000
util_multiplicative_weighted,util,100,20,watts_strogatz,multiplicative_weighted,10,8,16,0.138000
util_multiplicative_weighted,util,100,20,watts_strogatz,multiplicative_weighted,10,8,17,0.137000
util_multiplicative_weighted,util,100,20,watts_strogatz,multiplicative_weighted,10,8,18,0.135000
util_multiplicative_weighted,util,100,20,watts_strogatz,multiplicative_weighted,10,8,19,0.138000
util_multiplicative_weighted,util,100,20,watts_strogatz,multiplicative_weighted,10,8,20,0.138000
util_multiplicative_weighted,util,100,20,watts_strogatz,multiplicative_weighted,10,9,1,0.150000
util_multiplicative_weighted,util,100,20,watts_strogatz,multiplicative_weighted,10,9,2,0.146000
util_multiplicative_weighted,util,100,20,watts_strogatz,multiplicative_weighted,10,9,3,0.147000
util_multiplicative_weighted,util,100,20,watts_strogatz,multiplicative_weighted,10,9,4,0.146000
util_multiplicative_weighted,util,100,20,watts_strogatz,multiplicative_weighted,10,9,5,0.144000
util_multiplicative_weighted,util,100,20,watts_strogatz,multiplicative_weighted,10,9,6,0.142000
util_multiplicative_weighted,util,100,20,watts_strogatz,multiplicative_weighted,10,9,7,0.142000
util_multiplicative_weighted,util,100,20,watts_strogatz,multiplicative_weighted,10,9,8,0.142000
util_multiplicative_weighted,util,100,20,watts_strogatz,multiplicative_weighted,10,9,9,0.141000
util_multiplicative_weighted,util,100,20,watts_strogatz,multiplicative_weighted,10,9,10,0.141000
util_multiplicative_weighted,util,100,20,watts_strogatz,multiplicative_weighted,10,9,11,0.142000
util_multiplicative_weighted,util,100,20,watts_strogatz,multiplicative_weighted,10,9,12,0.139000
util_multiplicative_weighted,util,100,20,watts_strogatz,multiplicative_weighted,10,9,13,0.139000
util_multiplicative_weighted,util,100,20,watts_strogatz,multiplicative_weighted,10,9,14,0.137000
util_multiplicative_weighted,util,100,20,watts_strogatz,multiplicative_weighted,10,9,15,0.138000
util_multiplicative_weighted,util,100,20,watts_strogatz,multiplicative_weighted,10,9,16,0.136000
util_multiplicative_weighted,util,100,20,watts_strogatz,multiplicative_weighted,10,9,17,0.138000
util_multiplicative_weighted,util,100,20,watts_strogatz,multiplicative_weighted,10,9,18,0.136000
util_multiplicative_weighted,util,100,20,watts_strogatz,multiplicative_weighted,10,9,19,0.136000
util_multiplicative_weighted,util,100,20,watts_strogatz,multiplicative_weighted,10,9,20,0.134000
conf_0,conf,100,20,watts_strogatz,ces,0,2,1,0.820000
conf_0,conf,100,20,watts_strogatz,ces,0,2,2,0.037000
conf_0,conf,100,20,watts_strogatz,ces,0,2,3,0.041000
conf_0,conf,100,20,watts_strogatz,ces,0,2,4,0.041000
conf_0,conf,100,20,watts_strogatz,ces,0,2,5,0.042000
conf_0,conf,100,20,watts_strogatz,ces,0,2,6,0.045000
conf_0,conf,100,20,watts_strogatz,ces,0,2,7,0.039000
conf_0,conf,100,20,watts_strogatz,ces,0,2,8,0.040000
conf_0,conf,100,20,watts_strogatz,ces,0,2,9,0.042000
conf_0,conf,100,20,watts_strogatz,ces,0,2,10,0.046000
conf_0,conf,100,20,watts_strogatz,ces,0,2,11,0.095000
conf_0,conf,100,20,watts_strogatz,ces,0,2,12,0.043000
conf_0,conf,100,20,watts_strogatz,ces,0,2,13,0.043000
conf_0,conf,100,20,watts_strogatz,ces,0,2,14,0.041000
conf_0,conf,100,20,watts_strogatz,ces,0,2,15,0.043000
conf_0,conf,100,20,watts_strogatz,ces,0,2,16,0.038000
conf_0,conf,100,20,watts_strogatz,ces,0,2,17,0.043000
conf_0,conf,100,20,watts_strogatz,ces,0,2,18,0.043000
conf_0,conf,100,20,watts_strogatz,ces,0,2,19,0.045000
conf_0,conf,100,20,watts_strogatz,ces,0,2,20,0.043000
conf_0,conf,100,20,watts_strogatz,ces,0,3,1,0.768000
conf_0,conf,100,20,watts_strogatz,ces,0,3,2,0.035000
conf_0,conf,100,20,watts_strogatz,ces,0,3,3,0.042000
conf_0,conf,100,20,watts_strogatz,ces,0,3,4,0.040000
conf_0,conf,100,20,watts_strogatz,ces,0,3,5,0.043000
conf_0,conf,100,20,watts_strogatz,ces,0,3,6,0.047000
conf_0,conf,100,20,watts_strogatz,ces,0,3,7,0.038000
conf_0,conf,100,20,watts_strogatz,ces,0,3,8,0.039000
conf_0,conf,100,20,watts_strogatz,ces,0,3,9,0.043000
conf_0,conf,100,20,watts_strogatz,ces,0,3,10,0.099000
conf_0,conf,100,20,watts_strogatz,ces,0,3,11,0.040000
conf_0,conf,100,20,watts_strogatz,ces,0,3,12,0.045000
conf_0,conf,100,20,watts_strogatz,ces,0,3,13,0.043000
conf_0,conf,100,20,watts_strogatz,ces,0,3,14,0.042000
conf_0,conf,100,20,watts_strogatz,ces,0,3,15,0.043000
conf_0,conf,100,20,watts_strogatz,ces,0,3,16,0.038000
conf_0,conf,100,20,watts_strogatz,ces,0,3,17,0.043000
conf_0,conf,100,20,watts_strogatz,ces,0,3,18,0.044000
conf_0,conf,100,20,watts_strogatz,ces,0,3,19,0.099000
conf_0,conf,100,20,watts_strogatz,ces,0,3,20,0.041000
conf_0,conf,100,20,watts_strogatz,ces,0,4,1,0.777000
conf_0,conf,100,20,watts_strogatz,ces,0,4,2,0.035000
conf_0,conf,100,20,watts_strogatz,ces,0,4,3,0.042000
conf_0,conf,100,20,watts_strogatz,ces,0,4,4,0.041000
conf_0,conf,100,20,watts_strogatz,ces,0,4,5,0.043000
conf_0,conf,100,20,watts_strogatz,ces,0,4,6,0.047000
conf_0,conf,100,20,watts_strogatz,ces,0,4,7,0.039000
conf_0,conf,100,20,watts_strogatz,ces,0,4,8,0.039000
conf_0,conf,100,20,watts_strogatz,ces,0,4,9,0.043000
conf_0,conf,100,20,watts_strogatz,ces,0,4,10,0.047000
conf_0,conf,100,20,watts_strogatz,ces,0,4,11,0.041000
conf_0,conf,100,20,watts_strogatz,ces,0,4,12,0.044000
conf_0,conf,100,20,watts_strogatz,ces,0,4,13,0.042000
conf_0,conf,100,20,watts_strogatz,ces,0,4,14,0.040000
conf_0,conf,100,20,watts_strogatz,ces,0,4,15,0.044000
conf_0,conf,100,20,watts_strogatz,ces,0,4,16,0.038000
conf_0,conf,100,20,watts_strogatz,ces,0,4,17,0.044000
conf_0,conf,100,20,watts_strogatz,ces,0,4,18,0.043000
conf_0,conf,100,20,watts_strogatz,ces,0,4,19,0.045000
conf_0,conf,100,20,watts_strogatz,ces,0,4,20,0.042000
conf_0,conf,100,20,watts_strogatz,ces,0,5,1,0.775000
conf_0,conf,100,20,watts_strogatz,ces,0,5,2,0.035000
conf_0,conf,100,20,watts_strogatz,ces,0,5,3,0.042000
conf_0,conf,100,20,watts_strogatz,ces,0,5,4,0.040000
conf_0,conf,100,20,watts_strogatz,ces,0,5,5,0.042000
conf_0,conf,100,20,watts_strogatz,ces,0,5,6,0.046000
conf_0,conf,100,20,watts_strogatz,ces,0,5,7,0.038000
conf_0,conf,100,20,watts_strogatz,ces,0,5,8,0.039000
conf_0,conf,100,20,watts_strogatz,ces,0,5,9,0.043000
conf_0,conf,100,20,watts_strogatz,ces,0,5,10,0.046000
conf_0,conf,100,20,watts_strogatz,ces,0,5,11,0.041000
conf_0,conf,100,20,watts_strogatz,ces,0,5,12,0.043000
conf_0,conf,100,20,watts_strogatz,ces,0,5,13,0.044000
conf_0,conf,100,20,watts_strogatz,ces,0,5,14,0.041000
conf_0,conf,100,20,watts_strogatz,ces,0,5,15,0.043000
conf_0,conf,100,20,watts_strogatz,ces,0,5,16,0.039000
conf_0,conf,100,20,watts_strogatz,ces,0,5,17,0.043000
conf_0,conf,100,20,watts_strogatz,ces,0,5,18,0.043000
conf_0,conf,100,20,watts_strogatz,ces,0,5,19,0.046000
conf_0,conf,100,20,watts_strogatz,ces,0,5,20,0.043000
conf_0,conf,100,20,watts_strogatz,ces,0,6,1,0.777000
conf_0,conf,100,20,watts_strogatz,ces,0,6,2,0.037000
conf_0,conf,100,20,watts_strogatz,ces,0,6,3,0.040000
conf_0,conf,100,20,watts_strogatz,ces,0,6,4,0.042000
conf_0,conf,100,20,watts_strogatz,ces,0,6,5,0.043000
conf_0,conf,100,20,watts_strogatz,ces,0,6,6,0.048000
conf_0,conf,100,20,watts_strogatz,ces,0,6,7,0.039000
conf_0,conf,100,20,watts_strogatz,ces,0,6,8,0.040000
conf_0,conf,100,20,watts_strogatz,ces,0,6,9,0.044000
conf_0,conf,100,20,watts_strogatz,ces,0,6,10,0.046000
conf_0,conf,100,20,watts_strogatz,ces,0,6,11,0.040000
conf_0,conf,100,20,watts_strogatz,ces,0,6,12,0.045000
conf_0,conf,100,20,watts_strogatz,ces,0,6,13,0.041000
conf_0,conf,100,20,watts_strogatz,ces,0,6,14,0.040000
conf_0,conf,100,20,watts_strogatz,ces,0,6,15,0.043000
conf_0,conf,100,20,watts_strogatz,ces,0,6,16,0.038000
conf_0,conf,100,20,watts_strogatz,ces,0,6,17,0.042000
conf_0,conf,100,20,watts_strogatz,ces,0,6,18,0.044000
conf_0,conf,100,20,watts_strogatz,ces,0,6,19,0.045000
conf_0,conf,100,20,watts_strogatz,ces,0,6,20,0.042000
conf_0,conf,100,20,watts_strogatz,ces,0,7,1,0.769000
conf_0,conf,100,20,watts_strogatz,ces,0,7,2,0.034000
conf_0,conf,100,20,watts_strogatz,ces,0,7,3,0.041000
conf_0,conf,100,20,watts_strogatz,ces,0,7,4,0.041000
conf_0,conf,100,20,watts_strogatz,ces,0,7,5,0.041000
conf_0,conf,100,20,watts_strogatz,ces,0,7,6,0.046000
conf_0,conf,100,20,watts_strogatz,ces,0,7,7,0.038000
conf_0,conf,100,20,watts_strogatz,ces,0,7,8,0.039000
conf_0,conf,100,20,watts_strogatz,ces,0,7,9,0.042000
conf_0,conf,100,20,watts_strogatz,ces,0,7,10,0.046000
conf_0,conf,100,20,watts_strogatz,ces,0,7,11,0.040000
conf_0,conf,100,20,watts_strogatz,ces,0,7,12,0.043000
conf_0,conf,100,20,watts_strogatz,ces,0,7,13,0.042000
conf_0,conf,100,20,watts_strogatz,ces,0,7,14,0.039000
conf_0,conf,100,20,watts_strogatz,ces,0,7,15,0.042000
conf_0,conf,100,20,watts_strogatz,ces,0,7,16,0.038000
conf_0,conf,100,20,watts_strogatz,ces,0,7,17,0.044000
conf_0,conf,100,20,watts_strogatz,ces,0,7,18,0.044000
conf_0,conf,100,20,watts_strogatz,ces,0,7,19,0.044000
conf_0,conf,100,20,watts_strogatz,ces,0,7,20,0.042000
conf_0,conf,100,20,watts_strogatz,ces,0,8,1,0.769000
conf_0,conf,100,20,watts_strogatz,ces,0,8,2,0.035000
conf_0,conf,100,20,watts_strogatz,ces,0,8,3,0.041000
conf_0,conf,100,20,watts_strogatz,ces,0,8,4,0.039000
conf_0,conf,100,20,watts_strogatz,ces,0,8,5,0.043000
conf_0,conf,100,20,watts_strogatz,ces,0,8,6,0.045000
conf_0,conf,100,20,watts_strogatz,ces,0,8,7,0.038000
conf_0,conf,100,20,watts_strogatz,ces,0,8,8,0.039000
conf_0,conf,100,20,watts_strogatz,ces,0,8,9,0.043000
conf_0,conf,100,20,watts_strogatz,ces,0,8,10,0.044000
conf_0,conf,100,20,watts_strogatz,ces,0,8,11,0.041000
conf_0,conf,100,20,watts_strogatz,ces,0,8,12,0.043000
conf_0,conf,100,20,watts_strogatz,ces,0,8,13,0.042000
conf_0,conf,100,20,watts_strogatz,ces,0,8,14,0.039000
conf_0,conf,100,20,watts_strogatz,ces,0,8,15,0.044000
conf_0,conf,100,20,watts_strogatz,ces,0,8,16,0.038000
conf_0,conf,100,20,watts_strogatz,ces,0,8,17,0.042000
conf_0,conf,100,20,watts_strogatz,ces,0,8,18,0.044000
conf_0,conf,100,20,watts_strogatz,ces,0,8,19,0.044000
conf_0,conf,100,20,watts_strogatz,ces,0,8,20,0.043000
conf_0,conf,100,20,watts_strogatz,ces,0,9,1,0.771000
conf_0,conf,100,20,watts_strogatz,ces,0,9,2,0.035000
conf_0,conf,100,20,watts_strogatz,ces,0,9,3,0.041000
conf_0,conf,100,20,watts_strogatz,ces,0,9,4,0.040000
conf_0,conf,100,20,watts_strogatz,ces,0,9,5,0.042000
conf_0,conf,100,20,watts_strogatz,ces,0,9,6,0.046000
conf_0,conf,100,20,watts_strogatz,ces,0,9,7,0.038000
conf_0,conf,100,20,watts_strogatz,ces,0,9,8,0.039000
conf_0,conf,100,20,watts_strogatz,ces,0,9,9,0.042000
conf_0,conf,100,20,watts_strogatz,ces,0,9,10,0.045000
conf_0,conf,100,20,watts_strogatz,ces,0,9,11,0.041000
conf_0,conf,100,20,watts_strogatz,ces,0,9,12,0.043000
conf_0,conf,100,20,watts_strogatz,ces,0,9,13,0.043000
conf_0,conf,100,20,watts_strogatz,ces,0,9,14,0.040000
conf_0,conf,100,20,watts_strogatz,ces,0,9,15,0.042000
conf_0,conf,100,20,watts_strogatz,ces,0,9,16,0.038000
conf_0,conf,100,20,watts_strogatz,ces,0,9,17,0.042000
conf_0,conf,100,20,watts_strogatz,ces,0,9,18,0.045000
conf_0,conf,100,20,watts_strogatz,ces,0,9,19,0.046000
conf_0,conf,100,20,watts_strogatz,ces,0,9,20,0.042000
conf_1,conf,100,20,watts_strogatz,ces,1,2,1,0.229000
conf_1,conf,100,20,watts_strogatz,ces,1,2,2,0.126000
conf_1,conf,100,20,watts_strogatz,ces,1,2,3,0.088000
conf_1,conf,100,20,watts_strogatz,ces,1,2,4,0.071000
conf_1,conf,100,20,watts_strogatz,ces,1,2,5,0.053000
conf_1,conf,100,20,watts_strogatz,ces,1,2,6,0.041000
conf_1,conf,100,20,watts_strogatz,ces,1,2,7,0.032000
conf_1,conf,100,20,watts_strogatz,ces,1,2,8,0.030000
conf_1,conf,100,20,watts_strogatz,ces,1,2,9,0.021000
conf_1,conf,100,20,watts_strogatz,ces,1,2,10,0.018000
conf_1,conf,100,20,watts_strogatz,ces,1,2,11,0.070000
conf_1,conf,100,20,watts_strogatz,ces,1,2,12,0.013000
conf_1,conf,100,20,watts_strogatz,ces,1,2,13,0.067000
conf_1,conf,100,20,watts_strogatz,ces,1,2,14,0.011000
conf_1,conf,100,20,watts_strogatz,ces,1,2,15,0.011000
conf_1,conf,100,20,watts_strogatz,ces,1,2,16,0.008000
conf_1,conf,100,20,watts_strogatz,ces,1,2,17,0.008000
conf_1,conf,100,20,watts_strogatz,ces,1,2,18,0.008000
conf_1,conf,100,20,watts_strogatz,ces,1,2,19,0.008000
conf_1,conf,100,20,watts_strogatz,ces,1,2,20,0.007000
conf_1,conf,100,20,watts_strogatz,ces,1,3,1,0.231000
conf_1,conf,100,20,watts_strogatz,ces,1,3,2,0.126000
conf_1,conf,100,20,watts_strogatz,ces,1,3,3,0.088000
conf_1,conf,100,20,watts_strogatz,ces,1,3,4,0.070000
conf_1,conf,100,20,watts_strogatz,ces,1,3,5,0.052000
conf_1,conf,100,20,watts_strogatz,ces,1,3,6,0.042000
conf_1,conf,100,20,watts_strogatz,ces,1,3,7,0.034000
conf_1,conf,100,20,watts_strogatz,ces,1,3,8,0.027000
conf_1,conf,100,20,watts_strogatz,ces,1,3,9,0.022000
conf_1,conf,100,20,watts_strogatz,ces,1,3,10,0.018000
conf_1,conf,100,20,watts_strogatz,ces,1,3,11,0.016000
conf_1,conf,100,20,watts_strogatz,ces,1,3,12,0.013000
conf_1,conf,100,20,watts_strogatz,ces,1,3,13,0.011000
conf_1,conf,100,20,watts_strogatz,ces,1,3,14,0.010000
conf_1,conf,100,20,watts_strogatz,ces,1,3,15,0.008000
conf_1,conf,100,20,watts_strogatz,ces,1,3,16,0.009000
conf_1,conf,100,20,watts_strogatz,ces,1,3,17,0.008000
conf_1,conf,100,20,watts_strogatz,ces,1,3,18,0.008000
conf_1,conf,100,20,watts_strogatz,ces,1,3,19,0.008000
conf_1,conf,100,20,watts_strogatz,ces,1,3,20,0.008000
conf_1,conf,100,20,watts_strogatz,ces,1,4,1,0.229000
conf_1,conf,100,20,watts_strogatz,ces,1,4,2,0.120000
conf_1,conf,100,20,watts_strogatz,ces,1,4,3,0.085000
conf_1,conf,100,20,watts_strogatz,ces,1,4,4,0.068000
conf_1,conf,100,20,watts_strogatz,ces,1,4,5,0.055000
conf_1,conf,100,20,watts_strogatz,ces,1,4,6,0.043000
conf_1,conf,100,20,watts_strogatz,ces,1,4,7,0.032000
conf_1,conf,100,20,watts_strogatz,ces,1,4,8,0.027000
conf_1,conf,100,20,watts_strogatz,ces,1,4,9,0.023000
conf_1,conf,100,20,watts_strogatz,ces,1,4,10,0.018000
conf_1,conf,100,20,watts_strogatz,ces,1,4,11,0.015000
conf_1,conf,100,20,watts_strogatz,ces,1,4,12,0.013000
conf_1,conf,100,20,watts_strogatz,ces,1,4,13,0.011000
conf_1,conf,100,20,watts_strogatz,ces,1,4,14,0.010000
conf_1,conf,100,20,watts_strogatz,ces,1,4,15,0.010000
conf_1,conf,100,20,watts_strogatz,ces,1,4,16,0.008000
conf_1,conf,100,20,watts_strogatz,ces,1,4,17,0.008000
conf_1,conf,100,20,watts_strogatz,ces,1,4,18,0.008000
conf_1,conf,100,20,watts_strogatz,ces,1,4,19,0.008000
conf_1,conf,100,20,watts_strogatz,ces,1,4,20,0.007000
conf_1,conf,100,20,watts_strogatz,ces,1,5,1,0.223000
conf_1,conf,100,20,watts_strogatz,ces,1,5,2,0.119000
conf_1,conf,100,20,watts_strogatz,ces,1,5,3,0.086000
conf_1,conf,100,20,watts_strogatz,ces,1,5,4,0.067000
conf_1,conf,100,20,watts_strogatz,ces,1,5,5,0.052000
conf_1,conf,100,20,watts_strogatz,ces,1,5,6,0.041000
conf_1,conf,100,20,watts_strogatz,ces,1,5,7,0.033000
conf_1,conf,100,20,watts_strogatz,ces,1,5,8,0.026000
conf_1,conf,100,20,watts_strogatz,ces,1,5,9,0.021000
conf_1,conf,100,20,watts_strogatz,ces,1,5,10,0.018000
conf_1,conf,100,20,watts_strogatz,ces,1,5,11,0.016000
conf_1,conf,100,20,watts_strogatz,ces,1,5,12,0.013000
conf_1,conf,100,20,watts_strogatz,ces,1,5,13,0.011000
conf_1,conf,100,20,watts_strogatz,ces,1,5,14,0.010000
conf_1,conf,100,20,watts_strogatz,ces,1,5,15,0.009000
conf_1,conf,100,20,watts_strogatz,ces,1,5,16,0.008000
conf_1,conf,100,20,watts_strogatz,ces,1,5,17,0.009000
conf_1,conf,100,20,watts_strogatz,ces,1,5,18,0.007000
conf_1,conf,100,20,watts_strogatz,ces,1,5,19,0.007000
conf_1,conf,100,20,watts_strogatz,ces,1,5,20,0.007000
conf_1,conf,100,20,watts_strogatz,ces,1,6,1,0.224000
conf_1,conf,100,20,watts_strogatz,ces,1,6,2,0.120000
conf_1,conf,100,20,watts_strogatz,ces,1,6,3,0.088000
conf_1,conf,100,20,watts_strogatz,ces,1,6,4,0.068000
conf_1,conf,100,20,watts_strogatz,ces,1,6,5,0.053000
conf_1,conf,100,20,watts_strogatz,ces,1,6,6,0.041000
conf_1,conf,100,20,watts_strogatz,ces,1,6,7,0.033000
conf_1,conf,100,20,watts_strogatz,ces,1,6,8,0.027000
conf_1,conf,100,20,watts_strogatz,ces,1,6,9,0.022000
conf_1,conf,100,20,watts_strogatz,ces,1,6,10,0.018000
conf_1,conf,100,20,watts_strogatz,ces,1,6,11,0.015000
conf_1,conf,100,20,watts_strogatz,ces,1,6,12,0.014000
conf_1,conf,100,20,watts_strogatz,ces,1,6,13,0.012000
conf_1,conf,100,20,watts_strogatz,ces,1,6,14,0.010000
conf_1,conf,100,20,watts_strogatz,ces,1,6,15,0.010000
conf_1,conf,100,20,watts_strogatz,ces,1,6,16,0.008000
conf_1,conf,100,20,watts_strogatz,ces,1,6,17,0.009000
conf_1,conf,100,20,watts_strogatz,ces,1,6,18,0.007000
conf_1,conf,100,20,watts_strogatz,ces,1,6,19,0.007000
conf_1,conf,100,20,watts_strogatz,ces,1,6,20,0.007000
conf_1,conf,100,20,watts_strogatz,ces,1,7,1,0.223000
conf_1,conf,100,20,watts_strogatz,ces,1,7,2,0.118000
conf_1,conf,100,20,watts_strogatz,ces,1,7,3,0.087000
conf_1,conf,100,20,watts_strogatz,ces,1,7,4,0.067000
conf_1,conf,100,20,watts_strogatz,ces,1,7,5,0.051000
conf_1,conf,100,20,watts_strogatz,ces,1,7,6,0.042000
conf_1,conf,100,20,watts_strogatz,ces,1,7,7,0.033000
conf_1,conf,100,20,watts_strogatz,ces,1,7,8,0.026000
conf_1,conf,100,20,watts_strogatz,ces,1,7,9,0.022000
conf_1,conf,100,20,watts_strogatz,ces,1,7,10,0.017000
conf_1,conf,100,20,watts_strogatz,ces,1,7,11,0.015000
conf_1,conf,100,20,watts_strogatz,ces,1,7,12,0.013000
conf_1,conf,100,20,watts_strogatz,ces,1,7,13,0.011000
conf_1,conf,100,20,watts_strogatz,ces,1,7,14,0.010000
conf_1,conf,100,20,watts_strogatz,ces,1,7,15,0.009000
conf_1,conf,100,20,watts_strogatz,ces,1,7,16,0.008000
conf_1,conf,100,20,watts_strogatz,ces,1,7,17,0.008000
conf_1,conf,100,20,watts_strogatz,ces,1,7,18,0.007000
conf_1,conf,100,20,watts_strogatz,ces,1,7,19,0.008000
conf_1,conf,100,20,watts_strogatz,ces,1,7,20,0.007000
conf_1,conf,100,20,watts_strogatz,ces,1,8,1,0.225000
conf_1,conf,100,20,watts_strogatz,ces,1,8,2,0.118000
conf_1,conf,100,20,watts_strogatz,ces,1,8,3,0.087000
conf_1,conf,100,20,watts_strogatz,ces,1,8,4,0.067000
conf_1,conf,100,20,watts_strogatz,ces,1,8,5,0.052000
conf_1,conf,100,20,watts_strogatz,ces,1,8,6,0.041000
conf_1,conf,100,20,watts_strogatz,ces,1,8,7,0.036000
conf_1,conf,100,20,watts_strogatz,ces,1,8,8,0.025000
conf_1,conf,100,20,watts_strogatz,ces,1,8,9,0.024000
conf_1,conf,100,20,watts_strogatz,ces,1,8,10,0.017000
conf_1,conf,100,20,watts_strogatz,ces,1,8,11,0.015000
conf_1,conf,100,20,watts_strogatz,ces,1,8,12,0.013000
conf_1,conf,100,20,watts_strogatz,ces,1,8,13,0.011000
conf_1,conf,100,20,watts_strogatz,ces,1,8,14,0.009000
conf_1,conf,100,20,watts_strogatz,ces,1,8,15,0.009000
conf_1,conf,100,20,watts_strogatz,ces,1,8,16,0.009000
conf_1,conf,100,20,watts_strogatz,ces,1,8,17,0.008000
conf_1,conf,100,20,watts_strogatz,ces,1,8,18,0.007000
conf_1,conf,100,20,watts_strogatz,ces,1,8,19,0.007000
conf_1,conf,100,20,watts_strogatz,ces,1,8,20,0.007000
conf_1,conf,100,20,watts_strogatz,ces,1,9,1,0.226000
conf_1,conf,100,20,watts_strogatz,ces,1,9,2,0.119000
conf_1,conf,100,20,watts_strogatz,ces,1,9,3,0.087000
conf_1,conf,100,20,watts_strogatz,ces,1,9,4,0.067000
conf_1,conf,100,20,watts_strogatz,ces,1,9,5,0.052000
conf_1,conf,100,20,watts_strogatz,ces,1,9,6,0.040000
conf_1,conf,100,20,watts_strogatz,ces,1,9,7,0.032000
conf_1,conf,100,20,watts_strogatz,ces,1,9,8,0.026000
conf_1,conf,100,20,watts_strogatz,ces,1,9,9,0.022000
conf_1,conf,100,20,watts_strogatz,ces,1,9,10,0.017000
conf_1,conf,100,20,watts_strogatz,ces,1,9,11,0.015000
conf_1,conf,100,20,watts_strogatz,ces,1,9,12,0.013000
conf_1,conf,100,20,watts_strogatz,ces,1,9,13,0.011000
conf_1,conf,100,20,watts_strogatz,ces,1,9,14,0.009000
conf_1,conf,100,20,watts_strogatz,ces,1,9,15,0.010000
conf_1,conf,100,20,watts_strogatz,ces,1,9,16,0.008000
conf_1,conf,100,20,watts_strogatz,ces,1,9,17,0.008000
conf_1,conf,100,20,watts_strogatz,ces,1,9,18,0.007000
conf_1,conf,100,20,watts_strogatz,ces,1,9,19,0.007000
conf_1,conf,100,20,watts_strogatz,ces,1,9,20,0.007000
conf_10,conf,100,20,watts_strogatz,ces,10,2,1,0.040000
conf_10,conf,100,20,watts_strogatz,ces,10,2,2,0.032000
conf_10,conf,100,20,watts_strogatz,ces,10,2,3,0.026000
conf_10,conf,100,20,watts_strogatz,ces,10,2,4,0.025000
conf_10,conf,100,20,watts_strogatz,ces,10,2,5,0.023000
conf_10,conf,100,20,watts_strogatz,ces,10,2,6,0.022000
conf_10,conf,100,20,watts_strogatz,ces,10,2,7,0.027000
conf_10,conf,100,20,watts_strogatz,ces,10,2,8,0.025000
conf_10,conf,100,20,watts_strogatz,ces,10,2,9,0.023000
conf_10,conf,100,20,watts_strogatz,ces,10,2,10,0.021000
conf_10,conf,100,20,watts_strogatz,ces,10,2,11,0.018000
conf_10,conf,100,20,watts_strogatz,ces,10,2,12,0.019000
conf_10,conf,100,20,watts_strogatz,ces,10,2,13,0.020000
conf_10,conf,100,20,watts_strogatz,ces,10,2,14,0.024000
conf_10,conf,100,20,watts_strogatz,ces,10,2,15,0.016000
conf_10,conf,100,20,watts_strogatz,ces,10,2,16,0.016000
conf_10,conf,100,20,watts_strogatz,ces,10,2,17,0.070000
conf_10,conf,100,20,watts_strogatz,ces,10,2,18,0.014000
conf_10,conf,100,20,watts_strogatz,ces,10,2,19,0.014000
conf_10,conf,100,20,watts_strogatz,ces,10,2,20,0.015000
conf_10,conf,100,20,watts_strogatz,ces,10,3,1,0.042000
conf_10,conf,100,20,watts_strogatz,ces,10,3,2,0.028000
conf_10,conf,100,20,watts_strogatz,ces,10,3,3,0.026000
conf_10,conf,100,20,watts_strogatz,ces,10,3,4,0.026000
conf_10,conf,100,20,watts_strogatz,ces,10,3,5,0.024000
conf_10,conf,100,20,watts_strogatz,ces,10,3,6,0.027000
conf_10,conf,100,20,watts_strogatz,ces,10,3,7,0.022000
conf_10,conf,100,20,watts_strogatz,ces,10,3,8,0.021000
conf_10,conf,100,20,watts_strogatz,ces,10,3,9,0.020000
conf_10,conf,100,20,watts_strogatz,ces,10,3,10,0.020000
conf_10,conf,100,20,watts_strogatz,ces,10,3,11,0.019000
conf_10,conf,100,20,watts_strogatz,ces,10,3,12,0.018000
conf_10,conf,100,20,watts_strogatz,ces,10,3,13,0.024000
conf_10,conf,100,20,watts_strogatz,ces,10,3,14,0.020000
conf_10,conf,100,20,watts_strogatz,ces,10,3,15,0.020000
conf_10,conf,100,20,watts_strogatz,ces,10,3,16,0.018000
conf_10,conf,100,20,watts_strogatz,ces,10,3,17,0.016000
conf_10,conf,100,20,watts_strogatz,ces,10,3,18,0.016000
conf_10,conf,100,20,watts_strogatz,ces,10,3,19,0.015000
conf_10,conf,100,20,watts_strogatz,ces,10,3,20,0.014000
conf_10,conf,100,20,watts_strogatz,ces,10,4,1,0.042000
conf_10,conf,100,20,watts_strogatz,ces,10,4,2,0.028000
conf_10,conf,100,20,watts_strogatz,ces,10,4,3,0.025000
conf_10,conf,100,20,watts_strogatz,ces,10,4,4,0.024000
conf_10,conf,100,20,watts_strogatz,ces,10,4,5,0.025000
conf_10,conf,100,20,watts_strogatz,ces,10,4,6,0.024000
conf_10,conf,100,20,watts_strogatz,ces,10,4,7,0.023000
conf_10,conf,100,20,watts_strogatz,ces,10,4,8,0.024000
conf_10,conf,100,20,watts_strogatz,ces,10,4,9,0.020000
conf_10,conf,100,20,watts_strogatz,ces,10,4,10,0.019000
conf_10,conf,100,20,watts_strogatz,ces,10,4,11,0.018000
conf_10,conf,100,20,watts_strogatz,ces,10,4,12,0.018000
conf_10,conf,100,20,watts_strogatz,ces,10,4,13,0.018000
conf_10,conf,100,20,watts_strogatz,ces,10,4,14,0.016000
conf_10,conf,100,20,watts_strogatz,ces,10,4,15,0.071000
conf_10,conf,100,20,watts_strogatz,ces,10,4,16,0.015000
conf_10,conf,100,20,watts_strogatz,ces,10,4,17,0.018000
conf_10,conf,100,20,watts_strogatz,ces,10,4,18,0.015000
conf_10,conf,100,20,watts_strogatz,ces,10,4,19,0.069000
conf_10,conf,100,20,watts_strogatz,ces,10,4,20,0.014000
conf_10,conf,100,20,watts_strogatz,ces,10,5,1,0.038000
conf_10,conf,100,20,watts_strogatz,ces,10,5,2,0.026000
conf_10,conf,100,20,watts_strogatz,ces,10,5,3,0.025000
conf_10,conf,100,20,watts_strogatz,ces,10,5,4,0.026000
conf_10,conf,100,20,watts_strogatz,ces,10,5,5,0.026000
conf_10,conf,100,20,watts_strogatz,ces,10,5,6,0.025000
conf_10,conf,100,20,watts_strogatz,ces,10,5,7,0.023000
conf_10,conf,100,20,watts_strogatz,ces,10,5,8,0.020000
conf_10,conf,100,20,watts_strogatz,ces,10,5,9,0.019000
conf_10,conf,100,20,watts_strogatz,ces,10,5,10,0.019000
conf_10,conf,100,20,watts_strogatz,ces,10,5,11,0.019000
conf_10,conf,100,20,watts_strogatz,ces,10,5,12,0.018000
conf_10,conf,100,20,watts_strogatz,ces,10,5,13,0.017000
conf_10,conf,100,20,watts_strogatz,ces,10,5,14,0.020000
conf_10,conf,100,20,watts_strogatz,ces,10,5,15,0.016000
conf_10,conf,100,20,watts_strogatz,ces,10,5,16,0.016000
conf_10,conf,100,20,watts_strogatz,ces,10,5,17,0.016000
conf_10,conf,100,20,watts_strogatz,ces,10,5,18,0.014000
conf_10,conf,100,20,watts_strogatz,ces,10,5,19,0.015000
conf_10,conf,100,20,watts_strogatz,ces,10,5,20,0.014000
conf_10,conf,100,20,watts_strogatz,ces,10,6,1,0.036000
conf_10,conf,100,20,watts_strogatz,ces,10,6,2,0.027000
conf_10,conf,100,20,watts_strogatz,ces,10,6,3,0.026000
conf_10,conf,100,20,watts_strogatz,ces,10,6,4,0.025000
conf_10,conf,100,20,watts_strogatz,ces,10,6,5,0.023000
conf_10,conf,100,20,watts_strogatz,ces,10,6,6,0.023000
conf_10,conf,100,20,watts_strogatz,ces,10,6,7,0.021000
conf_10,conf,100,20,watts_strogatz,ces,10,6,8,0.021000
conf_10,conf,100,20,watts_strogatz,ces,10,6,9,0.020000
conf_10,conf,100,20,watts_strogatz,ces,10,6,10,0.020000
conf_10,conf,100,20,watts_strogatz,ces,10,6,11,0.018000
conf_10,conf,100,20,watts_strogatz,ces,10,6,12,0.018000
conf_10,conf,100,20,watts_strogatz,ces,10,6,13,0.017000
conf_10,conf,100,20,watts_strogatz,ces,10,6,14,0.017000
conf_10,conf,100,20,watts_strogatz,ces,10,6,15,0.016000
conf_10,conf,100,20,watts_strogatz,ces,10,6,16,0.016000
conf_10,conf,100,20,watts_strogatz,ces,10,6,17,0.015000
conf_10,conf,100,20,watts_strogatz,ces,10,6,18,0.015000
conf_10,conf,100,20,watts_strogatz,ces,10,6,19,0.014000
conf_10,conf,100,20,watts_strogatz,ces,10,6,20,0.014000
conf_10,conf,100,20,watts_strogatz,ces,10,7,1,0.038000
conf_10,conf,100,20,watts_strogatz,ces,10,7,2,0.028000
conf_10,conf,100,20,watts_strogatz,ces,10,7,3,0.027000
conf_10,conf,100,20,watts_strogatz,ces,10,7,4,0.025000
conf_10,conf,100,20,watts_strogatz,ces,10,7,5,0.023000
conf_10,conf,100,20,watts_strogatz,ces,10,7,6,0.023000
conf_10,conf,100,20,watts_strogatz,ces,10,7,7,0.021000
conf_10,conf,100,20,watts_strogatz,ces,10,7,8,0.021000
conf_10,conf,100,20,watts_strogatz,ces,10,7,9,0.020000
conf_10,conf,100,20,watts_strogatz,ces,10,7,10,0.020000
conf_10,conf,100,20,watts_strogatz,ces,10,7,11,0.019000
conf_10,conf,100,20,watts_strogatz,ces,10,7,12,0.018000
conf_10,conf,100,20,watts_strogatz,ces,10,7,13,0.018000
conf_10,conf,100,20,watts_strogatz,ces,10,7,14,0.017000
conf_10,conf,100,20,watts_strogatz,ces,10,7,15,0.017000
conf_10,conf,100,20,watts_strogatz,ces,10,7,16,0.016000
conf_10,conf,100,20,watts_strogatz,ces,10,7,17,0.016000
conf_10,conf,100,20,watts_strogatz,ces,10,7,18,0.015000
conf_10,conf,100,20,watts_strogatz,ces,10,7,19,0.014000
conf_10,conf,100,20,watts_strogatz,ces,10,7,20,0.014000
conf_10,conf,100,20,watts_strogatz,ces,10,8,1,0.038000
conf_10,conf,100,20,watts_strogatz,ces,10,8,2,0.028000
conf_10,conf,100,20,watts_strogatz,ces,10,8,3,0.025000
conf_10,conf,100,20,watts_strogatz,ces,10,8,4,0.023000
conf_10,conf,100,20,watts_strogatz,ces,10,8,5,0.022000
conf_10,conf,100,20,watts_strogatz,ces,10,8,6,0.021000
conf_10,conf,100,20,watts_strogatz,ces,10,8,7,0.021000
conf_10,conf,100,20,watts_strogatz,ces,10,8,8,0.021000
conf_10,conf,100,20,watts_strogatz,ces,10,8,9,0.020000
conf_10,conf,100,20,watts_strogatz,ces,10,8,10,0.020000
conf_10,conf,100,20,watts_strogatz,ces,10,8,11,0.019000
conf_10,conf,100,20,watts_strogatz,ces,10,8,12,0.019000
conf_10,conf,100,20,watts_strogatz,ces,10,8,13,0.017000
conf_10,conf,100,20,watts_strogatz,ces,10,8,14,0.017000
conf_10,conf,100,20,watts_strogatz,ces,10,8,15,0.016000
conf_10,conf,100,20,watts_strogatz,ces,10,8,16,0.016000
conf_10,conf,100,20,watts_strogatz,ces,10,8,17,0.015000
conf_10,conf,100,20,watts_strogatz,ces,10,8,18,0.015000
conf_10,conf,100,20,watts_strogatz,ces,10,8,19,0.015000
conf_10,conf,100,20,watts_strogatz,ces,10,8,20,0.014000
conf_10,conf,100,20,watts_strogatz,ces,10,9,1,0.039000
conf_10,conf,100,20,watts_strogatz,ces,10,9,2,0.029000
conf_10,conf,100,20,watts_strogatz,ces,10,9,3,0.025000
conf_10,conf,100,20,watts_strogatz,ces,10,9,4,0.025000
conf_10,conf,100,20,watts_strogatz,ces,10,9,5,0.023000
conf_10,conf,100,20,watts_strogatz,ces,10,9,6,0.021000
conf_10,conf,100,20,watts_strogatz,ces,10,9,7,0.020000
conf_10,conf,100,20,watts_strogatz,ces,10,9,8,0.019000
conf_10,conf,100,20,watts_strogatz,ces,10,9,9,0.019000
conf_10,conf,100,20,watts_strogatz,ces,10,9,10,0.018000
conf_10,conf,100,20,watts_strogatz,ces,10,9,11,0.018000
conf_10,conf,100,20,watts_strogatz,ces,10,9,12,0.017000
conf_10,conf,100,20,watts_strogatz,ces,10,9,13,0.017000
conf_10,conf,100,20,watts_strogatz,ces,10,9,14,0.016000
conf_10,conf,100,20,watts_strogatz,ces,10,9,15,0.016000
conf_10,conf,100,20,watts_strogatz,ces,10,9,16,0.015000
conf_10,conf,100,20,watts_strogatz,ces,10,9,17,0.014000
conf_10,conf,100,20,watts_strogatz,ces,10,9,18,0.015000
conf_10,conf,100,20,watts_strogatz,ces,10,9,19,0.014000
conf_10,conf,100,20,watts_strogatz,ces,10,9,20,0.014000
conf_50,conf,100,20,watts_strogatz,ces,50,2,1,0.015000
conf_50,conf,100,20,watts_strogatz,ces,50,2,2,0.014000
conf_50,conf,100,20,watts_strogatz,ces,50,2,3,0.013000
conf_50,conf,100,20,watts_strogatz,ces,50,2,4,0.011000
conf_50,conf,100,20,watts_strogatz,ces,50,2,5,0.010000
conf_50,conf,100,20,watts_strogatz,ces,50,2,6,0.009000
conf_50,conf,100,20,watts_strogatz,ces,50,2,7,0.010000
conf_50,conf,100,20,watts_strogatz,ces,50,2,8,0.012000
conf_50,conf,100,20,watts_strogatz,ces,50,2,9,0.013000
conf_50,conf,100,20,watts_strogatz,ces,50,2,10,0.012000
conf_50,conf,100,20,watts_strogatz,ces,50,2,11,0.016000
conf_50,conf,100,20,watts_strogatz,ces,50,2,12,0.011000
conf_50,conf,100,20,watts_strogatz,ces,50,2,13,0.010000
conf_50,conf,100,20,watts_strogatz,ces,50,2,14,0.011000
conf_50,conf,100,20,watts_strogatz,ces,50,2,15,0.011000
conf_50,conf,100,20,watts_strogatz,ces,50,2,16,0.010000
conf_50,conf,100,20,watts_strogatz,ces,50,2,17,0.009000
conf_50,conf,100,20,watts_strogatz,ces,50,2,18,0.063000
conf_50,conf,100,20,watts_strogatz,ces,50,2,19,0.009000
conf_50,conf,100,20,watts_strogatz,ces,50,2,20,0.008000
conf_50,conf,100,20,watts_strogatz,ces,50,3,1,0.012000
conf_50,conf,100,20,watts_strogatz,ces,50,3,2,0.015000
conf_50,conf,100,20,watts_strogatz,ces,50,3,3,0.009000
conf_50,conf,100,20,watts_strogatz,ces,50,3,4,0.010000
conf_50,conf,100,20,watts_strogatz,ces,50,3,5,0.009000
conf_50,conf,100,20,watts_strogatz,ces,50,3,6,0.009000
conf_50,conf,100,20,watts_strogatz,ces,50,3,7,0.010000
conf_50,conf,100,20,watts_strogatz,ces,50,3,8,0.009000
conf_50,conf,100,20,watts_strogatz,ces,50,3,9,0.009000
conf_50,conf,100,20,watts_strogatz,ces,50,3,10,0.009000
conf_50,conf,100,20,watts_strogatz,ces,50,3,11,0.008000
conf_50,conf,100,20,watts_strogatz,ces,50,3,12,0.009000
conf_50,conf,100,20,watts_strogatz,ces,50,3,13,0.013000
conf_50,conf,100,20,watts_strogatz,ces,50,3,14,0.009000
conf_50,conf,100,20,watts_strogatz,ces,50,3,15,0.009000
conf_50,conf,100,20,watts_strogatz,ces,50,3,16,0.009000
conf_50,conf,100,20,watts_strogatz,ces,50,3,17,0.010000
conf_50,conf,100,20,watts_strogatz,ces,50,3,18,0.009000
conf_50,conf,100,20,watts_strogatz,ces,50,3,19,0.009000
conf_50,conf,100,20,watts_strogatz,ces,50,3,20,0.009000
conf_50,conf,100,20,watts_strogatz,ces,50,4,1,0.013000
conf_50,conf,100,20,watts_strogatz,ces,50,4,2,0.010000
conf_50,conf,100,20,watts_strogatz,ces,50,4,3,0.010000
conf_50,conf,100,20,watts_strogatz,ces,50,4,4,0.010000
conf_50,conf,100,20,watts_strogatz,ces,50,4,5,0.015000
conf_50,conf,100,20,watts_strogatz,ces,50,4,6,0.012000
conf_50,conf,100,20,watts_strogatz,ces,50,4,7,0.012000
conf_50,conf,100,20,watts_strogatz,ces,50,4,8,0.012000
conf_50,conf,100,20,watts_strogatz,ces,50,4,9,0.011000
conf_50,conf,100,20,watts_strogatz,ces,50,4,10,0.010000
conf_50,conf,100,20,watts_strogatz,ces,50,4,11,0.010000
conf_50,conf,100,20,watts_strogatz,ces,50,4,12,0.008000
conf_50,conf,100,20,watts_strogatz,ces,50,4,13,0.009000
conf_50,conf,100,20,watts_strogatz,ces,50,4,14,0.009000
conf_50,conf,100,20,watts_strogatz,ces,50,4,15,0.063000
conf_50,conf,100,20,watts_strogatz,ces,50,4,16,0.010000
conf_50,conf,100,20,watts_strogatz,ces,50,4,17,0.010000
conf_50,conf,100,20,watts_strogatz,ces,50,4,18,0.010000
conf_50,conf,100,20,watts_strogatz,ces,50,4,19,0.008000
conf_50,conf,100,20,watts_strogatz,ces,50,4,20,0.013000
conf_50,conf,100,20,watts_strogatz,ces,50,5,1,0.014000
conf_50,conf,100,20,watts_strogatz,ces,50,5,2,0.009000
conf_50,conf,100,20,watts_strogatz,ces,50,5,3,0.009000
conf_50,conf,100,20,watts_strogatz,ces,50,5,4,0.009000
conf_50,conf,100,20,watts_strogatz,ces,50,5,5,0.009000
conf_50,conf,100,20,watts_strogatz,ces,50,5,6,0.009000
conf_50,conf,100,20,watts_strogatz,ces,50,5,7,0.009000
conf_50,conf,100,20,watts_strogatz,ces,50,5,8,0.009000
conf_50,conf,100,20,watts_strogatz,ces,50,5,9,0.009000
conf_50,conf,100,20,watts_strogatz,ces,50,5,10,0.010000
conf_50,conf,100,20,watts_strogatz,ces,50,5,11,0.010000
conf_50,conf,100,20,watts_strogatz,ces,50,5,12,0.009000
conf_50,conf,100,20,watts_strogatz,ces,50,5,13,0.009000
conf_50,conf,100,20,watts_strogatz,ces,50,5,14,0.014000
conf_50,conf,100,20,watts_strogatz,ces,50,5,15,0.009000
conf_50,conf,100,20,watts_strogatz,ces,50,5,16,0.009000
conf_50,conf,100,20,watts_strogatz,ces,50,5,17,0.008000
conf_50,conf,100,20,watts_strogatz,ces,50,5,18,0.009000
conf_50,conf,100,20,watts_strogatz,ces,50,5,19,0.007000
conf_50,conf,100,20,watts_strogatz,ces,50,5,20,0.008000
conf_50,conf,100,20,watts_strogatz,ces,50,6,1,0.013000
conf_50,conf,100,20,watts_strogatz,ces,50,6,2,0.011000
conf_50,conf,100,20,watts_strogatz,ces,50,6,3,0.011000
conf_50,conf,100,20,watts_strogatz,ces,50,6,4,0.010000
conf_50,conf,100,20,watts_strogatz,ces,50,6,5,0.009000
conf_50,conf,100,20,watts_strogatz,ces,50,6,6,0.011000
conf_50,conf,100,20,watts_strogatz,ces,50,6,7,0.009000
conf_50,conf,100,20,watts_strogatz,ces,50,6,8,0.010000
conf_50,conf,100,20,watts_strogatz,ces,50,6,9,0.015000
conf_50,conf,100,20,watts_strogatz,ces,50,6,10,0.008000
conf_50,conf,100,20,watts_strogatz,ces,50,6,11,0.009000
conf_50,conf,100,20,watts_strogatz,ces,50,6,12,0.009000
conf_50,conf,100,20,watts_strogatz,ces,50,6,13,0.010000
conf_50,conf,100,20,watts_strogatz,ces,50,6,14,0.010000
conf_50,conf,100,20,watts_strogatz,ces,50,6,15,0.010000
conf_50,conf,100,20,watts_strogatz,ces,50,6,16,0.009000
conf_50,conf,100,20,watts_strogatz,ces,50,6,17,0.009000
conf_50,conf,100,20,watts_strogatz,ces,50,6,18,0.009000
conf_50,conf,100,20,watts_strogatz,ces,50,6,19,0.008000
conf_50,conf,100,20,watts_strogatz,ces,50,6,20,0.009000
conf_50,conf,100,20,watts_strogatz,ces,50,7,1,0.012000
conf_50,conf,100,20,watts_strogatz,ces,50,7,2,0.011000
conf_50,conf,100,20,watts_strogatz,ces,50,7,3,0.014000
conf_50,conf,100,20,watts_strogatz,ces,50,7,4,0.010000
conf_50,conf,100,20,watts_strogatz,ces,50,7,5,0.011000
conf_50,conf,100,20,watts_strogatz,ces,50,7,6,0.011000
conf_50,conf,100,20,watts_strogatz,ces,50,7,7,0.011000
conf_50,conf,100,20,watts_strogatz,ces,50,7,8,0.011000
conf_50,conf,100,20,watts_strogatz,ces,50,7,9,0.011000
conf_50,conf,100,20,watts_strogatz,ces,50,7,10,0.009000
conf_50,conf,100,20,watts_strogatz,ces,50,7,11,0.009000
conf_50,conf,100,20,watts_strogatz,ces,50,7,12,0.009000
conf_50,conf,100,20,watts_strogatz,ces,50,7,13,0.009000
conf_50,conf,100,20,watts_strogatz,ces,50,7,14,0.009000
conf_50,conf,100,20,watts_strogatz,ces,50,7,15,0.009000
conf_50,conf,100,20,watts_strogatz,ces,50,7,16,0.008000
conf_50,conf,100,20,watts_strogatz,ces,50,7,17,0.009000
conf_50,conf,100,20,watts_strogatz,ces,50,7,18,0.009000
conf_50,conf,100,20,watts_strogatz,ces,50,7,19,0.008000
conf_50,conf,100,20,watts_strogatz,ces,50,7,20,0.009000
conf_50,conf,100,20,watts_strogatz,ces,50,8,1,0.013000
conf_50,conf,100,20,watts_strogatz,ces,50,8,2,0.014000
conf_50,conf,100,20,watts_strogatz,ces,50,8,3,0.010000
conf_50,conf,100,20,watts_strogatz,ces,50,8,4,0.009000
conf_50,conf,100,20,watts_strogatz,ces,50,8,5,0.010000
conf_50,conf,100,20,watts_strogatz,ces,50,8,6,0.010000
conf_50,conf,100,20,watts_strogatz,ces,50,8,7,0.010000
conf_50,conf,100,20,watts_strogatz,ces,50,8,8,0.010000
conf_50,conf,100,20,watts_strogatz,ces,50,8,9,0.009000
conf_50,conf,100,20,watts_strogatz,ces,50,8,10,0.009000
conf_50,conf,100,20,watts_strogatz,ces,50,8,11,0.009000
conf_50,conf,100,20,watts_strogatz,ces,50,8,12,0.009000
conf_50,conf,100,20,watts_strogatz,ces,50,8,13,0.009000
conf_50,conf,100,20,watts_strogatz,ces,50,8,14,0.009000
conf_50,conf,100,20,watts_strogatz,ces,50,8,15,0.008000
conf_50,conf,100,20,watts_strogatz,ces,50,8,16,0.009000
conf_50,conf,100,20,watts_strogatz,ces,50,8,17,0.008000
conf_50,conf,100,20,watts_strogatz,ces,50,8,18,0.009000
conf_50,conf,100,20,watts_strogatz,ces,50,8,19,0.008000
conf_50,conf,100,20,watts_strogatz,ces,50,8,20,0.013000
conf_50,conf,100,20,watts_strogatz,ces,50,9,1,0.012000
conf_50,conf,100,20,watts_strogatz,ces,50,9,2,0.009000
conf_50,conf,100,20,watts_strogatz,ces,50,9,3,0.010000
conf_50,conf,100,20,watts_strogatz,ces,50,9,4,0.010000
conf_50,conf,100,20,watts_strogatz,ces,50,9,5,0.009000
conf_50,conf,100,20,watts_strogatz,ces,50,9,6,0.010000
conf_50,conf,100,20,watts_strogatz,ces,50,9,7,0.009000
conf_50,conf,100,20,watts_strogatz,ces,50,9,8,0.010000
conf_50,conf,100,20,watts_strogatz,ces,50,9,9,0.009000
conf_50,conf,100,20,watts_strogatz,ces,50,9,10,0.009000
conf_50,conf,100,20,watts_strogatz,ces,50,9,11,0.009000
conf_50,conf,100,20,watts_strogatz,ces,50,9,12,0.010000
conf_50,conf,100,20,watts_strogatz,ces,50,9,13,0.009000
conf_50,conf,100,20,watts_strogatz,ces,50,9,14,0.008000
conf_50,conf,100,20,watts_strogatz,ces,50,9,15,0.008000
conf_50,conf,100,20,watts_strogatz,ces,50,9,16,0.008000
conf_50,conf,100,20,watts_strogatz,ces,50,9,17,0.008000
conf_50,conf,100,20,watts_strogatz,ces,50,9,18,0.011000
conf_50,conf,100,20,watts_strogatz,ces,50,9,19,0.008000
conf_50,conf,100,20,watts_strogatz,ces,50,9,20,0.008000
