"BehaviorSpace results (NetLogo 7.0.4)","Table version 2.0"
"/home/franzs/Schreibtisch/Arbeit/gendernorms/gender_model_shocks_preferences.nlogox"
"pop_n100_t50"
"09/26/2026 12:13:40:110 +0200"
"min-pxcor","max-pxcor","min-pycor","max-pycor"
"-38","38","-16","16"
"[run number]","number-agents-each-type","network-structure","random-network-prob","watts-strogatz-neighbors","watts-strogatz-rewiring","preferential-attachment-min-degree","utility-function","CES_beta","weight-working-time-self","weight-working-time-partner","weight-transfer","conformism-male","conformism-female","wage-male","wage-female","norm-paid-time-male","norm-paid-time-female","preference-private-mean-male","preference-private-mean-female","std-dev-values","initial-transfer","lambda","convergence_epsilon","fixed-rs","random-seed-fixed","shock","perc-affected-male","perc-affected-female","shock-start","wage-growth-rate","preference-private-shock-male","preference-private-shock-female","shock-depreciation","import-csv","specific-couple","output-locations","wage-female-in-question","wage-male-in-question","preference-private-female-in-question","preference-private-male-in-question","conformism-male-in-question","conformism-female-in-question","[step]","timer","run-time"
"1","100","watts-strogatz","0.01","2","0.1","2","CES","0.5","1","1","1","10","10","1","0.9","77","36","0.45","0.48","0.2","0","0.002","0.001","true","1","no","0","0","60","0","0","0","0.005","false","false","false","2","2","0.5","0.5","1","1","0","0.074","0"
"1","100","watts-strogatz","0.01","2","0.1","2","CES","0.5","1","1","1","10","10","1","0.9","77","36","0.45","0.48","0.2","0","0.002","0.001","true","1","no","0","0","60","0","0","0","0.005","false","false","false","2","2","0.5","0.5","1","1","1","0.261","0.261"
"1","100","watts-strogatz","0.01","2","0.1","2","CES","0.5","1","1","1","10","10","1","0.9","77","36","0.45","0.48","0.2","0","0.002","0.001","true","1","no","0","0","60","0","0","0","0.005","false","false","false","2","2","0.5","0.5","1","1","2","0.303","0.303"
"1","100","watts-strogatz","0.01","2","0.1","2","CES","0.5","1","1","1","10","10","1","0.9","77","36","0.45","0.48","0.2","0","0.002","0.001","true","1","no","0","0","60","0","0","0","0.005","false","false","false","2","2","0.5","0.5","1","1","3","0.341","0.34"
"1","100","watts-strogatz","0.01","2","0.1","2","CES","0.5","1","1","1","10","10","1","0.9","77","36","0.45","0.48","0.2","0","0.002","0.001","true","1","no","0","0","60","0","0","0","0.005","false","false","false","2","2","0.5","0.5","1","1","4","0.371","0.37"
"1","100","watts-strogatz","0.01","2","0.1","2","CES","0.5","1","1","1","10","10","1","0.9","77","36","0.45","0.48","0.2","0","0.002","0.001","true","1","no","0","0","60","0","0","0","0.005","false","false","false","2","2","0.5","0.5","1","1","5","0.399","0.399"
"1","100","watts-strogatz","0.01","2","0.1","2","CES","0.5","1","1","1","10","10","1","0.9","77","36","0.45","0.48","0.2","0","0.002","0.001","true","1","no","0","0","60","0","0","0","0.005","false","false","false","2","2","0.5","0.5","1","1","6","0.436","0.436"
"1","100","watts-strogatz","0.01","2","0.1","2","CES","0.5","1","1","1","10","10","1","0.9","77","36","0.45","0.48","0.2","0","0.002","0.001","true","1","no","0","0","60","0","0","0","0.005","false","false","false","2","2","0.5","0.5","1","1","7","0.474","0.474"
"1","100","watts-strogatz","0.01","2","0.1","2","CES","0.5","1","1","1","10","10","1","0.9","77","36","0.45","0.48","0.2","0","0.002","0.001","true","1","no","0","0","60","0","0","0","0.005","false","false","false","2","2","0.5","0.5","1","1","8","0.505","0.504"
"1","100","watts-strogatz","0.01","2","0.1","2","CES","0.5","1","1","1","10","10","1","0.9","77","36","0.45","0.48","0.2","0","0.002","0.001","true","1","no","0","0","60","0","0","0","0.005","false","false","false","2","2","0.5","0.5","1","1","9","0.527","0.527"
"1","100","watts-strogatz","0.01","2","0.1","2","CES","0.5","1","1","1","10","10","1","0.9","77","36","0.45","0.48","0.2","0","0.002","0.001","true","1","no","0","0","60","0","0","0","0.005","false","false","false","2","2","0.5","0.5","1","1","10","0.548","0.548"
"1","100","watts-strogatz","0.01","2","0.1","2","CES","0.5","1","1","1","10","10","1","0.9","77","36","0.45","0.48","0.2","0","0.002","0.001","true","1","no","0","0","60","0","0","0","0.005","false","false","false","2","2","0.5","0.5","1","1","11","0.572","0.571"
"1","100","watts-strogatz","0.01","2","0.1","2","CES","0.5","1","1","1","10","10","1","0.9","77","36","0.45","0.48","0.2","0","0.002","0.001","true","1","no","0","0","60","0","0","0","0.005","false","false","false","2","2","0.5","0.5","1","1","12","0.59","0.59"
"1","100","watts-strogatz","0.01","2","0.1","2","CES","0.5","1","1","1","10","10","1","0.9","77","36","0.45","0.48","0.2","0","0.002","0.001","true","1","no","0","0","60","0","0","0","0.005","false","false","false","2","2","0.5","0.5","1","1","13","0.608","0.608"
"1","100","watts-strogatz","0.01","2","0.1","2","CES","0.5","1","1","1","10","10","1","0.9","77","36","0.45","0.48","0.2","0","0.002","0.001","true","1","no","0","0","60","0","0","0","0.005","false","false","false","2","2","0.5","0.5","1","1","14","0.625","0.625"
"1","100","watts-strogatz","0.01","2","0.1","2","CES","0.5","1","1","1","10","10","1","0.9","77","36","0.45","0.48","0.2","0","0.002","0.001","true","1","no","0","0","60","0","0","0","0.005","false","false","false","2","2","0.5","0.5","1","1","15","0.642","0.642"
"1","100","watts-strogatz","0.01","2","0.1","2","CES","0.5","1","1","1","10","10","1","0.9","77","36","0.45","0.48","0.2","0","0.002","0.001","true","1","no","0","0","60","0","0","0","0.005","false","false","false","2","2","0.5","0.5","1","1","16","0.659","0.659"
"1","100","watts-strogatz","0.01","2","0.1","2","CES","0.5","1","1","1","10","10","1","0.9","77","36","0.45","0.48","0.2","0","0.002","0.001","true","1","no","0","0","60","0","0","0","0.005","false","false","false","2","2","0.5","0.5","1","1","17","0.68","0.68"
"1","100","watts-strogatz","0.01","2","0.1","2","CES","0.5","1","1","1","10","10","1","0.9","77","36","0.45","0.48","0.2","0","0.002","0.001","true","1","no","0","0","60","0","0","0","0.005","false","false","false","2","2","0.5","0.5","1","1","18","0.695","0.695"
"1","100","watts-strogatz","0.01","2","0.1","2","CES","0.5","1","1","1","10","10","1","0.9","77","36","0.45","0.48","0.2","0","0.002","0.001","true","1","no","0","0","60","0","0","0","0.005","false","false","false","2","2","0.5","0.5","1","1","19","0.71","0.71"
"1","100","watts-strogatz","0.01","2","0.1","2","CES","0.5","1","1","1","10","10","1","0.9","77","36","0.45","0.48","0.2","0","0.002","0.001","true","1","no","0","0","60","0","0","0","0.005","false","false","false","2","2","0.5","0.5","1","1","20","0.724","0.724"
"1","100","watts-strogatz","0.01","2","0.1","2","CES","0.5","1","1","1","10","10","1","0.9","77","36","0.45","0.48","0.2","0","0.002","0.001","true","1","no","0","0","60","0","0","0","0.005","false","false","false","2","2","0.5","0.5","1","1","21","0.739","0.739"
"1","100","watts-strogatz","0.01","2","0.1","2","CES","0.5","1","1","1","10","10","1","0.9","77","36","0.45","0.48","0.2","0","0.002","0.001","true","1","no","0","0","60","0","0","0","0.005","false","false","false","2","2","0.5","0.5","1","1","22","0.753","0.753"
"1","100","watts-strogatz","0.01","2","0.1","2","CES","0.5","1","1","1","10","10","1","0.9","77","36","0.45","0.48","0.2","0","0.002","0.001","true","1","no","0","0","60","0","0","0","0.005","false","false","false","2","2","0.5","0.5","1","1","23","0.766","0.766"
"1","100","watts-strogatz","0.01","2","0.1","2","CES","0.5","1","1","1","10","10","1","0.9","77","36","0.45","0.48","0.2","0","0.002","0.001","true","1","no","0","0","60","0","0","0","0.005","false","false","false","2","2","0.5","0.5","1","1","24","0.779","0.779"
"1","100","watts-strogatz","0.01","2","0.1","2","CES","0.5","1","1","1","10","10","1","0.9","77","36","0.45","0.48","0.2","0","0.002","0.001","true","1","no","0","0","60","0","0","0","0.005","false","false","false","2","2","0.5","0.5","1","1","25","0.796","0.796"
"1","100","watts-strogatz","0.01","2","0.1","2","CES","0.5","1","1","1","10","10","1","0.9","77","36","0.45","0.48","0.2","0","0.002","0.001","true","1","no","0","0","60","0","0","0","0.005","false","false","false","2","2","0.5","0.5","1","1","26","0.809","0.809"
"1","100","watts-strogatz","0.01","2","0.1","2","CES","0.5","1","1","1","10","10","1","0.9","77","36","0.45","0.48","0.2","0","0.002","0.001","true","1","no","0","0","60","0","0","0","0.005","false","false","false","2","2","0.5","0.5","1","1","27","0.821","0.821"
"1","100","watts-strogatz","0.01","2","0.1","2","CES","0.5","1","1","1","10","10","1","0.9","77","36","0.45","0.48","0.2","0","0.002","0.001","true","1","no","0","0","60","0","0","0","0.005","false","false","false","2","2","0.5","0.5","1","1","28","0.833","0.833"
"1","100","watts-strogatz","0.01","2","0.1","2","CES","0.5","1","1","1","10","10","1","0.9","77","36","0.45","0.48","0.2","0","0.002","0.001","true","1","no","0","0","60","0","0","0","0.005","false","false","false","2","2","0.5","0.5","1","1","29","0.845","0.845"
"1","100","watts-strogatz","0.01","2","0.1","2","CES","0.5","1","1","1","10","10","1","0.9","77","36","0.45","0.48","0.2","0","0.002","0.001","true","1","no","0","0","60","0","0","0","0.005","false","false","false","2","2","0.5","0.5","1","1","30","0.857","0.857"
"1","100","watts-strogatz","0.01","2","0.1","2","CES","0.5","1","1","1","10","10","1","0.9","77","36","0.45","0.48","0.2","0","0.002","0.001","true","1","no","0","0","60","0","0","0","0.005","false","false","false","2","2","0.5","0.5","1","1","31","0.869","0.869"
"1","100","watts-strogatz","0.01","2","0.1","2","CES","0.5","1","1","1","10","10","1","0.9","77","36","0.45","0.48","0.2","0","0.002","0.001","true","1","no","0","0","60","0","0","0","0.005","false","false","false","2","2","0.5","0.5","1","1","32","0.88","0.88"
"1","100","watts-strogatz","0.01","2","0.1","2","CES","0.5","1","1","1","10","10","1","0.9","77","36","0.45","0.48","0.2","0","0.002","0.001","true","1","no","0","0","60","0","0","0","0.005","false","false","false","2","2","0.5","0.5","1","1","33","0.894","0.893"
"1","100","watts-strogatz","0.01","2","0.1","2","CES","0.5","1","1","1","10","10","1","0.9","77","36","0.45","0.48","0.2","0","0.002","0.001","true","1","no","0","0","60","0","0","0","0.005","false","false","false","2","2","0.5","0.5","1","1","34","0.912","0.912"
"1","100","watts-strogatz","0.01","2","0.1","2","CES","0.5","1","1","1","10","10","1","0.9","77","36","0.45","0.48","0.2","0","0.002","0.001","true","1","no","0","0","60","0","0","0","0.005","false","false","false","2","2","0.5","0.5","1","1","35","0.923","0.922"
"1","100","watts-strogatz","0.01","2","0.1","2","CES","0.5","1","1","1","10","10","1","0.9","77","36","0.45","0.48","0.2","0","0.002","0.001","true","1","no","0","0","60","0","0","0","0.005","false","false","false","2","2","0.5","0.5","1","1","36","0.935","0.935"
"1","100","watts-strogatz","0.01","2","0.1","2","CES","0.5","1","1","1","10","10","1","0.9","77","36","0.45","0.48","0.2","0","0.002","0.001","true","1","no","0","0","60","0","0","0","0.005","false","false","false","2","2","0.5","0.5","1","1","37","0.946","0.945"
"1","100","watts-strogatz","0.01","2","0.1","2","CES","0.5","1","1","1","10","10","1","0.9","77","36","0.45","0.48","0.2","0","0.002","0.001","true","1","no","0","0","60","0","0","0","0.005","false","false","false","2","2","0.5","0.5","1","1","38","0.957","0.957"
"1","100","watts-strogatz","0.01","2","0.1","2","CES","0.5","1","1","1","10","10","1","0.9","77","36","0.45","0.48","0.2","0","0.002","0.001","true","1","no","0","0","60","0","0","0","0.005","false","false","false","2","2","0.5","0.5","1","1","39","0.967","0.967"
"1","100","watts-strogatz","0.01","2","0.1","2","CES","0.5","1","1","1","10","10","1","0.9","77","36","0.45","0.48","0.2","0","0.002","0.001","true","1","no","0","0","60","0","0","0","0.005","false","false","false","2","2","0.5","0.5","1","1","40","0.978","0.978"
"1","100","watts-strogatz","0.01","2","0.1","2","CES","0.5","1","1","1","10","10","1","0.9","77","36","0.45","0.48","0.2","0","0.002","0.001","true","1","no","0","0","60","0","0","0","0.005","false","false","false","2","2","0.5","0.5","1","1","41","0.988","0.988"
"1","100","watts-strogatz","0.01","2","0.1","2","CES","0.5","1","1","1","10","10","1","0.9","77","36","0.45","0.48","0.2","0","0.002","0.001","true","1","no","0","0","60","0","0","0","0.005","false","false","false","2","2","0.5","0.5","1","1","42","0.998","0.998"
"1","100","watts-strogatz","0.01","2","0.1","2","CES","0.5","1","1","1","10","10","1","0.9","77","36","0.45","0.48","0.2","0","0.002","0.001","true","1","no","0","0","60","0","0","0","0.005","false","false","false","2","2","0.5","0.5","1","1","43","1.007","1.007"
"1","100","watts-strogatz","0.01","2","0.1","2","CES","0.5","1","1","1","10","10","1","0.9","77","36","0.45","0.48","0.2","0","0.002","0.001","true","1","no","0","0","60","0","0","0","0.005","false","false","false","2","2","0.5","0.5","1","1","44","1.017","1.017"
"1","100","watts-strogatz","0.01","2","0.1","2","CES","0.5","1","1","1","10","10","1","0.9","77","36","0.45","0.48","0.2","0","0.002","0.001","true","1","no","0","0","60","0","0","0","0.005","false","false","false","2","2","0.5","0.5","1","1","45","1.025","1.025"
"1","100","watts-strogatz","0.01","2","0.1","2","CES","0.5","1","1","1","10","10","1","0.9","77","36","0.45","0.48","0.2","0","0.002","0.001","true","1","no","0","0","60","0","0","0","0.005","false","false","false","2","2","0.5","0.5","1","1","46","1.035","1.035"
"1","100","watts-strogatz","0.01","2","0.1","2","CES","0.5","1","1","1","10","10","1","0.9","77","36","0.45","0.48","0.2","0","0.002","0.001","true","1","no","0","0","60","0","0","0","0.005","false","false","false","2","2","0.5","0.5","1","1","47","1.042","1.042"
"1","100","watts-strogatz","0.01","2","0.1","2","CES","0.5","1","1","1","10","10","1","0.9","77","36","0.45","0.48","0.2","0","0.002","0.001","true","1","no","0","0","60","0","0","0","0.005","false","false","false","2","2","0.5","0.5","1","1","48","1.051","1.051"
"1","100","watts-strogatz","0.01","2","0.1","2","CES","0.5","1","1","1","10","10","1","0.9","77","36","0.45","0.48","0.2","0","0.002","0.001","true","1","no","0","0","60","0","0","0","0.005","false","false","false","2","2","0.5","0.5","1","1","49","1.059","1.058"
"1","100","watts-strogatz","0.01","2","0.1","2","CES","0.5","1","1","1","10","10","1","0.9","77","36","0.45","0.48","0.2","0","0.002","0.001","true","1","no","0","0","60","0","0","0","0.005","false","false","false","2","2","0.5","0.5","1","1","50","1.067","1.067"
"2","100","watts-strogatz","0.01","2","0.1","2","CES","0.5","1","1","1","10","10","1","0.9","77","36","0.45","0.48","0.2","0","0.002","0.001","true","1","no","0","0","60","0","0","0","0.005","false","false","false","2","2","0.5","0.5","1","1","0","0.011","0"
"2","100","watts-strogatz","0.01","2","0.1","2","CES","0.5","1","1","1","10","10","1","0.9","77","36","0.45","0.48","0.2","0","0.002","0.001","true","1","no","0","0","60","0","0","0","0.005","false","false","false","2","2","0.5","0.5","1","1","1","0.053","0.053"
"2","100","watts-strogatz","0.01","2","0.1","2","CES","0.5","1","1","1","10","10","1","0.9","77","36","0.45","0.48","0.2","0","0.002","0.001","true","1","no","0","0","60","0","0","0","0.005","false","false","false","2","2","0.5","0.5","1","1","2","0.081","0.081"
"2","100","watts-strogatz","0.01","2","0.1","2","CES","0.5","1","1","1","10","10","1","0.9","77","36","0.45","0.48","0.2","0","0.002","0.001","true","1","no","0","0","60","0","0","0","0.005","false","false","false","2","2","0.5","0.5","1","1","3","0.108","0.108"
"2","100","watts-strogatz","0.01","2","0.1","2","CES","0.5","1","1","1","10","10","1","0.9","77","36","0.45","0.48","0.2","0","0.002","0.001","true","1","no","0","0","60","0","0","0","0.005","false","false","false","2","2","0.5","0.5","1","1","4","0.135","0.135"
"2","100","watts-strogatz","0.01","2","0.1","2","CES","0.5","1","1","1","10","10","1","0.9","77","36","0.45","0.48","0.2","0","0.002","0.001","true","1","no","0","0","60","0","0","0","0.005","false","false","false","2","2","0.5","0.5","1","1","5","0.162","0.162"
"2","100","watts-strogatz","0.01","2","0.1","2","CES","0.5","1","1","1","10","10","1","0.9","77","36","0.45","0.48","0.2","0","0.002","0.001","true","1","no","0","0","60","0","0","0","0.005","false","false","false","2","2","0.5","0.5","1","1","6","0.194","0.194"
"2","100","watts-strogatz","0.01","2","0.1","2","CES","0.5","1","1","1","10","10","1","0.9","77","36","0.45","0.48","0.2","0","0.002","0.001","true","1","no","0","0","60","0","0","0","0.005","false","false","false","2","2","0.5","0.5","1","1","7","0.219","0.219"
"2","100","watts-strogatz","0.01","2","0.1","2","CES","0.5","1","1","1","10","10","1","0.9","77","36","0.45","0.48","0.2","0","0.002","0.001","true","1","no","0","0","60","0","0","0","0.005","false","false","false","2","2","0.5","0.5","1","1","8","0.241","0.241"
"2","100","watts-strogatz","0.01","2","0.1","2","CES","0.5","1","1","1","10","10","1","0.9","77","36","0.45","0.48","0.2","0","0.002","0.001","true","1","no","0","0","60","0","0","0","0.005","false","false","false","2","2","0.5","0.5","1","1","9","0.261","0.261"
"2","100","watts-strogatz","0.01","2","0.1","2","CES","0.5","1","1","1","10","10","1","0.9","77","36","0.45","0.48","0.2","0","0.002","0.001","true","1","no","0","0","60","0","0","0","0.005","false","false","false","2","2","0.5","0.5","1","1","10","0.28","0.28"
"2","100","watts-strogatz","0.01","2","0.1","2","CES","0.5","1","1","1","10","10","1","0.9","77","36","0.45","0.48","0.2","0","0.002","0.001","true","1","no","0","0","60","0","0","0","0.005","false","false","false","2","2","0.5","0.5","1","1","11","0.298","0.298"
"2","100","watts-strogatz","0.01","2","0.1","2","CES","0.5","1","1","1","10","10","1","0.9","77","36","0.45","0.48","0.2","0","0.002","0.001","true","1","no","0","0","60","0","0","0","0.005","false","false","false","2","2","0.5","0.5","1","1","12","0.316","0.316"
"2","100","watts-strogatz","0.01","2","0.1","2","CES","0.5","1","1","1","10","10","1","0.9","77","36","0.45","0.48","0.2","0","0.002","0.001","true","1","no","0","0","60","0","0","0","0.005","false","false","false","2","2","0.5","0.5","1","1","13","0.339","0.339"
"2","100","watts-strogatz","0.01","2","0.1","2","CES","0.5","1","1","1","10","10","1","0.9","77","36","0.45","0.48","0.2","0","0.002","0.001","true","1","no","0","0","60","0","0","0","0.005","false","false","false","2","2","0.5","0.5","1","1","14","0.356","0.356"
"2","100","watts-strogatz","0.01","2","0.1","2","CES","0.5","1","1","1","10","10","1","0.9","77","36","0.45","0.48","0.2","0","0.002","0.001","true","1","no","0","0","60","0","0","0","0.005","false","false","false","2","2","0.5","0.5","1","1","15","0.373","0.373"
"2","100","watts-strogatz","0.01","2","0.1","2","CES","0.5","1","1","1","10","10","1","0.9","77","36","0.45","0.48","0.2","0","0.002","0.001","true","1","no","0","0","60","0","0","0","0.005","false","false","false","2","2","0.5","0.5","1","1","16","0.391","0.39"
"2","100","watts-strogatz","0.01","2","0.1","2","CES","0.5","1","1","1","10","10","1","0.9","77","36","0.45","0.48","0.2","0","0.002","0.001","true","1","no","0","0","60","0","0","0","0.005","false","false","false","2","2","0.5","0.5","1","1","17","0.407","0.407"
"2","100","watts-strogatz","0.01","2","0.1","2","CES","0.5","1","1","1","10","10","1","0.9","77","36","0.45","0.48","0.2","0","0.002","0.001","true","1","no","0","0","60","0","0","0","0.005","false","false","false","2","2","0.5","0.5","1","1","18","0.422","0.422"
"2","100","watts-strogatz","0.01","2","0.1","2","CES","0.5","1","1","1","10","10","1","0.9","77","36","0.45","0.48","0.2","0","0.002","0.001","true","1","no","0","0","60","0","0","0","0.005","false","false","false","2","2","0.5","0.5","1","1","19","0.436","0.436"
"2","100","watts-strogatz","0.01","2","0.1","2","CES","0.5","1","1","1","10","10","1","0.9","77","36","0.45","0.48","0.2","0","0.002","0.001","true","1","no","0","0","60","0","0","0","0.005","false","false","false","2","2","0.5","0.5","1","1","20","0.451","0.451"
"2","100","watts-strogatz","0.01","2","0.1","2","CES","0.5","1","1","1","10","10","1","0.9","77","36","0.45","0.48","0.2","0","0.002","0.001","true","1","no","0","0","60","0","0","0","0.005","false","false","false","2","2","0.5","0.5","1","1","21","0.465","0.465"
"2","100","watts-strogatz","0.01","2","0.1","2","CES","0.5","1","1","1","10","10","1","0.9","77","36","0.45","0.48","0.2","0","0.002","0.001","true","1","no","0","0","60","0","0","0","0.005","false","false","false","2","2","0.5","0.5","1","1","22","0.483","0.483"
"2","100","watts-strogatz","0.01","2","0.1","2","CES","0.5","1","1","1","10","10","1","0.9","77","36","0.45","0.48","0.2","0","0.002","0.001","true","1","no","0","0","60","0","0","0","0.005","false","false","false","2","2","0.5","0.5","1","1","23","0.498","0.497"
"2","100","watts-strogatz","0.01","2","0.1","2","CES","0.5","1","1","1","10","10","1","0.9","77","36","0.45","0.48","0.2","0","0.002","0.001","true","1","no","0","0","60","0","0","0","0.005","false","false","false","2","2","0.5","0.5","1","1","24","0.512","0.512"
"2","100","watts-strogatz","0.01","2","0.1","2","CES","0.5","1","1","1","10","10","1","0.9","77","36","0.45","0.48","0.2","0","0.002","0.001","true","1","no","0","0","60","0","0","0","0.005","false","false","false","2","2","0.5","0.5","1","1","25","0.527","0.527"
"2","100","watts-strogatz","0.01","2","0.1","2","CES","0.5","1","1","1","10","10","1","0.9","77","36","0.45","0.48","0.2","0","0.002","0.001","true","1","no","0","0","60","0","0","0","0.005","false","false","false","2","2","0.5","0.5","1","1","26","0.541","0.541"
"2","100","watts-strogatz","0.01","2","0.1","2","CES","0.5","1","1","1","10","10","1","0.9","77","36","0.45","0.48","0.2","0","0.002","0.001","true","1","no","0","0","60","0","0","0","0.005","false","false","false","2","2","0.5","0.5","1","1","27","0.555","0.555"
"2","100","watts-strogatz","0.01","2","0.1","2","CES","0.5","1","1","1","10","10","1","0.9","77","36","0.45","0.48","0.2","0","0.002","0.001","true","1","no","0","0","60","0","0","0","0.005","false","false","false","2","2","0.5","0.5","1","1","28","0.568","0.568"
"2","100","watts-strogatz","0.01","2","0.1","2","CES","0.5","1","1","1","10","10","1","0.9","77","36","0.45","0.48","0.2","0","0.002","0.001","true","1","no","0","0","60","0","0","0","0.005","false","false","false","2","2","0.5","0.5","1","1","29","0.579","0.579"
"2","100","watts-strogatz","0.01","2","0.1","2","CES","0.5","1","1","1","10","10","1","0.9","77","36","0.45","0.48","0.2","0","0.002","0.001","true","1","no","0","0","60","0","0","0","0.005","false","false","false","2","2","0.5","0.5","1","1","30","0.591","0.591"
"2","100","watts-strogatz","0.01","2","0.1","2","CES","0.5","1","1","1","10","10","1","0.9","77","36","0.45","0.48","0.2","0","0.002","0.001","true","1","no","0","0","60","0","0","0","0.005","false","false","false","2","2","0.5","0.5","1","1","31","0.602","0.602"
"2","100","watts-strogatz","0.01","2","0.1","2","CES","0.5","1","1","1","10","10","1","0.9","77","36","0.45","0.48","0.2","0","0.002","0.001","true","1","no","0","0","60","0","0","0","0.005","false","false","false","2","2","0.5","0.5","1","1","32","0.667","0.667"
"2","100","watts-strogatz","0.01","2","0.1","2","CES","0.5","1","1","1","10","10","1","0.9","77","36","0.45","0.48","0.2","0","0.002","0.001","true","1","no","0","0","60","0","0","0","0.005","false","false","false","2","2","0.5","0.5","1","1","33","0.677","0.677"
"2","100","watts-strogatz","0.01","2","0.1","2","CES","0.5","1","1","1","10","10","1","0.9","77","36","0.45","0.48","0.2","0","0.002","0.001","true","1","no","0","0","60","0","0","0","0.005","false","false","false","2","2","0.5","0.5","1","1","34","0.687","0.687"
"2","100","watts-strogatz","0.01","2","0.1","2","CES","0.5","1","1","1","10","10","1","0.9","77","36","0.45","0.48","0.2","0","0.002","0.001","true","1","no","0","0","60","0","0","0","0.005","false","false","false","2","2","0.5","0.5","1","1","35","0.696","0.696"
"2","100","watts-strogatz","0.01","2","0.1","2","CES","0.5","1","1","1","10","10","1","0.9","77","36","0.45","0.48","0.2","0","0.002","0.001","true","1","no","0","0","60","0","0","0","0.005","false","false","false","2","2","0.5","0.5","1","1","36","0.706","0.706"
"2","100","watts-strogatz","0.01","2","0.1","2","CES","0.5","1","1","1","10","10","1","0.9","77","36","0.45","0.48","0.2","0","0.002","0.001","true","1","no","0","0","60","0","0","0","0.005","false","false","false","2","2","0.5","0.5","1","1","37","0.715","0.715"
"2","100","watts-strogatz","0.01","2","0.1","2","CES","0.5","1","1","1","10","10","1","0.9","77","36","0.45","0.48","0.2","0","0.002","0.001","true","1","no","0","0","60","0","0","0","0.005","false","false","false","2","2","0.5","0.5","1","1","38","0.724","0.724"
"2","100","watts-strogatz","0.01","2","0.1","2","CES","0.5","1","1","1","10","10","1","0.9","77","36","0.45","0.48","0.2","0","0.002","0.001","true","1","no","0","0","60","0","0","0","0.005","false","false","false","2","2","0.5","0.5","1","1","39","0.733","0.733"
"2","100","watts-strogatz","0.01","2","0.1","2","CES","0.5","1","1","1","10","10","1","0.9","77","36","0.45","0.48","0.2","0","0.002","0.001","true","1","no","0","0","60","0","0","0","0.005","false","false","false","2","2","0.5","0.5","1","1","40","0.746","0.746"
"2","100","watts-strogatz","0.01","2","0.1","2","CES","0.5","1","1","1","10","10","1","0.9","77","36","0.45","0.48","0.2","0","0.002","0.001","true","1","no","0","0","60","0","0","0","0.005","false","false","false","2","2","0.5","0.5","1","1","41","0.755","0.755"
"2","100","watts-strogatz","0.01","2","0.1","2","CES","0.5","1","1","1","10","10","1","0.9","77","36","0.45","0.48","0.2","0","0.002","0.001","true","1","no","0","0","60","0","0","0","0.005","false","false","false","2","2","0.5","0.5","1","1","42","0.764","0.764"
"2","100","watts-strogatz","0.01","2","0.1","2","CES","0.5","1","1","1","10","10","1","0.9","77","36","0.45","0.48","0.2","0","0.002","0.001","true","1","no","0","0","60","0","0","0","0.005","false","false","false","2","2","0.5","0.5","1","1","43","0.772","0.772"
"2","100","watts-strogatz","0.01","2","0.1","2","CES","0.5","1","1","1","10","10","1","0.9","77","36","0.45","0.48","0.2","0","0.002","0.001","true","1","no","0","0","60","0","0","0","0.005","false","false","false","2","2","0.5","0.5","1","1","44","0.781","0.781"
"2","100","watts-strogatz","0.01","2","0.1","2","CES","0.5","1","1","1","10","10","1","0.9","77","36","0.45","0.48","0.2","0","0.002","0.001","true","1","no","0","0","60","0","0","0","0.005","false","false","false","2","2","0.5","0.5","1","1","45","0.79","0.79"
"2","100","watts-strogatz","0.01","2","0.1","2","CES","0.5","1","1","1","10","10","1","0.9","77","36","0.45","0.48","0.2","0","0.002","0.001","true","1","no","0","0","60","0","0","0","0.005","false","false","false","2","2","0.5","0.5","1","1","46","0.798","0.798"
"2","100","watts-strogatz","0.01","2","0.1","2","CES","0.5","1","1","1","10","10","1","0.9","77","36","0.45","0.48","0.2","0","0.002","0.001","true","1","no","0","0","60","0","0","0","0.005","false","false","false","2","2","0.5","0.5","1","1","47","0.806","0.806"
"2","100","watts-strogatz","0.01","2","0.1","2","CES","0.5","1","1","1","10","10","1","0.9","77","36","0.45","0.48","0.2","0","0.002","0.001","true","1","no","0","0","60","0","0","0","0.005","false","false","false","2","2","0.5","0.5","1","1","48","0.815","0.815"
"2","100","watts-strogatz","0.01","2","0.1","2","CES","0.5","1","1","1","10","10","1","0.9","77","36","0.45","0.48","0.2","0","0.002","0.001","true","1","no","0","0","60","0","0","0","0.005","false","false","false","2","2","0.5","0.5","1","1","49","0.822","0.822"
"2","100","watts-strogatz","0.01","2","0.1","2","CES","0.5","1","1","1","10","10","1","0.9","77","36","0.45","0.48","0.2","0","0.002","0.001","true","1","no","0","0","60","0","0","0","0.005","false","false","false","2","2","0.5","0.5","1","1","50","0.83","0.83"
"3","100","watts-strogatz","0.01","2","0.1","2","CES","0.5","1","1","1","10","10","1","0.9","77","36","0.45","0.48","0.2","0","0.002","0.001","true","1","no","0","0","60","0","0","0","0.005","false","false","false","2","2","0.5","0.5","1","1","0","0.008","0"
"3","100","watts-strogatz","0.01","2","0.1","2","CES","0.5","1","1","1","10","10","1","0.9","77","36","0.45","0.48","0.2","0","0.002","0.001","true","1","no","0","0","60","0","0","0","0.005","false","false","false","2","2","0.5","0.5","1","1","1","0.047","0.047"
"3","100","watts-strogatz","0.01","2","0.1","2","CES","0.5","1","1","1","10","10","1","0.9","77","36","0.45","0.48","0.2","0","0.002","0.001","true","1","no","0","0","60","0","0","0","0.005","false","false","false","2","2","0.5","0.5","1","1","2","0.075","0.075"
"3","100","watts-strogatz","0.01","2","0.1","2","CES","0.5","1","1","1","10","10","1","0.9","77","36","0.45","0.48","0.2","0","0.002","0.001","true","1","no","0","0","60","0","0","0","0.005","false","false","false","2","2","0.5","0.5","1","1","3","0.104","0.104"
"3","100","watts-strogatz","0.01","2","0.1","2","CES","0.5","1","1","1","10","10","1","0.9","77","36","0.45","0.48","0.2","0","0.002","0.001","true","1","no","0","0","60","0","0","0","0.005","false","false","false","2","2","0.5","0.5","1","1","4","0.129","0.129"
"3","100","watts-strogatz","0.01","2","0.1","2","CES","0.5","1","1","1","10","10","1","0.9","77","36","0.45","0.48","0.2","0","0.002","0.001","true","1","no","0","0","60","0","0","0","0.005","false","false","false","2","2","0.5","0.5","1","1","5","0.152","0.152"
"3","100","watts-strogatz","0.01","2","0.1","2","CES","0.5","1","1","1","10","10","1","0.9","77","36","0.45","0.48","0.2","0","0.002","0.001","true","1","no","0","0","60","0","0","0","0.005","false","false","false","2","2","0.5","0.5","1","1","6","0.174","0.174"
"3","100","watts-strogatz","0.01","2","0.1","2","CES","0.5","1","1","1","10","10","1","0.9","77","36","0.45","0.48","0.2","0","0.002","0.001","true","1","no","0","0","60","0","0","0","0.005","false","false","false","2","2","0.5","0.5","1","1","7","0.196","0.196"
"3","100","watts-strogatz","0.01","2","0.1","2","CES","0.5","1","1","1","10","10","1","0.9","77","36","0.45","0.48","0.2","0","0.002","0.001","true","1","no","0","0","60","0","0","0","0.005","false","false","false","2","2","0.5","0.5","1","1","8","0.216","0.216"
"3","100","watts-strogatz","0.01","2","0.1","2","CES","0.5","1","1","1","10","10","1","0.9","77","36","0.45","0.48","0.2","0","0.002","0.001","true","1","no","0","0","60","0","0","0","0.005","false","false","false","2","2","0.5","0.5","1","1","9","0.236","0.236"
"3","100","watts-strogatz","0.01","2","0.1","2","CES","0.5","1","1","1","10","10","1","0.9","77","36","0.45","0.48","0.2","0","0.002","0.001","true","1","no","0","0","60","0","0","0","0.005","false","false","false","2","2","0.5","0.5","1","1","10","0.255","0.255"
"3","100","watts-strogatz","0.01","2","0.1","2","CES","0.5","1","1","1","10","10","1","0.9","77","36","0.45","0.48","0.2","0","0.002","0.001","true","1","no","0","0","60","0","0","0","0.005","false","false","false","2","2","0.5","0.5","1","1","11","0.273","0.273"
"3","100","watts-strogatz","0.01","2","0.1","2","CES","0.5","1","1","1","10","10","1","0.9","77","36","0.45","0.48","0.2","0","0.002","0.001","true","1","no","0","0","60","0","0","0","0.005","false","false","false","2","2","0.5","0.5","1","1","12","0.295","0.295"
"3","100","watts-strogatz","0.01","2","0.1","2","CES","0.5","1","1","1","10","10","1","0.9","77","36","0.45","0.48","0.2","0","0.002","0.001","true","1","no","0","0","60","0","0","0","0.005","false","false","false","2","2","0.5","0.5","1","1","13","0.312","0.312"
"3","100","watts-strogatz","0.01","2","0.1","2","CES","0.5","1","1","1","10","10","1","0.9","77","36","0.45","0.48","0.2","0","0.002","0.001","true","1","no","0","0","60","0","0","0","0.005","false","false","false","2","2","0.5","0.5","1","1","14","0.329","0.329"
"3","100","watts-strogatz","0.01","2","0.1","2","CES","0.5","1","1","1","10","10","1","0.9","77","36","0.45","0.48","0.2","0","0.002","0.001","true","1","no","0","0","60","0","0","0","0.005","false","false","false","2","2","0.5","0.5","1","1","15","0.346","0.346"
"3","100","watts-strogatz","0.01","2","0.1","2","CES","0.5","1","1","1","10","10","1","0.9","77","36","0.45","0.48","0.2","0","0.002","0.001","true","1","no","0","0","60","0","0","0","0.005","false","false","false","2","2","0.5","0.5","1","1","16","0.362","0.362"
"3","100","watts-strogatz","0.01","2","0.1","2","CES","0.5","1","1","1","10","10","1","0.9","77","36","0.45","0.48","0.2","0","0.002","0.001","true","1","no","0","0","60","0","0","0","0.005","false","false","false","2","2","0.5","0.5","1","1","17","0.377","0.377"
"3","100","watts-strogatz","0.01","2","0.1","2","CES","0.5","1","1","1","10","10","1","0.9","77","36","0.45","0.48","0.2","0","0.002","0.001","true","1","no","0","0","60","0","0","0","0.005","false","false","false","2","2","0.5","0.5","1","1","18","0.393","0.392"
"3","100","watts-strogatz","0.01","2","0.1","2","CES","0.5","1","1","1","10","10","1","0.9","77","36","0.45","0.48","0.2","0","0.002","0.001","true","1","no","0","0","60","0","0","0","0.005","false","false","false","2","2","0.5","0.5","1","1","19","0.407","0.407"
"3","100","watts-strogatz","0.01","2","0.1","2","CES","0.5","1","1","1","10","10","1","0.9","77","36","0.45","0.48","0.2","0","0.002","0.001","true","1","no","0","0","60","0","0","0","0.005","false","false","false","2","2","0.5","0.5","1","1","20","0.421","0.421"
"3","100","watts-strogatz","0.01","2","0.1","2","CES","0.5","1","1","1","10","10","1","0.9","77","36","0.45","0.48","0.2","0","0.002","0.001","true","1","no","0","0","60","0","0","0","0.005","false","false","false","2","2","0.5","0.5","1","1","21","0.435","0.435"
"3","100","watts-strogatz","0.01","2","0.1","2","CES","0.5","1","1","1","10","10","1","0.9","77","36","0.45","0.48","0.2","0","0.002","0.001","true","1","no","0","0","60","0","0","0","0.005","false","false","false","2","2","0.5","0.5","1","1","22","0.448","0.448"
"3","100","watts-strogatz","0.01","2","0.1","2","CES","0.5","1","1","1","10","10","1","0.9","77","36","0.45","0.48","0.2","0","0.002","0.001","true","1","no","0","0","60","0","0","0","0.005","false","false","false","2","2","0.5","0.5","1","1","23","0.461","0.461"
"3","100","watts-strogatz","0.01","2","0.1","2","CES","0.5","1","1","1","10","10","1","0.9","77","36","0.45","0.48","0.2","0","0.002","0.001","true","1","no","0","0","60","0","0","0","0.005","false","false","false","2","2","0.5","0.5","1","1","24","0.476","0.476"
"3","100","watts-strogatz","0.01","2","0.1","2","CES","0.5","1","1","1","10","10","1","0.9","77","36","0.45","0.48","0.2","0","0.002","0.001","true","1","no","0","0","60","0","0","0","0.005","false","false","false","2","2","0.5","0.5","1","1","25","0.49","0.49"
"3","100","watts-strogatz","0.01","2","0.1","2","CES","0.5","1","1","1","10","10","1","0.9","77","36","0.45","0.48","0.2","0","0.002","0.001","true","1","no","0","0","60","0","0","0","0.005","false","false","false","2","2","0.5","0.5","1","1","26","0.504","0.504"
"3","100","watts-strogatz","0.01","2","0.1","2","CES","0.5","1","1","1","10","10","1","0.9","77","36","0.45","0.48","0.2","0","0.002","0.001","true","1","no","0","0","60","0","0","0","0.005","false","false","false","2","2","0.5","0.5","1","1","27","0.518","0.518"
"3","100","watts-strogatz","0.01","2","0.1","2","CES","0.5","1","1","1","10","10","1","0.9","77","36","0.45","0.48","0.2","0","0.002","0.001","true","1","no","0","0","60","0","0","0","0.005","false","false","false","2","2","0.5","0.5","1","1","28","0.531","0.531"
"3","100","watts-strogatz","0.01","2","0.1","2","CES","0.5","1","1","1","10","10","1","0.9","77","36","0.45","0.48","0.2","0","0.002","0.001","true","1","no","0","0","60","0","0","0","0.005","false","false","false","2","2","0.5","0.5","1","1","29","0.544","0.544"
"3","100","watts-strogatz","0.01","2","0.1","2","CES","0.5","1","1","1","10","10","1","0.9","77","36","0.45","0.48","0.2","0","0.002","0.001","true","1","no","0","0","60","0","0","0","0.005","false","false","false","2","2","0.5","0.5","1","1","30","0.555","0.555"
"3","100","watts-strogatz","0.01","2","0.1","2","CES","0.5","1","1","1","10","10","1","0.9","77","36","0.45","0.48","0.2","0","0.002","0.001","true","1","no","0","0","60","0","0","0","0.005","false","false","false","2","2","0.5","0.5","1","1","31","0.565","0.565"
"3","100","watts-strogatz","0.01","2","0.1","2","CES","0.5","1","1","1","10","10","1","0.9","77","36","0.45","0.48","0.2","0","0.002","0.001","true","1","no","0","0","60","0","0","0","0.005","false","false","false","2","2","0.5","0.5","1","1","32","0.576","0.576"
"3","100","watts-strogatz","0.01","2","0.1","2","CES","0.5","1","1","1","10","10","1","0.9","77","36","0.45","0.48","0.2","0","0.002","0.001","true","1","no","0","0","60","0","0","0","0.005","false","false","false","2","2","0.5","0.5","1","1","33","0.586","0.586"
"3","100","watts-strogatz","0.01","2","0.1","2","CES","0.5","1","1","1","10","10","1","0.9","77","36","0.45","0.48","0.2","0","0.002","0.001","true","1","no","0","0","60","0","0","0","0.005","false","false","false","2","2","0.5","0.5","1","1","34","0.596","0.596"
"3","100","watts-strogatz","0.01","2","0.1","2","CES","0.5","1","1","1","10","10","1","0.9","77","36","0.45","0.48","0.2","0","0.002","0.001","true","1","no","0","0","60","0","0","0","0.005","false","false","false","2","2","0.5","0.5","1","1","35","0.606","0.606"
"3","100","watts-strogatz","0.01","2","0.1","2","CES","0.5","1","1","1","10","10","1","0.9","77","36","0.45","0.48","0.2","0","0.002","0.001","true","1","no","0","0","60","0","0","0","0.005","false","false","false","2","2","0.5","0.5","1","1","36","0.615","0.615"
"3","100","watts-strogatz","0.01","2","0.1","2","CES","0.5","1","1","1","10","10","1","0.9","77","36","0.45","0.48","0.2","0","0.002","0.001","true","1","no","0","0","60","0","0","0","0.005","false","false","false","2","2","0.5","0.5","1","1","37","0.625","0.625"
"3","100","watts-strogatz","0.01","2","0.1","2","CES","0.5","1","1","1","10","10","1","0.9","77","36","0.45","0.48","0.2","0","0.002","0.001","true","1","no","0","0","60","0","0","0","0.005","false","false","false","2","2","0.5","0.5","1","1","38","0.634","0.634"
"3","100","watts-strogatz","0.01","2","0.1","2","CES","0.5","1","1","1","10","10","1","0.9","77","36","0.45","0.48","0.2","0","0.002","0.001","true","1","no","0","0","60","0","0","0","0.005","false","false","false","2","2","0.5","0.5","1","1","39","0.643","0.643"
"3","100","watts-strogatz","0.01","2","0.1","2","CES","0.5","1","1","1","10","10","1","0.9","77","36","0.45","0.48","0.2","0","0.002","0.001","true","1","no","0","0","60","0","0","0","0.005","false","false","false","2","2","0.5","0.5","1","1","40","0.652","0.652"
"3","100","watts-strogatz","0.01","2","0.1","2","CES","0.5","1","1","1","10","10","1","0.9","77","36","0.45","0.48","0.2","0","0.002","0.001","true","1","no","0","0","60","0","0","0","0.005","false","false","false","2","2","0.5","0.5","1","1","41","0.661","0.661"
"3","100","watts-strogatz","0.01","2","0.1","2","CES","0.5","1","1","1","10","10","1","0.9","77","36","0.45","0.48","0.2","0","0.002","0.001","true","1","no","0","0","60","0","0","0","0.005","false","false","false","2","2","0.5","0.5","1","1","42","0.669","0.669"
"3","100","watts-strogatz","0.01","2","0.1","2","CES","0.5","1","1","1","10","10","1","0.9","77","36","0.45","0.48","0.2","0","0.002","0.001","true","1","no","0","0","60","0","0","0","0.005","false","false","false","2","2","0.5","0.5","1","1","43","0.678","0.678"
"3","100","watts-strogatz","0.01","2","0.1","2","CES","0.5","1","1","1","10","10","1","0.9","77","36","0.45","0.48","0.2","0","0.002","0.001","true","1","no","0","0","60","0","0","0","0.005","false","false","false","2","2","0.5","0.5","1","1","44","0.686","0.686"
"3","100","watts-strogatz","0.01","2","0.1","2","CES","0.5","1","1","1","10","10","1","0.9","77","36","0.45","0.48","0.2","0","0.002","0.001","true","1","no","0","0","60","0","0","0","0.005","false","false","false","2","2","0.5","0.5","1","1","45","0.694","0.694"
"3","100","watts-strogatz","0.01","2","0.1","2","CES","0.5","1","1","1","10","10","1","0.9","77","36","0.45","0.48","0.2","0","0.002","0.001","true","1","no","0","0","60","0","0","0","0.005","false","false","false","2","2","0.5","0.5","1","1","46","0.702","0.702"
"3","100","watts-strogatz","0.01","2","0.1","2","CES","0.5","1","1","1","10","10","1","0.9","77","36","0.45","0.48","0.2","0","0.002","0.001","true","1","no","0","0","60","0","0","0","0.005","false","false","false","2","2","0.5","0.5","1","1","47","0.713","0.713"
"3","100","watts-strogatz","0.01","2","0.1","2","CES","0.5","1","1","1","10","10","1","0.9","77","36","0.45","0.48","0.2","0","0.002","0.001","true","1","no","0","0","60","0","0","0","0.005","false","false","false","2","2","0.5","0.5","1","1","48","0.72","0.72"
"3","100","watts-strogatz","0.01","2","0.1","2","CES","0.5","1","1","1","10","10","1","0.9","77","36","0.45","0.48","0.2","0","0.002","0.001","true","1","no","0","0","60","0","0","0","0.005","false","false","false","2","2","0.5","0.5","1","1","49","0.728","0.728"
"3","100","watts-strogatz","0.01","2","0.1","2","CES","0.5","1","1","1","10","10","1","0.9","77","36","0.45","0.48","0.2","0","0.002","0.001","true","1","no","0","0","60","0","0","0","0.005","false","false","false","2","2","0.5","0.5","1","1","50","0.736","0.736"
"4","100","watts-strogatz","0.01","2","0.1","2","CES","0.5","1","1","1","10","10","1","0.9","77","36","0.45","0.48","0.2","0","0.002","0.001","true","1","no","0","0","60","0","0","0","0.005","false","false","false","2","2","0.5","0.5","1","1","0","0.006","0"
"4","100","watts-strogatz","0.01","2","0.1","2","CES","0.5","1","1","1","10","10","1","0.9","77","36","0.45","0.48","0.2","0","0.002","0.001","true","1","no","0","0","60","0","0","0","0.005","false","false","false","2","2","0.5","0.5","1","1","1","0.044","0.043"
"4","100","watts-strogatz","0.01","2","0.1","2","CES","0.5","1","1","1","10","10","1","0.9","77","36","0.45","0.48","0.2","0","0.002","0.001","true","1","no","0","0","60","0","0","0","0.005","false","false","false","2","2","0.5","0.5","1","1","2","0.071","0.071"
"4","100","watts-strogatz","0.01","2","0.1","2","CES","0.5","1","1","1","10","10","1","0.9","77","36","0.45","0.48","0.2","0","0.002","0.001","true","1","no","0","0","60","0","0","0","0.005","false","false","false","2","2","0.5","0.5","1","1","3","0.095","0.095"
"4","100","watts-strogatz","0.01","2","0.1","2","CES","0.5","1","1","1","10","10","1","0.9","77","36","0.45","0.48","0.2","0","0.002","0.001","true","1","no","0","0","60","0","0","0","0.005","false","false","false","2","2","0.5","0.5","1","1","4","0.119","0.119"
"4","100","watts-strogatz","0.01","2","0.1","2","CES","0.5","1","1","1","10","10","1","0.9","77","36","0.45","0.48","0.2","0","0.002","0.001","true","1","no","0","0","60","0","0","0","0.005","false","false","false","2","2","0.5","0.5","1","1","5","0.142","0.142"
"4","100","watts-strogatz","0.01","2","0.1","2","CES","0.5","1","1","1","10","10","1","0.9","77","36","0.45","0.48","0.2","0","0.002","0.001","true","1","no","0","0","60","0","0","0","0.005","false","false","false","2","2","0.5","0.5","1","1","6","0.163","0.163"
"4","100","watts-strogatz","0.01","2","0.1","2","CES","0.5","1","1","1","10","10","1","0.9","77","36","0.45","0.48","0.2","0","0.002","0.001","true","1","no","0","0","60","0","0","0","0.005","false","false","false","2","2","0.5","0.5","1","1","7","0.184","0.184"
"4","100","watts-strogatz","0.01","2","0.1","2","CES","0.5","1","1","1","10","10","1","0.9","77","36","0.45","0.48","0.2","0","0.002","0.001","true","1","no","0","0","60","0","0","0","0.005","false","false","false","2","2","0.5","0.5","1","1","8","0.205","0.205"
"4","100","watts-strogatz","0.01","2","0.1","2","CES","0.5","1","1","1","10","10","1","0.9","77","36","0.45","0.48","0.2","0","0.002","0.001","true","1","no","0","0","60","0","0","0","0.005","false","false","false","2","2","0.5","0.5","1","1","9","0.225","0.225"
"4","100","watts-strogatz","0.01","2","0.1","2","CES","0.5","1","1","1","10","10","1","0.9","77","36","0.45","0.48","0.2","0","0.002","0.001","true","1","no","0","0","60","0","0","0","0.005","false","false","false","2","2","0.5","0.5","1","1","10","0.244","0.244"
"4","100","watts-strogatz","0.01","2","0.1","2","CES","0.5","1","1","1","10","10","1","0.9","77","36","0.45","0.48","0.2","0","0.002","0.001","true","1","no","0","0","60","0","0","0","0.005","false","false","false","2","2","0.5","0.5","1","1","11","0.262","0.262"
"4","100","watts-strogatz","0.01","2","0.1","2","CES","0.5","1","1","1","10","10","1","0.9","77","36","0.45","0.48","0.2","0","0.002","0.001","true","1","no","0","0","60","0","0","0","0.005","false","false","false","2","2","0.5","0.5","1","1","12","0.279","0.279"
"4","100","watts-strogatz","0.01","2","0.1","2","CES","0.5","1","1","1","10","10","1","0.9","77","36","0.45","0.48","0.2","0","0.002","0.001","true","1","no","0","0","60","0","0","0","0.005","false","false","false","2","2","0.5","0.5","1","1","13","0.297","0.297"
"4","100","watts-strogatz","0.01","2","0.1","2","CES","0.5","1","1","1","10","10","1","0.9","77","36","0.45","0.48","0.2","0","0.002","0.001","true","1","no","0","0","60","0","0","0","0.005","false","false","false","2","2","0.5","0.5","1","1","14","0.313","0.313"
"4","100","watts-strogatz","0.01","2","0.1","2","CES","0.5","1","1","1","10","10","1","0.9","77","36","0.45","0.48","0.2","0","0.002","0.001","true","1","no","0","0","60","0","0","0","0.005","false","false","false","2","2","0.5","0.5","1","1","15","0.329","0.329"
"4","100","watts-strogatz","0.01","2","0.1","2","CES","0.5","1","1","1","10","10","1","0.9","77","36","0.45","0.48","0.2","0","0.002","0.001","true","1","no","0","0","60","0","0","0","0.005","false","false","false","2","2","0.5","0.5","1","1","16","0.345","0.345"
"4","100","watts-strogatz","0.01","2","0.1","2","CES","0.5","1","1","1","10","10","1","0.9","77","36","0.45","0.48","0.2","0","0.002","0.001","true","1","no","0","0","60","0","0","0","0.005","false","false","false","2","2","0.5","0.5","1","1","17","0.36","0.36"
"4","100","watts-strogatz","0.01","2","0.1","2","CES","0.5","1","1","1","10","10","1","0.9","77","36","0.45","0.48","0.2","0","0.002","0.001","true","1","no","0","0","60","0","0","0","0.005","false","false","false","2","2","0.5","0.5","1","1","18","0.375","0.374"
"4","100","watts-strogatz","0.01","2","0.1","2","CES","0.5","1","1","1","10","10","1","0.9","77","36","0.45","0.48","0.2","0","0.002","0.001","true","1","no","0","0","60","0","0","0","0.005","false","false","false","2","2","0.5","0.5","1","1","19","0.389","0.389"
"4","100","watts-strogatz","0.01","2","0.1","2","CES","0.5","1","1","1","10","10","1","0.9","77","36","0.45","0.48","0.2","0","0.002","0.001","true","1","no","0","0","60","0","0","0","0.005","false","false","false","2","2","0.5","0.5","1","1","20","0.404","0.403"
"4","100","watts-strogatz","0.01","2","0.1","2","CES","0.5","1","1","1","10","10","1","0.9","77","36","0.45","0.48","0.2","0","0.002","0.001","true","1","no","0","0","60","0","0","0","0.005","false","false","false","2","2","0.5","0.5","1","1","21","0.417","0.417"
"4","100","watts-strogatz","0.01","2","0.1","2","CES","0.5","1","1","1","10","10","1","0.9","77","36","0.45","0.48","0.2","0","0.002","0.001","true","1","no","0","0","60","0","0","0","0.005","false","false","false","2","2","0.5","0.5","1","1","22","0.43","0.43"
"4","100","watts-strogatz","0.01","2","0.1","2","CES","0.5","1","1","1","10","10","1","0.9","77","36","0.45","0.48","0.2","0","0.002","0.001","true","1","no","0","0","60","0","0","0","0.005","false","false","false","2","2","0.5","0.5","1","1","23","0.443","0.443"
"4","100","watts-strogatz","0.01","2","0.1","2","CES","0.5","1","1","1","10","10","1","0.9","77","36","0.45","0.48","0.2","0","0.002","0.001","true","1","no","0","0","60","0","0","0","0.005","false","false","false","2","2","0.5","0.5","1","1","24","0.456","0.456"
"4","100","watts-strogatz","0.01","2","0.1","2","CES","0.5","1","1","1","10","10","1","0.9","77","36","0.45","0.48","0.2","0","0.002","0.001","true","1","no","0","0","60","0","0","0","0.005","false","false","false","2","2","0.5","0.5","1","1","25","0.468","0.468"
"4","100","watts-strogatz","0.01","2","0.1","2","CES","0.5","1","1","1","10","10","1","0.9","77","36","0.45","0.48","0.2","0","0.002","0.001","true","1","no","0","0","60","0","0","0","0.005","false","false","false","2","2","0.5","0.5","1","1","26","0.48","0.48"
"4","100","watts-strogatz","0.01","2","0.1","2","CES","0.5","1","1","1","10","10","1","0.9","77","36","0.45","0.48","0.2","0","0.002","0.001","true","1","no","0","0","60","0","0","0","0.005","false","false","false","2","2","0.5","0.5","1","1","27","0.491","0.491"
"4","100","watts-strogatz","0.01","2","0.1","2","CES","0.5","1","1","1","10","10","1","0.9","77","36","0.45","0.48","0.2","0","0.002","0.001","true","1","no","0","0","60","0","0","0","0.005","false","false","false","2","2","0.5","0.5","1","1","28","0.502","0.502"
"4","100","watts-strogatz","0.01","2","0.1","2","CES","0.5","1","1","1","10","10","1","0.9","77","36","0.45","0.48","0.2","0","0.002","0.001","true","1","no","0","0","60","0","0","0","0.005","false","false","false","2","2","0.5","0.5","1","1","29","0.513","0.513"
"4","100","watts-strogatz","0.01","2","0.1","2","CES","0.5","1","1","1","10","10","1","0.9","77","36","0.45","0.48","0.2","0","0.002","0.001","true","1","no","0","0","60","0","0","0","0.005","false","false","false","2","2","0.5","0.5","1","1","30","0.524","0.524"
"4","100","watts-strogatz","0.01","2","0.1","2","CES","0.5","1","1","1","10","10","1","0.9","77","36","0.45","0.48","0.2","0","0.002","0.001","true","1","no","0","0","60","0","0","0","0.005","false","false","false","2","2","0.5","0.5","1","1","31","0.535","0.535"
"4","100","watts-strogatz","0.01","2","0.1","2","CES","0.5","1","1","1","10","10","1","0.9","77","36","0.45","0.48","0.2","0","0.002","0.001","true","1","no","0","0","60","0","0","0","0.005","false","false","false","2","2","0.5","0.5","1","1","32","0.545","0.545"
"4","100","watts-strogatz","0.01","2","0.1","2","CES","0.5","1","1","1","10","10","1","0.9","77","36","0.45","0.48","0.2","0","0.002","0.001","true","1","no","0","0","60","0","0","0","0.005","false","false","false","2","2","0.5","0.5","1","1","33","0.556","0.556"
"4","100","watts-strogatz","0.01","2","0.1","2","CES","0.5","1","1","1","10","10","1","0.9","77","36","0.45","0.48","0.2","0","0.002","0.001","true","1","no","0","0","60","0","0","0","0.005","false","false","false","2","2","0.5","0.5","1","1","34","0.566","0.566"
"4","100","watts-strogatz","0.01","2","0.1","2","CES","0.5","1","1","1","10","10","1","0.9","77","36","0.45","0.48","0.2","0","0.002","0.001","true","1","no","0","0","60","0","0","0","0.005","false","false","false","2","2","0.5","0.5","1","1","35","0.576","0.576"
"4","100","watts-strogatz","0.01","2","0.1","2","CES","0.5","1","1","1","10","10","1","0.9","77","36","0.45","0.48","0.2","0","0.002","0.001","true","1","no","0","0","60","0","0","0","0.005","false","false","false","2","2","0.5","0.5","1","1","36","0.586","0.586"
"4","100","watts-strogatz","0.01","2","0.1","2","CES","0.5","1","1","1","10","10","1","0.9","77","36","0.45","0.48","0.2","0","0.002","0.001","true","1","no","0","0","60","0","0","0","0.005","false","false","false","2","2","0.5","0.5","1","1","37","0.596","0.596"
"4","100","watts-strogatz","0.01","2","0.1","2","CES","0.5","1","1","1","10","10","1","0.9","77","36","0.45","0.48","0.2","0","0.002","0.001","true","1","no","0","0","60","0","0","0","0.005","false","false","false","2","2","0.5","0.5","1","1","38","0.605","0.605"
"4","100","watts-strogatz","0.01","2","0.1","2","CES","0.5","1","1","1","10","10","1","0.9","77","36","0.45","0.48","0.2","0","0.002","0.001","true","1","no","0","0","60","0","0","0","0.005","false","false","false","2","2","0.5","0.5","1","1","39","0.615","0.615"
"4","100","watts-strogatz","0.01","2","0.1","2","CES","0.5","1","1","1","10","10","1","0.9","77","36","0.45","0.48","0.2","0","0.002","0.001","true","1","no","0","0","60","0","0","0","0.005","false","false","false","2","2","0.5","0.5","1","1","40","0.623","0.623"
"4","100","watts-strogatz","0.01","2","0.1","2","CES","0.5","1","1","1","10","10","1","0.9","77","36","0.45","0.48","0.2","0","0.002","0.001","true","1","no","0","0","60","0","0","0","0.005","false","false","false","2","2","0.5","0.5","1","1","41","0.633","0.633"
"4","100","watts-strogatz","0.01","2","0.1","2","CES","0.5","1","1","1","10","10","1","0.9","77","36","0.45","0.48","0.2","0","0.002","0.001","true","1","no","0","0","60","0","0","0","0.005","false","false","false","2","2","0.5","0.5","1","1","42","0.641","0.641"
"4","100","watts-strogatz","0.01","2","0.1","2","CES","0.5","1","1","1","10","10","1","0.9","77","36","0.45","0.48","0.2","0","0.002","0.001","true","1","no","0","0","60","0","0","0","0.005","false","false","false","2","2","0.5","0.5","1","1","43","0.65","0.65"
"4","100","watts-strogatz","0.01","2","0.1","2","CES","0.5","1","1","1","10","10","1","0.9","77","36","0.45","0.48","0.2","0","0.002","0.001","true","1","no","0","0","60","0","0","0","0.005","false","false","false","2","2","0.5","0.5","1","1","44","0.658","0.658"
"4","100","watts-strogatz","0.01","2","0.1","2","CES","0.5","1","1","1","10","10","1","0.9","77","36","0.45","0.48","0.2","0","0.002","0.001","true","1","no","0","0","60","0","0","0","0.005","false","false","false","2","2","0.5","0.5","1","1","45","0.666","0.666"
"4","100","watts-strogatz","0.01","2","0.1","2","CES","0.5","1","1","1","10","10","1","0.9","77","36","0.45","0.48","0.2","0","0.002","0.001","true","1","no","0","0","60","0","0","0","0.005","false","false","false","2","2","0.5","0.5","1","1","46","0.674","0.674"
"4","100","watts-strogatz","0.01","2","0.1","2","CES","0.5","1","1","1","10","10","1","0.9","77","36","0.45","0.48","0.2","0","0.002","0.001","true","1","no","0","0","60","0","0","0","0.005","false","false","false","2","2","0.5","0.5","1","1","47","0.682","0.682"
"4","100","watts-strogatz","0.01","2","0.1","2","CES","0.5","1","1","1","10","10","1","0.9","77","36","0.45","0.48","0.2","0","0.002","0.001","true","1","no","0","0","60","0","0","0","0.005","false","false","false","2","2","0.5","0.5","1","1","48","0.69","0.69"
"4","100","watts-strogatz","0.01","2","0.1","2","CES","0.5","1","1","1","10","10","1","0.9","77","36","0.45","0.48","0.2","0","0.002","0.001","true","1","no","0","0","60","0","0","0","0.005","false","false","false","2","2","0.5","0.5","1","1","49","0.698","0.698"
"4","100","watts-strogatz","0.01","2","0.1","2","CES","0.5","1","1","1","10","10","1","0.9","77","36","0.45","0.48","0.2","0","0.002","0.001","true","1","no","0","0","60","0","0","0","0.005","false","false","false","2","2","0.5","0.5","1","1","50","0.706","0.706"
"5","100","watts-strogatz","0.01","2","0.1","2","CES","0.5","1","1","1","10","10","1","0.9","77","36","0.45","0.48","0.2","0","0.002","0.001","true","1","no","0","0","60","0","0","0","0.005","false","false","false","2","2","0.5","0.5","1","1","0","0.005","0"
"5","100","watts-strogatz","0.01","2","0.1","2","CES","0.5","1","1","1","10","10","1","0.9","77","36","0.45","0.48","0.2","0","0.002","0.001","true","1","no","0","0","60","0","0","0","0.005","false","false","false","2","2","0.5","0.5","1","1","1","0.042","0.042"
"5","100","watts-strogatz","0.01","2","0.1","2","CES","0.5","1","1","1","10","10","1","0.9","77","36","0.45","0.48","0.2","0","0.002","0.001","true","1","no","0","0","60","0","0","0","0.005","false","false","false","2","2","0.5","0.5","1","1","2","0.069","0.069"
"5","100","watts-strogatz","0.01","2","0.1","2","CES","0.5","1","1","1","10","10","1","0.9","77","36","0.45","0.48","0.2","0","0.002","0.001","true","1","no","0","0","60","0","0","0","0.005","false","false","false","2","2","0.5","0.5","1","1","3","0.094","0.094"
"5","100","watts-strogatz","0.01","2","0.1","2","CES","0.5","1","1","1","10","10","1","0.9","77","36","0.45","0.48","0.2","0","0.002","0.001","true","1","no","0","0","60","0","0","0","0.005","false","false","false","2","2","0.5","0.5","1","1","4","0.117","0.117"
"5","100","watts-strogatz","0.01","2","0.1","2","CES","0.5","1","1","1","10","10","1","0.9","77","36","0.45","0.48","0.2","0","0.002","0.001","true","1","no","0","0","60","0","0","0","0.005","false","false","false","2","2","0.5","0.5","1","1","5","0.14","0.14"
"5","100","watts-strogatz","0.01","2","0.1","2","CES","0.5","1","1","1","10","10","1","0.9","77","36","0.45","0.48","0.2","0","0.002","0.001","true","1","no","0","0","60","0","0","0","0.005","false","false","false","2","2","0.5","0.5","1","1","6","0.162","0.162"
"5","100","watts-strogatz","0.01","2","0.1","2","CES","0.5","1","1","1","10","10","1","0.9","77","36","0.45","0.48","0.2","0","0.002","0.001","true","1","no","0","0","60","0","0","0","0.005","false","false","false","2","2","0.5","0.5","1","1","7","0.185","0.185"
"5","100","watts-strogatz","0.01","2","0.1","2","CES","0.5","1","1","1","10","10","1","0.9","77","36","0.45","0.48","0.2","0","0.002","0.001","true","1","no","0","0","60","0","0","0","0.005","false","false","false","2","2","0.5","0.5","1","1","8","0.205","0.205"
"5","100","watts-strogatz","0.01","2","0.1","2","CES","0.5","1","1","1","10","10","1","0.9","77","36","0.45","0.48","0.2","0","0.002","0.001","true","1","no","0","0","60","0","0","0","0.005","false","false","false","2","2","0.5","0.5","1","1","9","0.225","0.225"
"5","100","watts-strogatz","0.01","2","0.1","2","CES","0.5","1","1","1","10","10","1","0.9","77","36","0.45","0.48","0.2","0","0.002","0.001","true","1","no","0","0","60","0","0","0","0.005","false","false","false","2","2","0.5","0.5","1","1","10","0.243","0.243"
"5","100","watts-strogatz","0.01","2","0.1","2","CES","0.5","1","1","1","10","10","1","0.9","77","36","0.45","0.48","0.2","0","0.002","0.001","true","1","no","0","0","60","0","0","0","0.005","false","false","false","2","2","0.5","0.5","1","1","11","0.261","0.261"
"5","100","watts-strogatz","0.01","2","0.1","2","CES","0.5","1","1","1","10","10","1","0.9","77","36","0.45","0.48","0.2","0","0.002","0.001","true","1","no","0","0","60","0","0","0","0.005","false","false","false","2","2","0.5","0.5","1","1","12","0.279","0.279"
"5","100","watts-strogatz","0.01","2","0.1","2","CES","0.5","1","1","1","10","10","1","0.9","77","36","0.45","0.48","0.2","0","0.002","0.001","true","1","no","0","0","60","0","0","0","0.005","false","false","false","2","2","0.5","0.5","1","1","13","0.296","0.296"
"5","100","watts-strogatz","0.01","2","0.1","2","CES","0.5","1","1","1","10","10","1","0.9","77","36","0.45","0.48","0.2","0","0.002","0.001","true","1","no","0","0","60","0","0","0","0.005","false","false","false","2","2","0.5","0.5","1","1","14","0.312","0.312"
"5","100","watts-strogatz","0.01","2","0.1","2","CES","0.5","1","1","1","10","10","1","0.9","77","36","0.45","0.48","0.2","0","0.002","0.001","true","1","no","0","0","60","0","0","0","0.005","false","false","false","2","2","0.5","0.5","1","1","15","0.328","0.328"
"5","100","watts-strogatz","0.01","2","0.1","2","CES","0.5","1","1","1","10","10","1","0.9","77","36","0.45","0.48","0.2","0","0.002","0.001","true","1","no","0","0","60","0","0","0","0.005","false","false","false","2","2","0.5","0.5","1","1","16","0.344","0.344"
"5","100","watts-strogatz","0.01","2","0.1","2","CES","0.5","1","1","1","10","10","1","0.9","77","36","0.45","0.48","0.2","0","0.002","0.001","true","1","no","0","0","60","0","0","0","0.005","false","false","false","2","2","0.5","0.5","1","1","17","0.36","0.36"
"5","100","watts-strogatz","0.01","2","0.1","2","CES","0.5","1","1","1","10","10","1","0.9","77","36","0.45","0.48","0.2","0","0.002","0.001","true","1","no","0","0","60","0","0","0","0.005","false","false","false","2","2","0.5","0.5","1","1","18","0.375","0.375"
"5","100","watts-strogatz","0.01","2","0.1","2","CES","0.5","1","1","1","10","10","1","0.9","77","36","0.45","0.48","0.2","0","0.002","0.001","true","1","no","0","0","60","0","0","0","0.005","false","false","false","2","2","0.5","0.5","1","1","19","0.389","0.389"
"5","100","watts-strogatz","0.01","2","0.1","2","CES","0.5","1","1","1","10","10","1","0.9","77","36","0.45","0.48","0.2","0","0.002","0.001","true","1","no","0","0","60","0","0","0","0.005","false","false","false","2","2","0.5","0.5","1","1","20","0.403","0.403"
"5","100","watts-strogatz","0.01","2","0.1","2","CES","0.5","1","1","1","10","10","1","0.9","77","36","0.45","0.48","0.2","0","0.002","0.001","true","1","no","0","0","60","0","0","0","0.005","false","false","false","2","2","0.5","0.5","1","1","21","0.416","0.416"
"5","100","watts-strogatz","0.01","2","0.1","2","CES","0.5","1","1","1","10","10","1","0.9","77","36","0.45","0.48","0.2","0","0.002","0.001","true","1","no","0","0","60","0","0","0","0.005","false","false","false","2","2","0.5","0.5","1","1","22","0.429","0.429"
"5","100","watts-strogatz","0.01","2","0.1","2","CES","0.5","1","1","1","10","10","1","0.9","77","36","0.45","0.48","0.2","0","0.002","0.001","true","1","no","0","0","60","0","0","0","0.005","false","false","false","2","2","0.5","0.5","1","1","23","0.442","0.442"
"5","100","watts-strogatz","0.01","2","0.1","2","CES","0.5","1","1","1","10","10","1","0.9","77","36","0.45","0.48","0.2","0","0.002","0.001","true","1","no","0","0","60","0","0","0","0.005","false","false","false","2","2","0.5","0.5","1","1","24","0.454","0.454"
"5","100","watts-strogatz","0.01","2","0.1","2","CES","0.5","1","1","1","10","10","1","0.9","77","36","0.45","0.48","0.2","0","0.002","0.001","true","1","no","0","0","60","0","0","0","0.005","false","false","false","2","2","0.5","0.5","1","1","25","0.467","0.467"
"5","100","watts-strogatz","0.01","2","0.1","2","CES","0.5","1","1","1","10","10","1","0.9","77","36","0.45","0.48","0.2","0","0.002","0.001","true","1","no","0","0","60","0","0","0","0.005","false","false","false","2","2","0.5","0.5","1","1","26","0.479","0.478"
"5","100","watts-strogatz","0.01","2","0.1","2","CES","0.5","1","1","1","10","10","1","0.9","77","36","0.45","0.48","0.2","0","0.002","0.001","true","1","no","0","0","60","0","0","0","0.005","false","false","false","2","2","0.5","0.5","1","1","27","0.49","0.49"
"5","100","watts-strogatz","0.01","2","0.1","2","CES","0.5","1","1","1","10","10","1","0.9","77","36","0.45","0.48","0.2","0","0.002","0.001","true","1","no","0","0","60","0","0","0","0.005","false","false","false","2","2","0.5","0.5","1","1","28","0.502","0.502"
"5","100","watts-strogatz","0.01","2","0.1","2","CES","0.5","1","1","1","10","10","1","0.9","77","36","0.45","0.48","0.2","0","0.002","0.001","true","1","no","0","0","60","0","0","0","0.005","false","false","false","2","2","0.5","0.5","1","1","29","0.513","0.513"
"5","100","watts-strogatz","0.01","2","0.1","2","CES","0.5","1","1","1","10","10","1","0.9","77","36","0.45","0.48","0.2","0","0.002","0.001","true","1","no","0","0","60","0","0","0","0.005","false","false","false","2","2","0.5","0.5","1","1","30","0.524","0.524"
"5","100","watts-strogatz","0.01","2","0.1","2","CES","0.5","1","1","1","10","10","1","0.9","77","36","0.45","0.48","0.2","0","0.002","0.001","true","1","no","0","0","60","0","0","0","0.005","false","false","false","2","2","0.5","0.5","1","1","31","0.535","0.534"
"5","100","watts-strogatz","0.01","2","0.1","2","CES","0.5","1","1","1","10","10","1","0.9","77","36","0.45","0.48","0.2","0","0.002","0.001","true","1","no","0","0","60","0","0","0","0.005","false","false","false","2","2","0.5","0.5","1","1","32","0.545","0.545"
"5","100","watts-strogatz","0.01","2","0.1","2","CES","0.5","1","1","1","10","10","1","0.9","77","36","0.45","0.48","0.2","0","0.002","0.001","true","1","no","0","0","60","0","0","0","0.005","false","false","false","2","2","0.5","0.5","1","1","33","0.555","0.555"
"5","100","watts-strogatz","0.01","2","0.1","2","CES","0.5","1","1","1","10","10","1","0.9","77","36","0.45","0.48","0.2","0","0.002","0.001","true","1","no","0","0","60","0","0","0","0.005","false","false","false","2","2","0.5","0.5","1","1","34","0.565","0.565"
"5","100","watts-strogatz","0.01","2","0.1","2","CES","0.5","1","1","1","10","10","1","0.9","77","36","0.45","0.48","0.2","0","0.002","0.001","true","1","no","0","0","60","0","0","0","0.005","false","false","false","2","2","0.5","0.5","1","1","35","0.575","0.575"
"5","100","watts-strogatz","0.01","2","0.1","2","CES","0.5","1","1","1","10","10","1","0.9","77","36","0.45","0.48","0.2","0","0.002","0.001","true","1","no","0","0","60","0","0","0","0.005","false","false","false","2","2","0.5","0.5","1","1","36","0.585","0.585"
"5","100","watts-strogatz","0.01","2","0.1","2","CES","0.5","1","1","1","10","10","1","0.9","77","36","0.45","0.48","0.2","0","0.002","0.001","true","1","no","0","0","60","0","0","0","0.005","false","false","false","2","2","0.5","0.5","1","1","37","0.594","0.594"
"5","100","watts-strogatz","0.01","2","0.1","2","CES","0.5","1","1","1","10","10","1","0.9","77","36","0.45","0.48","0.2","0","0.002","0.001","true","1","no","0","0","60","0","0","0","0.005","false","false","false","2","2","0.5","0.5","1","1","38","0.604","0.604"
"5","100","watts-strogatz","0.01","2","0.1","2","CES","0.5","1","1","1","10","10","1","0.9","77","36","0.45","0.48","0.2","0","0.002","0.001","true","1","no","0","0","60","0","0","0","0.005","false","false","false","2","2","0.5","0.5","1","1","39","0.613","0.613"
"5","100","watts-strogatz","0.01","2","0.1","2","CES","0.5","1","1","1","10","10","1","0.9","77","36","0.45","0.48","0.2","0","0.002","0.001","true","1","no","0","0","60","0","0","0","0.005","false","false","false","2","2","0.5","0.5","1","1","40","0.622","0.622"
"5","100","watts-strogatz","0.01","2","0.1","2","CES","0.5","1","1","1","10","10","1","0.9","77","36","0.45","0.48","0.2","0","0.002","0.001","true","1","no","0","0","60","0","0","0","0.005","false","false","false","2","2","0.5","0.5","1","1","41","0.63","0.63"
"5","100","watts-strogatz","0.01","2","0.1","2","CES","0.5","1","1","1","10","10","1","0.9","77","36","0.45","0.48","0.2","0","0.002","0.001","true","1","no","0","0","60","0","0","0","0.005","false","false","false","2","2","0.5","0.5","1","1","42","0.639","0.639"
"5","100","watts-strogatz","0.01","2","0.1","2","CES","0.5","1","1","1","10","10","1","0.9","77","36","0.45","0.48","0.2","0","0.002","0.001","true","1","no","0","0","60","0","0","0","0.005","false","false","false","2","2","0.5","0.5","1","1","43","0.647","0.647"
"5","100","watts-strogatz","0.01","2","0.1","2","CES","0.5","1","1","1","10","10","1","0.9","77","36","0.45","0.48","0.2","0","0.002","0.001","true","1","no","0","0","60","0","0","0","0.005","false","false","false","2","2","0.5","0.5","1","1","44","0.656","0.656"
"5","100","watts-strogatz","0.01","2","0.1","2","CES","0.5","1","1","1","10","10","1","0.9","77","36","0.45","0.48","0.2","0","0.002","0.001","true","1","no","0","0","60","0","0","0","0.005","false","false","false","2","2","0.5","0.5","1","1","45","0.664","0.664"
"5","100","watts-strogatz","0.01","2","0.1","2","CES","0.5","1","1","1","10","10","1","0.9","77","36","0.45","0.48","0.2","0","0.002","0.001","true","1","no","0","0","60","0","0","0","0.005","false","false","false","2","2","0.5","0.5","1","1","46","0.672","0.672"
"5","100","watts-strogatz","0.01","2","0.1","2","CES","0.5","1","1","1","10","10","1","0.9","77","36","0.45","0.48","0.2","0","0.002","0.001","true","1","no","0","0","60","0","0","0","0.005","false","false","false","2","2","0.5","0.5","1","1","47","0.68","0.68"
"5","100","watts-strogatz","0.01","2","0.1","2","CES","0.5","1","1","1","10","10","1","0.9","77","36","0.45","0.48","0.2","0","0.002","0.001","true","1","no","0","0","60","0","0","0","0.005","false","false","false","2","2","0.5","0.5","1","1","48","0.687","0.687"
"5","100","watts-strogatz","0.01","2","0.1","2","CES","0.5","1","1","1","10","10","1","0.9","77","36","0.45","0.48","0.2","0","0.002","0.001","true","1","no","0","0","60","0","0","0","0.005","false","false","false","2","2","0.5","0.5","1","1","49","0.695","0.695"
"5","100","watts-strogatz","0.01","2","0.1","2","CES","0.5","1","1","1","10","10","1","0.9","77","36","0.45","0.48","0.2","0","0.002","0.001","true","1","no","0","0","60","0","0","0","0.005","false","false","false","2","2","0.5","0.5","1","1","50","0.703","0.703"
"6","100","watts-strogatz","0.01","2","0.1","2","CES","0.5","1","1","1","10","10","1","0.9","77","36","0.45","0.48","0.2","0","0.002","0.001","true","1","no","0","0","60","0","0","0","0.005","false","false","false","2","2","0.5","0.5","1","1","0","0.005","0"
"6","100","watts-strogatz","0.01","2","0.1","2","CES","0.5","1","1","1","10","10","1","0.9","77","36","0.45","0.48","0.2","0","0.002","0.001","true","1","no","0","0","60","0","0","0","0.005","false","false","false","2","2","0.5","0.5","1","1","1","0.043","0.043"
"6","100","watts-strogatz","0.01","2","0.1","2","CES","0.5","1","1","1","10","10","1","0.9","77","36","0.45","0.48","0.2","0","0.002","0.001","true","1","no","0","0","60","0","0","0","0.005","false","false","false","2","2","0.5","0.5","1","1","2","0.07","0.07"
"6","100","watts-strogatz","0.01","2","0.1","2","CES","0.5","1","1","1","10","10","1","0.9","77","36","0.45","0.48","0.2","0","0.002","0.001","true","1","no","0","0","60","0","0","0","0.005","false","false","false","2","2","0.5","0.5","1","1","3","0.095","0.095"
"6","100","watts-strogatz","0.01","2","0.1","2","CES","0.5","1","1","1","10","10","1","0.9","77","36","0.45","0.48","0.2","0","0.002","0.001","true","1","no","0","0","60","0","0","0","0.005","false","false","false","2","2","0.5","0.5","1","1","4","0.12","0.12"
"6","100","watts-strogatz","0.01","2","0.1","2","CES","0.5","1","1","1","10","10","1","0.9","77","36","0.45","0.48","0.2","0","0.002","0.001","true","1","no","0","0","60","0","0","0","0.005","false","false","false","2","2","0.5","0.5","1","1","5","0.142","0.142"
"6","100","watts-strogatz","0.01","2","0.1","2","CES","0.5","1","1","1","10","10","1","0.9","77","36","0.45","0.48","0.2","0","0.002","0.001","true","1","no","0","0","60","0","0","0","0.005","false","false","false","2","2","0.5","0.5","1","1","6","0.169","0.168"
"6","100","watts-strogatz","0.01","2","0.1","2","CES","0.5","1","1","1","10","10","1","0.9","77","36","0.45","0.48","0.2","0","0.002","0.001","true","1","no","0","0","60","0","0","0","0.005","false","false","false","2","2","0.5","0.5","1","1","7","0.19","0.19"
"6","100","watts-strogatz","0.01","2","0.1","2","CES","0.5","1","1","1","10","10","1","0.9","77","36","0.45","0.48","0.2","0","0.002","0.001","true","1","no","0","0","60","0","0","0","0.005","false","false","false","2","2","0.5","0.5","1","1","8","0.21","0.21"
"6","100","watts-strogatz","0.01","2","0.1","2","CES","0.5","1","1","1","10","10","1","0.9","77","36","0.45","0.48","0.2","0","0.002","0.001","true","1","no","0","0","60","0","0","0","0.005","false","false","false","2","2","0.5","0.5","1","1","9","0.23","0.23"
"6","100","watts-strogatz","0.01","2","0.1","2","CES","0.5","1","1","1","10","10","1","0.9","77","36","0.45","0.48","0.2","0","0.002","0.001","true","1","no","0","0","60","0","0","0","0.005","false","false","false","2","2","0.5","0.5","1","1","10","0.249","0.249"
"6","100","watts-strogatz","0.01","2","0.1","2","CES","0.5","1","1","1","10","10","1","0.9","77","36","0.45","0.48","0.2","0","0.002","0.001","true","1","no","0","0","60","0","0","0","0.005","false","false","false","2","2","0.5","0.5","1","1","11","0.268","0.268"
"6","100","watts-strogatz","0.01","2","0.1","2","CES","0.5","1","1","1","10","10","1","0.9","77","36","0.45","0.48","0.2","0","0.002","0.001","true","1","no","0","0","60","0","0","0","0.005","false","false","false","2","2","0.5","0.5","1","1","12","0.285","0.285"
"6","100","watts-strogatz","0.01","2","0.1","2","CES","0.5","1","1","1","10","10","1","0.9","77","36","0.45","0.48","0.2","0","0.002","0.001","true","1","no","0","0","60","0","0","0","0.005","false","false","false","2","2","0.5","0.5","1","1","13","0.302","0.302"
"6","100","watts-strogatz","0.01","2","0.1","2","CES","0.5","1","1","1","10","10","1","0.9","77","36","0.45","0.48","0.2","0","0.002","0.001","true","1","no","0","0","60","0","0","0","0.005","false","false","false","2","2","0.5","0.5","1","1","14","0.32","0.32"
"6","100","watts-strogatz","0.01","2","0.1","2","CES","0.5","1","1","1","10","10","1","0.9","77","36","0.45","0.48","0.2","0","0.002","0.001","true","1","no","0","0","60","0","0","0","0.005","false","false","false","2","2","0.5","0.5","1","1","15","0.336","0.336"
"6","100","watts-strogatz","0.01","2","0.1","2","CES","0.5","1","1","1","10","10","1","0.9","77","36","0.45","0.48","0.2","0","0.002","0.001","true","1","no","0","0","60","0","0","0","0.005","false","false","false","2","2","0.5","0.5","1","1","16","0.352","0.352"
"6","100","watts-strogatz","0.01","2","0.1","2","CES","0.5","1","1","1","10","10","1","0.9","77","36","0.45","0.48","0.2","0","0.002","0.001","true","1","no","0","0","60","0","0","0","0.005","false","false","false","2","2","0.5","0.5","1","1","17","0.367","0.367"
"6","100","watts-strogatz","0.01","2","0.1","2","CES","0.5","1","1","1","10","10","1","0.9","77","36","0.45","0.48","0.2","0","0.002","0.001","true","1","no","0","0","60","0","0","0","0.005","false","false","false","2","2","0.5","0.5","1","1","18","0.382","0.382"
"6","100","watts-strogatz","0.01","2","0.1","2","CES","0.5","1","1","1","10","10","1","0.9","77","36","0.45","0.48","0.2","0","0.002","0.001","true","1","no","0","0","60","0","0","0","0.005","false","false","false","2","2","0.5","0.5","1","1","19","0.396","0.396"
"6","100","watts-strogatz","0.01","2","0.1","2","CES","0.5","1","1","1","10","10","1","0.9","77","36","0.45","0.48","0.2","0","0.002","0.001","true","1","no","0","0","60","0","0","0","0.005","false","false","false","2","2","0.5","0.5","1","1","20","0.41","0.41"
"6","100","watts-strogatz","0.01","2","0.1","2","CES","0.5","1","1","1","10","10","1","0.9","77","36","0.45","0.48","0.2","0","0.002","0.001","true","1","no","0","0","60","0","0","0","0.005","false","false","false","2","2","0.5","0.5","1","1","21","0.423","0.423"
"6","100","watts-strogatz","0.01","2","0.1","2","CES","0.5","1","1","1","10","10","1","0.9","77","36","0.45","0.48","0.2","0","0.002","0.001","true","1","no","0","0","60","0","0","0","0.005","false","false","false","2","2","0.5","0.5","1","1","22","0.436","0.436"
"6","100","watts-strogatz","0.01","2","0.1","2","CES","0.5","1","1","1","10","10","1","0.9","77","36","0.45","0.48","0.2","0","0.002","0.001","true","1","no","0","0","60","0","0","0","0.005","false","false","false","2","2","0.5","0.5","1","1","23","0.449","0.449"
"6","100","watts-strogatz","0.01","2","0.1","2","CES","0.5","1","1","1","10","10","1","0.9","77","36","0.45","0.48","0.2","0","0.002","0.001","true","1","no","0","0","60","0","0","0","0.005","false","false","false","2","2","0.5","0.5","1","1","24","0.462","0.461"
"6","100","watts-strogatz","0.01","2","0.1","2","CES","0.5","1","1","1","10","10","1","0.9","77","36","0.45","0.48","0.2","0","0.002","0.001","true","1","no","0","0","60","0","0","0","0.005","false","false","false","2","2","0.5","0.5","1","1","25","0.474","0.474"
"6","100","watts-strogatz","0.01","2","0.1","2","CES","0.5","1","1","1","10","10","1","0.9","77","36","0.45","0.48","0.2","0","0.002","0.001","true","1","no","0","0","60","0","0","0","0.005","false","false","false","2","2","0.5","0.5","1","1","26","0.486","0.485"
"6","100","watts-strogatz","0.01","2","0.1","2","CES","0.5","1","1","1","10","10","1","0.9","77","36","0.45","0.48","0.2","0","0.002","0.001","true","1","no","0","0","60","0","0","0","0.005","false","false","false","2","2","0.5","0.5","1","1","27","0.497","0.497"
"6","100","watts-strogatz","0.01","2","0.1","2","CES","0.5","1","1","1","10","10","1","0.9","77","36","0.45","0.48","0.2","0","0.002","0.001","true","1","no","0","0","60","0","0","0","0.005","false","false","false","2","2","0.5","0.5","1","1","28","0.508","0.508"
"6","100","watts-strogatz","0.01","2","0.1","2","CES","0.5","1","1","1","10","10","1","0.9","77","36","0.45","0.48","0.2","0","0.002","0.001","true","1","no","0","0","60","0","0","0","0.005","false","false","false","2","2","0.5","0.5","1","1","29","0.52","0.519"
"6","100","watts-strogatz","0.01","2","0.1","2","CES","0.5","1","1","1","10","10","1","0.9","77","36","0.45","0.48","0.2","0","0.002","0.001","true","1","no","0","0","60","0","0","0","0.005","false","false","false","2","2","0.5","0.5","1","1","30","0.531","0.53"
"6","100","watts-strogatz","0.01","2","0.1","2","CES","0.5","1","1","1","10","10","1","0.9","77","36","0.45","0.48","0.2","0","0.002","0.001","true","1","no","0","0","60","0","0","0","0.005","false","false","false","2","2","0.5","0.5","1","1","31","0.542","0.541"
"6","100","watts-strogatz","0.01","2","0.1","2","CES","0.5","1","1","1","10","10","1","0.9","77","36","0.45","0.48","0.2","0","0.002","0.001","true","1","no","0","0","60","0","0","0","0.005","false","false","false","2","2","0.5","0.5","1","1","32","0.552","0.552"
"6","100","watts-strogatz","0.01","2","0.1","2","CES","0.5","1","1","1","10","10","1","0.9","77","36","0.45","0.48","0.2","0","0.002","0.001","true","1","no","0","0","60","0","0","0","0.005","false","false","false","2","2","0.5","0.5","1","1","33","0.562","0.562"
"6","100","watts-strogatz","0.01","2","0.1","2","CES","0.5","1","1","1","10","10","1","0.9","77","36","0.45","0.48","0.2","0","0.002","0.001","true","1","no","0","0","60","0","0","0","0.005","false","false","false","2","2","0.5","0.5","1","1","34","0.572","0.572"
"6","100","watts-strogatz","0.01","2","0.1","2","CES","0.5","1","1","1","10","10","1","0.9","77","36","0.45","0.48","0.2","0","0.002","0.001","true","1","no","0","0","60","0","0","0","0.005","false","false","false","2","2","0.5","0.5","1","1","35","0.582","0.582"
"6","100","watts-strogatz","0.01","2","0.1","2","CES","0.5","1","1","1","10","10","1","0.9","77","36","0.45","0.48","0.2","0","0.002","0.001","true","1","no","0","0","60","0","0","0","0.005","false","false","false","2","2","0.5","0.5","1","1","36","0.591","0.591"
"6","100","watts-strogatz","0.01","2","0.1","2","CES","0.5","1","1","1","10","10","1","0.9","77","36","0.45","0.48","0.2","0","0.002","0.001","true","1","no","0","0","60","0","0","0","0.005","false","false","false","2","2","0.5","0.5","1","1","37","0.601","0.601"
"6","100","watts-strogatz","0.01","2","0.1","2","CES","0.5","1","1","1","10","10","1","0.9","77","36","0.45","0.48","0.2","0","0.002","0.001","true","1","no","0","0","60","0","0","0","0.005","false","false","false","2","2","0.5","0.5","1","1","38","0.61","0.61"
"6","100","watts-strogatz","0.01","2","0.1","2","CES","0.5","1","1","1","10","10","1","0.9","77","36","0.45","0.48","0.2","0","0.002","0.001","true","1","no","0","0","60","0","0","0","0.005","false","false","false","2","2","0.5","0.5","1","1","39","0.619","0.619"
"6","100","watts-strogatz","0.01","2","0.1","2","CES","0.5","1","1","1","10","10","1","0.9","77","36","0.45","0.48","0.2","0","0.002","0.001","true","1","no","0","0","60","0","0","0","0.005","false","false","false","2","2","0.5","0.5","1","1","40","0.628","0.628"
"6","100","watts-strogatz","0.01","2","0.1","2","CES","0.5","1","1","1","10","10","1","0.9","77","36","0.45","0.48","0.2","0","0.002","0.001","true","1","no","0","0","60","0","0","0","0.005","false","false","false","2","2","0.5","0.5","1","1","41","0.636","0.636"
"6","100","watts-strogatz","0.01","2","0.1","2","CES","0.5","1","1","1","10","10","1","0.9","77","36","0.45","0.48","0.2","0","0.002","0.001","true","1","no","0","0","60","0","0","0","0.005","false","false","false","2","2","0.5","0.5","1","1","42","0.645","0.645"
"6","100","watts-strogatz","0.01","2","0.1","2","CES","0.5","1","1","1","10","10","1","0.9","77","36","0.45","0.48","0.2","0","0.002","0.001","true","1","no","0","0","60","0","0","0","0.005","false","false","false","2","2","0.5","0.5","1","1","43","0.653","0.653"
"6","100","watts-strogatz","0.01","2","0.1","2","CES","0.5","1","1","1","10","10","1","0.9","77","36","0.45","0.48","0.2","0","0.002","0.001","true","1","no","0","0","60","0","0","0","0.005","false","false","false","2","2","0.5","0.5","1","1","44","0.662","0.662"
"6","100","watts-strogatz","0.01","2","0.1","2","CES","0.5","1","1","1","10","10","1","0.9","77","36","0.45","0.48","0.2","0","0.002","0.001","true","1","no","0","0","60","0","0","0","0.005","false","false","false","2","2","0.5","0.5","1","1","45","0.67","0.67"
"6","100","watts-strogatz","0.01","2","0.1","2","CES","0.5","1","1","1","10","10","1","0.9","77","36","0.45","0.48","0.2","0","0.002","0.001","true","1","no","0","0","60","0","0","0","0.005","false","false","false","2","2","0.5","0.5","1","1","46","0.678","0.678"
"6","100","watts-strogatz","0.01","2","0.1","2","CES","0.5","1","1","1","10","10","1","0.9","77","36","0.45","0.48","0.2","0","0.002","0.001","true","1","no","0","0","60","0","0","0","0.005","false","false","false","2","2","0.5","0.5","1","1","47","0.686","0.686"
"6","100","watts-strogatz","0.01","2","0.1","2","CES","0.5","1","1","1","10","10","1","0.9","77","36","0.45","0.48","0.2","0","0.002","0.001","true","1","no","0","0","60","0","0","0","0.005","false","false","false","2","2","0.5","0.5","1","1","48","0.693","0.693"
"6","100","watts-strogatz","0.01","2","0.1","2","CES","0.5","1","1","1","10","10","1","0.9","77","36","0.45","0.48","0.2","0","0.002","0.001","true","1","no","0","0","60","0","0","0","0.005","false","false","false","2","2","0.5","0.5","1","1","49","0.701","0.701"
"6","100","watts-strogatz","0.01","2","0.1","2","CES","0.5","1","1","1","10","10","1","0.9","77","36","0.45","0.48","0.2","0","0.002","0.001","true","1","no","0","0","60","0","0","0","0.005","false","false","false","2","2","0.5","0.5","1","1","50","0.708","0.708"
"7","100","watts-strogatz","0.01","2","0.1","2","CES","0.5","1","1","1","10","10","1","0.9","77","36","0.45","0.48","0.2","0","0.002","0.001","true","1","no","0","0","60","0","0","0","0.005","false","false","false","2","2","0.5","0.5","1","1","0","0.004","0"
"7","100","watts-strogatz","0.01","2","0.1","2","CES","0.5","1","1","1","10","10","1","0.9","77","36","0.45","0.48","0.2","0","0.002","0.001","true","1","no","0","0","60","0","0","0","0.005","false","false","false","2","2","0.5","0.5","1","1","1","0.042","0.042"
"7","100","watts-strogatz","0.01","2","0.1","2","CES","0.5","1","1","1","10","10","1","0.9","77","36","0.45","0.48","0.2","0","0.002","0.001","true","1","no","0","0","60","0","0","0","0.005","false","false","false","2","2","0.5","0.5","1","1","2","0.069","0.069"
"7","100","watts-strogatz","0.01","2","0.1","2","CES","0.5","1","1","1","10","10","1","0.9","77","36","0.45","0.48","0.2","0","0.002","0.001","true","1","no","0","0","60","0","0","0","0.005","false","false","false","2","2","0.5","0.5","1","1","3","0.094","0.094"
"7","100","watts-strogatz","0.01","2","0.1","2","CES","0.5","1","1","1","10","10","1","0.9","77","36","0.45","0.48","0.2","0","0.002","0.001","true","1","no","0","0","60","0","0","0","0.005","false","false","false","2","2","0.5","0.5","1","1","4","0.118","0.118"
"7","100","watts-strogatz","0.01","2","0.1","2","CES","0.5","1","1","1","10","10","1","0.9","77","36","0.45","0.48","0.2","0","0.002","0.001","true","1","no","0","0","60","0","0","0","0.005","false","false","false","2","2","0.5","0.5","1","1","5","0.14","0.14"
"7","100","watts-strogatz","0.01","2","0.1","2","CES","0.5","1","1","1","10","10","1","0.9","77","36","0.45","0.48","0.2","0","0.002","0.001","true","1","no","0","0","60","0","0","0","0.005","false","false","false","2","2","0.5","0.5","1","1","6","0.162","0.162"
"7","100","watts-strogatz","0.01","2","0.1","2","CES","0.5","1","1","1","10","10","1","0.9","77","36","0.45","0.48","0.2","0","0.002","0.001","true","1","no","0","0","60","0","0","0","0.005","false","false","false","2","2","0.5","0.5","1","1","7","0.183","0.183"
"7","100","watts-strogatz","0.01","2","0.1","2","CES","0.5","1","1","1","10","10","1","0.9","77","36","0.45","0.48","0.2","0","0.002","0.001","true","1","no","0","0","60","0","0","0","0.005","false","false","false","2","2","0.5","0.5","1","1","8","0.203","0.203"
"7","100","watts-strogatz","0.01","2","0.1","2","CES","0.5","1","1","1","10","10","1","0.9","77","36","0.45","0.48","0.2","0","0.002","0.001","true","1","no","0","0","60","0","0","0","0.005","false","false","false","2","2","0.5","0.5","1","1","9","0.223","0.222"
"7","100","watts-strogatz","0.01","2","0.1","2","CES","0.5","1","1","1","10","10","1","0.9","77","36","0.45","0.48","0.2","0","0.002","0.001","true","1","no","0","0","60","0","0","0","0.005","false","false","false","2","2","0.5","0.5","1","1","10","0.241","0.241"
"7","100","watts-strogatz","0.01","2","0.1","2","CES","0.5","1","1","1","10","10","1","0.9","77","36","0.45","0.48","0.2","0","0.002","0.001","true","1","no","0","0","60","0","0","0","0.005","false","false","false","2","2","0.5","0.5","1","1","11","0.26","0.26"
"7","100","watts-strogatz","0.01","2","0.1","2","CES","0.5","1","1","1","10","10","1","0.9","77","36","0.45","0.48","0.2","0","0.002","0.001","true","1","no","0","0","60","0","0","0","0.005","false","false","false","2","2","0.5","0.5","1","1","12","0.278","0.278"
"7","100","watts-strogatz","0.01","2","0.1","2","CES","0.5","1","1","1","10","10","1","0.9","77","36","0.45","0.48","0.2","0","0.002","0.001","true","1","no","0","0","60","0","0","0","0.005","false","false","false","2","2","0.5","0.5","1","1","13","0.295","0.295"
"7","100","watts-strogatz","0.01","2","0.1","2","CES","0.5","1","1","1","10","10","1","0.9","77","36","0.45","0.48","0.2","0","0.002","0.001","true","1","no","0","0","60","0","0","0","0.005","false","false","false","2","2","0.5","0.5","1","1","14","0.311","0.311"
"7","100","watts-strogatz","0.01","2","0.1","2","CES","0.5","1","1","1","10","10","1","0.9","77","36","0.45","0.48","0.2","0","0.002","0.001","true","1","no","0","0","60","0","0","0","0.005","false","false","false","2","2","0.5","0.5","1","1","15","0.327","0.327"
"7","100","watts-strogatz","0.01","2","0.1","2","CES","0.5","1","1","1","10","10","1","0.9","77","36","0.45","0.48","0.2","0","0.002","0.001","true","1","no","0","0","60","0","0","0","0.005","false","false","false","2","2","0.5","0.5","1","1","16","0.343","0.343"
"7","100","watts-strogatz","0.01","2","0.1","2","CES","0.5","1","1","1","10","10","1","0.9","77","36","0.45","0.48","0.2","0","0.002","0.001","true","1","no","0","0","60","0","0","0","0.005","false","false","false","2","2","0.5","0.5","1","1","17","0.358","0.358"
"7","100","watts-strogatz","0.01","2","0.1","2","CES","0.5","1","1","1","10","10","1","0.9","77","36","0.45","0.48","0.2","0","0.002","0.001","true","1","no","0","0","60","0","0","0","0.005","false","false","false","2","2","0.5","0.5","1","1","18","0.372","0.372"
"7","100","watts-strogatz","0.01","2","0.1","2","CES","0.5","1","1","1","10","10","1","0.9","77","36","0.45","0.48","0.2","0","0.002","0.001","true","1","no","0","0","60","0","0","0","0.005","false","false","false","2","2","0.5","0.5","1","1","19","0.387","0.387"
"7","100","watts-strogatz","0.01","2","0.1","2","CES","0.5","1","1","1","10","10","1","0.9","77","36","0.45","0.48","0.2","0","0.002","0.001","true","1","no","0","0","60","0","0","0","0.005","false","false","false","2","2","0.5","0.5","1","1","20","0.4","0.4"
"7","100","watts-strogatz","0.01","2","0.1","2","CES","0.5","1","1","1","10","10","1","0.9","77","36","0.45","0.48","0.2","0","0.002","0.001","true","1","no","0","0","60","0","0","0","0.005","false","false","false","2","2","0.5","0.5","1","1","21","0.414","0.413"
"7","100","watts-strogatz","0.01","2","0.1","2","CES","0.5","1","1","1","10","10","1","0.9","77","36","0.45","0.48","0.2","0","0.002","0.001","true","1","no","0","0","60","0","0","0","0.005","false","false","false","2","2","0.5","0.5","1","1","22","0.427","0.427"
"7","100","watts-strogatz","0.01","2","0.1","2","CES","0.5","1","1","1","10","10","1","0.9","77","36","0.45","0.48","0.2","0","0.002","0.001","true","1","no","0","0","60","0","0","0","0.005","false","false","false","2","2","0.5","0.5","1","1","23","0.461","0.461"
"7","100","watts-strogatz","0.01","2","0.1","2","CES","0.5","1","1","1","10","10","1","0.9","77","36","0.45","0.48","0.2","0","0.002","0.001","true","1","no","0","0","60","0","0","0","0.005","false","false","false","2","2","0.5","0.5","1","1","24","0.474","0.474"
"7","100","watts-strogatz","0.01","2","0.1","2","CES","0.5","1","1","1","10","10","1","0.9","77","36","0.45","0.48","0.2","0","0.002","0.001","true","1","no","0","0","60","0","0","0","0.005","false","false","false","2","2","0.5","0.5","1","1","25","0.486","0.485"
"7","100","watts-strogatz","0.01","2","0.1","2","CES","0.5","1","1","1","10","10","1","0.9","77","36","0.45","0.48","0.2","0","0.002","0.001","true","1","no","0","0","60","0","0","0","0.005","false","false","false","2","2","0.5","0.5","1","1","26","0.498","0.498"
"7","100","watts-strogatz","0.01","2","0.1","2","CES","0.5","1","1","1","10","10","1","0.9","77","36","0.45","0.48","0.2","0","0.002","0.001","true","1","no","0","0","60","0","0","0","0.005","false","false","false","2","2","0.5","0.5","1","1","27","0.511","0.511"
"7","100","watts-strogatz","0.01","2","0.1","2","CES","0.5","1","1","1","10","10","1","0.9","77","36","0.45","0.48","0.2","0","0.002","0.001","true","1","no","0","0","60","0","0","0","0.005","false","false","false","2","2","0.5","0.5","1","1","28","0.525","0.525"
"7","100","watts-strogatz","0.01","2","0.1","2","CES","0.5","1","1","1","10","10","1","0.9","77","36","0.45","0.48","0.2","0","0.002","0.001","true","1","no","0","0","60","0","0","0","0.005","false","false","false","2","2","0.5","0.5","1","1","29","0.536","0.536"
"7","100","watts-strogatz","0.01","2","0.1","2","CES","0.5","1","1","1","10","10","1","0.9","77","36","0.45","0.48","0.2","0","0.002","0.001","true","1","no","0","0","60","0","0","0","0.005","false","false","false","2","2","0.5","0.5","1","1","30","0.547","0.547"
"7","100","watts-strogatz","0.01","2","0.1","2","CES","0.5","1","1","1","10","10","1","0.9","77","36","0.45","0.48","0.2","0","0.002","0.001","true","1","no","0","0","60","0","0","0","0.005","false","false","false","2","2","0.5","0.5","1","1","31","0.557","0.557"
"7","100","watts-strogatz","0.01","2","0.1","2","CES","0.5","1","1","1","10","10","1","0.9","77","36","0.45","0.48","0.2","0","0.002","0.001","true","1","no","0","0","60","0","0","0","0.005","false","false","false","2","2","0.5","0.5","1","1","32","0.567","0.567"
"7","100","watts-strogatz","0.01","2","0.1","2","CES","0.5","1","1","1","10","10","1","0.9","77","36","0.45","0.48","0.2","0","0.002","0.001","true","1","no","0","0","60","0","0","0","0.005","false","false","false","2","2","0.5","0.5","1","1","33","0.577","0.577"
"7","100","watts-strogatz","0.01","2","0.1","2","CES","0.5","1","1","1","10","10","1","0.9","77","36","0.45","0.48","0.2","0","0.002","0.001","true","1","no","0","0","60","0","0","0","0.005","false","false","false","2","2","0.5","0.5","1","1","34","0.587","0.587"
"7","100","watts-strogatz","0.01","2","0.1","2","CES","0.5","1","1","1","10","10","1","0.9","77","36","0.45","0.48","0.2","0","0.002","0.001","true","1","no","0","0","60","0","0","0","0.005","false","false","false","2","2","0.5","0.5","1","1","35","0.597","0.597"
"7","100","watts-strogatz","0.01","2","0.1","2","CES","0.5","1","1","1","10","10","1","0.9","77","36","0.45","0.48","0.2","0","0.002","0.001","true","1","no","0","0","60","0","0","0","0.005","false","false","false","2","2","0.5","0.5","1","1","36","0.606","0.606"
"7","100","watts-strogatz","0.01","2","0.1","2","CES","0.5","1","1","1","10","10","1","0.9","77","36","0.45","0.48","0.2","0","0.002","0.001","true","1","no","0","0","60","0","0","0","0.005","false","false","false","2","2","0.5","0.5","1","1","37","0.616","0.616"
"7","100","watts-strogatz","0.01","2","0.1","2","CES","0.5","1","1","1","10","10","1","0.9","77","36","0.45","0.48","0.2","0","0.002","0.001","true","1","no","0","0","60","0","0","0","0.005","false","false","false","2","2","0.5","0.5","1","1","38","0.625","0.625"
"7","100","watts-strogatz","0.01","2","0.1","2","CES","0.5","1","1","1","10","10","1","0.9","77","36","0.45","0.48","0.2","0","0.002","0.001","true","1","no","0","0","60","0","0","0","0.005","false","false","false","2","2","0.5","0.5","1","1","39","0.634","0.634"
"7","100","watts-strogatz","0.01","2","0.1","2","CES","0.5","1","1","1","10","10","1","0.9","77","36","0.45","0.48","0.2","0","0.002","0.001","true","1","no","0","0","60","0","0","0","0.005","false","false","false","2","2","0.5","0.5","1","1","40","0.643","0.643"
"7","100","watts-strogatz","0.01","2","0.1","2","CES","0.5","1","1","1","10","10","1","0.9","77","36","0.45","0.48","0.2","0","0.002","0.001","true","1","no","0","0","60","0","0","0","0.005","false","false","false","2","2","0.5","0.5","1","1","41","0.651","0.651"
"7","100","watts-strogatz","0.01","2","0.1","2","CES","0.5","1","1","1","10","10","1","0.9","77","36","0.45","0.48","0.2","0","0.002","0.001","true","1","no","0","0","60","0","0","0","0.005","false","false","false","2","2","0.5","0.5","1","1","42","0.66","0.66"
"7","100","watts-strogatz","0.01","2","0.1","2","CES","0.5","1","1","1","10","10","1","0.9","77","36","0.45","0.48","0.2","0","0.002","0.001","true","1","no","0","0","60","0","0","0","0.005","false","false","false","2","2","0.5","0.5","1","1","43","0.668","0.668"
"7","100","watts-strogatz","0.01","2","0.1","2","CES","0.5","1","1","1","10","10","1","0.9","77","36","0.45","0.48","0.2","0","0.002","0.001","true","1","no","0","0","60","0","0","0","0.005","false","false","false","2","2","0.5","0.5","1","1","44","0.676","0.676"
"7","100","watts-strogatz","0.01","2","0.1","2","CES","0.5","1","1","1","10","10","1","0.9","77","36","0.45","0.48","0.2","0","0.002","0.001","true","1","no","0","0","60","0","0","0","0.005","false","false","false","2","2","0.5","0.5","1","1","45","0.684","0.684"
"7","100","watts-strogatz","0.01","2","0.1","2","CES","0.5","1","1","1","10","10","1","0.9","77","36","0.45","0.48","0.2","0","0.002","0.001","true","1","no","0","0","60","0","0","0","0.005","false","false","false","2","2","0.5","0.5","1","1","46","0.692","0.692"
"7","100","watts-strogatz","0.01","2","0.1","2","CES","0.5","1","1","1","10","10","1","0.9","77","36","0.45","0.48","0.2","0","0.002","0.001","true","1","no","0","0","60","0","0","0","0.005","false","false","false","2","2","0.5","0.5","1","1","47","0.7","0.7"
"7","100","watts-strogatz","0.01","2","0.1","2","CES","0.5","1","1","1","10","10","1","0.9","77","36","0.45","0.48","0.2","0","0.002","0.001","true","1","no","0","0","60","0","0","0","0.005","false","false","false","2","2","0.5","0.5","1","1","48","0.707","0.707"
"7","100","watts-strogatz","0.01","2","0.1","2","CES","0.5","1","1","1","10","10","1","0.9","77","36","0.45","0.48","0.2","0","0.002","0.001","true","1","no","0","0","60","0","0","0","0.005","false","false","false","2","2","0.5","0.5","1","1","49","0.716","0.716"
"7","100","watts-strogatz","0.01","2","0.1","2","CES","0.5","1","1","1","10","10","1","0.9","77","36","0.45","0.48","0.2","0","0.002","0.001","true","1","no","0","0","60","0","0","0","0.005","false","false","false","2","2","0.5","0.5","1","1","50","0.723","0.723"
"8","100","watts-strogatz","0.01","2","0.1","2","CES","0.5","1","1","1","10","10","1","0.9","77","36","0.45","0.48","0.2","0","0.002","0.001","true","1","no","0","0","60","0","0","0","0.005","false","false","false","2","2","0.5","0.5","1","1","0","0.004","0"
"8","100","watts-strogatz","0.01","2","0.1","2","CES","0.5","1","1","1","10","10","1","0.9","77","36","0.45","0.48","0.2","0","0.002","0.001","true","1","no","0","0","60","0","0","0","0.005","false","false","false","2","2","0.5","0.5","1","1","1","0.043","0.043"
"8","100","watts-strogatz","0.01","2","0.1","2","CES","0.5","1","1","1","10","10","1","0.9","77","36","0.45","0.48","0.2","0","0.002","0.001","true","1","no","0","0","60","0","0","0","0.005","false","false","false","2","2","0.5","0.5","1","1","2","0.07","0.07"
"8","100","watts-strogatz","0.01","2","0.1","2","CES","0.5","1","1","1","10","10","1","0.9","77","36","0.45","0.48","0.2","0","0.002","0.001","true","1","no","0","0","60","0","0","0","0.005","false","false","false","2","2","0.5","0.5","1","1","3","0.095","0.095"
"8","100","watts-strogatz","0.01","2","0.1","2","CES","0.5","1","1","1","10","10","1","0.9","77","36","0.45","0.48","0.2","0","0.002","0.001","true","1","no","0","0","60","0","0","0","0.005","false","false","false","2","2","0.5","0.5","1","1","4","0.119","0.119"
"8","100","watts-strogatz","0.01","2","0.1","2","CES","0.5","1","1","1","10","10","1","0.9","77","36","0.45","0.48","0.2","0","0.002","0.001","true","1","no","0","0","60","0","0","0","0.005","false","false","false","2","2","0.5","0.5","1","1","5","0.142","0.142"
"8","100","watts-strogatz","0.01","2","0.1","2","CES","0.5","1","1","1","10","10","1","0.9","77","36","0.45","0.48","0.2","0","0.002","0.001","true","1","no","0","0","60","0","0","0","0.005","false","false","false","2","2","0.5","0.5","1","1","6","0.164","0.164"
"8","100","watts-strogatz","0.01","2","0.1","2","CES","0.5","1","1","1","10","10","1","0.9","77","36","0.45","0.48","0.2","0","0.002","0.001","true","1","no","0","0","60","0","0","0","0.005","false","false","false","2","2","0.5","0.5","1","1","7","0.185","0.185"
"8","100","watts-strogatz","0.01","2","0.1","2","CES","0.5","1","1","1","10","10","1","0.9","77","36","0.45","0.48","0.2","0","0.002","0.001","true","1","no","0","0","60","0","0","0","0.005","false","false","false","2","2","0.5","0.5","1","1","8","0.206","0.206"
"8","100","watts-strogatz","0.01","2","0.1","2","CES","0.5","1","1","1","10","10","1","0.9","77","36","0.45","0.48","0.2","0","0.002","0.001","true","1","no","0","0","60","0","0","0","0.005","false","false","false","2","2","0.5","0.5","1","1","9","0.226","0.226"
"8","100","watts-strogatz","0.01","2","0.1","2","CES","0.5","1","1","1","10","10","1","0.9","77","36","0.45","0.48","0.2","0","0.002","0.001","true","1","no","0","0","60","0","0","0","0.005","false","false","false","2","2","0.5","0.5","1","1","10","0.245","0.245"
"8","100","watts-strogatz","0.01","2","0.1","2","CES","0.5","1","1","1","10","10","1","0.9","77","36","0.45","0.48","0.2","0","0.002","0.001","true","1","no","0","0","60","0","0","0","0.005","false","false","false","2","2","0.5","0.5","1","1","11","0.263","0.263"
"8","100","watts-strogatz","0.01","2","0.1","2","CES","0.5","1","1","1","10","10","1","0.9","77","36","0.45","0.48","0.2","0","0.002","0.001","true","1","no","0","0","60","0","0","0","0.005","false","false","false","2","2","0.5","0.5","1","1","12","0.281","0.281"
"8","100","watts-strogatz","0.01","2","0.1","2","CES","0.5","1","1","1","10","10","1","0.9","77","36","0.45","0.48","0.2","0","0.002","0.001","true","1","no","0","0","60","0","0","0","0.005","false","false","false","2","2","0.5","0.5","1","1","13","0.297","0.297"
"8","100","watts-strogatz","0.01","2","0.1","2","CES","0.5","1","1","1","10","10","1","0.9","77","36","0.45","0.48","0.2","0","0.002","0.001","true","1","no","0","0","60","0","0","0","0.005","false","false","false","2","2","0.5","0.5","1","1","14","0.314","0.314"
"8","100","watts-strogatz","0.01","2","0.1","2","CES","0.5","1","1","1","10","10","1","0.9","77","36","0.45","0.48","0.2","0","0.002","0.001","true","1","no","0","0","60","0","0","0","0.005","false","false","false","2","2","0.5","0.5","1","1","15","0.33","0.33"
"8","100","watts-strogatz","0.01","2","0.1","2","CES","0.5","1","1","1","10","10","1","0.9","77","36","0.45","0.48","0.2","0","0.002","0.001","true","1","no","0","0","60","0","0","0","0.005","false","false","false","2","2","0.5","0.5","1","1","16","0.346","0.346"
"8","100","watts-strogatz","0.01","2","0.1","2","CES","0.5","1","1","1","10","10","1","0.9","77","36","0.45","0.48","0.2","0","0.002","0.001","true","1","no","0","0","60","0","0","0","0.005","false","false","false","2","2","0.5","0.5","1","1","17","0.361","0.361"
"8","100","watts-strogatz","0.01","2","0.1","2","CES","0.5","1","1","1","10","10","1","0.9","77","36","0.45","0.48","0.2","0","0.002","0.001","true","1","no","0","0","60","0","0","0","0.005","false","false","false","2","2","0.5","0.5","1","1","18","0.375","0.375"
"8","100","watts-strogatz","0.01","2","0.1","2","CES","0.5","1","1","1","10","10","1","0.9","77","36","0.45","0.48","0.2","0","0.002","0.001","true","1","no","0","0","60","0","0","0","0.005","false","false","false","2","2","0.5","0.5","1","1","19","0.389","0.389"
"8","100","watts-strogatz","0.01","2","0.1","2","CES","0.5","1","1","1","10","10","1","0.9","77","36","0.45","0.48","0.2","0","0.002","0.001","true","1","no","0","0","60","0","0","0","0.005","false","false","false","2","2","0.5","0.5","1","1","20","0.403","0.403"
"8","100","watts-strogatz","0.01","2","0.1","2","CES","0.5","1","1","1","10","10","1","0.9","77","36","0.45","0.48","0.2","0","0.002","0.001","true","1","no","0","0","60","0","0","0","0.005","false","false","false","2","2","0.5","0.5","1","1","21","0.417","0.417"
"8","100","watts-strogatz","0.01","2","0.1","2","CES","0.5","1","1","1","10","10","1","0.9","77","36","0.45","0.48","0.2","0","0.002","0.001","true","1","no","0","0","60","0","0","0","0.005","false","false","false","2","2","0.5","0.5","1","1","22","0.431","0.431"
"8","100","watts-strogatz","0.01","2","0.1","2","CES","0.5","1","1","1","10","10","1","0.9","77","36","0.45","0.48","0.2","0","0.002","0.001","true","1","no","0","0","60","0","0","0","0.005","false","false","false","2","2","0.5","0.5","1","1","23","0.444","0.444"
"8","100","watts-strogatz","0.01","2","0.1","2","CES","0.5","1","1","1","10","10","1","0.9","77","36","0.45","0.48","0.2","0","0.002","0.001","true","1","no","0","0","60","0","0","0","0.005","false","false","false","2","2","0.5","0.5","1","1","24","0.456","0.456"
"8","100","watts-strogatz","0.01","2","0.1","2","CES","0.5","1","1","1","10","10","1","0.9","77","36","0.45","0.48","0.2","0","0.002","0.001","true","1","no","0","0","60","0","0","0","0.005","false","false","false","2","2","0.5","0.5","1","1","25","0.468","0.468"
"8","100","watts-strogatz","0.01","2","0.1","2","CES","0.5","1","1","1","10","10","1","0.9","77","36","0.45","0.48","0.2","0","0.002","0.001","true","1","no","0","0","60","0","0","0","0.005","false","false","false","2","2","0.5","0.5","1","1","26","0.48","0.48"
"8","100","watts-strogatz","0.01","2","0.1","2","CES","0.5","1","1","1","10","10","1","0.9","77","36","0.45","0.48","0.2","0","0.002","0.001","true","1","no","0","0","60","0","0","0","0.005","false","false","false","2","2","0.5","0.5","1","1","27","0.492","0.492"
"8","100","watts-strogatz","0.01","2","0.1","2","CES","0.5","1","1","1","10","10","1","0.9","77","36","0.45","0.48","0.2","0","0.002","0.001","true","1","no","0","0","60","0","0","0","0.005","false","false","false","2","2","0.5","0.5","1","1","28","0.503","0.503"
"8","100","watts-strogatz","0.01","2","0.1","2","CES","0.5","1","1","1","10","10","1","0.9","77","36","0.45","0.48","0.2","0","0.002","0.001","true","1","no","0","0","60","0","0","0","0.005","false","false","false","2","2","0.5","0.5","1","1","29","0.514","0.514"
"8","100","watts-strogatz","0.01","2","0.1","2","CES","0.5","1","1","1","10","10","1","0.9","77","36","0.45","0.48","0.2","0","0.002","0.001","true","1","no","0","0","60","0","0","0","0.005","false","false","false","2","2","0.5","0.5","1","1","30","0.525","0.525"
"8","100","watts-strogatz","0.01","2","0.1","2","CES","0.5","1","1","1","10","10","1","0.9","77","36","0.45","0.48","0.2","0","0.002","0.001","true","1","no","0","0","60","0","0","0","0.005","false","false","false","2","2","0.5","0.5","1","1","31","0.535","0.535"
"8","100","watts-strogatz","0.01","2","0.1","2","CES","0.5","1","1","1","10","10","1","0.9","77","36","0.45","0.48","0.2","0","0.002","0.001","true","1","no","0","0","60","0","0","0","0.005","false","false","false","2","2","0.5","0.5","1","1","32","0.546","0.546"
"8","100","watts-strogatz","0.01","2","0.1","2","CES","0.5","1","1","1","10","10","1","0.9","77","36","0.45","0.48","0.2","0","0.002","0.001","true","1","no","0","0","60","0","0","0","0.005","false","false","false","2","2","0.5","0.5","1","1","33","0.556","0.556"
"8","100","watts-strogatz","0.01","2","0.1","2","CES","0.5","1","1","1","10","10","1","0.9","77","36","0.45","0.48","0.2","0","0.002","0.001","true","1","no","0","0","60","0","0","0","0.005","false","false","false","2","2","0.5","0.5","1","1","34","0.566","0.566"
"8","100","watts-strogatz","0.01","2","0.1","2","CES","0.5","1","1","1","10","10","1","0.9","77","36","0.45","0.48","0.2","0","0.002","0.001","true","1","no","0","0","60","0","0","0","0.005","false","false","false","2","2","0.5","0.5","1","1","35","0.576","0.576"
"8","100","watts-strogatz","0.01","2","0.1","2","CES","0.5","1","1","1","10","10","1","0.9","77","36","0.45","0.48","0.2","0","0.002","0.001","true","1","no","0","0","60","0","0","0","0.005","false","false","false","2","2","0.5","0.5","1","1","36","0.585","0.585"
"8","100","watts-strogatz","0.01","2","0.1","2","CES","0.5","1","1","1","10","10","1","0.9","77","36","0.45","0.48","0.2","0","0.002","0.001","true","1","no","0","0","60","0","0","0","0.005","false","false","false","2","2","0.5","0.5","1","1","37","0.595","0.595"
"8","100","watts-strogatz","0.01","2","0.1","2","CES","0.5","1","1","1","10","10","1","0.9","77","36","0.45","0.48","0.2","0","0.002","0.001","true","1","no","0","0","60","0","0","0","0.005","false","false","false","2","2","0.5","0.5","1","1","38","0.604","0.604"
"8","100","watts-strogatz","0.01","2","0.1","2","CES","0.5","1","1","1","10","10","1","0.9","77","36","0.45","0.48","0.2","0","0.002","0.001","true","1","no","0","0","60","0","0","0","0.005","false","false","false","2","2","0.5","0.5","1","1","39","0.613","0.613"
"8","100","watts-strogatz","0.01","2","0.1","2","CES","0.5","1","1","1","10","10","1","0.9","77","36","0.45","0.48","0.2","0","0.002","0.001","true","1","no","0","0","60","0","0","0","0.005","false","false","false","2","2","0.5","0.5","1","1","40","0.622","0.622"
"8","100","watts-strogatz","0.01","2","0.1","2","CES","0.5","1","1","1","10","10","1","0.9","77","36","0.45","0.48","0.2","0","0.002","0.001","true","1","no","0","0","60","0","0","0","0.005","false","false","false","2","2","0.5","0.5","1","1","41","0.631","0.63"
"8","100","watts-strogatz","0.01","2","0.1","2","CES","0.5","1","1","1","10","10","1","0.9","77","36","0.45","0.48","0.2","0","0.002","0.001","true","1","no","0","0","60","0","0","0","0.005","false","false","false","2","2","0.5","0.5","1","1","42","0.639","0.639"
"8","100","watts-strogatz","0.01","2","0.1","2","CES","0.5","1","1","1","10","10","1","0.9","77","36","0.45","0.48","0.2","0","0.002","0.001","true","1","no","0","0","60","0","0","0","0.005","false","false","false","2","2","0.5","0.5","1","1","43","0.648","0.648"
"8","100","watts-strogatz","0.01","2","0.1","2","CES","0.5","1","1","1","10","10","1","0.9","77","36","0.45","0.48","0.2","0","0.002","0.001","true","1","no","0","0","60","0","0","0","0.005","false","false","false","2","2","0.5","0.5","1","1","44","0.656","0.656"
"8","100","watts-strogatz","0.01","2","0.1","2","CES","0.5","1","1","1","10","10","1","0.9","77","36","0.45","0.48","0.2","0","0.002","0.001","true","1","no","0","0","60","0","0","0","0.005","false","false","false","2","2","0.5","0.5","1","1","45","0.665","0.665"
"8","100","watts-strogatz","0.01","2","0.1","2","CES","0.5","1","1","1","10","10","1","0.9","77","36","0.45","0.48","0.2","0","0.002","0.001","true","1","no","0","0","60","0","0","0","0.005","false","false","false","2","2","0.5","0.5","1","1","46","0.673","0.673"
"8","100","watts-strogatz","0.01","2","0.1","2","CES","0.5","1","1","1","10","10","1","0.9","77","36","0.45","0.48","0.2","0","0.002","0.001","true","1","no","0","0","60","0","0","0","0.005","false","false","false","2","2","0.5","0.5","1","1","47","0.681","0.68"
"8","100","watts-strogatz","0.01","2","0.1","2","CES","0.5","1","1","1","10","10","1","0.9","77","36","0.45","0.48","0.2","0","0.002","0.001","true","1","no","0","0","60","0","0","0","0.005","false","false","false","2","2","0.5","0.5","1","1","48","0.688","0.688"
"8","100","watts-strogatz","0.01","2","0.1","2","CES","0.5","1","1","1","10","10","1","0.9","77","36","0.45","0.48","0.2","0","0.002","0.001","true","1","no","0","0","60","0","0","0","0.005","false","false","false","2","2","0.5","0.5","1","1","49","0.696","0.696"
"8","100","watts-strogatz","0.01","2","0.1","2","CES","0.5","1","1","1","10","10","1","0.9","77","36","0.45","0.48","0.2","0","0.002","0.001","true","1","no","0","0","60","0","0","0","0.005","false","false","false","2","2","0.5","0.5","1","1","50","0.703","0.703"
"9","100","watts-strogatz","0.01","2","0.1","2","CES","0.5","1","1","1","10","10","1","0.9","77","36","0.45","0.48","0.2","0","0.002","0.001","true","1","no","0","0","60","0","0","0","0.005","false","false","false","2","2","0.5","0.5","1","1","0","0.004","0"
"9","100","watts-strogatz","0.01","2","0.1","2","CES","0.5","1","1","1","10","10","1","0.9","77","36","0.45","0.48","0.2","0","0.002","0.001","true","1","no","0","0","60","0","0","0","0.005","false","false","false","2","2","0.5","0.5","1","1","1","0.042","0.042"
"9","100","watts-strogatz","0.01","2","0.1","2","CES","0.5","1","1","1","10","10","1","0.9","77","36","0.45","0.48","0.2","0","0.002","0.001","true","1","no","0","0","60","0","0","0","0.005","false","false","false","2","2","0.5","0.5","1","1","2","0.069","0.069"
"9","100","watts-strogatz","0.01","2","0.1","2","CES","0.5","1","1","1","10","10","1","0.9","77","36","0.45","0.48","0.2","0","0.002","0.001","true","1","no","0","0","60","0","0","0","0.005","false","false","false","2","2","0.5","0.5","1","1","3","0.094","0.094"
"9","100","watts-strogatz","0.01","2","0.1","2","CES","0.5","1","1","1","10","10","1","0.9","77","36","0.45","0.48","0.2","0","0.002","0.001","true","1","no","0","0","60","0","0","0","0.005","false","false","false","2","2","0.5","0.5","1","1","4","0.117","0.117"
"9","100","watts-strogatz","0.01","2","0.1","2","CES","0.5","1","1","1","10","10","1","0.9","77","36","0.45","0.48","0.2","0","0.002","0.001","true","1","no","0","0","60","0","0","0","0.005","false","false","false","2","2","0.5","0.5","1","1","5","0.14","0.14"
"9","100","watts-strogatz","0.01","2","0.1","2","CES","0.5","1","1","1","10","10","1","0.9","77","36","0.45","0.48","0.2","0","0.002","0.001","true","1","no","0","0","60","0","0","0","0.005","false","false","false","2","2","0.5","0.5","1","1","6","0.161","0.161"
"9","100","watts-strogatz","0.01","2","0.1","2","CES","0.5","1","1","1","10","10","1","0.9","77","36","0.45","0.48","0.2","0","0.002","0.001","true","1","no","0","0","60","0","0","0","0.005","false","false","false","2","2","0.5","0.5","1","1","7","0.183","0.183"
"9","100","watts-strogatz","0.01","2","0.1","2","CES","0.5","1","1","1","10","10","1","0.9","77","36","0.45","0.48","0.2","0","0.002","0.001","true","1","no","0","0","60","0","0","0","0.005","false","false","false","2","2","0.5","0.5","1","1","8","0.203","0.203"
"9","100","watts-strogatz","0.01","2","0.1","2","CES","0.5","1","1","1","10","10","1","0.9","77","36","0.45","0.48","0.2","0","0.002","0.001","true","1","no","0","0","60","0","0","0","0.005","false","false","false","2","2","0.5","0.5","1","1","9","0.222","0.222"
"9","100","watts-strogatz","0.01","2","0.1","2","CES","0.5","1","1","1","10","10","1","0.9","77","36","0.45","0.48","0.2","0","0.002","0.001","true","1","no","0","0","60","0","0","0","0.005","false","false","false","2","2","0.5","0.5","1","1","10","0.241","0.241"
"9","100","watts-strogatz","0.01","2","0.1","2","CES","0.5","1","1","1","10","10","1","0.9","77","36","0.45","0.48","0.2","0","0.002","0.001","true","1","no","0","0","60","0","0","0","0.005","false","false","false","2","2","0.5","0.5","1","1","11","0.259","0.259"
"9","100","watts-strogatz","0.01","2","0.1","2","CES","0.5","1","1","1","10","10","1","0.9","77","36","0.45","0.48","0.2","0","0.002","0.001","true","1","no","0","0","60","0","0","0","0.005","false","false","false","2","2","0.5","0.5","1","1","12","0.276","0.276"
"9","100","watts-strogatz","0.01","2","0.1","2","CES","0.5","1","1","1","10","10","1","0.9","77","36","0.45","0.48","0.2","0","0.002","0.001","true","1","no","0","0","60","0","0","0","0.005","false","false","false","2","2","0.5","0.5","1","1","13","0.293","0.293"
"9","100","watts-strogatz","0.01","2","0.1","2","CES","0.5","1","1","1","10","10","1","0.9","77","36","0.45","0.48","0.2","0","0.002","0.001","true","1","no","0","0","60","0","0","0","0.005","false","false","false","2","2","0.5","0.5","1","1","14","0.31","0.31"
"9","100","watts-strogatz","0.01","2","0.1","2","CES","0.5","1","1","1","10","10","1","0.9","77","36","0.45","0.48","0.2","0","0.002","0.001","true","1","no","0","0","60","0","0","0","0.005","false","false","false","2","2","0.5","0.5","1","1","15","0.326","0.326"
"9","100","watts-strogatz","0.01","2","0.1","2","CES","0.5","1","1","1","10","10","1","0.9","77","36","0.45","0.48","0.2","0","0.002","0.001","true","1","no","0","0","60","0","0","0","0.005","false","false","false","2","2","0.5","0.5","1","1","16","0.342","0.342"
"9","100","watts-strogatz","0.01","2","0.1","2","CES","0.5","1","1","1","10","10","1","0.9","77","36","0.45","0.48","0.2","0","0.002","0.001","true","1","no","0","0","60","0","0","0","0.005","false","false","false","2","2","0.5","0.5","1","1","17","0.356","0.356"
"9","100","watts-strogatz","0.01","2","0.1","2","CES","0.5","1","1","1","10","10","1","0.9","77","36","0.45","0.48","0.2","0","0.002","0.001","true","1","no","0","0","60","0","0","0","0.005","false","false","false","2","2","0.5","0.5","1","1","18","0.371","0.371"
"9","100","watts-strogatz","0.01","2","0.1","2","CES","0.5","1","1","1","10","10","1","0.9","77","36","0.45","0.48","0.2","0","0.002","0.001","true","1","no","0","0","60","0","0","0","0.005","false","false","false","2","2","0.5","0.5","1","1","19","0.386","0.386"
"9","100","watts-strogatz","0.01","2","0.1","2","CES","0.5","1","1","1","10","10","1","0.9","77","36","0.45","0.48","0.2","0","0.002","0.001","true","1","no","0","0","60","0","0","0","0.005","false","false","false","2","2","0.5","0.5","1","1","20","0.4","0.4"
"9","100","watts-strogatz","0.01","2","0.1","2","CES","0.5","1","1","1","10","10","1","0.9","77","36","0.45","0.48","0.2","0","0.002","0.001","true","1","no","0","0","60","0","0","0","0.005","false","false","false","2","2","0.5","0.5","1","1","21","0.413","0.413"
"9","100","watts-strogatz","0.01","2","0.1","2","CES","0.5","1","1","1","10","10","1","0.9","77","36","0.45","0.48","0.2","0","0.002","0.001","true","1","no","0","0","60","0","0","0","0.005","false","false","false","2","2","0.5","0.5","1","1","22","0.426","0.426"
"9","100","watts-strogatz","0.01","2","0.1","2","CES","0.5","1","1","1","10","10","1","0.9","77","36","0.45","0.48","0.2","0","0.002","0.001","true","1","no","0","0","60","0","0","0","0.005","false","false","false","2","2","0.5","0.5","1","1","23","0.439","0.439"
"9","100","watts-strogatz","0.01","2","0.1","2","CES","0.5","1","1","1","10","10","1","0.9","77","36","0.45","0.48","0.2","0","0.002","0.001","true","1","no","0","0","60","0","0","0","0.005","false","false","false","2","2","0.5","0.5","1","1","24","0.451","0.451"
"9","100","watts-strogatz","0.01","2","0.1","2","CES","0.5","1","1","1","10","10","1","0.9","77","36","0.45","0.48","0.2","0","0.002","0.001","true","1","no","0","0","60","0","0","0","0.005","false","false","false","2","2","0.5","0.5","1","1","25","0.463","0.463"
"9","100","watts-strogatz","0.01","2","0.1","2","CES","0.5","1","1","1","10","10","1","0.9","77","36","0.45","0.48","0.2","0","0.002","0.001","true","1","no","0","0","60","0","0","0","0.005","false","false","false","2","2","0.5","0.5","1","1","26","0.475","0.475"
"9","100","watts-strogatz","0.01","2","0.1","2","CES","0.5","1","1","1","10","10","1","0.9","77","36","0.45","0.48","0.2","0","0.002","0.001","true","1","no","0","0","60","0","0","0","0.005","false","false","false","2","2","0.5","0.5","1","1","27","0.487","0.487"
"9","100","watts-strogatz","0.01","2","0.1","2","CES","0.5","1","1","1","10","10","1","0.9","77","36","0.45","0.48","0.2","0","0.002","0.001","true","1","no","0","0","60","0","0","0","0.005","false","false","false","2","2","0.5","0.5","1","1","28","0.498","0.498"
"9","100","watts-strogatz","0.01","2","0.1","2","CES","0.5","1","1","1","10","10","1","0.9","77","36","0.45","0.48","0.2","0","0.002","0.001","true","1","no","0","0","60","0","0","0","0.005","false","false","false","2","2","0.5","0.5","1","1","29","0.509","0.509"
"9","100","watts-strogatz","0.01","2","0.1","2","CES","0.5","1","1","1","10","10","1","0.9","77","36","0.45","0.48","0.2","0","0.002","0.001","true","1","no","0","0","60","0","0","0","0.005","false","false","false","2","2","0.5","0.5","1","1","30","0.519","0.519"
"9","100","watts-strogatz","0.01","2","0.1","2","CES","0.5","1","1","1","10","10","1","0.9","77","36","0.45","0.48","0.2","0","0.002","0.001","true","1","no","0","0","60","0","0","0","0.005","false","false","false","2","2","0.5","0.5","1","1","31","0.53","0.53"
"9","100","watts-strogatz","0.01","2","0.1","2","CES","0.5","1","1","1","10","10","1","0.9","77","36","0.45","0.48","0.2","0","0.002","0.001","true","1","no","0","0","60","0","0","0","0.005","false","false","false","2","2","0.5","0.5","1","1","32","0.595","0.595"
"9","100","watts-strogatz","0.01","2","0.1","2","CES","0.5","1","1","1","10","10","1","0.9","77","36","0.45","0.48","0.2","0","0.002","0.001","true","1","no","0","0","60","0","0","0","0.005","false","false","false","2","2","0.5","0.5","1","1","33","0.659","0.659"
"9","100","watts-strogatz","0.01","2","0.1","2","CES","0.5","1","1","1","10","10","1","0.9","77","36","0.45","0.48","0.2","0","0.002","0.001","true","1","no","0","0","60","0","0","0","0.005","false","false","false","2","2","0.5","0.5","1","1","34","0.669","0.669"
"9","100","watts-strogatz","0.01","2","0.1","2","CES","0.5","1","1","1","10","10","1","0.9","77","36","0.45","0.48","0.2","0","0.002","0.001","true","1","no","0","0","60","0","0","0","0.005","false","false","false","2","2","0.5","0.5","1","1","35","0.678","0.678"
"9","100","watts-strogatz","0.01","2","0.1","2","CES","0.5","1","1","1","10","10","1","0.9","77","36","0.45","0.48","0.2","0","0.002","0.001","true","1","no","0","0","60","0","0","0","0.005","false","false","false","2","2","0.5","0.5","1","1","36","0.687","0.687"
"9","100","watts-strogatz","0.01","2","0.1","2","CES","0.5","1","1","1","10","10","1","0.9","77","36","0.45","0.48","0.2","0","0.002","0.001","true","1","no","0","0","60","0","0","0","0.005","false","false","false","2","2","0.5","0.5","1","1","37","0.696","0.696"
"9","100","watts-strogatz","0.01","2","0.1","2","CES","0.5","1","1","1","10","10","1","0.9","77","36","0.45","0.48","0.2","0","0.002","0.001","true","1","no","0","0","60","0","0","0","0.005","false","false","false","2","2","0.5","0.5","1","1","38","0.705","0.705"
"9","100","watts-strogatz","0.01","2","0.1","2","CES","0.5","1","1","1","10","10","1","0.9","77","36","0.45","0.48","0.2","0","0.002","0.001","true","1","no","0","0","60","0","0","0","0.005","false","false","false","2","2","0.5","0.5","1","1","39","0.714","0.714"
"9","100","watts-strogatz","0.01","2","0.1","2","CES","0.5","1","1","1","10","10","1","0.9","77","36","0.45","0.48","0.2","0","0.002","0.001","true","1","no","0","0","60","0","0","0","0.005","false","false","false","2","2","0.5","0.5","1","1","40","0.723","0.723"
"9","100","watts-strogatz","0.01","2","0.1","2","CES","0.5","1","1","1","10","10","1","0.9","77","36","0.45","0.48","0.2","0","0.002","0.001","true","1","no","0","0","60","0","0","0","0.005","false","false","false","2","2","0.5","0.5","1","1","41","0.731","0.731"
"9","100","watts-strogatz","0.01","2","0.1","2","CES","0.5","1","1","1","10","10","1","0.9","77","36","0.45","0.48","0.2","0","0.002","0.001","true","1","no","0","0","60","0","0","0","0.005","false","false","false","2","2","0.5","0.5","1","1","42","0.74","0.74"
"9","100","watts-strogatz","0.01","2","0.1","2","CES","0.5","1","1","1","10","10","1","0.9","77","36","0.45","0.48","0.2","0","0.002","0.001","true","1","no","0","0","60","0","0","0","0.005","false","false","false","2","2","0.5","0.5","1","1","43","0.748","0.748"
"9","100","watts-strogatz","0.01","2","0.1","2","CES","0.5","1","1","1","10","10","1","0.9","77","36","0.45","0.48","0.2","0","0.002","0.001","true","1","no","0","0","60","0","0","0","0.005","false","false","false","2","2","0.5","0.5","1","1","44","0.756","0.756"
"9","100","watts-strogatz","0.01","2","0.1","2","CES","0.5","1","1","1","10","10","1","0.9","77","36","0.45","0.48","0.2","0","0.002","0.001","true","1","no","0","0","60","0","0","0","0.005","false","false","false","2","2","0.5","0.5","1","1","45","0.764","0.764"
"9","100","watts-strogatz","0.01","2","0.1","2","CES","0.5","1","1","1","10","10","1","0.9","77","36","0.45","0.48","0.2","0","0.002","0.001","true","1","no","0","0","60","0","0","0","0.005","false","false","false","2","2","0.5","0.5","1","1","46","0.772","0.771"
"9","100","watts-strogatz","0.01","2","0.1","2","CES","0.5","1","1","1","10","10","1","0.9","77","36","0.45","0.48","0.2","0","0.002","0.001","true","1","no","0","0","60","0","0","0","0.005","false","false","false","2","2","0.5","0.5","1","1","47","0.779","0.779"
"9","100","watts-strogatz","0.01","2","0.1","2","CES","0.5","1","1","1","10","10","1","0.9","77","36","0.45","0.48","0.2","0","0.002","0.001","true","1","no","0","0","60","0","0","0","0.005","false","false","false","2","2","0.5","0.5","1","1","48","0.787","0.787"
"9","100","watts-strogatz","0.01","2","0.1","2","CES","0.5","1","1","1","10","10","1","0.9","77","36","0.45","0.48","0.2","0","0.002","0.001","true","1","no","0","0","60","0","0","0","0.005","false","false","false","2","2","0.5","0.5","1","1","49","0.794","0.794"
"9","100","watts-strogatz","0.01","2","0.1","2","CES","0.5","1","1","1","10","10","1","0.9","77","36","0.45","0.48","0.2","0","0.002","0.001","true","1","no","0","0","60","0","0","0","0.005","false","false","false","2","2","0.5","0.5","1","1","50","0.801","0.801"
