"BehaviorSpace results (NetLogo 7.0.4)","Table version 2.0"
"/home/franzs/Schreibtisch/Arbeit/gendernorms/gender_model_shocks_preferences.nlogox"
"pop_n50_t50"
"09/26/2026 12:13:12:715 +0200"
"min-pxcor","max-pxcor","min-pycor","max-pycor"
"-38","38","-16","16"
"[run number]","number-agents-each-type","network-structure","random-network-prob","watts-strogatz-neighbors","watts-strogatz-rewiring","preferential-attachment-min-degree","utility-function","CES_beta","weight-working-time-self","weight-working-time-partner","weight-transfer","conformism-male","conformism-female","wage-male","wage-female","norm-paid-time-male","norm-paid-time-female","preference-private-mean-male","preference-private-mean-female","std-dev-values","initial-transfer","lambda","convergence_epsilon","fixed-rs","random-seed-fixed","shock","perc-affected-male","perc-affected-female","shock-start","wage-growth-rate","preference-private-shock-male","preference-private-shock-female","shock-depreciation","import-csv","specific-couple","output-locations","wage-female-in-question","wage-male-in-question","preference-private-female-in-question","preference-private-male-in-question","conformism-male-in-question","conformism-female-in-question","[step]","timer","run-time"
"1","50","watts-strogatz","0.01","2","0.1","2","CES","0.5","1","1","1","10","10","1","0.9","77","36","0.45","0.48","0.2","0","0.002","0.001","true","1","no","0","0","60","0","0","0","0.005","false","false","false","2","2","0.5","0.5","1","1","0","0.064","0"
"1","50","watts-strogatz","0.01","2","0.1","2","CES","0.5","1","1","1","10","10","1","0.9","77","36","0.45","0.48","0.2","0","0.002","0.001","true","1","no","0","0","60","0","0","0","0.005","false","false","false","2","2","0.5","0.5","1","1","1","0.21","0.209"
"1","50","watts-strogatz","0.01","2","0.1","2","CES","0.5","1","1","1","10","10","1","0.9","77","36","0.45","0.48","0.2","0","0.002","0.001","true","1","no","0","0","60","0","0","0","0.005","false","false","false","2","2","0.5","0.5","1","1","2","0.247","0.247"
"1","50","watts-strogatz","0.01","2","0.1","2","CES","0.5","1","1","1","10","10","1","0.9","77","36","0.45","0.48","0.2","0","0.002","0.001","true","1","no","0","0","60","0","0","0","0.005","false","false","false","2","2","0.5","0.5","1","1","3","0.269","0.269"
"1","50","watts-strogatz","0.01","2","0.1","2","CES","0.5","1","1","1","10","10","1","0.9","77","36","0.45","0.48","0.2","0","0.002","0.001","true","1","no","0","0","60","0","0","0","0.005","false","false","false","2","2","0.5","0.5","1","1","4","0.287","0.287"
"1","50","watts-strogatz","0.01","2","0.1","2","CES","0.5","1","1","1","10","10","1","0.9","77","36","0.45","0.48","0.2","0","0.002","0.001","true","1","no","0","0","60","0","0","0","0.005","false","false","false","2","2","0.5","0.5","1","1","5","0.303","0.303"
"1","50","watts-strogatz","0.01","2","0.1","2","CES","0.5","1","1","1","10","10","1","0.9","77","36","0.45","0.48","0.2","0","0.002","0.001","true","1","no","0","0","60","0","0","0","0.005","false","false","false","2","2","0.5","0.5","1","1","6","0.318","0.317"
"1","50","watts-strogatz","0.01","2","0.1","2","CES","0.5","1","1","1","10","10","1","0.9","77","36","0.45","0.48","0.2","0","0.002","0.001","true","1","no","0","0","60","0","0","0","0.005","false","false","false","2","2","0.5","0.5","1","1","7","0.331","0.331"
"1","50","watts-strogatz","0.01","2","0.1","2","CES","0.5","1","1","1","10","10","1","0.9","77","36","0.45","0.48","0.2","0","0.002","0.001","true","1","no","0","0","60","0","0","0","0.005","false","false","false","2","2","0.5","0.5","1","1","8","0.35","0.35"
"1","50","watts-strogatz","0.01","2","0.1","2","CES","0.5","1","1","1","10","10","1","0.9","77","36","0.45","0.48","0.2","0","0.002","0.001","true","1","no","0","0","60","0","0","0","0.005","false","false","false","2","2","0.5","0.5","1","1","9","0.361","0.361"
"1","50","watts-strogatz","0.01","2","0.1","2","CES","0.5","1","1","1","10","10","1","0.9","77","36","0.45","0.48","0.2","0","0.002","0.001","true","1","no","0","0","60","0","0","0","0.005","false","false","false","2","2","0.5","0.5","1","1","10","0.372","0.372"
"1","50","watts-strogatz","0.01","2","0.1","2","CES","0.5","1","1","1","10","10","1","0.9","77","36","0.45","0.48","0.2","0","0.002","0.001","true","1","no","0","0","60","0","0","0","0.005","false","false","false","2","2","0.5","0.5","1","1","11","0.386","0.386"
"1","50","watts-strogatz","0.01","2","0.1","2","CES","0.5","1","1","1","10","10","1","0.9","77","36","0.45","0.48","0.2","0","0.002","0.001","true","1","no","0","0","60","0","0","0","0.005","false","false","false","2","2","0.5","0.5","1","1","12","0.398","0.398"
"1","50","watts-strogatz","0.01","2","0.1","2","CES","0.5","1","1","1","10","10","1","0.9","77","36","0.45","0.48","0.2","0","0.002","0.001","true","1","no","0","0","60","0","0","0","0.005","false","false","false","2","2","0.5","0.5","1","1","13","0.411","0.411"
"1","50","watts-strogatz","0.01","2","0.1","2","CES","0.5","1","1","1","10","10","1","0.9","77","36","0.45","0.48","0.2","0","0.002","0.001","true","1","no","0","0","60","0","0","0","0.005","false","false","false","2","2","0.5","0.5","1","1","14","0.423","0.423"
"1","50","watts-strogatz","0.01","2","0.1","2","CES","0.5","1","1","1","10","10","1","0.9","77","36","0.45","0.48","0.2","0","0.002","0.001","true","1","no","0","0","60","0","0","0","0.005","false","false","false","2","2","0.5","0.5","1","1","15","0.435","0.434"
"1","50","watts-strogatz","0.01","2","0.1","2","CES","0.5","1","1","1","10","10","1","0.9","77","36","0.45","0.48","0.2","0","0.002","0.001","true","1","no","0","0","60","0","0","0","0.005","false","false","false","2","2","0.5","0.5","1","1","16","0.446","0.446"
"1","50","watts-strogatz","0.01","2","0.1","2","CES","0.5","1","1","1","10","10","1","0.9","77","36","0.45","0.48","0.2","0","0.002","0.001","true","1","no","0","0","60","0","0","0","0.005","false","false","false","2","2","0.5","0.5","1","1","17","0.461","0.461"
"1","50","watts-strogatz","0.01","2","0.1","2","CES","0.5","1","1","1","10","10","1","0.9","77","36","0.45","0.48","0.2","0","0.002","0.001","true","1","no","0","0","60","0","0","0","0.005","false","false","false","2","2","0.5","0.5","1","1","18","0.47","0.47"
"1","50","watts-strogatz","0.01","2","0.1","2","CES","0.5","1","1","1","10","10","1","0.9","77","36","0.45","0.48","0.2","0","0.002","0.001","true","1","no","0","0","60","0","0","0","0.005","false","false","false","2","2","0.5","0.5","1","1","19","0.48","0.48"
"1","50","watts-strogatz","0.01","2","0.1","2","CES","0.5","1","1","1","10","10","1","0.9","77","36","0.45","0.48","0.2","0","0.002","0.001","true","1","no","0","0","60","0","0","0","0.005","false","false","false","2","2","0.5","0.5","1","1","20","0.488","0.488"
"1","50","watts-strogatz","0.01","2","0.1","2","CES","0.5","1","1","1","10","10","1","0.9","77","36","0.45","0.48","0.2","0","0.002","0.001","true","1","no","0","0","60","0","0","0","0.005","false","false","false","2","2","0.5","0.5","1","1","21","0.496","0.496"
"1","50","watts-strogatz","0.01","2","0.1","2","CES","0.5","1","1","1","10","10","1","0.9","77","36","0.45","0.48","0.2","0","0.002","0.001","true","1","no","0","0","60","0","0","0","0.005","false","false","false","2","2","0.5","0.5","1","1","22","0.505","0.505"
"1","50","watts-strogatz","0.01","2","0.1","2","CES","0.5","1","1","1","10","10","1","0.9","77","36","0.45","0.48","0.2","0","0.002","0.001","true","1","no","0","0","60","0","0","0","0.005","false","false","false","2","2","0.5","0.5","1","1","23","0.513","0.513"
"1","50","watts-strogatz","0.01","2","0.1","2","CES","0.5","1","1","1","10","10","1","0.9","77","36","0.45","0.48","0.2","0","0.002","0.001","true","1","no","0","0","60","0","0","0","0.005","false","false","false","2","2","0.5","0.5","1","1","24","0.519","0.519"
"1","50","watts-strogatz","0.01","2","0.1","2","CES","0.5","1","1","1","10","10","1","0.9","77","36","0.45","0.48","0.2","0","0.002","0.001","true","1","no","0","0","60","0","0","0","0.005","false","false","false","2","2","0.5","0.5","1","1","25","0.525","0.525"
"1","50","watts-strogatz","0.01","2","0.1","2","CES","0.5","1","1","1","10","10","1","0.9","77","36","0.45","0.48","0.2","0","0.002","0.001","true","1","no","0","0","60","0","0","0","0.005","false","false","false","2","2","0.5","0.5","1","1","26","0.531","0.531"
"1","50","watts-strogatz","0.01","2","0.1","2","CES","0.5","1","1","1","10","10","1","0.9","77","36","0.45","0.48","0.2","0","0.002","0.001","true","1","no","0","0","60","0","0","0","0.005","false","false","false","2","2","0.5","0.5","1","1","27","0.537","0.537"
"1","50","watts-strogatz","0.01","2","0.1","2","CES","0.5","1","1","1","10","10","1","0.9","77","36","0.45","0.48","0.2","0","0.002","0.001","true","1","no","0","0","60","0","0","0","0.005","false","false","false","2","2","0.5","0.5","1","1","28","0.543","0.543"
"1","50","watts-strogatz","0.01","2","0.1","2","CES","0.5","1","1","1","10","10","1","0.9","77","36","0.45","0.48","0.2","0","0.002","0.001","true","1","no","0","0","60","0","0","0","0.005","false","false","false","2","2","0.5","0.5","1","1","29","0.549","0.549"
"1","50","watts-strogatz","0.01","2","0.1","2","CES","0.5","1","1","1","10","10","1","0.9","77","36","0.45","0.48","0.2","0","0.002","0.001","true","1","no","0","0","60","0","0","0","0.005","false","false","false","2","2","0.5","0.5","1","1","30","0.554","0.554"
"1","50","watts-strogatz","0.01","2","0.1","2","CES","0.5","1","1","1","10","10","1","0.9","77","36","0.45","0.48","0.2","0","0.002","0.001","true","1","no","0","0","60","0","0","0","0.005","false","false","false","2","2","0.5","0.5","1","1","31","0.56","0.56"
"1","50","watts-strogatz","0.01","2","0.1","2","CES","0.5","1","1","1","10","10","1","0.9","77","36","0.45","0.48","0.2","0","0.002","0.001","true","1","no","0","0","60","0","0","0","0.005","false","false","false","2","2","0.5","0.5","1","1","32","0.565","0.565"
"1","50","watts-strogatz","0.01","2","0.1","2","CES","0.5","1","1","1","10","10","1","0.9","77","36","0.45","0.48","0.2","0","0.002","0.001","true","1","no","0","0","60","0","0","0","0.005","false","false","false","2","2","0.5","0.5","1","1","33","0.571","0.57"
"1","50","watts-strogatz","0.01","2","0.1","2","CES","0.5","1","1","1","10","10","1","0.9","77","36","0.45","0.48","0.2","0","0.002","0.001","true","1","no","0","0","60","0","0","0","0.005","false","false","false","2","2","0.5","0.5","1","1","34","0.576","0.576"
"1","50","watts-strogatz","0.01","2","0.1","2","CES","0.5","1","1","1","10","10","1","0.9","77","36","0.45","0.48","0.2","0","0.002","0.001","true","1","no","0","0","60","0","0","0","0.005","false","false","false","2","2","0.5","0.5","1","1","35","0.585","0.585"
"1","50","watts-strogatz","0.01","2","0.1","2","CES","0.5","1","1","1","10","10","1","0.9","77","36","0.45","0.48","0.2","0","0.002","0.001","true","1","no","0","0","60","0","0","0","0.005","false","false","false","2","2","0.5","0.5","1","1","36","0.59","0.59"
"1","50","watts-strogatz","0.01","2","0.1","2","CES","0.5","1","1","1","10","10","1","0.9","77","36","0.45","0.48","0.2","0","0.002","0.001","true","1","no","0","0","60","0","0","0","0.005","false","false","false","2","2","0.5","0.5","1","1","37","0.596","0.596"
"1","50","watts-strogatz","0.01","2","0.1","2","CES","0.5","1","1","1","10","10","1","0.9","77","36","0.45","0.48","0.2","0","0.002","0.001","true","1","no","0","0","60","0","0","0","0.005","false","false","false","2","2","0.5","0.5","1","1","38","0.601","0.601"
"1","50","watts-strogatz","0.01","2","0.1","2","CES","0.5","1","1","1","10","10","1","0.9","77","36","0.45","0.48","0.2","0","0.002","0.001","true","1","no","0","0","60","0","0","0","0.005","false","false","false","2","2","0.5","0.5","1","1","39","0.606","0.606"
"1","50","watts-strogatz","0.01","2","0.1","2","CES","0.5","1","1","1","10","10","1","0.9","77","36","0.45","0.48","0.2","0","0.002","0.001","true","1","no","0","0","60","0","0","0","0.005","false","false","false","2","2","0.5","0.5","1","1","40","0.611","0.611"
"1","50","watts-strogatz","0.01","2","0.1","2","CES","0.5","1","1","1","10","10","1","0.9","77","36","0.45","0.48","0.2","0","0.002","0.001","true","1","no","0","0","60","0","0","0","0.005","false","false","false","2","2","0.5","0.5","1","1","41","0.616","0.616"
"1","50","watts-strogatz","0.01","2","0.1","2","CES","0.5","1","1","1","10","10","1","0.9","77","36","0.45","0.48","0.2","0","0.002","0.001","true","1","no","0","0","60","0","0","0","0.005","false","false","false","2","2","0.5","0.5","1","1","42","0.62","0.62"
"1","50","watts-strogatz","0.01","2","0.1","2","CES","0.5","1","1","1","10","10","1","0.9","77","36","0.45","0.48","0.2","0","0.002","0.001","true","1","no","0","0","60","0","0","0","0.005","false","false","false","2","2","0.5","0.5","1","1","43","0.624","0.624"
"1","50","watts-strogatz","0.01","2","0.1","2","CES","0.5","1","1","1","10","10","1","0.9","77","36","0.45","0.48","0.2","0","0.002","0.001","true","1","no","0","0","60","0","0","0","0.005","false","false","false","2","2","0.5","0.5","1","1","44","0.629","0.629"
"1","50","watts-strogatz","0.01","2","0.1","2","CES","0.5","1","1","1","10","10","1","0.9","77","36","0.45","0.48","0.2","0","0.002","0.001","true","1","no","0","0","60","0","0","0","0.005","false","false","false","2","2","0.5","0.5","1","1","45","0.633","0.633"
"1","50","watts-strogatz","0.01","2","0.1","2","CES","0.5","1","1","1","10","10","1","0.9","77","36","0.45","0.48","0.2","0","0.002","0.001","true","1","no","0","0","60","0","0","0","0.005","false","false","false","2","2","0.5","0.5","1","1","46","0.637","0.637"
"1","50","watts-strogatz","0.01","2","0.1","2","CES","0.5","1","1","1","10","10","1","0.9","77","36","0.45","0.48","0.2","0","0.002","0.001","true","1","no","0","0","60","0","0","0","0.005","false","false","false","2","2","0.5","0.5","1","1","47","0.641","0.64"
"1","50","watts-strogatz","0.01","2","0.1","2","CES","0.5","1","1","1","10","10","1","0.9","77","36","0.45","0.48","0.2","0","0.002","0.001","true","1","no","0","0","60","0","0","0","0.005","false","false","false","2","2","0.5","0.5","1","1","48","0.644","0.644"
"1","50","watts-strogatz","0.01","2","0.1","2","CES","0.5","1","1","1","10","10","1","0.9","77","36","0.45","0.48","0.2","0","0.002","0.001","true","1","no","0","0","60","0","0","0","0.005","false","false","false","2","2","0.5","0.5","1","1","49","0.648","0.648"
"1","50","watts-strogatz","0.01","2","0.1","2","CES","0.5","1","1","1","10","10","1","0.9","77","36","0.45","0.48","0.2","0","0.002","0.001","true","1","no","0","0","60","0","0","0","0.005","false","false","false","2","2","0.5","0.5","1","1","50","0.652","0.652"
"2","50","watts-strogatz","0.01","2","0.1","2","CES","0.5","1","1","1","10","10","1","0.9","77","36","0.45","0.48","0.2","0","0.002","0.001","true","1","no","0","0","60","0","0","0","0.005","false","false","false","2","2","0.5","0.5","1","1","0","0.009","0"
"2","50","watts-strogatz","0.01","2","0.1","2","CES","0.5","1","1","1","10","10","1","0.9","77","36","0.45","0.48","0.2","0","0.002","0.001","true","1","no","0","0","60","0","0","0","0.005","false","false","false","2","2","0.5","0.5","1","1","1","0.028","0.028"
"2","50","watts-strogatz","0.01","2","0.1","2","CES","0.5","1","1","1","10","10","1","0.9","77","36","0.45","0.48","0.2","0","0.002","0.001","true","1","no","0","0","60","0","0","0","0.005","false","false","false","2","2","0.5","0.5","1","1","2","0.046","0.046"
"2","50","watts-strogatz","0.01","2","0.1","2","CES","0.5","1","1","1","10","10","1","0.9","77","36","0.45","0.48","0.2","0","0.002","0.001","true","1","no","0","0","60","0","0","0","0.005","false","false","false","2","2","0.5","0.5","1","1","3","0.059","0.059"
"2","50","watts-strogatz","0.01","2","0.1","2","CES","0.5","1","1","1","10","10","1","0.9","77","36","0.45","0.48","0.2","0","0.002","0.001","true","1","no","0","0","60","0","0","0","0.005","false","false","false","2","2","0.5","0.5","1","1","4","0.071","0.071"
"2","50","watts-strogatz","0.01","2","0.1","2","CES","0.5","1","1","1","10","10","1","0.9","77","36","0.45","0.48","0.2","0","0.002","0.001","true","1","no","0","0","60","0","0","0","0.005","false","false","false","2","2","0.5","0.5","1","1","5","0.084","0.084"
"2","50","watts-strogatz","0.01","2","0.1","2","CES","0.5","1","1","1","10","10","1","0.9","77","36","0.45","0.48","0.2","0","0.002","0.001","true","1","no","0","0","60","0","0","0","0.005","false","false","false","2","2","0.5","0.5","1","1","6","0.097","0.096"
"2","50","watts-strogatz","0.01","2","0.1","2","CES","0.5","1","1","1","10","10","1","0.9","77","36","0.45","0.48","0.2","0","0.002","0.001","true","1","no","0","0","60","0","0","0","0.005","false","false","false","2","2","0.5","0.5","1","1","7","0.108","0.108"
"2","50","watts-strogatz","0.01","2","0.1","2","CES","0.5","1","1","1","10","10","1","0.9","77","36","0.45","0.48","0.2","0","0.002","0.001","true","1","no","0","0","60","0","0","0","0.005","false","false","false","2","2","0.5","0.5","1","1","8","0.118","0.118"
"2","50","watts-strogatz","0.01","2","0.1","2","CES","0.5","1","1","1","10","10","1","0.9","77","36","0.45","0.48","0.2","0","0.002","0.001","true","1","no","0","0","60","0","0","0","0.005","false","false","false","2","2","0.5","0.5","1","1","9","0.128","0.128"
"2","50","watts-strogatz","0.01","2","0.1","2","CES","0.5","1","1","1","10","10","1","0.9","77","36","0.45","0.48","0.2","0","0.002","0.001","true","1","no","0","0","60","0","0","0","0.005","false","false","false","2","2","0.5","0.5","1","1","10","0.138","0.138"
"2","50","watts-strogatz","0.01","2","0.1","2","CES","0.5","1","1","1","10","10","1","0.9","77","36","0.45","0.48","0.2","0","0.002","0.001","true","1","no","0","0","60","0","0","0","0.005","false","false","false","2","2","0.5","0.5","1","1","11","0.148","0.147"
"2","50","watts-strogatz","0.01","2","0.1","2","CES","0.5","1","1","1","10","10","1","0.9","77","36","0.45","0.48","0.2","0","0.002","0.001","true","1","no","0","0","60","0","0","0","0.005","false","false","false","2","2","0.5","0.5","1","1","12","0.162","0.162"
"2","50","watts-strogatz","0.01","2","0.1","2","CES","0.5","1","1","1","10","10","1","0.9","77","36","0.45","0.48","0.2","0","0.002","0.001","true","1","no","0","0","60","0","0","0","0.005","false","false","false","2","2","0.5","0.5","1","1","13","0.172","0.172"
"2","50","watts-strogatz","0.01","2","0.1","2","CES","0.5","1","1","1","10","10","1","0.9","77","36","0.45","0.48","0.2","0","0.002","0.001","true","1","no","0","0","60","0","0","0","0.005","false","false","false","2","2","0.5","0.5","1","1","14","0.181","0.181"
"2","50","watts-strogatz","0.01","2","0.1","2","CES","0.5","1","1","1","10","10","1","0.9","77","36","0.45","0.48","0.2","0","0.002","0.001","true","1","no","0","0","60","0","0","0","0.005","false","false","false","2","2","0.5","0.5","1","1","15","0.191","0.191"
"2","50","watts-strogatz","0.01","2","0.1","2","CES","0.5","1","1","1","10","10","1","0.9","77","36","0.45","0.48","0.2","0","0.002","0.001","true","1","no","0","0","60","0","0","0","0.005","false","false","false","2","2","0.5","0.5","1","1","16","0.2","0.2"
"2","50","watts-strogatz","0.01","2","0.1","2","CES","0.5","1","1","1","10","10","1","0.9","77","36","0.45","0.48","0.2","0","0.002","0.001","true","1","no","0","0","60","0","0","0","0.005","false","false","false","2","2","0.5","0.5","1","1","17","0.21","0.209"
"2","50","watts-strogatz","0.01","2","0.1","2","CES","0.5","1","1","1","10","10","1","0.9","77","36","0.45","0.48","0.2","0","0.002","0.001","true","1","no","0","0","60","0","0","0","0.005","false","false","false","2","2","0.5","0.5","1","1","18","0.218","0.218"
"2","50","watts-strogatz","0.01","2","0.1","2","CES","0.5","1","1","1","10","10","1","0.9","77","36","0.45","0.48","0.2","0","0.002","0.001","true","1","no","0","0","60","0","0","0","0.005","false","false","false","2","2","0.5","0.5","1","1","19","0.226","0.226"
"2","50","watts-strogatz","0.01","2","0.1","2","CES","0.5","1","1","1","10","10","1","0.9","77","36","0.45","0.48","0.2","0","0.002","0.001","true","1","no","0","0","60","0","0","0","0.005","false","false","false","2","2","0.5","0.5","1","1","20","0.233","0.233"
"2","50","watts-strogatz","0.01","2","0.1","2","CES","0.5","1","1","1","10","10","1","0.9","77","36","0.45","0.48","0.2","0","0.002","0.001","true","1","no","0","0","60","0","0","0","0.005","false","false","false","2","2","0.5","0.5","1","1","21","0.239","0.239"
"2","50","watts-strogatz","0.01","2","0.1","2","CES","0.5","1","1","1","10","10","1","0.9","77","36","0.45","0.48","0.2","0","0.002","0.001","true","1","no","0","0","60","0","0","0","0.005","false","false","false","2","2","0.5","0.5","1","1","22","0.246","0.246"
"2","50","watts-strogatz","0.01","2","0.1","2","CES","0.5","1","1","1","10","10","1","0.9","77","36","0.45","0.48","0.2","0","0.002","0.001","true","1","no","0","0","60","0","0","0","0.005","false","false","false","2","2","0.5","0.5","1","1","23","0.252","0.252"
"2","50","watts-strogatz","0.01","2","0.1","2","CES","0.5","1","1","1","10","10","1","0.9","77","36","0.45","0.48","0.2","0","0.002","0.001","true","1","no","0","0","60","0","0","0","0.005","false","false","false","2","2","0.5","0.5","1","1","24","0.258","0.258"
"2","50","watts-strogatz","0.01","2","0.1","2","CES","0.5","1","1","1","10","10","1","0.9","77","36","0.45","0.48","0.2","0","0.002","0.001","true","1","no","0","0","60","0","0","0","0.005","false","false","false","2","2","0.5","0.5","1","1","25","0.264","0.264"
"2","50","watts-strogatz","0.01","2","0.1","2","CES","0.5","1","1","1","10","10","1","0.9","77","36","0.45","0.48","0.2","0","0.002","0.001","true","1","no","0","0","60","0","0","0","0.005","false","false","false","2","2","0.5","0.5","1","1","26","0.274","0.274"
"2","50","watts-strogatz","0.01","2","0.1","2","CES","0.5","1","1","1","10","10","1","0.9","77","36","0.45","0.48","0.2","0","0.002","0.001","true","1","no","0","0","60","0","0","0","0.005","false","false","false","2","2","0.5","0.5","1","1","27","0.28","0.28"
"2","50","watts-strogatz","0.01","2","0.1","2","CES","0.5","1","1","1","10","10","1","0.9","77","36","0.45","0.48","0.2","0","0.002","0.001","true","1","no","0","0","60","0","0","0","0.005","false","false","false","2","2","0.5","0.5","1","1","28","0.287","0.287"
"2","50","watts-strogatz","0.01","2","0.1","2","CES","0.5","1","1","1","10","10","1","0.9","77","36","0.45","0.48","0.2","0","0.002","0.001","true","1","no","0","0","60","0","0","0","0.005","false","false","false","2","2","0.5","0.5","1","1","29","0.293","0.293"
"2","50","watts-strogatz","0.01","2","0.1","2","CES","0.5","1","1","1","10","10","1","0.9","77","36","0.45","0.48","0.2","0","0.002","0.001","true","1","no","0","0","60","0","0","0","0.005","false","false","false","2","2","0.5","0.5","1","1","30","0.299","0.299"
"2","50","watts-strogatz","0.01","2","0.1","2","CES","0.5","1","1","1","10","10","1","0.9","77","36","0.45","0.48","0.2","0","0.002","0.001","true","1","no","0","0","60","0","0","0","0.005","false","false","false","2","2","0.5","0.5","1","1","31","0.306","0.306"
"2","50","watts-strogatz","0.01","2","0.1","2","CES","0.5","1","1","1","10","10","1","0.9","77","36","0.45","0.48","0.2","0","0.002","0.001","true","1","no","0","0","60","0","0","0","0.005","false","false","false","2","2","0.5","0.5","1","1","32","0.364","0.364"
"2","50","watts-strogatz","0.01","2","0.1","2","CES","0.5","1","1","1","10","10","1","0.9","77","36","0.45","0.48","0.2","0","0.002","0.001","true","1","no","0","0","60","0","0","0","0.005","false","false","false","2","2","0.5","0.5","1","1","33","0.372","0.372"
"2","50","watts-strogatz","0.01","2","0.1","2","CES","0.5","1","1","1","10","10","1","0.9","77","36","0.45","0.48","0.2","0","0.002","0.001","true","1","no","0","0","60","0","0","0","0.005","false","false","false","2","2","0.5","0.5","1","1","34","0.431","0.43"
"2","50","watts-strogatz","0.01","2","0.1","2","CES","0.5","1","1","1","10","10","1","0.9","77","36","0.45","0.48","0.2","0","0.002","0.001","true","1","no","0","0","60","0","0","0","0.005","false","false","false","2","2","0.5","0.5","1","1","35","0.438","0.438"
"2","50","watts-strogatz","0.01","2","0.1","2","CES","0.5","1","1","1","10","10","1","0.9","77","36","0.45","0.48","0.2","0","0.002","0.001","true","1","no","0","0","60","0","0","0","0.005","false","false","false","2","2","0.5","0.5","1","1","36","0.443","0.443"
"2","50","watts-strogatz","0.01","2","0.1","2","CES","0.5","1","1","1","10","10","1","0.9","77","36","0.45","0.48","0.2","0","0.002","0.001","true","1","no","0","0","60","0","0","0","0.005","false","false","false","2","2","0.5","0.5","1","1","37","0.448","0.448"
"2","50","watts-strogatz","0.01","2","0.1","2","CES","0.5","1","1","1","10","10","1","0.9","77","36","0.45","0.48","0.2","0","0.002","0.001","true","1","no","0","0","60","0","0","0","0.005","false","false","false","2","2","0.5","0.5","1","1","38","0.454","0.454"
"2","50","watts-strogatz","0.01","2","0.1","2","CES","0.5","1","1","1","10","10","1","0.9","77","36","0.45","0.48","0.2","0","0.002","0.001","true","1","no","0","0","60","0","0","0","0.005","false","false","false","2","2","0.5","0.5","1","1","39","0.458","0.458"
"2","50","watts-strogatz","0.01","2","0.1","2","CES","0.5","1","1","1","10","10","1","0.9","77","36","0.45","0.48","0.2","0","0.002","0.001","true","1","no","0","0","60","0","0","0","0.005","false","false","false","2","2","0.5","0.5","1","1","40","0.462","0.462"
"2","50","watts-strogatz","0.01","2","0.1","2","CES","0.5","1","1","1","10","10","1","0.9","77","36","0.45","0.48","0.2","0","0.002","0.001","true","1","no","0","0","60","0","0","0","0.005","false","false","false","2","2","0.5","0.5","1","1","41","0.466","0.466"
"2","50","watts-strogatz","0.01","2","0.1","2","CES","0.5","1","1","1","10","10","1","0.9","77","36","0.45","0.48","0.2","0","0.002","0.001","true","1","no","0","0","60","0","0","0","0.005","false","false","false","2","2","0.5","0.5","1","1","42","0.47","0.47"
"2","50","watts-strogatz","0.01","2","0.1","2","CES","0.5","1","1","1","10","10","1","0.9","77","36","0.45","0.48","0.2","0","0.002","0.001","true","1","no","0","0","60","0","0","0","0.005","false","false","false","2","2","0.5","0.5","1","1","43","0.474","0.474"
"2","50","watts-strogatz","0.01","2","0.1","2","CES","0.5","1","1","1","10","10","1","0.9","77","36","0.45","0.48","0.2","0","0.002","0.001","true","1","no","0","0","60","0","0","0","0.005","false","false","false","2","2","0.5","0.5","1","1","44","0.478","0.478"
"2","50","watts-strogatz","0.01","2","0.1","2","CES","0.5","1","1","1","10","10","1","0.9","77","36","0.45","0.48","0.2","0","0.002","0.001","true","1","no","0","0","60","0","0","0","0.005","false","false","false","2","2","0.5","0.5","1","1","45","0.482","0.482"
"2","50","watts-strogatz","0.01","2","0.1","2","CES","0.5","1","1","1","10","10","1","0.9","77","36","0.45","0.48","0.2","0","0.002","0.001","true","1","no","0","0","60","0","0","0","0.005","false","false","false","2","2","0.5","0.5","1","1","46","0.486","0.486"
"2","50","watts-strogatz","0.01","2","0.1","2","CES","0.5","1","1","1","10","10","1","0.9","77","36","0.45","0.48","0.2","0","0.002","0.001","true","1","no","0","0","60","0","0","0","0.005","false","false","false","2","2","0.5","0.5","1","1","47","0.49","0.49"
"2","50","watts-strogatz","0.01","2","0.1","2","CES","0.5","1","1","1","10","10","1","0.9","77","36","0.45","0.48","0.2","0","0.002","0.001","true","1","no","0","0","60","0","0","0","0.005","false","false","false","2","2","0.5","0.5","1","1","48","0.494","0.494"
"2","50","watts-strogatz","0.01","2","0.1","2","CES","0.5","1","1","1","10","10","1","0.9","77","36","0.45","0.48","0.2","0","0.002","0.001","true","1","no","0","0","60","0","0","0","0.005","false","false","false","2","2","0.5","0.5","1","1","49","0.498","0.498"
"2","50","watts-strogatz","0.01","2","0.1","2","CES","0.5","1","1","1","10","10","1","0.9","77","36","0.45","0.48","0.2","0","0.002","0.001","true","1","no","0","0","60","0","0","0","0.005","false","false","false","2","2","0.5","0.5","1","1","50","0.502","0.502"
"3","50","watts-strogatz","0.01","2","0.1","2","CES","0.5","1","1","1","10","10","1","0.9","77","36","0.45","0.48","0.2","0","0.002","0.001","true","1","no","0","0","60","0","0","0","0.005","false","false","false","2","2","0.5","0.5","1","1","0","0.007","0"
"3","50","watts-strogatz","0.01","2","0.1","2","CES","0.5","1","1","1","10","10","1","0.9","77","36","0.45","0.48","0.2","0","0.002","0.001","true","1","no","0","0","60","0","0","0","0.005","false","false","false","2","2","0.5","0.5","1","1","1","0.025","0.025"
"3","50","watts-strogatz","0.01","2","0.1","2","CES","0.5","1","1","1","10","10","1","0.9","77","36","0.45","0.48","0.2","0","0.002","0.001","true","1","no","0","0","60","0","0","0","0.005","false","false","false","2","2","0.5","0.5","1","1","2","0.043","0.042"
"3","50","watts-strogatz","0.01","2","0.1","2","CES","0.5","1","1","1","10","10","1","0.9","77","36","0.45","0.48","0.2","0","0.002","0.001","true","1","no","0","0","60","0","0","0","0.005","false","false","false","2","2","0.5","0.5","1","1","3","0.055","0.055"
"3","50","watts-strogatz","0.01","2","0.1","2","CES","0.5","1","1","1","10","10","1","0.9","77","36","0.45","0.48","0.2","0","0.002","0.001","true","1","no","0","0","60","0","0","0","0.005","false","false","false","2","2","0.5","0.5","1","1","4","0.067","0.067"
"3","50","watts-strogatz","0.01","2","0.1","2","CES","0.5","1","1","1","10","10","1","0.9","77","36","0.45","0.48","0.2","0","0.002","0.001","true","1","no","0","0","60","0","0","0","0.005","false","false","false","2","2","0.5","0.5","1","1","5","0.078","0.078"
"3","50","watts-strogatz","0.01","2","0.1","2","CES","0.5","1","1","1","10","10","1","0.9","77","36","0.45","0.48","0.2","0","0.002","0.001","true","1","no","0","0","60","0","0","0","0.005","false","false","false","2","2","0.5","0.5","1","1","6","0.089","0.089"
"3","50","watts-strogatz","0.01","2","0.1","2","CES","0.5","1","1","1","10","10","1","0.9","77","36","0.45","0.48","0.2","0","0.002","0.001","true","1","no","0","0","60","0","0","0","0.005","false","false","false","2","2","0.5","0.5","1","1","7","0.099","0.099"
"3","50","watts-strogatz","0.01","2","0.1","2","CES","0.5","1","1","1","10","10","1","0.9","77","36","0.45","0.48","0.2","0","0.002","0.001","true","1","no","0","0","60","0","0","0","0.005","false","false","false","2","2","0.5","0.5","1","1","8","0.109","0.109"
"3","50","watts-strogatz","0.01","2","0.1","2","CES","0.5","1","1","1","10","10","1","0.9","77","36","0.45","0.48","0.2","0","0.002","0.001","true","1","no","0","0","60","0","0","0","0.005","false","false","false","2","2","0.5","0.5","1","1","9","0.118","0.118"
"3","50","watts-strogatz","0.01","2","0.1","2","CES","0.5","1","1","1","10","10","1","0.9","77","36","0.45","0.48","0.2","0","0.002","0.001","true","1","no","0","0","60","0","0","0","0.005","false","false","false","2","2","0.5","0.5","1","1","10","0.128","0.128"
"3","50","watts-strogatz","0.01","2","0.1","2","CES","0.5","1","1","1","10","10","1","0.9","77","36","0.45","0.48","0.2","0","0.002","0.001","true","1","no","0","0","60","0","0","0","0.005","false","false","false","2","2","0.5","0.5","1","1","11","0.138","0.138"
"3","50","watts-strogatz","0.01","2","0.1","2","CES","0.5","1","1","1","10","10","1","0.9","77","36","0.45","0.48","0.2","0","0.002","0.001","true","1","no","0","0","60","0","0","0","0.005","false","false","false","2","2","0.5","0.5","1","1","12","0.146","0.146"
"3","50","watts-strogatz","0.01","2","0.1","2","CES","0.5","1","1","1","10","10","1","0.9","77","36","0.45","0.48","0.2","0","0.002","0.001","true","1","no","0","0","60","0","0","0","0.005","false","false","false","2","2","0.5","0.5","1","1","13","0.155","0.155"
"3","50","watts-strogatz","0.01","2","0.1","2","CES","0.5","1","1","1","10","10","1","0.9","77","36","0.45","0.48","0.2","0","0.002","0.001","true","1","no","0","0","60","0","0","0","0.005","false","false","false","2","2","0.5","0.5","1","1","14","0.167","0.167"
"3","50","watts-strogatz","0.01","2","0.1","2","CES","0.5","1","1","1","10","10","1","0.9","77","36","0.45","0.48","0.2","0","0.002","0.001","true","1","no","0","0","60","0","0","0","0.005","false","false","false","2","2","0.5","0.5","1","1","15","0.176","0.176"
"3","50","watts-strogatz","0.01","2","0.1","2","CES","0.5","1","1","1","10","10","1","0.9","77","36","0.45","0.48","0.2","0","0.002","0.001","true","1","no","0","0","60","0","0","0","0.005","false","false","false","2","2","0.5","0.5","1","1","16","0.183","0.183"
"3","50","watts-strogatz","0.01","2","0.1","2","CES","0.5","1","1","1","10","10","1","0.9","77","36","0.45","0.48","0.2","0","0.002","0.001","true","1","no","0","0","60","0","0","0","0.005","false","false","false","2","2","0.5","0.5","1","1","17","0.191","0.191"
"3","50","watts-strogatz","0.01","2","0.1","2","CES","0.5","1","1","1","10","10","1","0.9","77","36","0.45","0.48","0.2","0","0.002","0.001","true","1","no","0","0","60","0","0","0","0.005","false","false","false","2","2","0.5","0.5","1","1","18","0.198","0.198"
"3","50","watts-strogatz","0.01","2","0.1","2","CES","0.5","1","1","1","10","10","1","0.9","77","36","0.45","0.48","0.2","0","0.002","0.001","true","1","no","0","0","60","0","0","0","0.005","false","false","false","2","2","0.5","0.5","1","1","19","0.205","0.205"
"3","50","watts-strogatz","0.01","2","0.1","2","CES","0.5","1","1","1","10","10","1","0.9","77","36","0.45","0.48","0.2","0","0.002","0.001","true","1","no","0","0","60","0","0","0","0.005","false","false","false","2","2","0.5","0.5","1","1","20","0.212","0.211"
"3","50","watts-strogatz","0.01","2","0.1","2","CES","0.5","1","1","1","10","10","1","0.9","77","36","0.45","0.48","0.2","0","0.002","0.001","true","1","no","0","0","60","0","0","0","0.005","false","false","false","2","2","0.5","0.5","1","1","21","0.218","0.218"
"3","50","watts-strogatz","0.01","2","0.1","2","CES","0.5","1","1","1","10","10","1","0.9","77","36","0.45","0.48","0.2","0","0.002","0.001","true","1","no","0","0","60","0","0","0","0.005","false","false","false","2","2","0.5","0.5","1","1","22","0.224","0.224"
"3","50","watts-strogatz","0.01","2","0.1","2","CES","0.5","1","1","1","10","10","1","0.9","77","36","0.45","0.48","0.2","0","0.002","0.001","true","1","no","0","0","60","0","0","0","0.005","false","false","false","2","2","0.5","0.5","1","1","23","0.23","0.23"
"3","50","watts-strogatz","0.01","2","0.1","2","CES","0.5","1","1","1","10","10","1","0.9","77","36","0.45","0.48","0.2","0","0.002","0.001","true","1","no","0","0","60","0","0","0","0.005","false","false","false","2","2","0.5","0.5","1","1","24","0.237","0.237"
"3","50","watts-strogatz","0.01","2","0.1","2","CES","0.5","1","1","1","10","10","1","0.9","77","36","0.45","0.48","0.2","0","0.002","0.001","true","1","no","0","0","60","0","0","0","0.005","false","false","false","2","2","0.5","0.5","1","1","25","0.243","0.243"
"3","50","watts-strogatz","0.01","2","0.1","2","CES","0.5","1","1","1","10","10","1","0.9","77","36","0.45","0.48","0.2","0","0.002","0.001","true","1","no","0","0","60","0","0","0","0.005","false","false","false","2","2","0.5","0.5","1","1","26","0.249","0.249"
"3","50","watts-strogatz","0.01","2","0.1","2","CES","0.5","1","1","1","10","10","1","0.9","77","36","0.45","0.48","0.2","0","0.002","0.001","true","1","no","0","0","60","0","0","0","0.005","false","false","false","2","2","0.5","0.5","1","1","27","0.255","0.255"
"3","50","watts-strogatz","0.01","2","0.1","2","CES","0.5","1","1","1","10","10","1","0.9","77","36","0.45","0.48","0.2","0","0.002","0.001","true","1","no","0","0","60","0","0","0","0.005","false","false","false","2","2","0.5","0.5","1","1","28","0.26","0.26"
"3","50","watts-strogatz","0.01","2","0.1","2","CES","0.5","1","1","1","10","10","1","0.9","77","36","0.45","0.48","0.2","0","0.002","0.001","true","1","no","0","0","60","0","0","0","0.005","false","false","false","2","2","0.5","0.5","1","1","29","0.266","0.266"
"3","50","watts-strogatz","0.01","2","0.1","2","CES","0.5","1","1","1","10","10","1","0.9","77","36","0.45","0.48","0.2","0","0.002","0.001","true","1","no","0","0","60","0","0","0","0.005","false","false","false","2","2","0.5","0.5","1","1","30","0.273","0.273"
"3","50","watts-strogatz","0.01","2","0.1","2","CES","0.5","1","1","1","10","10","1","0.9","77","36","0.45","0.48","0.2","0","0.002","0.001","true","1","no","0","0","60","0","0","0","0.005","false","false","false","2","2","0.5","0.5","1","1","31","0.278","0.278"
"3","50","watts-strogatz","0.01","2","0.1","2","CES","0.5","1","1","1","10","10","1","0.9","77","36","0.45","0.48","0.2","0","0.002","0.001","true","1","no","0","0","60","0","0","0","0.005","false","false","false","2","2","0.5","0.5","1","1","32","0.284","0.284"
"3","50","watts-strogatz","0.01","2","0.1","2","CES","0.5","1","1","1","10","10","1","0.9","77","36","0.45","0.48","0.2","0","0.002","0.001","true","1","no","0","0","60","0","0","0","0.005","false","false","false","2","2","0.5","0.5","1","1","33","0.29","0.29"
"3","50","watts-strogatz","0.01","2","0.1","2","CES","0.5","1","1","1","10","10","1","0.9","77","36","0.45","0.48","0.2","0","0.002","0.001","true","1","no","0","0","60","0","0","0","0.005","false","false","false","2","2","0.5","0.5","1","1","34","0.296","0.296"
"3","50","watts-strogatz","0.01","2","0.1","2","CES","0.5","1","1","1","10","10","1","0.9","77","36","0.45","0.48","0.2","0","0.002","0.001","true","1","no","0","0","60","0","0","0","0.005","false","false","false","2","2","0.5","0.5","1","1","35","0.301","0.301"
"3","50","watts-strogatz","0.01","2","0.1","2","CES","0.5","1","1","1","10","10","1","0.9","77","36","0.45","0.48","0.2","0","0.002","0.001","true","1","no","0","0","60","0","0","0","0.005","false","false","false","2","2","0.5","0.5","1","1","36","0.311","0.311"
"3","50","watts-strogatz","0.01","2","0.1","2","CES","0.5","1","1","1","10","10","1","0.9","77","36","0.45","0.48","0.2","0","0.002","0.001","true","1","no","0","0","60","0","0","0","0.005","false","false","false","2","2","0.5","0.5","1","1","37","0.316","0.316"
"3","50","watts-strogatz","0.01","2","0.1","2","CES","0.5","1","1","1","10","10","1","0.9","77","36","0.45","0.48","0.2","0","0.002","0.001","true","1","no","0","0","60","0","0","0","0.005","false","false","false","2","2","0.5","0.5","1","1","38","0.321","0.321"
"3","50","watts-strogatz","0.01","2","0.1","2","CES","0.5","1","1","1","10","10","1","0.9","77","36","0.45","0.48","0.2","0","0.002","0.001","true","1","no","0","0","60","0","0","0","0.005","false","false","false","2","2","0.5","0.5","1","1","39","0.327","0.327"
"3","50","watts-strogatz","0.01","2","0.1","2","CES","0.5","1","1","1","10","10","1","0.9","77","36","0.45","0.48","0.2","0","0.002","0.001","true","1","no","0","0","60","0","0","0","0.005","false","false","false","2","2","0.5","0.5","1","1","40","0.331","0.331"
"3","50","watts-strogatz","0.01","2","0.1","2","CES","0.5","1","1","1","10","10","1","0.9","77","36","0.45","0.48","0.2","0","0.002","0.001","true","1","no","0","0","60","0","0","0","0.005","false","false","false","2","2","0.5","0.5","1","1","41","0.335","0.335"
"3","50","watts-strogatz","0.01","2","0.1","2","CES","0.5","1","1","1","10","10","1","0.9","77","36","0.45","0.48","0.2","0","0.002","0.001","true","1","no","0","0","60","0","0","0","0.005","false","false","false","2","2","0.5","0.5","1","1","42","0.34","0.339"
"3","50","watts-strogatz","0.01","2","0.1","2","CES","0.5","1","1","1","10","10","1","0.9","77","36","0.45","0.48","0.2","0","0.002","0.001","true","1","no","0","0","60","0","0","0","0.005","false","false","false","2","2","0.5","0.5","1","1","43","0.344","0.344"
"3","50","watts-strogatz","0.01","2","0.1","2","CES","0.5","1","1","1","10","10","1","0.9","77","36","0.45","0.48","0.2","0","0.002","0.001","true","1","no","0","0","60","0","0","0","0.005","false","false","false","2","2","0.5","0.5","1","1","44","0.348","0.348"
"3","50","watts-strogatz","0.01","2","0.1","2","CES","0.5","1","1","1","10","10","1","0.9","77","36","0.45","0.48","0.2","0","0.002","0.001","true","1","no","0","0","60","0","0","0","0.005","false","false","false","2","2","0.5","0.5","1","1","45","0.352","0.352"
"3","50","watts-strogatz","0.01","2","0.1","2","CES","0.5","1","1","1","10","10","1","0.9","77","36","0.45","0.48","0.2","0","0.002","0.001","true","1","no","0","0","60","0","0","0","0.005","false","false","false","2","2","0.5","0.5","1","1","46","0.356","0.356"
"3","50","watts-strogatz","0.01","2","0.1","2","CES","0.5","1","1","1","10","10","1","0.9","77","36","0.45","0.48","0.2","0","0.002","0.001","true","1","no","0","0","60","0","0","0","0.005","false","false","false","2","2","0.5","0.5","1","1","47","0.36","0.36"
"3","50","watts-strogatz","0.01","2","0.1","2","CES","0.5","1","1","1","10","10","1","0.9","77","36","0.45","0.48","0.2","0","0.002","0.001","true","1","no","0","0","60","0","0","0","0.005","false","false","false","2","2","0.5","0.5","1","1","48","0.363","0.363"
"3","50","watts-strogatz","0.01","2","0.1","2","CES","0.5","1","1","1","10","10","1","0.9","77","36","0.45","0.48","0.2","0","0.002","0.001","true","1","no","0","0","60","0","0","0","0.005","false","false","false","2","2","0.5","0.5","1","1","49","0.367","0.367"
"3","50","watts-strogatz","0.01","2","0.1","2","CES","0.5","1","1","1","10","10","1","0.9","77","36","0.45","0.48","0.2","0","0.002","0.001","true","1","no","0","0","60","0","0","0","0.005","false","false","false","2","2","0.5","0.5","1","1","50","0.371","0.371"
"4","50","watts-strogatz","0.01","2","0.1","2","CES","0.5","1","1","1","10","10","1","0.9","77","36","0.45","0.48","0.2","0","0.002","0.001","true","1","no","0","0","60","0","0","0","0.005","false","false","false","2","2","0.5","0.5","1","1","0","0.005","0"
"4","50","watts-strogatz","0.01","2","0.1","2","CES","0.5","1","1","1","10","10","1","0.9","77","36","0.45","0.48","0.2","0","0.002","0.001","true","1","no","0","0","60","0","0","0","0.005","false","false","false","2","2","0.5","0.5","1","1","1","0.022","0.022"
"4","50","watts-strogatz","0.01","2","0.1","2","CES","0.5","1","1","1","10","10","1","0.9","77","36","0.45","0.48","0.2","0","0.002","0.001","true","1","no","0","0","60","0","0","0","0.005","false","false","false","2","2","0.5","0.5","1","1","2","0.037","0.037"
"4","50","watts-strogatz","0.01","2","0.1","2","CES","0.5","1","1","1","10","10","1","0.9","77","36","0.45","0.48","0.2","0","0.002","0.001","true","1","no","0","0","60","0","0","0","0.005","false","false","false","2","2","0.5","0.5","1","1","3","0.051","0.051"
"4","50","watts-strogatz","0.01","2","0.1","2","CES","0.5","1","1","1","10","10","1","0.9","77","36","0.45","0.48","0.2","0","0.002","0.001","true","1","no","0","0","60","0","0","0","0.005","false","false","false","2","2","0.5","0.5","1","1","4","0.063","0.063"
"4","50","watts-strogatz","0.01","2","0.1","2","CES","0.5","1","1","1","10","10","1","0.9","77","36","0.45","0.48","0.2","0","0.002","0.001","true","1","no","0","0","60","0","0","0","0.005","false","false","false","2","2","0.5","0.5","1","1","5","0.074","0.074"
"4","50","watts-strogatz","0.01","2","0.1","2","CES","0.5","1","1","1","10","10","1","0.9","77","36","0.45","0.48","0.2","0","0.002","0.001","true","1","no","0","0","60","0","0","0","0.005","false","false","false","2","2","0.5","0.5","1","1","6","0.091","0.09"
"4","50","watts-strogatz","0.01","2","0.1","2","CES","0.5","1","1","1","10","10","1","0.9","77","36","0.45","0.48","0.2","0","0.002","0.001","true","1","no","0","0","60","0","0","0","0.005","false","false","false","2","2","0.5","0.5","1","1","7","0.102","0.102"
"4","50","watts-strogatz","0.01","2","0.1","2","CES","0.5","1","1","1","10","10","1","0.9","77","36","0.45","0.48","0.2","0","0.002","0.001","true","1","no","0","0","60","0","0","0","0.005","false","false","false","2","2","0.5","0.5","1","1","8","0.115","0.115"
"4","50","watts-strogatz","0.01","2","0.1","2","CES","0.5","1","1","1","10","10","1","0.9","77","36","0.45","0.48","0.2","0","0.002","0.001","true","1","no","0","0","60","0","0","0","0.005","false","false","false","2","2","0.5","0.5","1","1","9","0.126","0.126"
"4","50","watts-strogatz","0.01","2","0.1","2","CES","0.5","1","1","1","10","10","1","0.9","77","36","0.45","0.48","0.2","0","0.002","0.001","true","1","no","0","0","60","0","0","0","0.005","false","false","false","2","2","0.5","0.5","1","1","10","0.137","0.136"
"4","50","watts-strogatz","0.01","2","0.1","2","CES","0.5","1","1","1","10","10","1","0.9","77","36","0.45","0.48","0.2","0","0.002","0.001","true","1","no","0","0","60","0","0","0","0.005","false","false","false","2","2","0.5","0.5","1","1","11","0.146","0.146"
"4","50","watts-strogatz","0.01","2","0.1","2","CES","0.5","1","1","1","10","10","1","0.9","77","36","0.45","0.48","0.2","0","0.002","0.001","true","1","no","0","0","60","0","0","0","0.005","false","false","false","2","2","0.5","0.5","1","1","12","0.155","0.155"
"4","50","watts-strogatz","0.01","2","0.1","2","CES","0.5","1","1","1","10","10","1","0.9","77","36","0.45","0.48","0.2","0","0.002","0.001","true","1","no","0","0","60","0","0","0","0.005","false","false","false","2","2","0.5","0.5","1","1","13","0.163","0.163"
"4","50","watts-strogatz","0.01","2","0.1","2","CES","0.5","1","1","1","10","10","1","0.9","77","36","0.45","0.48","0.2","0","0.002","0.001","true","1","no","0","0","60","0","0","0","0.005","false","false","false","2","2","0.5","0.5","1","1","14","0.17","0.17"
"4","50","watts-strogatz","0.01","2","0.1","2","CES","0.5","1","1","1","10","10","1","0.9","77","36","0.45","0.48","0.2","0","0.002","0.001","true","1","no","0","0","60","0","0","0","0.005","false","false","false","2","2","0.5","0.5","1","1","15","0.178","0.178"
"4","50","watts-strogatz","0.01","2","0.1","2","CES","0.5","1","1","1","10","10","1","0.9","77","36","0.45","0.48","0.2","0","0.002","0.001","true","1","no","0","0","60","0","0","0","0.005","false","false","false","2","2","0.5","0.5","1","1","16","0.185","0.185"
"4","50","watts-strogatz","0.01","2","0.1","2","CES","0.5","1","1","1","10","10","1","0.9","77","36","0.45","0.48","0.2","0","0.002","0.001","true","1","no","0","0","60","0","0","0","0.005","false","false","false","2","2","0.5","0.5","1","1","17","0.192","0.192"
"4","50","watts-strogatz","0.01","2","0.1","2","CES","0.5","1","1","1","10","10","1","0.9","77","36","0.45","0.48","0.2","0","0.002","0.001","true","1","no","0","0","60","0","0","0","0.005","false","false","false","2","2","0.5","0.5","1","1","18","0.199","0.199"
"4","50","watts-strogatz","0.01","2","0.1","2","CES","0.5","1","1","1","10","10","1","0.9","77","36","0.45","0.48","0.2","0","0.002","0.001","true","1","no","0","0","60","0","0","0","0.005","false","false","false","2","2","0.5","0.5","1","1","19","0.206","0.206"
"4","50","watts-strogatz","0.01","2","0.1","2","CES","0.5","1","1","1","10","10","1","0.9","77","36","0.45","0.48","0.2","0","0.002","0.001","true","1","no","0","0","60","0","0","0","0.005","false","false","false","2","2","0.5","0.5","1","1","20","0.214","0.214"
"4","50","watts-strogatz","0.01","2","0.1","2","CES","0.5","1","1","1","10","10","1","0.9","77","36","0.45","0.48","0.2","0","0.002","0.001","true","1","no","0","0","60","0","0","0","0.005","false","false","false","2","2","0.5","0.5","1","1","21","0.22","0.22"
"4","50","watts-strogatz","0.01","2","0.1","2","CES","0.5","1","1","1","10","10","1","0.9","77","36","0.45","0.48","0.2","0","0.002","0.001","true","1","no","0","0","60","0","0","0","0.005","false","false","false","2","2","0.5","0.5","1","1","22","0.226","0.226"
"4","50","watts-strogatz","0.01","2","0.1","2","CES","0.5","1","1","1","10","10","1","0.9","77","36","0.45","0.48","0.2","0","0.002","0.001","true","1","no","0","0","60","0","0","0","0.005","false","false","false","2","2","0.5","0.5","1","1","23","0.232","0.232"
"4","50","watts-strogatz","0.01","2","0.1","2","CES","0.5","1","1","1","10","10","1","0.9","77","36","0.45","0.48","0.2","0","0.002","0.001","true","1","no","0","0","60","0","0","0","0.005","false","false","false","2","2","0.5","0.5","1","1","24","0.238","0.238"
"4","50","watts-strogatz","0.01","2","0.1","2","CES","0.5","1","1","1","10","10","1","0.9","77","36","0.45","0.48","0.2","0","0.002","0.001","true","1","no","0","0","60","0","0","0","0.005","false","false","false","2","2","0.5","0.5","1","1","25","0.244","0.244"
"4","50","watts-strogatz","0.01","2","0.1","2","CES","0.5","1","1","1","10","10","1","0.9","77","36","0.45","0.48","0.2","0","0.002","0.001","true","1","no","0","0","60","0","0","0","0.005","false","false","false","2","2","0.5","0.5","1","1","26","0.249","0.249"
"4","50","watts-strogatz","0.01","2","0.1","2","CES","0.5","1","1","1","10","10","1","0.9","77","36","0.45","0.48","0.2","0","0.002","0.001","true","1","no","0","0","60","0","0","0","0.005","false","false","false","2","2","0.5","0.5","1","1","27","0.259","0.259"
"4","50","watts-strogatz","0.01","2","0.1","2","CES","0.5","1","1","1","10","10","1","0.9","77","36","0.45","0.48","0.2","0","0.002","0.001","true","1","no","0","0","60","0","0","0","0.005","false","false","false","2","2","0.5","0.5","1","1","28","0.264","0.264"
"4","50","watts-strogatz","0.01","2","0.1","2","CES","0.5","1","1","1","10","10","1","0.9","77","36","0.45","0.48","0.2","0","0.002","0.001","true","1","no","0","0","60","0","0","0","0.005","false","false","false","2","2","0.5","0.5","1","1","29","0.269","0.269"
"4","50","watts-strogatz","0.01","2","0.1","2","CES","0.5","1","1","1","10","10","1","0.9","77","36","0.45","0.48","0.2","0","0.002","0.001","true","1","no","0","0","60","0","0","0","0.005","false","false","false","2","2","0.5","0.5","1","1","30","0.274","0.274"
"4","50","watts-strogatz","0.01","2","0.1","2","CES","0.5","1","1","1","10","10","1","0.9","77","36","0.45","0.48","0.2","0","0.002","0.001","true","1","no","0","0","60","0","0","0","0.005","false","false","false","2","2","0.5","0.5","1","1","31","0.28","0.28"
"4","50","watts-strogatz","0.01","2","0.1","2","CES","0.5","1","1","1","10","10","1","0.9","77","36","0.45","0.48","0.2","0","0.002","0.001","true","1","no","0","0","60","0","0","0","0.005","false","false","false","2","2","0.5","0.5","1","1","32","0.285","0.285"
"4","50","watts-strogatz","0.01","2","0.1","2","CES","0.5","1","1","1","10","10","1","0.9","77","36","0.45","0.48","0.2","0","0.002","0.001","true","1","no","0","0","60","0","0","0","0.005","false","false","false","2","2","0.5","0.5","1","1","33","0.29","0.29"
"4","50","watts-strogatz","0.01","2","0.1","2","CES","0.5","1","1","1","10","10","1","0.9","77","36","0.45","0.48","0.2","0","0.002","0.001","true","1","no","0","0","60","0","0","0","0.005","false","false","false","2","2","0.5","0.5","1","1","34","0.295","0.295"
"4","50","watts-strogatz","0.01","2","0.1","2","CES","0.5","1","1","1","10","10","1","0.9","77","36","0.45","0.48","0.2","0","0.002","0.001","true","1","no","0","0","60","0","0","0","0.005","false","false","false","2","2","0.5","0.5","1","1","35","0.3","0.299"
"4","50","watts-strogatz","0.01","2","0.1","2","CES","0.5","1","1","1","10","10","1","0.9","77","36","0.45","0.48","0.2","0","0.002","0.001","true","1","no","0","0","60","0","0","0","0.005","false","false","false","2","2","0.5","0.5","1","1","36","0.306","0.306"
"4","50","watts-strogatz","0.01","2","0.1","2","CES","0.5","1","1","1","10","10","1","0.9","77","36","0.45","0.48","0.2","0","0.002","0.001","true","1","no","0","0","60","0","0","0","0.005","false","false","false","2","2","0.5","0.5","1","1","37","0.311","0.311"
"4","50","watts-strogatz","0.01","2","0.1","2","CES","0.5","1","1","1","10","10","1","0.9","77","36","0.45","0.48","0.2","0","0.002","0.001","true","1","no","0","0","60","0","0","0","0.005","false","false","false","2","2","0.5","0.5","1","1","38","0.315","0.315"
"4","50","watts-strogatz","0.01","2","0.1","2","CES","0.5","1","1","1","10","10","1","0.9","77","36","0.45","0.48","0.2","0","0.002","0.001","true","1","no","0","0","60","0","0","0","0.005","false","false","false","2","2","0.5","0.5","1","1","39","0.319","0.319"
"4","50","watts-strogatz","0.01","2","0.1","2","CES","0.5","1","1","1","10","10","1","0.9","77","36","0.45","0.48","0.2","0","0.002","0.001","true","1","no","0","0","60","0","0","0","0.005","false","false","false","2","2","0.5","0.5","1","1","40","0.324","0.324"
"4","50","watts-strogatz","0.01","2","0.1","2","CES","0.5","1","1","1","10","10","1","0.9","77","36","0.45","0.48","0.2","0","0.002","0.001","true","1","no","0","0","60","0","0","0","0.005","false","false","false","2","2","0.5","0.5","1","1","41","0.328","0.328"
"4","50","watts-strogatz","0.01","2","0.1","2","CES","0.5","1","1","1","10","10","1","0.9","77","36","0.45","0.48","0.2","0","0.002","0.001","true","1","no","0","0","60","0","0","0","0.005","false","false","false","2","2","0.5","0.5","1","1","42","0.332","0.332"
"4","50","watts-strogatz","0.01","2","0.1","2","CES","0.5","1","1","1","10","10","1","0.9","77","36","0.45","0.48","0.2","0","0.002","0.001","true","1","no","0","0","60","0","0","0","0.005","false","false","false","2","2","0.5","0.5","1","1","43","0.337","0.337"
"4","50","watts-strogatz","0.01","2","0.1","2","CES","0.5","1","1","1","10","10","1","0.9","77","36","0.45","0.48","0.2","0","0.002","0.001","true","1","no","0","0","60","0","0","0","0.005","false","false","false","2","2","0.5","0.5","1","1","44","0.34","0.34"
"4","50","watts-strogatz","0.01","2","0.1","2","CES","0.5","1","1","1","10","10","1","0.9","77","36","0.45","0.48","0.2","0","0.002","0.001","true","1","no","0","0","60","0","0","0","0.005","false","false","false","2","2","0.5","0.5","1","1","45","0.345","0.345"
"4","50","watts-strogatz","0.01","2","0.1","2","CES","0.5","1","1","1","10","10","1","0.9","77","36","0.45","0.48","0.2","0","0.002","0.001","true","1","no","0","0","60","0","0","0","0.005","false","false","false","2","2","0.5","0.5","1","1","46","0.349","0.348"
"4","50","watts-strogatz","0.01","2","0.1","2","CES","0.5","1","1","1","10","10","1","0.9","77","36","0.45","0.48","0.2","0","0.002","0.001","true","1","no","0","0","60","0","0","0","0.005","false","false","false","2","2","0.5","0.5","1","1","47","0.352","0.352"
"4","50","watts-strogatz","0.01","2","0.1","2","CES","0.5","1","1","1","10","10","1","0.9","77","36","0.45","0.48","0.2","0","0.002","0.001","true","1","no","0","0","60","0","0","0","0.005","false","false","false","2","2","0.5","0.5","1","1","48","0.356","0.356"
"4","50","watts-strogatz","0.01","2","0.1","2","CES","0.5","1","1","1","10","10","1","0.9","77","36","0.45","0.48","0.2","0","0.002","0.001","true","1","no","0","0","60","0","0","0","0.005","false","false","false","2","2","0.5","0.5","1","1","49","0.36","0.36"
"4","50","watts-strogatz","0.01","2","0.1","2","CES","0.5","1","1","1","10","10","1","0.9","77","36","0.45","0.48","0.2","0","0.002","0.001","true","1","no","0","0","60","0","0","0","0.005","false","false","false","2","2","0.5","0.5","1","1","50","0.363","0.363"
"5","50","watts-strogatz","0.01","2","0.1","2","CES","0.5","1","1","1","10","10","1","0.9","77","36","0.45","0.48","0.2","0","0.002","0.001","true","1","no","0","0","60","0","0","0","0.005","false","false","false","2","2","0.5","0.5","1","1","0","0.004","0"
"5","50","watts-strogatz","0.01","2","0.1","2","CES","0.5","1","1","1","10","10","1","0.9","77","36","0.45","0.48","0.2","0","0.002","0.001","true","1","no","0","0","60","0","0","0","0.005","false","false","false","2","2","0.5","0.5","1","1","1","0.022","0.022"
"5","50","watts-strogatz","0.01","2","0.1","2","CES","0.5","1","1","1","10","10","1","0.9","77","36","0.45","0.48","0.2","0","0.002","0.001","true","1","no","0","0","60","0","0","0","0.005","false","false","false","2","2","0.5","0.5","1","1","2","0.035","0.035"
"5","50","watts-strogatz","0.01","2","0.1","2","CES","0.5","1","1","1","10","10","1","0.9","77","36","0.45","0.48","0.2","0","0.002","0.001","true","1","no","0","0","60","0","0","0","0.005","false","false","false","2","2","0.5","0.5","1","1","3","0.048","0.048"
"5","50","watts-strogatz","0.01","2","0.1","2","CES","0.5","1","1","1","10","10","1","0.9","77","36","0.45","0.48","0.2","0","0.002","0.001","true","1","no","0","0","60","0","0","0","0.005","false","false","false","2","2","0.5","0.5","1","1","4","0.064","0.064"
"5","50","watts-strogatz","0.01","2","0.1","2","CES","0.5","1","1","1","10","10","1","0.9","77","36","0.45","0.48","0.2","0","0.002","0.001","true","1","no","0","0","60","0","0","0","0.005","false","false","false","2","2","0.5","0.5","1","1","5","0.075","0.075"
"5","50","watts-strogatz","0.01","2","0.1","2","CES","0.5","1","1","1","10","10","1","0.9","77","36","0.45","0.48","0.2","0","0.002","0.001","true","1","no","0","0","60","0","0","0","0.005","false","false","false","2","2","0.5","0.5","1","1","6","0.086","0.086"
"5","50","watts-strogatz","0.01","2","0.1","2","CES","0.5","1","1","1","10","10","1","0.9","77","36","0.45","0.48","0.2","0","0.002","0.001","true","1","no","0","0","60","0","0","0","0.005","false","false","false","2","2","0.5","0.5","1","1","7","0.096","0.096"
"5","50","watts-strogatz","0.01","2","0.1","2","CES","0.5","1","1","1","10","10","1","0.9","77","36","0.45","0.48","0.2","0","0.002","0.001","true","1","no","0","0","60","0","0","0","0.005","false","false","false","2","2","0.5","0.5","1","1","8","0.105","0.105"
"5","50","watts-strogatz","0.01","2","0.1","2","CES","0.5","1","1","1","10","10","1","0.9","77","36","0.45","0.48","0.2","0","0.002","0.001","true","1","no","0","0","60","0","0","0","0.005","false","false","false","2","2","0.5","0.5","1","1","9","0.114","0.114"
"5","50","watts-strogatz","0.01","2","0.1","2","CES","0.5","1","1","1","10","10","1","0.9","77","36","0.45","0.48","0.2","0","0.002","0.001","true","1","no","0","0","60","0","0","0","0.005","false","false","false","2","2","0.5","0.5","1","1","10","0.122","0.122"
"5","50","watts-strogatz","0.01","2","0.1","2","CES","0.5","1","1","1","10","10","1","0.9","77","36","0.45","0.48","0.2","0","0.002","0.001","true","1","no","0","0","60","0","0","0","0.005","false","false","false","2","2","0.5","0.5","1","1","11","0.13","0.13"
"5","50","watts-strogatz","0.01","2","0.1","2","CES","0.5","1","1","1","10","10","1","0.9","77","36","0.45","0.48","0.2","0","0.002","0.001","true","1","no","0","0","60","0","0","0","0.005","false","false","false","2","2","0.5","0.5","1","1","12","0.138","0.138"
"5","50","watts-strogatz","0.01","2","0.1","2","CES","0.5","1","1","1","10","10","1","0.9","77","36","0.45","0.48","0.2","0","0.002","0.001","true","1","no","0","0","60","0","0","0","0.005","false","false","false","2","2","0.5","0.5","1","1","13","0.146","0.146"
"5","50","watts-strogatz","0.01","2","0.1","2","CES","0.5","1","1","1","10","10","1","0.9","77","36","0.45","0.48","0.2","0","0.002","0.001","true","1","no","0","0","60","0","0","0","0.005","false","false","false","2","2","0.5","0.5","1","1","14","0.154","0.154"
"5","50","watts-strogatz","0.01","2","0.1","2","CES","0.5","1","1","1","10","10","1","0.9","77","36","0.45","0.48","0.2","0","0.002","0.001","true","1","no","0","0","60","0","0","0","0.005","false","false","false","2","2","0.5","0.5","1","1","15","0.161","0.161"
"5","50","watts-strogatz","0.01","2","0.1","2","CES","0.5","1","1","1","10","10","1","0.9","77","36","0.45","0.48","0.2","0","0.002","0.001","true","1","no","0","0","60","0","0","0","0.005","false","false","false","2","2","0.5","0.5","1","1","16","0.168","0.168"
"5","50","watts-strogatz","0.01","2","0.1","2","CES","0.5","1","1","1","10","10","1","0.9","77","36","0.45","0.48","0.2","0","0.002","0.001","true","1","no","0","0","60","0","0","0","0.005","false","false","false","2","2","0.5","0.5","1","1","17","0.175","0.175"
"5","50","watts-strogatz","0.01","2","0.1","2","CES","0.5","1","1","1","10","10","1","0.9","77","36","0.45","0.48","0.2","0","0.002","0.001","true","1","no","0","0","60","0","0","0","0.005","false","false","false","2","2","0.5","0.5","1","1","18","0.182","0.182"
"5","50","watts-strogatz","0.01","2","0.1","2","CES","0.5","1","1","1","10","10","1","0.9","77","36","0.45","0.48","0.2","0","0.002","0.001","true","1","no","0","0","60","0","0","0","0.005","false","false","false","2","2","0.5","0.5","1","1","19","0.188","0.188"
"5","50","watts-strogatz","0.01","2","0.1","2","CES","0.5","1","1","1","10","10","1","0.9","77","36","0.45","0.48","0.2","0","0.002","0.001","true","1","no","0","0","60","0","0","0","0.005","false","false","false","2","2","0.5","0.5","1","1","20","0.195","0.195"
"5","50","watts-strogatz","0.01","2","0.1","2","CES","0.5","1","1","1","10","10","1","0.9","77","36","0.45","0.48","0.2","0","0.002","0.001","true","1","no","0","0","60","0","0","0","0.005","false","false","false","2","2","0.5","0.5","1","1","21","0.201","0.201"
"5","50","watts-strogatz","0.01","2","0.1","2","CES","0.5","1","1","1","10","10","1","0.9","77","36","0.45","0.48","0.2","0","0.002","0.001","true","1","no","0","0","60","0","0","0","0.005","false","false","false","2","2","0.5","0.5","1","1","22","0.207","0.207"
"5","50","watts-strogatz","0.01","2","0.1","2","CES","0.5","1","1","1","10","10","1","0.9","77","36","0.45","0.48","0.2","0","0.002","0.001","true","1","no","0","0","60","0","0","0","0.005","false","false","false","2","2","0.5","0.5","1","1","23","0.213","0.213"
"5","50","watts-strogatz","0.01","2","0.1","2","CES","0.5","1","1","1","10","10","1","0.9","77","36","0.45","0.48","0.2","0","0.002","0.001","true","1","no","0","0","60","0","0","0","0.005","false","false","false","2","2","0.5","0.5","1","1","24","0.222","0.222"
"5","50","watts-strogatz","0.01","2","0.1","2","CES","0.5","1","1","1","10","10","1","0.9","77","36","0.45","0.48","0.2","0","0.002","0.001","true","1","no","0","0","60","0","0","0","0.005","false","false","false","2","2","0.5","0.5","1","1","25","0.228","0.228"
"5","50","watts-strogatz","0.01","2","0.1","2","CES","0.5","1","1","1","10","10","1","0.9","77","36","0.45","0.48","0.2","0","0.002","0.001","true","1","no","0","0","60","0","0","0","0.005","false","false","false","2","2","0.5","0.5","1","1","26","0.234","0.234"
"5","50","watts-strogatz","0.01","2","0.1","2","CES","0.5","1","1","1","10","10","1","0.9","77","36","0.45","0.48","0.2","0","0.002","0.001","true","1","no","0","0","60","0","0","0","0.005","false","false","false","2","2","0.5","0.5","1","1","27","0.239","0.239"
"5","50","watts-strogatz","0.01","2","0.1","2","CES","0.5","1","1","1","10","10","1","0.9","77","36","0.45","0.48","0.2","0","0.002","0.001","true","1","no","0","0","60","0","0","0","0.005","false","false","false","2","2","0.5","0.5","1","1","28","0.245","0.244"
"5","50","watts-strogatz","0.01","2","0.1","2","CES","0.5","1","1","1","10","10","1","0.9","77","36","0.45","0.48","0.2","0","0.002","0.001","true","1","no","0","0","60","0","0","0","0.005","false","false","false","2","2","0.5","0.5","1","1","29","0.25","0.25"
"5","50","watts-strogatz","0.01","2","0.1","2","CES","0.5","1","1","1","10","10","1","0.9","77","36","0.45","0.48","0.2","0","0.002","0.001","true","1","no","0","0","60","0","0","0","0.005","false","false","false","2","2","0.5","0.5","1","1","30","0.255","0.255"
"5","50","watts-strogatz","0.01","2","0.1","2","CES","0.5","1","1","1","10","10","1","0.9","77","36","0.45","0.48","0.2","0","0.002","0.001","true","1","no","0","0","60","0","0","0","0.005","false","false","false","2","2","0.5","0.5","1","1","31","0.26","0.26"
"5","50","watts-strogatz","0.01","2","0.1","2","CES","0.5","1","1","1","10","10","1","0.9","77","36","0.45","0.48","0.2","0","0.002","0.001","true","1","no","0","0","60","0","0","0","0.005","false","false","false","2","2","0.5","0.5","1","1","32","0.265","0.265"
"5","50","watts-strogatz","0.01","2","0.1","2","CES","0.5","1","1","1","10","10","1","0.9","77","36","0.45","0.48","0.2","0","0.002","0.001","true","1","no","0","0","60","0","0","0","0.005","false","false","false","2","2","0.5","0.5","1","1","33","0.27","0.27"
"5","50","watts-strogatz","0.01","2","0.1","2","CES","0.5","1","1","1","10","10","1","0.9","77","36","0.45","0.48","0.2","0","0.002","0.001","true","1","no","0","0","60","0","0","0","0.005","false","false","false","2","2","0.5","0.5","1","1","34","0.275","0.275"
"5","50","watts-strogatz","0.01","2","0.1","2","CES","0.5","1","1","1","10","10","1","0.9","77","36","0.45","0.48","0.2","0","0.002","0.001","true","1","no","0","0","60","0","0","0","0.005","false","false","false","2","2","0.5","0.5","1","1","35","0.28","0.28"
"5","50","watts-strogatz","0.01","2","0.1","2","CES","0.5","1","1","1","10","10","1","0.9","77","36","0.45","0.48","0.2","0","0.002","0.001","true","1","no","0","0","60","0","0","0","0.005","false","false","false","2","2","0.5","0.5","1","1","36","0.284","0.284"
"5","50","watts-strogatz","0.01","2","0.1","2","CES","0.5","1","1","1","10","10","1","0.9","77","36","0.45","0.48","0.2","0","0.002","0.001","true","1","no","0","0","60","0","0","0","0.005","false","false","false","2","2","0.5","0.5","1","1","37","0.289","0.289"
"5","50","watts-strogatz","0.01","2","0.1","2","CES","0.5","1","1","1","10","10","1","0.9","77","36","0.45","0.48","0.2","0","0.002","0.001","true","1","no","0","0","60","0","0","0","0.005","false","false","false","2","2","0.5","0.5","1","1","38","0.293","0.293"
"5","50","watts-strogatz","0.01","2","0.1","2","CES","0.5","1","1","1","10","10","1","0.9","77","36","0.45","0.48","0.2","0","0.002","0.001","true","1","no","0","0","60","0","0","0","0.005","false","false","false","2","2","0.5","0.5","1","1","39","0.298","0.298"
"5","50","watts-strogatz","0.01","2","0.1","2","CES","0.5","1","1","1","10","10","1","0.9","77","36","0.45","0.48","0.2","0","0.002","0.001","true","1","no","0","0","60","0","0","0","0.005","false","false","false","2","2","0.5","0.5","1","1","40","0.302","0.302"
"5","50","watts-strogatz","0.01","2","0.1","2","CES","0.5","1","1","1","10","10","1","0.9","77","36","0.45","0.48","0.2","0","0.002","0.001","true","1","no","0","0","60","0","0","0","0.005","false","false","false","2","2","0.5","0.5","1","1","41","0.306","0.306"
"5","50","watts-strogatz","0.01","2","0.1","2","CES","0.5","1","1","1","10","10","1","0.9","77","36","0.45","0.48","0.2","0","0.002","0.001","true","1","no","0","0","60","0","0","0","0.005","false","false","false","2","2","0.5","0.5","1","1","42","0.31","0.31"
"5","50","watts-strogatz","0.01","2","0.1","2","CES","0.5","1","1","1","10","10","1","0.9","77","36","0.45","0.48","0.2","0","0.002","0.001","true","1","no","0","0","60","0","0","0","0.005","false","false","false","2","2","0.5","0.5","1","1","43","0.315","0.315"
"5","50","watts-strogatz","0.01","2","0.1","2","CES","0.5","1","1","1","10","10","1","0.9","77","36","0.45","0.48","0.2","0","0.002","0.001","true","1","no","0","0","60","0","0","0","0.005","false","false","false","2","2","0.5","0.5","1","1","44","0.319","0.319"
"5","50","watts-strogatz","0.01","2","0.1","2","CES","0.5","1","1","1","10","10","1","0.9","77","36","0.45","0.48","0.2","0","0.002","0.001","true","1","no","0","0","60","0","0","0","0.005","false","false","false","2","2","0.5","0.5","1","1","45","0.323","0.322"
"5","50","watts-strogatz","0.01","2","0.1","2","CES","0.5","1","1","1","10","10","1","0.9","77","36","0.45","0.48","0.2","0","0.002","0.001","true","1","no","0","0","60","0","0","0","0.005","false","false","false","2","2","0.5","0.5","1","1","46","0.326","0.326"
"5","50","watts-strogatz","0.01","2","0.1","2","CES","0.5","1","1","1","10","10","1","0.9","77","36","0.45","0.48","0.2","0","0.002","0.001","true","1","no","0","0","60","0","0","0","0.005","false","false","false","2","2","0.5","0.5","1","1","47","0.33","0.33"
"5","50","watts-strogatz","0.01","2","0.1","2","CES","0.5","1","1","1","10","10","1","0.9","77","36","0.45","0.48","0.2","0","0.002","0.001","true","1","no","0","0","60","0","0","0","0.005","false","false","false","2","2","0.5","0.5","1","1","48","0.334","0.334"
"5","50","watts-strogatz","0.01","2","0.1","2","CES","0.5","1","1","1","10","10","1","0.9","77","36","0.45","0.48","0.2","0","0.002","0.001","true","1","no","0","0","60","0","0","0","0.005","false","false","false","2","2","0.5","0.5","1","1","49","0.337","0.337"
"5","50","watts-strogatz","0.01","2","0.1","2","CES","0.5","1","1","1","10","10","1","0.9","77","36","0.45","0.48","0.2","0","0.002","0.001","true","1","no","0","0","60","0","0","0","0.005","false","false","false","2","2","0.5","0.5","1","1","50","0.34","0.34"
"6","50","watts-strogatz","0.01","2","0.1","2","CES","0.5","1","1","1","10","10","1","0.9","77","36","0.45","0.48","0.2","0","0.002","0.001","true","1","no","0","0","60","0","0","0","0.005","false","false","false","2","2","0.5","0.5","1","1","0","0.004","0"
"6","50","watts-strogatz","0.01","2","0.1","2","CES","0.5","1","1","1","10","10","1","0.9","77","36","0.45","0.48","0.2","0","0.002","0.001","true","1","no","0","0","60","0","0","0","0.005","false","false","false","2","2","0.5","0.5","1","1","1","0.022","0.022"
"6","50","watts-strogatz","0.01","2","0.1","2","CES","0.5","1","1","1","10","10","1","0.9","77","36","0.45","0.48","0.2","0","0.002","0.001","true","1","no","0","0","60","0","0","0","0.005","false","false","false","2","2","0.5","0.5","1","1","2","0.035","0.035"
"6","50","watts-strogatz","0.01","2","0.1","2","CES","0.5","1","1","1","10","10","1","0.9","77","36","0.45","0.48","0.2","0","0.002","0.001","true","1","no","0","0","60","0","0","0","0.005","false","false","false","2","2","0.5","0.5","1","1","3","0.051","0.05"
"6","50","watts-strogatz","0.01","2","0.1","2","CES","0.5","1","1","1","10","10","1","0.9","77","36","0.45","0.48","0.2","0","0.002","0.001","true","1","no","0","0","60","0","0","0","0.005","false","false","false","2","2","0.5","0.5","1","1","4","0.065","0.064"
"6","50","watts-strogatz","0.01","2","0.1","2","CES","0.5","1","1","1","10","10","1","0.9","77","36","0.45","0.48","0.2","0","0.002","0.001","true","1","no","0","0","60","0","0","0","0.005","false","false","false","2","2","0.5","0.5","1","1","5","0.077","0.077"
"6","50","watts-strogatz","0.01","2","0.1","2","CES","0.5","1","1","1","10","10","1","0.9","77","36","0.45","0.48","0.2","0","0.002","0.001","true","1","no","0","0","60","0","0","0","0.005","false","false","false","2","2","0.5","0.5","1","1","6","0.089","0.089"
"6","50","watts-strogatz","0.01","2","0.1","2","CES","0.5","1","1","1","10","10","1","0.9","77","36","0.45","0.48","0.2","0","0.002","0.001","true","1","no","0","0","60","0","0","0","0.005","false","false","false","2","2","0.5","0.5","1","1","7","0.1","0.1"
"6","50","watts-strogatz","0.01","2","0.1","2","CES","0.5","1","1","1","10","10","1","0.9","77","36","0.45","0.48","0.2","0","0.002","0.001","true","1","no","0","0","60","0","0","0","0.005","false","false","false","2","2","0.5","0.5","1","1","8","0.111","0.111"
"6","50","watts-strogatz","0.01","2","0.1","2","CES","0.5","1","1","1","10","10","1","0.9","77","36","0.45","0.48","0.2","0","0.002","0.001","true","1","no","0","0","60","0","0","0","0.005","false","false","false","2","2","0.5","0.5","1","1","9","0.12","0.12"
"6","50","watts-strogatz","0.01","2","0.1","2","CES","0.5","1","1","1","10","10","1","0.9","77","36","0.45","0.48","0.2","0","0.002","0.001","true","1","no","0","0","60","0","0","0","0.005","false","false","false","2","2","0.5","0.5","1","1","10","0.129","0.128"
"6","50","watts-strogatz","0.01","2","0.1","2","CES","0.5","1","1","1","10","10","1","0.9","77","36","0.45","0.48","0.2","0","0.002","0.001","true","1","no","0","0","60","0","0","0","0.005","false","false","false","2","2","0.5","0.5","1","1","11","0.137","0.137"
"6","50","watts-strogatz","0.01","2","0.1","2","CES","0.5","1","1","1","10","10","1","0.9","77","36","0.45","0.48","0.2","0","0.002","0.001","true","1","no","0","0","60","0","0","0","0.005","false","false","false","2","2","0.5","0.5","1","1","12","0.145","0.145"
"6","50","watts-strogatz","0.01","2","0.1","2","CES","0.5","1","1","1","10","10","1","0.9","77","36","0.45","0.48","0.2","0","0.002","0.001","true","1","no","0","0","60","0","0","0","0.005","false","false","false","2","2","0.5","0.5","1","1","13","0.153","0.153"
"6","50","watts-strogatz","0.01","2","0.1","2","CES","0.5","1","1","1","10","10","1","0.9","77","36","0.45","0.48","0.2","0","0.002","0.001","true","1","no","0","0","60","0","0","0","0.005","false","false","false","2","2","0.5","0.5","1","1","14","0.161","0.161"
"6","50","watts-strogatz","0.01","2","0.1","2","CES","0.5","1","1","1","10","10","1","0.9","77","36","0.45","0.48","0.2","0","0.002","0.001","true","1","no","0","0","60","0","0","0","0.005","false","false","false","2","2","0.5","0.5","1","1","15","0.169","0.169"
"6","50","watts-strogatz","0.01","2","0.1","2","CES","0.5","1","1","1","10","10","1","0.9","77","36","0.45","0.48","0.2","0","0.002","0.001","true","1","no","0","0","60","0","0","0","0.005","false","false","false","2","2","0.5","0.5","1","1","16","0.176","0.176"
"6","50","watts-strogatz","0.01","2","0.1","2","CES","0.5","1","1","1","10","10","1","0.9","77","36","0.45","0.48","0.2","0","0.002","0.001","true","1","no","0","0","60","0","0","0","0.005","false","false","false","2","2","0.5","0.5","1","1","17","0.183","0.182"
"6","50","watts-strogatz","0.01","2","0.1","2","CES","0.5","1","1","1","10","10","1","0.9","77","36","0.45","0.48","0.2","0","0.002","0.001","true","1","no","0","0","60","0","0","0","0.005","false","false","false","2","2","0.5","0.5","1","1","18","0.189","0.189"
"6","50","watts-strogatz","0.01","2","0.1","2","CES","0.5","1","1","1","10","10","1","0.9","77","36","0.45","0.48","0.2","0","0.002","0.001","true","1","no","0","0","60","0","0","0","0.005","false","false","false","2","2","0.5","0.5","1","1","19","0.196","0.196"
"6","50","watts-strogatz","0.01","2","0.1","2","CES","0.5","1","1","1","10","10","1","0.9","77","36","0.45","0.48","0.2","0","0.002","0.001","true","1","no","0","0","60","0","0","0","0.005","false","false","false","2","2","0.5","0.5","1","1","20","0.202","0.202"
"6","50","watts-strogatz","0.01","2","0.1","2","CES","0.5","1","1","1","10","10","1","0.9","77","36","0.45","0.48","0.2","0","0.002","0.001","true","1","no","0","0","60","0","0","0","0.005","false","false","false","2","2","0.5","0.5","1","1","21","0.208","0.208"
"6","50","watts-strogatz","0.01","2","0.1","2","CES","0.5","1","1","1","10","10","1","0.9","77","36","0.45","0.48","0.2","0","0.002","0.001","true","1","no","0","0","60","0","0","0","0.005","false","false","false","2","2","0.5","0.5","1","1","22","0.214","0.214"
"6","50","watts-strogatz","0.01","2","0.1","2","CES","0.5","1","1","1","10","10","1","0.9","77","36","0.45","0.48","0.2","0","0.002","0.001","true","1","no","0","0","60","0","0","0","0.005","false","false","false","2","2","0.5","0.5","1","1","23","0.22","0.22"
"6","50","watts-strogatz","0.01","2","0.1","2","CES","0.5","1","1","1","10","10","1","0.9","77","36","0.45","0.48","0.2","0","0.002","0.001","true","1","no","0","0","60","0","0","0","0.005","false","false","false","2","2","0.5","0.5","1","1","24","0.225","0.225"
"6","50","watts-strogatz","0.01","2","0.1","2","CES","0.5","1","1","1","10","10","1","0.9","77","36","0.45","0.48","0.2","0","0.002","0.001","true","1","no","0","0","60","0","0","0","0.005","false","false","false","2","2","0.5","0.5","1","1","25","0.231","0.231"
"6","50","watts-strogatz","0.01","2","0.1","2","CES","0.5","1","1","1","10","10","1","0.9","77","36","0.45","0.48","0.2","0","0.002","0.001","true","1","no","0","0","60","0","0","0","0.005","false","false","false","2","2","0.5","0.5","1","1","26","0.237","0.237"
"6","50","watts-strogatz","0.01","2","0.1","2","CES","0.5","1","1","1","10","10","1","0.9","77","36","0.45","0.48","0.2","0","0.002","0.001","true","1","no","0","0","60","0","0","0","0.005","false","false","false","2","2","0.5","0.5","1","1","27","0.244","0.244"
"6","50","watts-strogatz","0.01","2","0.1","2","CES","0.5","1","1","1","10","10","1","0.9","77","36","0.45","0.48","0.2","0","0.002","0.001","true","1","no","0","0","60","0","0","0","0.005","false","false","false","2","2","0.5","0.5","1","1","28","0.25","0.249"
"6","50","watts-strogatz","0.01","2","0.1","2","CES","0.5","1","1","1","10","10","1","0.9","77","36","0.45","0.48","0.2","0","0.002","0.001","true","1","no","0","0","60","0","0","0","0.005","false","false","false","2","2","0.5","0.5","1","1","29","0.255","0.255"
"6","50","watts-strogatz","0.01","2","0.1","2","CES","0.5","1","1","1","10","10","1","0.9","77","36","0.45","0.48","0.2","0","0.002","0.001","true","1","no","0","0","60","0","0","0","0.005","false","false","false","2","2","0.5","0.5","1","1","30","0.26","0.26"
"6","50","watts-strogatz","0.01","2","0.1","2","CES","0.5","1","1","1","10","10","1","0.9","77","36","0.45","0.48","0.2","0","0.002","0.001","true","1","no","0","0","60","0","0","0","0.005","false","false","false","2","2","0.5","0.5","1","1","31","0.265","0.265"
"6","50","watts-strogatz","0.01","2","0.1","2","CES","0.5","1","1","1","10","10","1","0.9","77","36","0.45","0.48","0.2","0","0.002","0.001","true","1","no","0","0","60","0","0","0","0.005","false","false","false","2","2","0.5","0.5","1","1","32","0.27","0.27"
"6","50","watts-strogatz","0.01","2","0.1","2","CES","0.5","1","1","1","10","10","1","0.9","77","36","0.45","0.48","0.2","0","0.002","0.001","true","1","no","0","0","60","0","0","0","0.005","false","false","false","2","2","0.5","0.5","1","1","33","0.275","0.275"
"6","50","watts-strogatz","0.01","2","0.1","2","CES","0.5","1","1","1","10","10","1","0.9","77","36","0.45","0.48","0.2","0","0.002","0.001","true","1","no","0","0","60","0","0","0","0.005","false","false","false","2","2","0.5","0.5","1","1","34","0.281","0.28"
"6","50","watts-strogatz","0.01","2","0.1","2","CES","0.5","1","1","1","10","10","1","0.9","77","36","0.45","0.48","0.2","0","0.002","0.001","true","1","no","0","0","60","0","0","0","0.005","false","false","false","2","2","0.5","0.5","1","1","35","0.285","0.285"
"6","50","watts-strogatz","0.01","2","0.1","2","CES","0.5","1","1","1","10","10","1","0.9","77","36","0.45","0.48","0.2","0","0.002","0.001","true","1","no","0","0","60","0","0","0","0.005","false","false","false","2","2","0.5","0.5","1","1","36","0.29","0.289"
"6","50","watts-strogatz","0.01","2","0.1","2","CES","0.5","1","1","1","10","10","1","0.9","77","36","0.45","0.48","0.2","0","0.002","0.001","true","1","no","0","0","60","0","0","0","0.005","false","false","false","2","2","0.5","0.5","1","1","37","0.294","0.294"
"6","50","watts-strogatz","0.01","2","0.1","2","CES","0.5","1","1","1","10","10","1","0.9","77","36","0.45","0.48","0.2","0","0.002","0.001","true","1","no","0","0","60","0","0","0","0.005","false","false","false","2","2","0.5","0.5","1","1","38","0.298","0.298"
"6","50","watts-strogatz","0.01","2","0.1","2","CES","0.5","1","1","1","10","10","1","0.9","77","36","0.45","0.48","0.2","0","0.002","0.001","true","1","no","0","0","60","0","0","0","0.005","false","false","false","2","2","0.5","0.5","1","1","39","0.302","0.302"
"6","50","watts-strogatz","0.01","2","0.1","2","CES","0.5","1","1","1","10","10","1","0.9","77","36","0.45","0.48","0.2","0","0.002","0.001","true","1","no","0","0","60","0","0","0","0.005","false","false","false","2","2","0.5","0.5","1","1","40","0.306","0.306"
"6","50","watts-strogatz","0.01","2","0.1","2","CES","0.5","1","1","1","10","10","1","0.9","77","36","0.45","0.48","0.2","0","0.002","0.001","true","1","no","0","0","60","0","0","0","0.005","false","false","false","2","2","0.5","0.5","1","1","41","0.311","0.31"
"6","50","watts-strogatz","0.01","2","0.1","2","CES","0.5","1","1","1","10","10","1","0.9","77","36","0.45","0.48","0.2","0","0.002","0.001","true","1","no","0","0","60","0","0","0","0.005","false","false","false","2","2","0.5","0.5","1","1","42","0.315","0.315"
"6","50","watts-strogatz","0.01","2","0.1","2","CES","0.5","1","1","1","10","10","1","0.9","77","36","0.45","0.48","0.2","0","0.002","0.001","true","1","no","0","0","60","0","0","0","0.005","false","false","false","2","2","0.5","0.5","1","1","43","0.318","0.318"
"6","50","watts-strogatz","0.01","2","0.1","2","CES","0.5","1","1","1","10","10","1","0.9","77","36","0.45","0.48","0.2","0","0.002","0.001","true","1","no","0","0","60","0","0","0","0.005","false","false","false","2","2","0.5","0.5","1","1","44","0.322","0.322"
"6","50","watts-strogatz","0.01","2","0.1","2","CES","0.5","1","1","1","10","10","1","0.9","77","36","0.45","0.48","0.2","0","0.002","0.001","true","1","no","0","0","60","0","0","0","0.005","false","false","false","2","2","0.5","0.5","1","1","45","0.326","0.326"
"6","50","watts-strogatz","0.01","2","0.1","2","CES","0.5","1","1","1","10","10","1","0.9","77","36","0.45","0.48","0.2","0","0.002","0.001","true","1","no","0","0","60","0","0","0","0.005","false","false","false","2","2","0.5","0.5","1","1","46","0.33","0.33"
"6","50","watts-strogatz","0.01","2","0.1","2","CES","0.5","1","1","1","10","10","1","0.9","77","36","0.45","0.48","0.2","0","0.002","0.001","true","1","no","0","0","60","0","0","0","0.005","false","false","false","2","2","0.5","0.5","1","1","47","0.334","0.334"
"6","50","watts-strogatz","0.01","2","0.1","2","CES","0.5","1","1","1","10","10","1","0.9","77","36","0.45","0.48","0.2","0","0.002","0.001","true","1","no","0","0","60","0","0","0","0.005","false","false","false","2","2","0.5","0.5","1","1","48","0.338","0.338"
"6","50","watts-strogatz","0.01","2","0.1","2","CES","0.5","1","1","1","10","10","1","0.9","77","36","0.45","0.48","0.2","0","0.002","0.001","true","1","no","0","0","60","0","0","0","0.005","false","false","false","2","2","0.5","0.5","1","1","49","0.341","0.341"
"6","50","watts-strogatz","0.01","2","0.1","2","CES","0.5","1","1","1","10","10","1","0.9","77","36","0.45","0.48","0.2","0","0.002","0.001","true","1","no","0","0","60","0","0","0","0.005","false","false","false","2","2","0.5","0.5","1","1","50","0.345","0.345"
"7","50","watts-strogatz","0.01","2","0.1","2","CES","0.5","1","1","1","10","10","1","0.9","77","36","0.45","0.48","0.2","0","0.002","0.001","true","1","no","0","0","60","0","0","0","0.005","false","false","false","2","2","0.5","0.5","1","1","0","0.004","0"
"7","50","watts-strogatz","0.01","2","0.1","2","CES","0.5","1","1","1","10","10","1","0.9","77","36","0.45","0.48","0.2","0","0.002","0.001","true","1","no","0","0","60","0","0","0","0.005","false","false","false","2","2","0.5","0.5","1","1","1","0.023","0.022"
"7","50","watts-strogatz","0.01","2","0.1","2","CES","0.5","1","1","1","10","10","1","0.9","77","36","0.45","0.48","0.2","0","0.002","0.001","true","1","no","0","0","60","0","0","0","0.005","false","false","false","2","2","0.5","0.5","1","1","2","0.036","0.036"
"7","50","watts-strogatz","0.01","2","0.1","2","CES","0.5","1","1","1","10","10","1","0.9","77","36","0.45","0.48","0.2","0","0.002","0.001","true","1","no","0","0","60","0","0","0","0.005","false","false","false","2","2","0.5","0.5","1","1","3","0.049","0.049"
"7","50","watts-strogatz","0.01","2","0.1","2","CES","0.5","1","1","1","10","10","1","0.9","77","36","0.45","0.48","0.2","0","0.002","0.001","true","1","no","0","0","60","0","0","0","0.005","false","false","false","2","2","0.5","0.5","1","1","4","0.06","0.06"
"7","50","watts-strogatz","0.01","2","0.1","2","CES","0.5","1","1","1","10","10","1","0.9","77","36","0.45","0.48","0.2","0","0.002","0.001","true","1","no","0","0","60","0","0","0","0.005","false","false","false","2","2","0.5","0.5","1","1","5","0.071","0.071"
"7","50","watts-strogatz","0.01","2","0.1","2","CES","0.5","1","1","1","10","10","1","0.9","77","36","0.45","0.48","0.2","0","0.002","0.001","true","1","no","0","0","60","0","0","0","0.005","false","false","false","2","2","0.5","0.5","1","1","6","0.082","0.082"
"7","50","watts-strogatz","0.01","2","0.1","2","CES","0.5","1","1","1","10","10","1","0.9","77","36","0.45","0.48","0.2","0","0.002","0.001","true","1","no","0","0","60","0","0","0","0.005","false","false","false","2","2","0.5","0.5","1","1","7","0.092","0.092"
"7","50","watts-strogatz","0.01","2","0.1","2","CES","0.5","1","1","1","10","10","1","0.9","77","36","0.45","0.48","0.2","0","0.002","0.001","true","1","no","0","0","60","0","0","0","0.005","false","false","false","2","2","0.5","0.5","1","1","8","0.102","0.102"
"7","50","watts-strogatz","0.01","2","0.1","2","CES","0.5","1","1","1","10","10","1","0.9","77","36","0.45","0.48","0.2","0","0.002","0.001","true","1","no","0","0","60","0","0","0","0.005","false","false","false","2","2","0.5","0.5","1","1","9","0.11","0.11"
"7","50","watts-strogatz","0.01","2","0.1","2","CES","0.5","1","1","1","10","10","1","0.9","77","36","0.45","0.48","0.2","0","0.002","0.001","true","1","no","0","0","60","0","0","0","0.005","false","false","false","2","2","0.5","0.5","1","1","10","0.119","0.119"
"7","50","watts-strogatz","0.01","2","0.1","2","CES","0.5","1","1","1","10","10","1","0.9","77","36","0.45","0.48","0.2","0","0.002","0.001","true","1","no","0","0","60","0","0","0","0.005","false","false","false","2","2","0.5","0.5","1","1","11","0.127","0.127"
"7","50","watts-strogatz","0.01","2","0.1","2","CES","0.5","1","1","1","10","10","1","0.9","77","36","0.45","0.48","0.2","0","0.002","0.001","true","1","no","0","0","60","0","0","0","0.005","false","false","false","2","2","0.5","0.5","1","1","12","0.135","0.135"
"7","50","watts-strogatz","0.01","2","0.1","2","CES","0.5","1","1","1","10","10","1","0.9","77","36","0.45","0.48","0.2","0","0.002","0.001","true","1","no","0","0","60","0","0","0","0.005","false","false","false","2","2","0.5","0.5","1","1","13","0.143","0.143"
"7","50","watts-strogatz","0.01","2","0.1","2","CES","0.5","1","1","1","10","10","1","0.9","77","36","0.45","0.48","0.2","0","0.002","0.001","true","1","no","0","0","60","0","0","0","0.005","false","false","false","2","2","0.5","0.5","1","1","14","0.15","0.15"
"7","50","watts-strogatz","0.01","2","0.1","2","CES","0.5","1","1","1","10","10","1","0.9","77","36","0.45","0.48","0.2","0","0.002","0.001","true","1","no","0","0","60","0","0","0","0.005","false","false","false","2","2","0.5","0.5","1","1","15","0.158","0.158"
"7","50","watts-strogatz","0.01","2","0.1","2","CES","0.5","1","1","1","10","10","1","0.9","77","36","0.45","0.48","0.2","0","0.002","0.001","true","1","no","0","0","60","0","0","0","0.005","false","false","false","2","2","0.5","0.5","1","1","16","0.165","0.164"
"7","50","watts-strogatz","0.01","2","0.1","2","CES","0.5","1","1","1","10","10","1","0.9","77","36","0.45","0.48","0.2","0","0.002","0.001","true","1","no","0","0","60","0","0","0","0.005","false","false","false","2","2","0.5","0.5","1","1","17","0.171","0.171"
"7","50","watts-strogatz","0.01","2","0.1","2","CES","0.5","1","1","1","10","10","1","0.9","77","36","0.45","0.48","0.2","0","0.002","0.001","true","1","no","0","0","60","0","0","0","0.005","false","false","false","2","2","0.5","0.5","1","1","18","0.178","0.178"
"7","50","watts-strogatz","0.01","2","0.1","2","CES","0.5","1","1","1","10","10","1","0.9","77","36","0.45","0.48","0.2","0","0.002","0.001","true","1","no","0","0","60","0","0","0","0.005","false","false","false","2","2","0.5","0.5","1","1","19","0.184","0.184"
"7","50","watts-strogatz","0.01","2","0.1","2","CES","0.5","1","1","1","10","10","1","0.9","77","36","0.45","0.48","0.2","0","0.002","0.001","true","1","no","0","0","60","0","0","0","0.005","false","false","false","2","2","0.5","0.5","1","1","20","0.191","0.191"
"7","50","watts-strogatz","0.01","2","0.1","2","CES","0.5","1","1","1","10","10","1","0.9","77","36","0.45","0.48","0.2","0","0.002","0.001","true","1","no","0","0","60","0","0","0","0.005","false","false","false","2","2","0.5","0.5","1","1","21","0.197","0.197"
"7","50","watts-strogatz","0.01","2","0.1","2","CES","0.5","1","1","1","10","10","1","0.9","77","36","0.45","0.48","0.2","0","0.002","0.001","true","1","no","0","0","60","0","0","0","0.005","false","false","false","2","2","0.5","0.5","1","1","22","0.203","0.203"
"7","50","watts-strogatz","0.01","2","0.1","2","CES","0.5","1","1","1","10","10","1","0.9","77","36","0.45","0.48","0.2","0","0.002","0.001","true","1","no","0","0","60","0","0","0","0.005","false","false","false","2","2","0.5","0.5","1","1","23","0.209","0.209"
"7","50","watts-strogatz","0.01","2","0.1","2","CES","0.5","1","1","1","10","10","1","0.9","77","36","0.45","0.48","0.2","0","0.002","0.001","true","1","no","0","0","60","0","0","0","0.005","false","false","false","2","2","0.5","0.5","1","1","24","0.215","0.215"
"7","50","watts-strogatz","0.01","2","0.1","2","CES","0.5","1","1","1","10","10","1","0.9","77","36","0.45","0.48","0.2","0","0.002","0.001","true","1","no","0","0","60","0","0","0","0.005","false","false","false","2","2","0.5","0.5","1","1","25","0.221","0.221"
"7","50","watts-strogatz","0.01","2","0.1","2","CES","0.5","1","1","1","10","10","1","0.9","77","36","0.45","0.48","0.2","0","0.002","0.001","true","1","no","0","0","60","0","0","0","0.005","false","false","false","2","2","0.5","0.5","1","1","26","0.226","0.226"
"7","50","watts-strogatz","0.01","2","0.1","2","CES","0.5","1","1","1","10","10","1","0.9","77","36","0.45","0.48","0.2","0","0.002","0.001","true","1","no","0","0","60","0","0","0","0.005","false","false","false","2","2","0.5","0.5","1","1","27","0.232","0.232"
"7","50","watts-strogatz","0.01","2","0.1","2","CES","0.5","1","1","1","10","10","1","0.9","77","36","0.45","0.48","0.2","0","0.002","0.001","true","1","no","0","0","60","0","0","0","0.005","false","false","false","2","2","0.5","0.5","1","1","28","0.237","0.237"
"7","50","watts-strogatz","0.01","2","0.1","2","CES","0.5","1","1","1","10","10","1","0.9","77","36","0.45","0.48","0.2","0","0.002","0.001","true","1","no","0","0","60","0","0","0","0.005","false","false","false","2","2","0.5","0.5","1","1","29","0.242","0.242"
"7","50","watts-strogatz","0.01","2","0.1","2","CES","0.5","1","1","1","10","10","1","0.9","77","36","0.45","0.48","0.2","0","0.002","0.001","true","1","no","0","0","60","0","0","0","0.005","false","false","false","2","2","0.5","0.5","1","1","30","0.247","0.247"
"7","50","watts-strogatz","0.01","2","0.1","2","CES","0.5","1","1","1","10","10","1","0.9","77","36","0.45","0.48","0.2","0","0.002","0.001","true","1","no","0","0","60","0","0","0","0.005","false","false","false","2","2","0.5","0.5","1","1","31","0.252","0.252"
"7","50","watts-strogatz","0.01","2","0.1","2","CES","0.5","1","1","1","10","10","1","0.9","77","36","0.45","0.48","0.2","0","0.002","0.001","true","1","no","0","0","60","0","0","0","0.005","false","false","false","2","2","0.5","0.5","1","1","32","0.257","0.257"
"7","50","watts-strogatz","0.01","2","0.1","2","CES","0.5","1","1","1","10","10","1","0.9","77","36","0.45","0.48","0.2","0","0.002","0.001","true","1","no","0","0","60","0","0","0","0.005","false","false","false","2","2","0.5","0.5","1","1","33","0.262","0.262"
"7","50","watts-strogatz","0.01","2","0.1","2","CES","0.5","1","1","1","10","10","1","0.9","77","36","0.45","0.48","0.2","0","0.002","0.001","true","1","no","0","0","60","0","0","0","0.005","false","false","false","2","2","0.5","0.5","1","1","34","0.267","0.267"
"7","50","watts-strogatz","0.01","2","0.1","2","CES","0.5","1","1","1","10","10","1","0.9","77","36","0.45","0.48","0.2","0","0.002","0.001","true","1","no","0","0","60","0","0","0","0.005","false","false","false","2","2","0.5","0.5","1","1","35","0.272","0.272"
"7","50","watts-strogatz","0.01","2","0.1","2","CES","0.5","1","1","1","10","10","1","0.9","77","36","0.45","0.48","0.2","0","0.002","0.001","true","1","no","0","0","60","0","0","0","0.005","false","false","false","2","2","0.5","0.5","1","1","36","0.276","0.276"
"7","50","watts-strogatz","0.01","2","0.1","2","CES","0.5","1","1","1","10","10","1","0.9","77","36","0.45","0.48","0.2","0","0.002","0.001","true","1","no","0","0","60","0","0","0","0.005","false","false","false","2","2","0.5","0.5","1","1","37","0.281","0.281"
"7","50","watts-strogatz","0.01","2","0.1","2","CES","0.5","1","1","1","10","10","1","0.9","77","36","0.45","0.48","0.2","0","0.002","0.001","true","1","no","0","0","60","0","0","0","0.005","false","false","false","2","2","0.5","0.5","1","1","38","0.287","0.287"
"7","50","watts-strogatz","0.01","2","0.1","2","CES","0.5","1","1","1","10","10","1","0.9","77","36","0.45","0.48","0.2","0","0.002","0.001","true","1","no","0","0","60","0","0","0","0.005","false","false","false","2","2","0.5","0.5","1","1","39","0.291","0.291"
"7","50","watts-strogatz","0.01","2","0.1","2","CES","0.5","1","1","1","10","10","1","0.9","77","36","0.45","0.48","0.2","0","0.002","0.001","true","1","no","0","0","60","0","0","0","0.005","false","false","false","2","2","0.5","0.5","1","1","40","0.295","0.295"
"7","50","watts-strogatz","0.01","2","0.1","2","CES","0.5","1","1","1","10","10","1","0.9","77","36","0.45","0.48","0.2","0","0.002","0.001","true","1","no","0","0","60","0","0","0","0.005","false","false","false","2","2","0.5","0.5","1","1","41","0.299","0.299"
"7","50","watts-strogatz","0.01","2","0.1","2","CES","0.5","1","1","1","10","10","1","0.9","77","36","0.45","0.48","0.2","0","0.002","0.001","true","1","no","0","0","60","0","0","0","0.005","false","false","false","2","2","0.5","0.5","1","1","42","0.303","0.303"
"7","50","watts-strogatz","0.01","2","0.1","2","CES","0.5","1","1","1","10","10","1","0.9","77","36","0.45","0.48","0.2","0","0.002","0.001","true","1","no","0","0","60","0","0","0","0.005","false","false","false","2","2","0.5","0.5","1","1","43","0.308","0.308"
"7","50","watts-strogatz","0.01","2","0.1","2","CES","0.5","1","1","1","10","10","1","0.9","77","36","0.45","0.48","0.2","0","0.002","0.001","true","1","no","0","0","60","0","0","0","0.005","false","false","false","2","2","0.5","0.5","1","1","44","0.311","0.311"
"7","50","watts-strogatz","0.01","2","0.1","2","CES","0.5","1","1","1","10","10","1","0.9","77","36","0.45","0.48","0.2","0","0.002","0.001","true","1","no","0","0","60","0","0","0","0.005","false","false","false","2","2","0.5","0.5","1","1","45","0.315","0.315"
"7","50","watts-strogatz","0.01","2","0.1","2","CES","0.5","1","1","1","10","10","1","0.9","77","36","0.45","0.48","0.2","0","0.002","0.001","true","1","no","0","0","60","0","0","0","0.005","false","false","false","2","2","0.5","0.5","1","1","46","0.319","0.319"
"7","50","watts-strogatz","0.01","2","0.1","2","CES","0.5","1","1","1","10","10","1","0.9","77","36","0.45","0.48","0.2","0","0.002","0.001","true","1","no","0","0","60","0","0","0","0.005","false","false","false","2","2","0.5","0.5","1","1","47","0.323","0.323"
"7","50","watts-strogatz","0.01","2","0.1","2","CES","0.5","1","1","1","10","10","1","0.9","77","36","0.45","0.48","0.2","0","0.002","0.001","true","1","no","0","0","60","0","0","0","0.005","false","false","false","2","2","0.5","0.5","1","1","48","0.327","0.327"
"7","50","watts-strogatz","0.01","2","0.1","2","CES","0.5","1","1","1","10","10","1","0.9","77","36","0.45","0.48","0.2","0","0.002","0.001","true","1","no","0","0","60","0","0","0","0.005","false","false","false","2","2","0.5","0.5","1","1","49","0.33","0.33"
"7","50","watts-strogatz","0.01","2","0.1","2","CES","0.5","1","1","1","10","10","1","0.9","77","36","0.45","0.48","0.2","0","0.002","0.001","true","1","no","0","0","60","0","0","0","0.005","false","false","false","2","2","0.5","0.5","1","1","50","0.334","0.334"
"8","50","watts-strogatz","0.01","2","0.1","2","CES","0.5","1","1","1","10","10","1","0.9","77","36","0.45","0.48","0.2","0","0.002","0.001","true","1","no","0","0","60","0","0","0","0.005","false","false","false","2","2","0.5","0.5","1","1","0","0.004","0"
"8","50","watts-strogatz","0.01","2","0.1","2","CES","0.5","1","1","1","10","10","1","0.9","77","36","0.45","0.48","0.2","0","0.002","0.001","true","1","no","0","0","60","0","0","0","0.005","false","false","false","2","2","0.5","0.5","1","1","1","0.021","0.021"
"8","50","watts-strogatz","0.01","2","0.1","2","CES","0.5","1","1","1","10","10","1","0.9","77","36","0.45","0.48","0.2","0","0.002","0.001","true","1","no","0","0","60","0","0","0","0.005","false","false","false","2","2","0.5","0.5","1","1","2","0.035","0.035"
"8","50","watts-strogatz","0.01","2","0.1","2","CES","0.5","1","1","1","10","10","1","0.9","77","36","0.45","0.48","0.2","0","0.002","0.001","true","1","no","0","0","60","0","0","0","0.005","false","false","false","2","2","0.5","0.5","1","1","3","0.047","0.047"
"8","50","watts-strogatz","0.01","2","0.1","2","CES","0.5","1","1","1","10","10","1","0.9","77","36","0.45","0.48","0.2","0","0.002","0.001","true","1","no","0","0","60","0","0","0","0.005","false","false","false","2","2","0.5","0.5","1","1","4","0.058","0.058"
"8","50","watts-strogatz","0.01","2","0.1","2","CES","0.5","1","1","1","10","10","1","0.9","77","36","0.45","0.48","0.2","0","0.002","0.001","true","1","no","0","0","60","0","0","0","0.005","false","false","false","2","2","0.5","0.5","1","1","5","0.069","0.069"
"8","50","watts-strogatz","0.01","2","0.1","2","CES","0.5","1","1","1","10","10","1","0.9","77","36","0.45","0.48","0.2","0","0.002","0.001","true","1","no","0","0","60","0","0","0","0.005","false","false","false","2","2","0.5","0.5","1","1","6","0.079","0.079"
"8","50","watts-strogatz","0.01","2","0.1","2","CES","0.5","1","1","1","10","10","1","0.9","77","36","0.45","0.48","0.2","0","0.002","0.001","true","1","no","0","0","60","0","0","0","0.005","false","false","false","2","2","0.5","0.5","1","1","7","0.089","0.089"
"8","50","watts-strogatz","0.01","2","0.1","2","CES","0.5","1","1","1","10","10","1","0.9","77","36","0.45","0.48","0.2","0","0.002","0.001","true","1","no","0","0","60","0","0","0","0.005","false","false","false","2","2","0.5","0.5","1","1","8","0.098","0.098"
"8","50","watts-strogatz","0.01","2","0.1","2","CES","0.5","1","1","1","10","10","1","0.9","77","36","0.45","0.48","0.2","0","0.002","0.001","true","1","no","0","0","60","0","0","0","0.005","false","false","false","2","2","0.5","0.5","1","1","9","0.107","0.107"
"8","50","watts-strogatz","0.01","2","0.1","2","CES","0.5","1","1","1","10","10","1","0.9","77","36","0.45","0.48","0.2","0","0.002","0.001","true","1","no","0","0","60","0","0","0","0.005","false","false","false","2","2","0.5","0.5","1","1","10","0.115","0.115"
"8","50","watts-strogatz","0.01","2","0.1","2","CES","0.5","1","1","1","10","10","1","0.9","77","36","0.45","0.48","0.2","0","0.002","0.001","true","1","no","0","0","60","0","0","0","0.005","false","false","false","2","2","0.5","0.5","1","1","11","0.124","0.124"
"8","50","watts-strogatz","0.01","2","0.1","2","CES","0.5","1","1","1","10","10","1","0.9","77","36","0.45","0.48","0.2","0","0.002","0.001","true","1","no","0","0","60","0","0","0","0.005","false","false","false","2","2","0.5","0.5","1","1","12","0.132","0.132"
"8","50","watts-strogatz","0.01","2","0.1","2","CES","0.5","1","1","1","10","10","1","0.9","77","36","0.45","0.48","0.2","0","0.002","0.001","true","1","no","0","0","60","0","0","0","0.005","false","false","false","2","2","0.5","0.5","1","1","13","0.139","0.139"
"8","50","watts-strogatz","0.01","2","0.1","2","CES","0.5","1","1","1","10","10","1","0.9","77","36","0.45","0.48","0.2","0","0.002","0.001","true","1","no","0","0","60","0","0","0","0.005","false","false","false","2","2","0.5","0.5","1","1","14","0.148","0.148"
"8","50","watts-strogatz","0.01","2","0.1","2","CES","0.5","1","1","1","10","10","1","0.9","77","36","0.45","0.48","0.2","0","0.002","0.001","true","1","no","0","0","60","0","0","0","0.005","false","false","false","2","2","0.5","0.5","1","1","15","0.155","0.155"
"8","50","watts-strogatz","0.01","2","0.1","2","CES","0.5","1","1","1","10","10","1","0.9","77","36","0.45","0.48","0.2","0","0.002","0.001","true","1","no","0","0","60","0","0","0","0.005","false","false","false","2","2","0.5","0.5","1","1","16","0.162","0.162"
"8","50","watts-strogatz","0.01","2","0.1","2","CES","0.5","1","1","1","10","10","1","0.9","77","36","0.45","0.48","0.2","0","0.002","0.001","true","1","no","0","0","60","0","0","0","0.005","false","false","false","2","2","0.5","0.5","1","1","17","0.169","0.169"
"8","50","watts-strogatz","0.01","2","0.1","2","CES","0.5","1","1","1","10","10","1","0.9","77","36","0.45","0.48","0.2","0","0.002","0.001","true","1","no","0","0","60","0","0","0","0.005","false","false","false","2","2","0.5","0.5","1","1","18","0.176","0.176"
"8","50","watts-strogatz","0.01","2","0.1","2","CES","0.5","1","1","1","10","10","1","0.9","77","36","0.45","0.48","0.2","0","0.002","0.001","true","1","no","0","0","60","0","0","0","0.005","false","false","false","2","2","0.5","0.5","1","1","19","0.182","0.182"
"8","50","watts-strogatz","0.01","2","0.1","2","CES","0.5","1","1","1","10","10","1","0.9","77","36","0.45","0.48","0.2","0","0.002","0.001","true","1","no","0","0","60","0","0","0","0.005","false","false","false","2","2","0.5","0.5","1","1","20","0.189","0.189"
"8","50","watts-strogatz","0.01","2","0.1","2","CES","0.5","1","1","1","10","10","1","0.9","77","36","0.45","0.48","0.2","0","0.002","0.001","true","1","no","0","0","60","0","0","0","0.005","false","false","false","2","2","0.5","0.5","1","1","21","0.195","0.195"
"8","50","watts-strogatz","0.01","2","0.1","2","CES","0.5","1","1","1","10","10","1","0.9","77","36","0.45","0.48","0.2","0","0.002","0.001","true","1","no","0","0","60","0","0","0","0.005","false","false","false","2","2","0.5","0.5","1","1","22","0.201","0.201"
"8","50","watts-strogatz","0.01","2","0.1","2","CES","0.5","1","1","1","10","10","1","0.9","77","36","0.45","0.48","0.2","0","0.002","0.001","true","1","no","0","0","60","0","0","0","0.005","false","false","false","2","2","0.5","0.5","1","1","23","0.207","0.207"
"8","50","watts-strogatz","0.01","2","0.1","2","CES","0.5","1","1","1","10","10","1","0.9","77","36","0.45","0.48","0.2","0","0.002","0.001","true","1","no","0","0","60","0","0","0","0.005","false","false","false","2","2","0.5","0.5","1","1","24","0.213","0.213"
"8","50","watts-strogatz","0.01","2","0.1","2","CES","0.5","1","1","1","10","10","1","0.9","77","36","0.45","0.48","0.2","0","0.002","0.001","true","1","no","0","0","60","0","0","0","0.005","false","false","false","2","2","0.5","0.5","1","1","25","0.219","0.219"
"8","50","watts-strogatz","0.01","2","0.1","2","CES","0.5","1","1","1","10","10","1","0.9","77","36","0.45","0.48","0.2","0","0.002","0.001","true","1","no","0","0","60","0","0","0","0.005","false","false","false","2","2","0.5","0.5","1","1","26","0.224","0.224"
"8","50","watts-strogatz","0.01","2","0.1","2","CES","0.5","1","1","1","10","10","1","0.9","77","36","0.45","0.48","0.2","0","0.002","0.001","true","1","no","0","0","60","0","0","0","0.005","false","false","false","2","2","0.5","0.5","1","1","27","0.23","0.23"
"8","50","watts-strogatz","0.01","2","0.1","2","CES","0.5","1","1","1","10","10","1","0.9","77","36","0.45","0.48","0.2","0","0.002","0.001","true","1","no","0","0","60","0","0","0","0.005","false","false","false","2","2","0.5","0.5","1","1","28","0.235","0.235"
"8","50","watts-strogatz","0.01","2","0.1","2","CES","0.5","1","1","1","10","10","1","0.9","77","36","0.45","0.48","0.2","0","0.002","0.001","true","1","no","0","0","60","0","0","0","0.005","false","false","false","2","2","0.5","0.5","1","1","29","0.241","0.24"
"8","50","watts-strogatz","0.01","2","0.1","2","CES","0.5","1","1","1","10","10","1","0.9","77","36","0.45","0.48","0.2","0","0.002","0.001","true","1","no","0","0","60","0","0","0","0.005","false","false","false","2","2","0.5","0.5","1","1","30","0.246","0.246"
"8","50","watts-strogatz","0.01","2","0.1","2","CES","0.5","1","1","1","10","10","1","0.9","77","36","0.45","0.48","0.2","0","0.002","0.001","true","1","no","0","0","60","0","0","0","0.005","false","false","false","2","2","0.5","0.5","1","1","31","0.251","0.251"
"8","50","watts-strogatz","0.01","2","0.1","2","CES","0.5","1","1","1","10","10","1","0.9","77","36","0.45","0.48","0.2","0","0.002","0.001","true","1","no","0","0","60","0","0","0","0.005","false","false","false","2","2","0.5","0.5","1","1","32","0.256","0.256"
"8","50","watts-strogatz","0.01","2","0.1","2","CES","0.5","1","1","1","10","10","1","0.9","77","36","0.45","0.48","0.2","0","0.002","0.001","true","1","no","0","0","60","0","0","0","0.005","false","false","false","2","2","0.5","0.5","1","1","33","0.26","0.26"
"8","50","watts-strogatz","0.01","2","0.1","2","CES","0.5","1","1","1","10","10","1","0.9","77","36","0.45","0.48","0.2","0","0.002","0.001","true","1","no","0","0","60","0","0","0","0.005","false","false","false","2","2","0.5","0.5","1","1","34","0.265","0.265"
"8","50","watts-strogatz","0.01","2","0.1","2","CES","0.5","1","1","1","10","10","1","0.9","77","36","0.45","0.48","0.2","0","0.002","0.001","true","1","no","0","0","60","0","0","0","0.005","false","false","false","2","2","0.5","0.5","1","1","35","0.27","0.27"
"8","50","watts-strogatz","0.01","2","0.1","2","CES","0.5","1","1","1","10","10","1","0.9","77","36","0.45","0.48","0.2","0","0.002","0.001","true","1","no","0","0","60","0","0","0","0.005","false","false","false","2","2","0.5","0.5","1","1","36","0.275","0.275"
"8","50","watts-strogatz","0.01","2","0.1","2","CES","0.5","1","1","1","10","10","1","0.9","77","36","0.45","0.48","0.2","0","0.002","0.001","true","1","no","0","0","60","0","0","0","0.005","false","false","false","2","2","0.5","0.5","1","1","37","0.279","0.279"
"8","50","watts-strogatz","0.01","2","0.1","2","CES","0.5","1","1","1","10","10","1","0.9","77","36","0.45","0.48","0.2","0","0.002","0.001","true","1","no","0","0","60","0","0","0","0.005","false","false","false","2","2","0.5","0.5","1","1","38","0.284","0.283"
"8","50","watts-strogatz","0.01","2","0.1","2","CES","0.5","1","1","1","10","10","1","0.9","77","36","0.45","0.48","0.2","0","0.002","0.001","true","1","no","0","0","60","0","0","0","0.005","false","false","false","2","2","0.5","0.5","1","1","39","0.288","0.288"
"8","50","watts-strogatz","0.01","2","0.1","2","CES","0.5","1","1","1","10","10","1","0.9","77","36","0.45","0.48","0.2","0","0.002","0.001","true","1","no","0","0","60","0","0","0","0.005","false","false","false","2","2","0.5","0.5","1","1","40","0.292","0.292"
"8","50","watts-strogatz","0.01","2","0.1","2","CES","0.5","1","1","1","10","10","1","0.9","77","36","0.45","0.48","0.2","0","0.002","0.001","true","1","no","0","0","60","0","0","0","0.005","false","false","false","2","2","0.5","0.5","1","1","41","0.296","0.296"
"8","50","watts-strogatz","0.01","2","0.1","2","CES","0.5","1","1","1","10","10","1","0.9","77","36","0.45","0.48","0.2","0","0.002","0.001","true","1","no","0","0","60","0","0","0","0.005","false","false","false","2","2","0.5","0.5","1","1","42","0.301","0.301"
"8","50","watts-strogatz","0.01","2","0.1","2","CES","0.5","1","1","1","10","10","1","0.9","77","36","0.45","0.48","0.2","0","0.002","0.001","true","1","no","0","0","60","0","0","0","0.005","false","false","false","2","2","0.5","0.5","1","1","43","0.305","0.305"
"8","50","watts-strogatz","0.01","2","0.1","2","CES","0.5","1","1","1","10","10","1","0.9","77","36","0.45","0.48","0.2","0","0.002","0.001","true","1","no","0","0","60","0","0","0","0.005","false","false","false","2","2","0.5","0.5","1","1","44","0.309","0.309"
"8","50","watts-strogatz","0.01","2","0.1","2","CES","0.5","1","1","1","10","10","1","0.9","77","36","0.45","0.48","0.2","0","0.002","0.001","true","1","no","0","0","60","0","0","0","0.005","false","false","false","2","2","0.5","0.5","1","1","45","0.313","0.313"
"8","50","watts-strogatz","0.01","2","0.1","2","CES","0.5","1","1","1","10","10","1","0.9","77","36","0.45","0.48","0.2","0","0.002","0.001","true","1","no","0","0","60","0","0","0","0.005","false","false","false","2","2","0.5","0.5","1","1","46","0.317","0.317"
"8","50","watts-strogatz","0.01","2","0.1","2","CES","0.5","1","1","1","10","10","1","0.9","77","36","0.45","0.48","0.2","0","0.002","0.001","true","1","no","0","0","60","0","0","0","0.005","false","false","false","2","2","0.5","0.5","1","1","47","0.32","0.32"
"8","50","watts-strogatz","0.01","2","0.1","2","CES","0.5","1","1","1","10","10","1","0.9","77","36","0.45","0.48","0.2","0","0.002","0.001","true","1","no","0","0","60","0","0","0","0.005","false","false","false","2","2","0.5","0.5","1","1","48","0.324","0.324"
"8","50","watts-strogatz","0.01","2","0.1","2","CES","0.5","1","1","1","10","10","1","0.9","77","36","0.45","0.48","0.2","0","0.002","0.001","true","1","no","0","0","60","0","0","0","0.005","false","false","false","2","2","0.5","0.5","1","1","49","0.328","0.328"
"8","50","watts-strogatz","0.01","2","0.1","2","CES","0.5","1","1","1","10","10","1","0.9","77","36","0.45","0.48","0.2","0","0.002","0.001","true","1","no","0","0","60","0","0","0","0.005","false","false","false","2","2","0.5","0.5","1","1","50","0.331","0.331"
"9","50","watts-strogatz","0.01","2","0.1","2","CES","0.5","1","1","1","10","10","1","0.9","77","36","0.45","0.48","0.2","0","0.002","0.001","true","1","no","0","0","60","0","0","0","0.005","false","false","false","2","2","0.5","0.5","1","1","0","0.003","0"
"9","50","watts-strogatz","0.01","2","0.1","2","CES","0.5","1","1","1","10","10","1","0.9","77","36","0.45","0.48","0.2","0","0.002","0.001","true","1","no","0","0","60","0","0","0","0.005","false","false","false","2","2","0.5","0.5","1","1","1","0.021","0.021"
"9","50","watts-strogatz","0.01","2","0.1","2","CES","0.5","1","1","1","10","10","1","0.9","77","36","0.45","0.48","0.2","0","0.002","0.001","true","1","no","0","0","60","0","0","0","0.005","false","false","false","2","2","0.5","0.5","1","1","2","0.035","0.035"
"9","50","watts-strogatz","0.01","2","0.1","2","CES","0.5","1","1","1","10","10","1","0.9","77","36","0.45","0.48","0.2","0","0.002","0.001","true","1","no","0","0","60","0","0","0","0.005","false","false","false","2","2","0.5","0.5","1","1","3","0.047","0.047"
"9","50","watts-strogatz","0.01","2","0.1","2","CES","0.5","1","1","1","10","10","1","0.9","77","36","0.45","0.48","0.2","0","0.002","0.001","true","1","no","0","0","60","0","0","0","0.005","false","false","false","2","2","0.5","0.5","1","1","4","0.059","0.058"
"9","50","watts-strogatz","0.01","2","0.1","2","CES","0.5","1","1","1","10","10","1","0.9","77","36","0.45","0.48","0.2","0","0.002","0.001","true","1","no","0","0","60","0","0","0","0.005","false","false","false","2","2","0.5","0.5","1","1","5","0.069","0.069"
"9","50","watts-strogatz","0.01","2","0.1","2","CES","0.5","1","1","1","10","10","1","0.9","77","36","0.45","0.48","0.2","0","0.002","0.001","true","1","no","0","0","60","0","0","0","0.005","false","false","false","2","2","0.5","0.5","1","1","6","0.079","0.079"
"9","50","watts-strogatz","0.01","2","0.1","2","CES","0.5","1","1","1","10","10","1","0.9","77","36","0.45","0.48","0.2","0","0.002","0.001","true","1","no","0","0","60","0","0","0","0.005","false","false","false","2","2","0.5","0.5","1","1","7","0.089","0.089"
"9","50","watts-strogatz","0.01","2","0.1","2","CES","0.5","1","1","1","10","10","1","0.9","77","36","0.45","0.48","0.2","0","0.002","0.001","true","1","no","0","0","60","0","0","0","0.005","false","false","false","2","2","0.5","0.5","1","1","8","0.099","0.099"
"9","50","watts-strogatz","0.01","2","0.1","2","CES","0.5","1","1","1","10","10","1","0.9","77","36","0.45","0.48","0.2","0","0.002","0.001","true","1","no","0","0","60","0","0","0","0.005","false","false","false","2","2","0.5","0.5","1","1","9","0.108","0.108"
"9","50","watts-strogatz","0.01","2","0.1","2","CES","0.5","1","1","1","10","10","1","0.9","77","36","0.45","0.48","0.2","0","0.002","0.001","true","1","no","0","0","60","0","0","0","0.005","false","false","false","2","2","0.5","0.5","1","1","10","0.116","0.116"
"9","50","watts-strogatz","0.01","2","0.1","2","CES","0.5","1","1","1","10","10","1","0.9","77","36","0.45","0.48","0.2","0","0.002","0.001","true","1","no","0","0","60","0","0","0","0.005","false","false","false","2","2","0.5","0.5","1","1","11","0.125","0.125"
"9","50","watts-strogatz","0.01","2","0.1","2","CES","0.5","1","1","1","10","10","1","0.9","77","36","0.45","0.48","0.2","0","0.002","0.001","true","1","no","0","0","60","0","0","0","0.005","false","false","false","2","2","0.5","0.5","1","1","12","0.132","0.132"
"9","50","watts-strogatz","0.01","2","0.1","2","CES","0.5","1","1","1","10","10","1","0.9","77","36","0.45","0.48","0.2","0","0.002","0.001","true","1","no","0","0","60","0","0","0","0.005","false","false","false","2","2","0.5","0.5","1","1","13","0.14","0.14"
"9","50","watts-strogatz","0.01","2","0.1","2","CES","0.5","1","1","1","10","10","1","0.9","77","36","0.45","0.48","0.2","0","0.002","0.001","true","1","no","0","0","60","0","0","0","0.005","false","false","false","2","2","0.5","0.5","1","1","14","0.148","0.148"
"9","50","watts-strogatz","0.01","2","0.1","2","CES","0.5","1","1","1","10","10","1","0.9","77","36","0.45","0.48","0.2","0","0.002","0.001","true","1","no","0","0","60","0","0","0","0.005","false","false","false","2","2","0.5","0.5","1","1","15","0.155","0.155"
"9","50","watts-strogatz","0.01","2","0.1","2","CES","0.5","1","1","1","10","10","1","0.9","77","36","0.45","0.48","0.2","0","0.002","0.001","true","1","no","0","0","60","0","0","0","0.005","false","false","false","2","2","0.5","0.5","1","1","16","0.162","0.162"
"9","50","watts-strogatz","0.01","2","0.1","2","CES","0.5","1","1","1","10","10","1","0.9","77","36","0.45","0.48","0.2","0","0.002","0.001","true","1","no","0","0","60","0","0","0","0.005","false","false","false","2","2","0.5","0.5","1","1","17","0.169","0.169"
"9","50","watts-strogatz","0.01","2","0.1","2","CES","0.5","1","1","1","10","10","1","0.9","77","36","0.45","0.48","0.2","0","0.002","0.001","true","1","no","0","0","60","0","0","0","0.005","false","false","false","2","2","0.5","0.5","1","1","18","0.176","0.176"
"9","50","watts-strogatz","0.01","2","0.1","2","CES","0.5","1","1","1","10","10","1","0.9","77","36","0.45","0.48","0.2","0","0.002","0.001","true","1","no","0","0","60","0","0","0","0.005","false","false","false","2","2","0.5","0.5","1","1","19","0.183","0.183"
"9","50","watts-strogatz","0.01","2","0.1","2","CES","0.5","1","1","1","10","10","1","0.9","77","36","0.45","0.48","0.2","0","0.002","0.001","true","1","no","0","0","60","0","0","0","0.005","false","false","false","2","2","0.5","0.5","1","1","20","0.189","0.189"
"9","50","watts-strogatz","0.01","2","0.1","2","CES","0.5","1","1","1","10","10","1","0.9","77","36","0.45","0.48","0.2","0","0.002","0.001","true","1","no","0","0","60","0","0","0","0.005","false","false","false","2","2","0.5","0.5","1","1","21","0.195","0.195"
"9","50","watts-strogatz","0.01","2","0.1","2","CES","0.5","1","1","1","10","10","1","0.9","77","36","0.45","0.48","0.2","0","0.002","0.001","true","1","no","0","0","60","0","0","0","0.005","false","false","false","2","2","0.5","0.5","1","1","22","0.202","0.202"
"9","50","watts-strogatz","0.01","2","0.1","2","CES","0.5","1","1","1","10","10","1","0.9","77","36","0.45","0.48","0.2","0","0.002","0.001","true","1","no","0","0","60","0","0","0","0.005","false","false","false","2","2","0.5","0.5","1","1","23","0.208","0.208"
"9","50","watts-strogatz","0.01","2","0.1","2","CES","0.5","1","1","1","10","10","1","0.9","77","36","0.45","0.48","0.2","0","0.002","0.001","true","1","no","0","0","60","0","0","0","0.005","false","false","false","2","2","0.5","0.5","1","1","24","0.214","0.214"
"9","50","watts-strogatz","0.01","2","0.1","2","CES","0.5","1","1","1","10","10","1","0.9","77","36","0.45","0.48","0.2","0","0.002","0.001","true","1","no","0","0","60","0","0","0","0.005","false","false","false","2","2","0.5","0.5","1","1","25","0.22","0.22"
"9","50","watts-strogatz","0.01","2","0.1","2","CES","0.5","1","1","1","10","10","1","0.9","77","36","0.45","0.48","0.2","0","0.002","0.001","true","1","no","0","0","60","0","0","0","0.005","false","false","false","2","2","0.5","0.5","1","1","26","0.225","0.225"
"9","50","watts-strogatz","0.01","2","0.1","2","CES","0.5","1","1","1","10","10","1","0.9","77","36","0.45","0.48","0.2","0","0.002","0.001","true","1","no","0","0","60","0","0","0","0.005","false","false","false","2","2","0.5","0.5","1","1","27","0.231","0.231"
"9","50","watts-strogatz","0.01","2","0.1","2","CES","0.5","1","1","1","10","10","1","0.9","77","36","0.45","0.48","0.2","0","0.002","0.001","true","1","no","0","0","60","0","0","0","0.005","false","false","false","2","2","0.5","0.5","1","1","28","0.236","0.236"
"9","50","watts-strogatz","0.01","2","0.1","2","CES","0.5","1","1","1","10","10","1","0.9","77","36","0.45","0.48","0.2","0","0.002","0.001","true","1","no","0","0","60","0","0","0","0.005","false","false","false","2","2","0.5","0.5","1","1","29","0.241","0.241"
"9","50","watts-strogatz","0.01","2","0.1","2","CES","0.5","1","1","1","10","10","1","0.9","77","36","0.45","0.48","0.2","0","0.002","0.001","true","1","no","0","0","60","0","0","0","0.005","false","false","false","2","2","0.5","0.5","1","1","30","0.246","0.246"
"9","50","watts-strogatz","0.01","2","0.1","2","CES","0.5","1","1","1","10","10","1","0.9","77","36","0.45","0.48","0.2","0","0.002","0.001","true","1","no","0","0","60","0","0","0","0.005","false","false","false","2","2","0.5","0.5","1","1","31","0.251","0.251"
"9","50","watts-strogatz","0.01","2","0.1","2","CES","0.5","1","1","1","10","10","1","0.9","77","36","0.45","0.48","0.2","0","0.002","0.001","true","1","no","0","0","60","0","0","0","0.005","false","false","false","2","2","0.5","0.5","1","1","32","0.256","0.256"
"9","50","watts-strogatz","0.01","2","0.1","2","CES","0.5","1","1","1","10","10","1","0.9","77","36","0.45","0.48","0.2","0","0.002","0.001","true","1","no","0","0","60","0","0","0","0.005","false","false","false","2","2","0.5","0.5","1","1","33","0.261","0.261"
"9","50","watts-strogatz","0.01","2","0.1","2","CES","0.5","1","1","1","10","10","1","0.9","77","36","0.45","0.48","0.2","0","0.002","0.001","true","1","no","0","0","60","0","0","0","0.005","false","false","false","2","2","0.5","0.5","1","1","34","0.318","0.318"
"9","50","watts-strogatz","0.01","2","0.1","2","CES","0.5","1","1","1","10","10","1","0.9","77","36","0.45","0.48","0.2","0","0.002","0.001","true","1","no","0","0","60","0","0","0","0.005","false","false","false","2","2","0.5","0.5","1","1","35","0.325","0.325"
"9","50","watts-strogatz","0.01","2","0.1","2","CES","0.5","1","1","1","10","10","1","0.9","77","36","0.45","0.48","0.2","0","0.002","0.001","true","1","no","0","0","60","0","0","0","0.005","false","false","false","2","2","0.5","0.5","1","1","36","0.33","0.33"
"9","50","watts-strogatz","0.01","2","0.1","2","CES","0.5","1","1","1","10","10","1","0.9","77","36","0.45","0.48","0.2","0","0.002","0.001","true","1","no","0","0","60","0","0","0","0.005","false","false","false","2","2","0.5","0.5","1","1","37","0.334","0.334"
"9","50","watts-strogatz","0.01","2","0.1","2","CES","0.5","1","1","1","10","10","1","0.9","77","36","0.45","0.48","0.2","0","0.002","0.001","true","1","no","0","0","60","0","0","0","0.005","false","false","false","2","2","0.5","0.5","1","1","38","0.338","0.338"
"9","50","watts-strogatz","0.01","2","0.1","2","CES","0.5","1","1","1","10","10","1","0.9","77","36","0.45","0.48","0.2","0","0.002","0.001","true","1","no","0","0","60","0","0","0","0.005","false","false","false","2","2","0.5","0.5","1","1","39","0.343","0.343"
"9","50","watts-strogatz","0.01","2","0.1","2","CES","0.5","1","1","1","10","10","1","0.9","77","36","0.45","0.48","0.2","0","0.002","0.001","true","1","no","0","0","60","0","0","0","0.005","false","false","false","2","2","0.5","0.5","1","1","40","0.347","0.347"
"9","50","watts-strogatz","0.01","2","0.1","2","CES","0.5","1","1","1","10","10","1","0.9","77","36","0.45","0.48","0.2","0","0.002","0.001","true","1","no","0","0","60","0","0","0","0.005","false","false","false","2","2","0.5","0.5","1","1","41","0.351","0.351"
"9","50","watts-strogatz","0.01","2","0.1","2","CES","0.5","1","1","1","10","10","1","0.9","77","36","0.45","0.48","0.2","0","0.002","0.001","true","1","no","0","0","60","0","0","0","0.005","false","false","false","2","2","0.5","0.5","1","1","42","0.355","0.355"
"9","50","watts-strogatz","0.01","2","0.1","2","CES","0.5","1","1","1","10","10","1","0.9","77","36","0.45","0.48","0.2","0","0.002","0.001","true","1","no","0","0","60","0","0","0","0.005","false","false","false","2","2","0.5","0.5","1","1","43","0.359","0.359"
"9","50","watts-strogatz","0.01","2","0.1","2","CES","0.5","1","1","1","10","10","1","0.9","77","36","0.45","0.48","0.2","0","0.002","0.001","true","1","no","0","0","60","0","0","0","0.005","false","false","false","2","2","0.5","0.5","1","1","44","0.363","0.363"
"9","50","watts-strogatz","0.01","2","0.1","2","CES","0.5","1","1","1","10","10","1","0.9","77","36","0.45","0.48","0.2","0","0.002","0.001","true","1","no","0","0","60","0","0","0","0.005","false","false","false","2","2","0.5","0.5","1","1","45","0.367","0.367"
"9","50","watts-strogatz","0.01","2","0.1","2","CES","0.5","1","1","1","10","10","1","0.9","77","36","0.45","0.48","0.2","0","0.002","0.001","true","1","no","0","0","60","0","0","0","0.005","false","false","false","2","2","0.5","0.5","1","1","46","0.371","0.371"
"9","50","watts-strogatz","0.01","2","0.1","2","CES","0.5","1","1","1","10","10","1","0.9","77","36","0.45","0.48","0.2","0","0.002","0.001","true","1","no","0","0","60","0","0","0","0.005","false","false","false","2","2","0.5","0.5","1","1","47","0.376","0.375"
"9","50","watts-strogatz","0.01","2","0.1","2","CES","0.5","1","1","1","10","10","1","0.9","77","36","0.45","0.48","0.2","0","0.002","0.001","true","1","no","0","0","60","0","0","0","0.005","false","false","false","2","2","0.5","0.5","1","1","48","0.379","0.379"
"9","50","watts-strogatz","0.01","2","0.1","2","CES","0.5","1","1","1","10","10","1","0.9","77","36","0.45","0.48","0.2","0","0.002","0.001","true","1","no","0","0","60","0","0","0","0.005","false","false","false","2","2","0.5","0.5","1","1","49","0.383","0.383"
"9","50","watts-strogatz","0.01","2","0.1","2","CES","0.5","1","1","1","10","10","1","0.9","77","36","0.45","0.48","0.2","0","0.002","0.001","true","1","no","0","0","60","0","0","0","0.005","false","false","false","2","2","0.5","0.5","1","1","50","0.386","0.386"
