"BehaviorSpace results (NetLogo 7.0.4)","Table version 2.0"
"/home/franzs/Schreibtisch/Arbeit/gendernorms/gender_model_shocks_preferences.nlogox"
"pop_n200_t50"
"09/26/2026 12:14:18:359 +0200"
"min-pxcor","max-pxcor","min-pycor","max-pycor"
"-38","38","-16","16"
"[run number]","number-agents-each-type","network-structure","random-network-prob","watts-strogatz-neighbors","watts-strogatz-rewiring","preferential-attachment-min-degree","utility-function","CES_beta","weight-working-time-self","weight-working-time-partner","weight-transfer","conformism-male","conformism-female","wage-male","wage-female","norm-paid-time-male","norm-paid-time-female","preference-private-mean-male","preference-private-mean-female","std-dev-values","initial-transfer","lambda","convergence_epsilon","fixed-rs","random-seed-fixed","shock","perc-affected-male","perc-affected-female","shock-start","wage-growth-rate","preference-private-shock-male","preference-private-shock-female","shock-depreciation","import-csv","specific-couple","output-locations","wage-female-in-question","wage-male-in-question","preference-private-female-in-question","preference-private-male-in-question","conformism-male-in-question","conformism-female-in-question","[step]","timer","run-time"
"1","200","watts-strogatz","0.01","2","0.1","2","CES","0.5","1","1","1","10","10","1","0.9","77","36","0.45","0.48","0.2","0","0.002","0.001","true","1","no","0","0","60","0","0","0","0.005","false","false","false","2","2","0.5","0.5","1","1","0","0.088","0"
"1","200","watts-strogatz","0.01","2","0.1","2","CES","0.5","1","1","1","10","10","1","0.9","77","36","0.45","0.48","0.2","0","0.002","0.001","true","1","no","0","0","60","0","0","0","0.005","false","false","false","2","2","0.5","0.5","1","1","1","0.325","0.324"
"1","200","watts-strogatz","0.01","2","0.1","2","CES","0.5","1","1","1","10","10","1","0.9","77","36","0.45","0.48","0.2","0","0.002","0.001","true","1","no","0","0","60","0","0","0","0.005","false","false","false","2","2","0.5","0.5","1","1","2","0.393","0.393"
"1","200","watts-strogatz","0.01","2","0.1","2","CES","0.5","1","1","1","10","10","1","0.9","77","36","0.45","0.48","0.2","0","0.002","0.001","true","1","no","0","0","60","0","0","0","0.005","false","false","false","2","2","0.5","0.5","1","1","3","0.454","0.453"
"1","200","watts-strogatz","0.01","2","0.1","2","CES","0.5","1","1","1","10","10","1","0.9","77","36","0.45","0.48","0.2","0","0.002","0.001","true","1","no","0","0","60","0","0","0","0.005","false","false","false","2","2","0.5","0.5","1","1","4","0.523","0.523"
"1","200","watts-strogatz","0.01","2","0.1","2","CES","0.5","1","1","1","10","10","1","0.9","77","36","0.45","0.48","0.2","0","0.002","0.001","true","1","no","0","0","60","0","0","0","0.005","false","false","false","2","2","0.5","0.5","1","1","5","0.573","0.573"
"1","200","watts-strogatz","0.01","2","0.1","2","CES","0.5","1","1","1","10","10","1","0.9","77","36","0.45","0.48","0.2","0","0.002","0.001","true","1","no","0","0","60","0","0","0","0.005","false","false","false","2","2","0.5","0.5","1","1","6","0.621","0.621"
"1","200","watts-strogatz","0.01","2","0.1","2","CES","0.5","1","1","1","10","10","1","0.9","77","36","0.45","0.48","0.2","0","0.002","0.001","true","1","no","0","0","60","0","0","0","0.005","false","false","false","2","2","0.5","0.5","1","1","7","0.661","0.661"
"1","200","watts-strogatz","0.01","2","0.1","2","CES","0.5","1","1","1","10","10","1","0.9","77","36","0.45","0.48","0.2","0","0.002","0.001","true","1","no","0","0","60","0","0","0","0.005","false","false","false","2","2","0.5","0.5","1","1","8","0.699","0.699"
"1","200","watts-strogatz","0.01","2","0.1","2","CES","0.5","1","1","1","10","10","1","0.9","77","36","0.45","0.48","0.2","0","0.002","0.001","true","1","no","0","0","60","0","0","0","0.005","false","false","false","2","2","0.5","0.5","1","1","9","0.737","0.737"
"1","200","watts-strogatz","0.01","2","0.1","2","CES","0.5","1","1","1","10","10","1","0.9","77","36","0.45","0.48","0.2","0","0.002","0.001","true","1","no","0","0","60","0","0","0","0.005","false","false","false","2","2","0.5","0.5","1","1","10","0.777","0.777"
"1","200","watts-strogatz","0.01","2","0.1","2","CES","0.5","1","1","1","10","10","1","0.9","77","36","0.45","0.48","0.2","0","0.002","0.001","true","1","no","0","0","60","0","0","0","0.005","false","false","false","2","2","0.5","0.5","1","1","11","0.813","0.813"
"1","200","watts-strogatz","0.01","2","0.1","2","CES","0.5","1","1","1","10","10","1","0.9","77","36","0.45","0.48","0.2","0","0.002","0.001","true","1","no","0","0","60","0","0","0","0.005","false","false","false","2","2","0.5","0.5","1","1","12","0.847","0.847"
"1","200","watts-strogatz","0.01","2","0.1","2","CES","0.5","1","1","1","10","10","1","0.9","77","36","0.45","0.48","0.2","0","0.002","0.001","true","1","no","0","0","60","0","0","0","0.005","false","false","false","2","2","0.5","0.5","1","1","13","0.884","0.884"
"1","200","watts-strogatz","0.01","2","0.1","2","CES","0.5","1","1","1","10","10","1","0.9","77","36","0.45","0.48","0.2","0","0.002","0.001","true","1","no","0","0","60","0","0","0","0.005","false","false","false","2","2","0.5","0.5","1","1","14","0.917","0.917"
"1","200","watts-strogatz","0.01","2","0.1","2","CES","0.5","1","1","1","10","10","1","0.9","77","36","0.45","0.48","0.2","0","0.002","0.001","true","1","no","0","0","60","0","0","0","0.005","false","false","false","2","2","0.5","0.5","1","1","15","0.949","0.949"
"1","200","watts-strogatz","0.01","2","0.1","2","CES","0.5","1","1","1","10","10","1","0.9","77","36","0.45","0.48","0.2","0","0.002","0.001","true","1","no","0","0","60","0","0","0","0.005","false","false","false","2","2","0.5","0.5","1","1","16","0.98","0.98"
"1","200","watts-strogatz","0.01","2","0.1","2","CES","0.5","1","1","1","10","10","1","0.9","77","36","0.45","0.48","0.2","0","0.002","0.001","true","1","no","0","0","60","0","0","0","0.005","false","false","false","2","2","0.5","0.5","1","1","17","1.018","1.018"
"1","200","watts-strogatz","0.01","2","0.1","2","CES","0.5","1","1","1","10","10","1","0.9","77","36","0.45","0.48","0.2","0","0.002","0.001","true","1","no","0","0","60","0","0","0","0.005","false","false","false","2","2","0.5","0.5","1","1","18","1.051","1.051"
"1","200","watts-strogatz","0.01","2","0.1","2","CES","0.5","1","1","1","10","10","1","0.9","77","36","0.45","0.48","0.2","0","0.002","0.001","true","1","no","0","0","60","0","0","0","0.005","false","false","false","2","2","0.5","0.5","1","1","19","1.084","1.083"
"1","200","watts-strogatz","0.01","2","0.1","2","CES","0.5","1","1","1","10","10","1","0.9","77","36","0.45","0.48","0.2","0","0.002","0.001","true","1","no","0","0","60","0","0","0","0.005","false","false","false","2","2","0.5","0.5","1","1","20","1.111","1.111"
"1","200","watts-strogatz","0.01","2","0.1","2","CES","0.5","1","1","1","10","10","1","0.9","77","36","0.45","0.48","0.2","0","0.002","0.001","true","1","no","0","0","60","0","0","0","0.005","false","false","false","2","2","0.5","0.5","1","1","21","1.138","1.138"
"1","200","watts-strogatz","0.01","2","0.1","2","CES","0.5","1","1","1","10","10","1","0.9","77","36","0.45","0.48","0.2","0","0.002","0.001","true","1","no","0","0","60","0","0","0","0.005","false","false","false","2","2","0.5","0.5","1","1","22","1.164","1.164"
"1","200","watts-strogatz","0.01","2","0.1","2","CES","0.5","1","1","1","10","10","1","0.9","77","36","0.45","0.48","0.2","0","0.002","0.001","true","1","no","0","0","60","0","0","0","0.005","false","false","false","2","2","0.5","0.5","1","1","23","1.194","1.194"
"1","200","watts-strogatz","0.01","2","0.1","2","CES","0.5","1","1","1","10","10","1","0.9","77","36","0.45","0.48","0.2","0","0.002","0.001","true","1","no","0","0","60","0","0","0","0.005","false","false","false","2","2","0.5","0.5","1","1","24","1.219","1.219"
"1","200","watts-strogatz","0.01","2","0.1","2","CES","0.5","1","1","1","10","10","1","0.9","77","36","0.45","0.48","0.2","0","0.002","0.001","true","1","no","0","0","60","0","0","0","0.005","false","false","false","2","2","0.5","0.5","1","1","25","1.241","1.241"
"1","200","watts-strogatz","0.01","2","0.1","2","CES","0.5","1","1","1","10","10","1","0.9","77","36","0.45","0.48","0.2","0","0.002","0.001","true","1","no","0","0","60","0","0","0","0.005","false","false","false","2","2","0.5","0.5","1","1","26","1.264","1.264"
"1","200","watts-strogatz","0.01","2","0.1","2","CES","0.5","1","1","1","10","10","1","0.9","77","36","0.45","0.48","0.2","0","0.002","0.001","true","1","no","0","0","60","0","0","0","0.005","false","false","false","2","2","0.5","0.5","1","1","27","1.286","1.286"
"1","200","watts-strogatz","0.01","2","0.1","2","CES","0.5","1","1","1","10","10","1","0.9","77","36","0.45","0.48","0.2","0","0.002","0.001","true","1","no","0","0","60","0","0","0","0.005","false","false","false","2","2","0.5","0.5","1","1","28","1.308","1.308"
"1","200","watts-strogatz","0.01","2","0.1","2","CES","0.5","1","1","1","10","10","1","0.9","77","36","0.45","0.48","0.2","0","0.002","0.001","true","1","no","0","0","60","0","0","0","0.005","false","false","false","2","2","0.5","0.5","1","1","29","1.329","1.329"
"1","200","watts-strogatz","0.01","2","0.1","2","CES","0.5","1","1","1","10","10","1","0.9","77","36","0.45","0.48","0.2","0","0.002","0.001","true","1","no","0","0","60","0","0","0","0.005","false","false","false","2","2","0.5","0.5","1","1","30","1.354","1.354"
"1","200","watts-strogatz","0.01","2","0.1","2","CES","0.5","1","1","1","10","10","1","0.9","77","36","0.45","0.48","0.2","0","0.002","0.001","true","1","no","0","0","60","0","0","0","0.005","false","false","false","2","2","0.5","0.5","1","1","31","1.375","1.375"
"1","200","watts-strogatz","0.01","2","0.1","2","CES","0.5","1","1","1","10","10","1","0.9","77","36","0.45","0.48","0.2","0","0.002","0.001","true","1","no","0","0","60","0","0","0","0.005","false","false","false","2","2","0.5","0.5","1","1","32","1.395","1.395"
"1","200","watts-strogatz","0.01","2","0.1","2","CES","0.5","1","1","1","10","10","1","0.9","77","36","0.45","0.48","0.2","0","0.002","0.001","true","1","no","0","0","60","0","0","0","0.005","false","false","false","2","2","0.5","0.5","1","1","33","1.416","1.416"
"1","200","watts-strogatz","0.01","2","0.1","2","CES","0.5","1","1","1","10","10","1","0.9","77","36","0.45","0.48","0.2","0","0.002","0.001","true","1","no","0","0","60","0","0","0","0.005","false","false","false","2","2","0.5","0.5","1","1","34","1.437","1.437"
"1","200","watts-strogatz","0.01","2","0.1","2","CES","0.5","1","1","1","10","10","1","0.9","77","36","0.45","0.48","0.2","0","0.002","0.001","true","1","no","0","0","60","0","0","0","0.005","false","false","false","2","2","0.5","0.5","1","1","35","1.456","1.456"
"1","200","watts-strogatz","0.01","2","0.1","2","CES","0.5","1","1","1","10","10","1","0.9","77","36","0.45","0.48","0.2","0","0.002","0.001","true","1","no","0","0","60","0","0","0","0.005","false","false","false","2","2","0.5","0.5","1","1","36","1.474","1.474"
"1","200","watts-strogatz","0.01","2","0.1","2","CES","0.5","1","1","1","10","10","1","0.9","77","36","0.45","0.48","0.2","0","0.002","0.001","true","1","no","0","0","60","0","0","0","0.005","false","false","false","2","2","0.5","0.5","1","1","37","1.493","1.493"
"1","200","watts-strogatz","0.01","2","0.1","2","CES","0.5","1","1","1","10","10","1","0.9","77","36","0.45","0.48","0.2","0","0.002","0.001","true","1","no","0","0","60","0","0","0","0.005","false","false","false","2","2","0.5","0.5","1","1","38","1.511","1.511"
"1","200","watts-strogatz","0.01","2","0.1","2","CES","0.5","1","1","1","10","10","1","0.9","77","36","0.45","0.48","0.2","0","0.002","0.001","true","1","no","0","0","60","0","0","0","0.005","false","false","false","2","2","0.5","0.5","1","1","39","1.536","1.536"
"1","200","watts-strogatz","0.01","2","0.1","2","CES","0.5","1","1","1","10","10","1","0.9","77","36","0.45","0.48","0.2","0","0.002","0.001","true","1","no","0","0","60","0","0","0","0.005","false","false","false","2","2","0.5","0.5","1","1","40","1.554","1.554"
"1","200","watts-strogatz","0.01","2","0.1","2","CES","0.5","1","1","1","10","10","1","0.9","77","36","0.45","0.48","0.2","0","0.002","0.001","true","1","no","0","0","60","0","0","0","0.005","false","false","false","2","2","0.5","0.5","1","1","41","1.571","1.571"
"1","200","watts-strogatz","0.01","2","0.1","2","CES","0.5","1","1","1","10","10","1","0.9","77","36","0.45","0.48","0.2","0","0.002","0.001","true","1","no","0","0","60","0","0","0","0.005","false","false","false","2","2","0.5","0.5","1","1","42","1.587","1.587"
"1","200","watts-strogatz","0.01","2","0.1","2","CES","0.5","1","1","1","10","10","1","0.9","77","36","0.45","0.48","0.2","0","0.002","0.001","true","1","no","0","0","60","0","0","0","0.005","false","false","false","2","2","0.5","0.5","1","1","43","1.604","1.604"
"1","200","watts-strogatz","0.01","2","0.1","2","CES","0.5","1","1","1","10","10","1","0.9","77","36","0.45","0.48","0.2","0","0.002","0.001","true","1","no","0","0","60","0","0","0","0.005","false","false","false","2","2","0.5","0.5","1","1","44","1.621","1.62"
"1","200","watts-strogatz","0.01","2","0.1","2","CES","0.5","1","1","1","10","10","1","0.9","77","36","0.45","0.48","0.2","0","0.002","0.001","true","1","no","0","0","60","0","0","0","0.005","false","false","false","2","2","0.5","0.5","1","1","45","1.637","1.637"
"1","200","watts-strogatz","0.01","2","0.1","2","CES","0.5","1","1","1","10","10","1","0.9","77","36","0.45","0.48","0.2","0","0.002","0.001","true","1","no","0","0","60","0","0","0","0.005","false","false","false","2","2","0.5","0.5","1","1","46","1.653","1.653"
"1","200","watts-strogatz","0.01","2","0.1","2","CES","0.5","1","1","1","10","10","1","0.9","77","36","0.45","0.48","0.2","0","0.002","0.001","true","1","no","0","0","60","0","0","0","0.005","false","false","false","2","2","0.5","0.5","1","1","47","1.669","1.668"
"1","200","watts-strogatz","0.01","2","0.1","2","CES","0.5","1","1","1","10","10","1","0.9","77","36","0.45","0.48","0.2","0","0.002","0.001","true","1","no","0","0","60","0","0","0","0.005","false","false","false","2","2","0.5","0.5","1","1","48","1.684","1.684"
"1","200","watts-strogatz","0.01","2","0.1","2","CES","0.5","1","1","1","10","10","1","0.9","77","36","0.45","0.48","0.2","0","0.002","0.001","true","1","no","0","0","60","0","0","0","0.005","false","false","false","2","2","0.5","0.5","1","1","49","1.704","1.703"
"1","200","watts-strogatz","0.01","2","0.1","2","CES","0.5","1","1","1","10","10","1","0.9","77","36","0.45","0.48","0.2","0","0.002","0.001","true","1","no","0","0","60","0","0","0","0.005","false","false","false","2","2","0.5","0.5","1","1","50","1.721","1.721"
"2","200","watts-strogatz","0.01","2","0.1","2","CES","0.5","1","1","1","10","10","1","0.9","77","36","0.45","0.48","0.2","0","0.002","0.001","true","1","no","0","0","60","0","0","0","0.005","false","false","false","2","2","0.5","0.5","1","1","0","0.013","0"
"2","200","watts-strogatz","0.01","2","0.1","2","CES","0.5","1","1","1","10","10","1","0.9","77","36","0.45","0.48","0.2","0","0.002","0.001","true","1","no","0","0","60","0","0","0","0.005","false","false","false","2","2","0.5","0.5","1","1","1","0.097","0.097"
"2","200","watts-strogatz","0.01","2","0.1","2","CES","0.5","1","1","1","10","10","1","0.9","77","36","0.45","0.48","0.2","0","0.002","0.001","true","1","no","0","0","60","0","0","0","0.005","false","false","false","2","2","0.5","0.5","1","1","2","0.152","0.151"
"2","200","watts-strogatz","0.01","2","0.1","2","CES","0.5","1","1","1","10","10","1","0.9","77","36","0.45","0.48","0.2","0","0.002","0.001","true","1","no","0","0","60","0","0","0","0.005","false","false","false","2","2","0.5","0.5","1","1","3","0.206","0.206"
"2","200","watts-strogatz","0.01","2","0.1","2","CES","0.5","1","1","1","10","10","1","0.9","77","36","0.45","0.48","0.2","0","0.002","0.001","true","1","no","0","0","60","0","0","0","0.005","false","false","false","2","2","0.5","0.5","1","1","4","0.254","0.254"
"2","200","watts-strogatz","0.01","2","0.1","2","CES","0.5","1","1","1","10","10","1","0.9","77","36","0.45","0.48","0.2","0","0.002","0.001","true","1","no","0","0","60","0","0","0","0.005","false","false","false","2","2","0.5","0.5","1","1","5","0.299","0.299"
"2","200","watts-strogatz","0.01","2","0.1","2","CES","0.5","1","1","1","10","10","1","0.9","77","36","0.45","0.48","0.2","0","0.002","0.001","true","1","no","0","0","60","0","0","0","0.005","false","false","false","2","2","0.5","0.5","1","1","6","0.342","0.342"
"2","200","watts-strogatz","0.01","2","0.1","2","CES","0.5","1","1","1","10","10","1","0.9","77","36","0.45","0.48","0.2","0","0.002","0.001","true","1","no","0","0","60","0","0","0","0.005","false","false","false","2","2","0.5","0.5","1","1","7","0.383","0.382"
"2","200","watts-strogatz","0.01","2","0.1","2","CES","0.5","1","1","1","10","10","1","0.9","77","36","0.45","0.48","0.2","0","0.002","0.001","true","1","no","0","0","60","0","0","0","0.005","false","false","false","2","2","0.5","0.5","1","1","8","0.425","0.424"
"2","200","watts-strogatz","0.01","2","0.1","2","CES","0.5","1","1","1","10","10","1","0.9","77","36","0.45","0.48","0.2","0","0.002","0.001","true","1","no","0","0","60","0","0","0","0.005","false","false","false","2","2","0.5","0.5","1","1","9","0.462","0.462"
"2","200","watts-strogatz","0.01","2","0.1","2","CES","0.5","1","1","1","10","10","1","0.9","77","36","0.45","0.48","0.2","0","0.002","0.001","true","1","no","0","0","60","0","0","0","0.005","false","false","false","2","2","0.5","0.5","1","1","10","0.497","0.497"
"2","200","watts-strogatz","0.01","2","0.1","2","CES","0.5","1","1","1","10","10","1","0.9","77","36","0.45","0.48","0.2","0","0.002","0.001","true","1","no","0","0","60","0","0","0","0.005","false","false","false","2","2","0.5","0.5","1","1","11","0.532","0.531"
"2","200","watts-strogatz","0.01","2","0.1","2","CES","0.5","1","1","1","10","10","1","0.9","77","36","0.45","0.48","0.2","0","0.002","0.001","true","1","no","0","0","60","0","0","0","0.005","false","false","false","2","2","0.5","0.5","1","1","12","0.567","0.567"
"2","200","watts-strogatz","0.01","2","0.1","2","CES","0.5","1","1","1","10","10","1","0.9","77","36","0.45","0.48","0.2","0","0.002","0.001","true","1","no","0","0","60","0","0","0","0.005","false","false","false","2","2","0.5","0.5","1","1","13","0.6","0.599"
"2","200","watts-strogatz","0.01","2","0.1","2","CES","0.5","1","1","1","10","10","1","0.9","77","36","0.45","0.48","0.2","0","0.002","0.001","true","1","no","0","0","60","0","0","0","0.005","false","false","false","2","2","0.5","0.5","1","1","14","0.634","0.634"
"2","200","watts-strogatz","0.01","2","0.1","2","CES","0.5","1","1","1","10","10","1","0.9","77","36","0.45","0.48","0.2","0","0.002","0.001","true","1","no","0","0","60","0","0","0","0.005","false","false","false","2","2","0.5","0.5","1","1","15","0.665","0.665"
"2","200","watts-strogatz","0.01","2","0.1","2","CES","0.5","1","1","1","10","10","1","0.9","77","36","0.45","0.48","0.2","0","0.002","0.001","true","1","no","0","0","60","0","0","0","0.005","false","false","false","2","2","0.5","0.5","1","1","16","0.695","0.695"
"2","200","watts-strogatz","0.01","2","0.1","2","CES","0.5","1","1","1","10","10","1","0.9","77","36","0.45","0.48","0.2","0","0.002","0.001","true","1","no","0","0","60","0","0","0","0.005","false","false","false","2","2","0.5","0.5","1","1","17","0.725","0.724"
"2","200","watts-strogatz","0.01","2","0.1","2","CES","0.5","1","1","1","10","10","1","0.9","77","36","0.45","0.48","0.2","0","0.002","0.001","true","1","no","0","0","60","0","0","0","0.005","false","false","false","2","2","0.5","0.5","1","1","18","0.753","0.753"
"2","200","watts-strogatz","0.01","2","0.1","2","CES","0.5","1","1","1","10","10","1","0.9","77","36","0.45","0.48","0.2","0","0.002","0.001","true","1","no","0","0","60","0","0","0","0.005","false","false","false","2","2","0.5","0.5","1","1","19","0.78","0.78"
"2","200","watts-strogatz","0.01","2","0.1","2","CES","0.5","1","1","1","10","10","1","0.9","77","36","0.45","0.48","0.2","0","0.002","0.001","true","1","no","0","0","60","0","0","0","0.005","false","false","false","2","2","0.5","0.5","1","1","20","0.807","0.807"
"2","200","watts-strogatz","0.01","2","0.1","2","CES","0.5","1","1","1","10","10","1","0.9","77","36","0.45","0.48","0.2","0","0.002","0.001","true","1","no","0","0","60","0","0","0","0.005","false","false","false","2","2","0.5","0.5","1","1","21","0.839","0.839"
"2","200","watts-strogatz","0.01","2","0.1","2","CES","0.5","1","1","1","10","10","1","0.9","77","36","0.45","0.48","0.2","0","0.002","0.001","true","1","no","0","0","60","0","0","0","0.005","false","false","false","2","2","0.5","0.5","1","1","22","0.868","0.868"
"2","200","watts-strogatz","0.01","2","0.1","2","CES","0.5","1","1","1","10","10","1","0.9","77","36","0.45","0.48","0.2","0","0.002","0.001","true","1","no","0","0","60","0","0","0","0.005","false","false","false","2","2","0.5","0.5","1","1","23","0.897","0.897"
"2","200","watts-strogatz","0.01","2","0.1","2","CES","0.5","1","1","1","10","10","1","0.9","77","36","0.45","0.48","0.2","0","0.002","0.001","true","1","no","0","0","60","0","0","0","0.005","false","false","false","2","2","0.5","0.5","1","1","24","0.923","0.923"
"2","200","watts-strogatz","0.01","2","0.1","2","CES","0.5","1","1","1","10","10","1","0.9","77","36","0.45","0.48","0.2","0","0.002","0.001","true","1","no","0","0","60","0","0","0","0.005","false","false","false","2","2","0.5","0.5","1","1","25","0.947","0.947"
"2","200","watts-strogatz","0.01","2","0.1","2","CES","0.5","1","1","1","10","10","1","0.9","77","36","0.45","0.48","0.2","0","0.002","0.001","true","1","no","0","0","60","0","0","0","0.005","false","false","false","2","2","0.5","0.5","1","1","26","0.97","0.97"
"2","200","watts-strogatz","0.01","2","0.1","2","CES","0.5","1","1","1","10","10","1","0.9","77","36","0.45","0.48","0.2","0","0.002","0.001","true","1","no","0","0","60","0","0","0","0.005","false","false","false","2","2","0.5","0.5","1","1","27","0.993","0.993"
"2","200","watts-strogatz","0.01","2","0.1","2","CES","0.5","1","1","1","10","10","1","0.9","77","36","0.45","0.48","0.2","0","0.002","0.001","true","1","no","0","0","60","0","0","0","0.005","false","false","false","2","2","0.5","0.5","1","1","28","1.015","1.015"
"2","200","watts-strogatz","0.01","2","0.1","2","CES","0.5","1","1","1","10","10","1","0.9","77","36","0.45","0.48","0.2","0","0.002","0.001","true","1","no","0","0","60","0","0","0","0.005","false","false","false","2","2","0.5","0.5","1","1","29","1.037","1.037"
"2","200","watts-strogatz","0.01","2","0.1","2","CES","0.5","1","1","1","10","10","1","0.9","77","36","0.45","0.48","0.2","0","0.002","0.001","true","1","no","0","0","60","0","0","0","0.005","false","false","false","2","2","0.5","0.5","1","1","30","1.058","1.058"
"2","200","watts-strogatz","0.01","2","0.1","2","CES","0.5","1","1","1","10","10","1","0.9","77","36","0.45","0.48","0.2","0","0.002","0.001","true","1","no","0","0","60","0","0","0","0.005","false","false","false","2","2","0.5","0.5","1","1","31","1.081","1.081"
"2","200","watts-strogatz","0.01","2","0.1","2","CES","0.5","1","1","1","10","10","1","0.9","77","36","0.45","0.48","0.2","0","0.002","0.001","true","1","no","0","0","60","0","0","0","0.005","false","false","false","2","2","0.5","0.5","1","1","32","1.101","1.101"
"2","200","watts-strogatz","0.01","2","0.1","2","CES","0.5","1","1","1","10","10","1","0.9","77","36","0.45","0.48","0.2","0","0.002","0.001","true","1","no","0","0","60","0","0","0","0.005","false","false","false","2","2","0.5","0.5","1","1","33","1.121","1.121"
"2","200","watts-strogatz","0.01","2","0.1","2","CES","0.5","1","1","1","10","10","1","0.9","77","36","0.45","0.48","0.2","0","0.002","0.001","true","1","no","0","0","60","0","0","0","0.005","false","false","false","2","2","0.5","0.5","1","1","34","1.141","1.141"
"2","200","watts-strogatz","0.01","2","0.1","2","CES","0.5","1","1","1","10","10","1","0.9","77","36","0.45","0.48","0.2","0","0.002","0.001","true","1","no","0","0","60","0","0","0","0.005","false","false","false","2","2","0.5","0.5","1","1","35","1.16","1.16"
"2","200","watts-strogatz","0.01","2","0.1","2","CES","0.5","1","1","1","10","10","1","0.9","77","36","0.45","0.48","0.2","0","0.002","0.001","true","1","no","0","0","60","0","0","0","0.005","false","false","false","2","2","0.5","0.5","1","1","36","1.179","1.179"
"2","200","watts-strogatz","0.01","2","0.1","2","CES","0.5","1","1","1","10","10","1","0.9","77","36","0.45","0.48","0.2","0","0.002","0.001","true","1","no","0","0","60","0","0","0","0.005","false","false","false","2","2","0.5","0.5","1","1","37","1.198","1.198"
"2","200","watts-strogatz","0.01","2","0.1","2","CES","0.5","1","1","1","10","10","1","0.9","77","36","0.45","0.48","0.2","0","0.002","0.001","true","1","no","0","0","60","0","0","0","0.005","false","false","false","2","2","0.5","0.5","1","1","38","1.216","1.216"
"2","200","watts-strogatz","0.01","2","0.1","2","CES","0.5","1","1","1","10","10","1","0.9","77","36","0.45","0.48","0.2","0","0.002","0.001","true","1","no","0","0","60","0","0","0","0.005","false","false","false","2","2","0.5","0.5","1","1","39","1.234","1.234"
"2","200","watts-strogatz","0.01","2","0.1","2","CES","0.5","1","1","1","10","10","1","0.9","77","36","0.45","0.48","0.2","0","0.002","0.001","true","1","no","0","0","60","0","0","0","0.005","false","false","false","2","2","0.5","0.5","1","1","40","1.252","1.252"
"2","200","watts-strogatz","0.01","2","0.1","2","CES","0.5","1","1","1","10","10","1","0.9","77","36","0.45","0.48","0.2","0","0.002","0.001","true","1","no","0","0","60","0","0","0","0.005","false","false","false","2","2","0.5","0.5","1","1","41","1.271","1.271"
"2","200","watts-strogatz","0.01","2","0.1","2","CES","0.5","1","1","1","10","10","1","0.9","77","36","0.45","0.48","0.2","0","0.002","0.001","true","1","no","0","0","60","0","0","0","0.005","false","false","false","2","2","0.5","0.5","1","1","42","1.289","1.289"
"2","200","watts-strogatz","0.01","2","0.1","2","CES","0.5","1","1","1","10","10","1","0.9","77","36","0.45","0.48","0.2","0","0.002","0.001","true","1","no","0","0","60","0","0","0","0.005","false","false","false","2","2","0.5","0.5","1","1","43","1.307","1.307"
"2","200","watts-strogatz","0.01","2","0.1","2","CES","0.5","1","1","1","10","10","1","0.9","77","36","0.45","0.48","0.2","0","0.002","0.001","true","1","no","0","0","60","0","0","0","0.005","false","false","false","2","2","0.5","0.5","1","1","44","1.324","1.324"
"2","200","watts-strogatz","0.01","2","0.1","2","CES","0.5","1","1","1","10","10","1","0.9","77","36","0.45","0.48","0.2","0","0.002","0.001","true","1","no","0","0","60","0","0","0","0.005","false","false","false","2","2","0.5","0.5","1","1","45","1.341","1.341"
"2","200","watts-strogatz","0.01","2","0.1","2","CES","0.5","1","1","1","10","10","1","0.9","77","36","0.45","0.48","0.2","0","0.002","0.001","true","1","no","0","0","60","0","0","0","0.005","false","false","false","2","2","0.5","0.5","1","1","46","1.358","1.358"
"2","200","watts-strogatz","0.01","2","0.1","2","CES","0.5","1","1","1","10","10","1","0.9","77","36","0.45","0.48","0.2","0","0.002","0.001","true","1","no","0","0","60","0","0","0","0.005","false","false","false","2","2","0.5","0.5","1","1","47","1.374","1.374"
"2","200","watts-strogatz","0.01","2","0.1","2","CES","0.5","1","1","1","10","10","1","0.9","77","36","0.45","0.48","0.2","0","0.002","0.001","true","1","no","0","0","60","0","0","0","0.005","false","false","false","2","2","0.5","0.5","1","1","48","1.389","1.389"
"2","200","watts-strogatz","0.01","2","0.1","2","CES","0.5","1","1","1","10","10","1","0.9","77","36","0.45","0.48","0.2","0","0.002","0.001","true","1","no","0","0","60","0","0","0","0.005","false","false","false","2","2","0.5","0.5","1","1","49","1.404","1.404"
"2","200","watts-strogatz","0.01","2","0.1","2","CES","0.5","1","1","1","10","10","1","0.9","77","36","0.45","0.48","0.2","0","0.002","0.001","true","1","no","0","0","60","0","0","0","0.005","false","false","false","2","2","0.5","0.5","1","1","50","1.419","1.419"
"3","200","watts-strogatz","0.01","2","0.1","2","CES","0.5","1","1","1","10","10","1","0.9","77","36","0.45","0.48","0.2","0","0.002","0.001","true","1","no","0","0","60","0","0","0","0.005","false","false","false","2","2","0.5","0.5","1","1","0","0.01","0"
"3","200","watts-strogatz","0.01","2","0.1","2","CES","0.5","1","1","1","10","10","1","0.9","77","36","0.45","0.48","0.2","0","0.002","0.001","true","1","no","0","0","60","0","0","0","0.005","false","false","false","2","2","0.5","0.5","1","1","1","0.085","0.085"
"3","200","watts-strogatz","0.01","2","0.1","2","CES","0.5","1","1","1","10","10","1","0.9","77","36","0.45","0.48","0.2","0","0.002","0.001","true","1","no","0","0","60","0","0","0","0.005","false","false","false","2","2","0.5","0.5","1","1","2","0.138","0.137"
"3","200","watts-strogatz","0.01","2","0.1","2","CES","0.5","1","1","1","10","10","1","0.9","77","36","0.45","0.48","0.2","0","0.002","0.001","true","1","no","0","0","60","0","0","0","0.005","false","false","false","2","2","0.5","0.5","1","1","3","0.186","0.186"
"3","200","watts-strogatz","0.01","2","0.1","2","CES","0.5","1","1","1","10","10","1","0.9","77","36","0.45","0.48","0.2","0","0.002","0.001","true","1","no","0","0","60","0","0","0","0.005","false","false","false","2","2","0.5","0.5","1","1","4","0.231","0.231"
"3","200","watts-strogatz","0.01","2","0.1","2","CES","0.5","1","1","1","10","10","1","0.9","77","36","0.45","0.48","0.2","0","0.002","0.001","true","1","no","0","0","60","0","0","0","0.005","false","false","false","2","2","0.5","0.5","1","1","5","0.274","0.273"
"3","200","watts-strogatz","0.01","2","0.1","2","CES","0.5","1","1","1","10","10","1","0.9","77","36","0.45","0.48","0.2","0","0.002","0.001","true","1","no","0","0","60","0","0","0","0.005","false","false","false","2","2","0.5","0.5","1","1","6","0.314","0.314"
"3","200","watts-strogatz","0.01","2","0.1","2","CES","0.5","1","1","1","10","10","1","0.9","77","36","0.45","0.48","0.2","0","0.002","0.001","true","1","no","0","0","60","0","0","0","0.005","false","false","false","2","2","0.5","0.5","1","1","7","0.354","0.354"
"3","200","watts-strogatz","0.01","2","0.1","2","CES","0.5","1","1","1","10","10","1","0.9","77","36","0.45","0.48","0.2","0","0.002","0.001","true","1","no","0","0","60","0","0","0","0.005","false","false","false","2","2","0.5","0.5","1","1","8","0.392","0.392"
"3","200","watts-strogatz","0.01","2","0.1","2","CES","0.5","1","1","1","10","10","1","0.9","77","36","0.45","0.48","0.2","0","0.002","0.001","true","1","no","0","0","60","0","0","0","0.005","false","false","false","2","2","0.5","0.5","1","1","9","0.429","0.429"
"3","200","watts-strogatz","0.01","2","0.1","2","CES","0.5","1","1","1","10","10","1","0.9","77","36","0.45","0.48","0.2","0","0.002","0.001","true","1","no","0","0","60","0","0","0","0.005","false","false","false","2","2","0.5","0.5","1","1","10","0.465","0.465"
"3","200","watts-strogatz","0.01","2","0.1","2","CES","0.5","1","1","1","10","10","1","0.9","77","36","0.45","0.48","0.2","0","0.002","0.001","true","1","no","0","0","60","0","0","0","0.005","false","false","false","2","2","0.5","0.5","1","1","11","0.5","0.499"
"3","200","watts-strogatz","0.01","2","0.1","2","CES","0.5","1","1","1","10","10","1","0.9","77","36","0.45","0.48","0.2","0","0.002","0.001","true","1","no","0","0","60","0","0","0","0.005","false","false","false","2","2","0.5","0.5","1","1","12","0.533","0.533"
"3","200","watts-strogatz","0.01","2","0.1","2","CES","0.5","1","1","1","10","10","1","0.9","77","36","0.45","0.48","0.2","0","0.002","0.001","true","1","no","0","0","60","0","0","0","0.005","false","false","false","2","2","0.5","0.5","1","1","13","0.566","0.566"
"3","200","watts-strogatz","0.01","2","0.1","2","CES","0.5","1","1","1","10","10","1","0.9","77","36","0.45","0.48","0.2","0","0.002","0.001","true","1","no","0","0","60","0","0","0","0.005","false","false","false","2","2","0.5","0.5","1","1","14","0.597","0.597"
"3","200","watts-strogatz","0.01","2","0.1","2","CES","0.5","1","1","1","10","10","1","0.9","77","36","0.45","0.48","0.2","0","0.002","0.001","true","1","no","0","0","60","0","0","0","0.005","false","false","false","2","2","0.5","0.5","1","1","15","0.628","0.627"
"3","200","watts-strogatz","0.01","2","0.1","2","CES","0.5","1","1","1","10","10","1","0.9","77","36","0.45","0.48","0.2","0","0.002","0.001","true","1","no","0","0","60","0","0","0","0.005","false","false","false","2","2","0.5","0.5","1","1","16","0.658","0.658"
"3","200","watts-strogatz","0.01","2","0.1","2","CES","0.5","1","1","1","10","10","1","0.9","77","36","0.45","0.48","0.2","0","0.002","0.001","true","1","no","0","0","60","0","0","0","0.005","false","false","false","2","2","0.5","0.5","1","1","17","0.687","0.687"
"3","200","watts-strogatz","0.01","2","0.1","2","CES","0.5","1","1","1","10","10","1","0.9","77","36","0.45","0.48","0.2","0","0.002","0.001","true","1","no","0","0","60","0","0","0","0.005","false","false","false","2","2","0.5","0.5","1","1","18","0.714","0.714"
"3","200","watts-strogatz","0.01","2","0.1","2","CES","0.5","1","1","1","10","10","1","0.9","77","36","0.45","0.48","0.2","0","0.002","0.001","true","1","no","0","0","60","0","0","0","0.005","false","false","false","2","2","0.5","0.5","1","1","19","0.742","0.742"
"3","200","watts-strogatz","0.01","2","0.1","2","CES","0.5","1","1","1","10","10","1","0.9","77","36","0.45","0.48","0.2","0","0.002","0.001","true","1","no","0","0","60","0","0","0","0.005","false","false","false","2","2","0.5","0.5","1","1","20","0.769","0.768"
"3","200","watts-strogatz","0.01","2","0.1","2","CES","0.5","1","1","1","10","10","1","0.9","77","36","0.45","0.48","0.2","0","0.002","0.001","true","1","no","0","0","60","0","0","0","0.005","false","false","false","2","2","0.5","0.5","1","1","21","0.794","0.794"
"3","200","watts-strogatz","0.01","2","0.1","2","CES","0.5","1","1","1","10","10","1","0.9","77","36","0.45","0.48","0.2","0","0.002","0.001","true","1","no","0","0","60","0","0","0","0.005","false","false","false","2","2","0.5","0.5","1","1","22","0.82","0.82"
"3","200","watts-strogatz","0.01","2","0.1","2","CES","0.5","1","1","1","10","10","1","0.9","77","36","0.45","0.48","0.2","0","0.002","0.001","true","1","no","0","0","60","0","0","0","0.005","false","false","false","2","2","0.5","0.5","1","1","23","0.845","0.845"
"3","200","watts-strogatz","0.01","2","0.1","2","CES","0.5","1","1","1","10","10","1","0.9","77","36","0.45","0.48","0.2","0","0.002","0.001","true","1","no","0","0","60","0","0","0","0.005","false","false","false","2","2","0.5","0.5","1","1","24","0.87","0.87"
"3","200","watts-strogatz","0.01","2","0.1","2","CES","0.5","1","1","1","10","10","1","0.9","77","36","0.45","0.48","0.2","0","0.002","0.001","true","1","no","0","0","60","0","0","0","0.005","false","false","false","2","2","0.5","0.5","1","1","25","0.894","0.894"
"3","200","watts-strogatz","0.01","2","0.1","2","CES","0.5","1","1","1","10","10","1","0.9","77","36","0.45","0.48","0.2","0","0.002","0.001","true","1","no","0","0","60","0","0","0","0.005","false","false","false","2","2","0.5","0.5","1","1","26","0.919","0.918"
"3","200","watts-strogatz","0.01","2","0.1","2","CES","0.5","1","1","1","10","10","1","0.9","77","36","0.45","0.48","0.2","0","0.002","0.001","true","1","no","0","0","60","0","0","0","0.005","false","false","false","2","2","0.5","0.5","1","1","27","0.942","0.942"
"3","200","watts-strogatz","0.01","2","0.1","2","CES","0.5","1","1","1","10","10","1","0.9","77","36","0.45","0.48","0.2","0","0.002","0.001","true","1","no","0","0","60","0","0","0","0.005","false","false","false","2","2","0.5","0.5","1","1","28","0.964","0.964"
"3","200","watts-strogatz","0.01","2","0.1","2","CES","0.5","1","1","1","10","10","1","0.9","77","36","0.45","0.48","0.2","0","0.002","0.001","true","1","no","0","0","60","0","0","0","0.005","false","false","false","2","2","0.5","0.5","1","1","29","0.986","0.986"
"3","200","watts-strogatz","0.01","2","0.1","2","CES","0.5","1","1","1","10","10","1","0.9","77","36","0.45","0.48","0.2","0","0.002","0.001","true","1","no","0","0","60","0","0","0","0.005","false","false","false","2","2","0.5","0.5","1","1","30","1.007","1.006"
"3","200","watts-strogatz","0.01","2","0.1","2","CES","0.5","1","1","1","10","10","1","0.9","77","36","0.45","0.48","0.2","0","0.002","0.001","true","1","no","0","0","60","0","0","0","0.005","false","false","false","2","2","0.5","0.5","1","1","31","1.027","1.027"
"3","200","watts-strogatz","0.01","2","0.1","2","CES","0.5","1","1","1","10","10","1","0.9","77","36","0.45","0.48","0.2","0","0.002","0.001","true","1","no","0","0","60","0","0","0","0.005","false","false","false","2","2","0.5","0.5","1","1","32","1.047","1.047"
"3","200","watts-strogatz","0.01","2","0.1","2","CES","0.5","1","1","1","10","10","1","0.9","77","36","0.45","0.48","0.2","0","0.002","0.001","true","1","no","0","0","60","0","0","0","0.005","false","false","false","2","2","0.5","0.5","1","1","33","1.067","1.067"
"3","200","watts-strogatz","0.01","2","0.1","2","CES","0.5","1","1","1","10","10","1","0.9","77","36","0.45","0.48","0.2","0","0.002","0.001","true","1","no","0","0","60","0","0","0","0.005","false","false","false","2","2","0.5","0.5","1","1","34","1.087","1.087"
"3","200","watts-strogatz","0.01","2","0.1","2","CES","0.5","1","1","1","10","10","1","0.9","77","36","0.45","0.48","0.2","0","0.002","0.001","true","1","no","0","0","60","0","0","0","0.005","false","false","false","2","2","0.5","0.5","1","1","35","1.106","1.106"
"3","200","watts-strogatz","0.01","2","0.1","2","CES","0.5","1","1","1","10","10","1","0.9","77","36","0.45","0.48","0.2","0","0.002","0.001","true","1","no","0","0","60","0","0","0","0.005","false","false","false","2","2","0.5","0.5","1","1","36","1.125","1.125"
"3","200","watts-strogatz","0.01","2","0.1","2","CES","0.5","1","1","1","10","10","1","0.9","77","36","0.45","0.48","0.2","0","0.002","0.001","true","1","no","0","0","60","0","0","0","0.005","false","false","false","2","2","0.5","0.5","1","1","37","1.143","1.143"
"3","200","watts-strogatz","0.01","2","0.1","2","CES","0.5","1","1","1","10","10","1","0.9","77","36","0.45","0.48","0.2","0","0.002","0.001","true","1","no","0","0","60","0","0","0","0.005","false","false","false","2","2","0.5","0.5","1","1","38","1.162","1.162"
"3","200","watts-strogatz","0.01","2","0.1","2","CES","0.5","1","1","1","10","10","1","0.9","77","36","0.45","0.48","0.2","0","0.002","0.001","true","1","no","0","0","60","0","0","0","0.005","false","false","false","2","2","0.5","0.5","1","1","39","1.179","1.179"
"3","200","watts-strogatz","0.01","2","0.1","2","CES","0.5","1","1","1","10","10","1","0.9","77","36","0.45","0.48","0.2","0","0.002","0.001","true","1","no","0","0","60","0","0","0","0.005","false","false","false","2","2","0.5","0.5","1","1","40","1.197","1.196"
"3","200","watts-strogatz","0.01","2","0.1","2","CES","0.5","1","1","1","10","10","1","0.9","77","36","0.45","0.48","0.2","0","0.002","0.001","true","1","no","0","0","60","0","0","0","0.005","false","false","false","2","2","0.5","0.5","1","1","41","1.213","1.213"
"3","200","watts-strogatz","0.01","2","0.1","2","CES","0.5","1","1","1","10","10","1","0.9","77","36","0.45","0.48","0.2","0","0.002","0.001","true","1","no","0","0","60","0","0","0","0.005","false","false","false","2","2","0.5","0.5","1","1","42","1.23","1.23"
"3","200","watts-strogatz","0.01","2","0.1","2","CES","0.5","1","1","1","10","10","1","0.9","77","36","0.45","0.48","0.2","0","0.002","0.001","true","1","no","0","0","60","0","0","0","0.005","false","false","false","2","2","0.5","0.5","1","1","43","1.246","1.246"
"3","200","watts-strogatz","0.01","2","0.1","2","CES","0.5","1","1","1","10","10","1","0.9","77","36","0.45","0.48","0.2","0","0.002","0.001","true","1","no","0","0","60","0","0","0","0.005","false","false","false","2","2","0.5","0.5","1","1","44","1.262","1.262"
"3","200","watts-strogatz","0.01","2","0.1","2","CES","0.5","1","1","1","10","10","1","0.9","77","36","0.45","0.48","0.2","0","0.002","0.001","true","1","no","0","0","60","0","0","0","0.005","false","false","false","2","2","0.5","0.5","1","1","45","1.278","1.278"
"3","200","watts-strogatz","0.01","2","0.1","2","CES","0.5","1","1","1","10","10","1","0.9","77","36","0.45","0.48","0.2","0","0.002","0.001","true","1","no","0","0","60","0","0","0","0.005","false","false","false","2","2","0.5","0.5","1","1","46","1.294","1.294"
"3","200","watts-strogatz","0.01","2","0.1","2","CES","0.5","1","1","1","10","10","1","0.9","77","36","0.45","0.48","0.2","0","0.002","0.001","true","1","no","0","0","60","0","0","0","0.005","false","false","false","2","2","0.5","0.5","1","1","47","1.309","1.309"
"3","200","watts-strogatz","0.01","2","0.1","2","CES","0.5","1","1","1","10","10","1","0.9","77","36","0.45","0.48","0.2","0","0.002","0.001","true","1","no","0","0","60","0","0","0","0.005","false","false","false","2","2","0.5","0.5","1","1","48","1.324","1.324"
"3","200","watts-strogatz","0.01","2","0.1","2","CES","0.5","1","1","1","10","10","1","0.9","77","36","0.45","0.48","0.2","0","0.002","0.001","true","1","no","0","0","60","0","0","0","0.005","false","false","false","2","2","0.5","0.5","1","1","49","1.339","1.339"
"3","200","watts-strogatz","0.01","2","0.1","2","CES","0.5","1","1","1","10","10","1","0.9","77","36","0.45","0.48","0.2","0","0.002","0.001","true","1","no","0","0","60","0","0","0","0.005","false","false","false","2","2","0.5","0.5","1","1","50","1.354","1.353"
"4","200","watts-strogatz","0.01","2","0.1","2","CES","0.5","1","1","1","10","10","1","0.9","77","36","0.45","0.48","0.2","0","0.002","0.001","true","1","no","0","0","60","0","0","0","0.005","false","false","false","2","2","0.5","0.5","1","1","0","0.008","0"
"4","200","watts-strogatz","0.01","2","0.1","2","CES","0.5","1","1","1","10","10","1","0.9","77","36","0.45","0.48","0.2","0","0.002","0.001","true","1","no","0","0","60","0","0","0","0.005","false","false","false","2","2","0.5","0.5","1","1","1","0.084","0.083"
"4","200","watts-strogatz","0.01","2","0.1","2","CES","0.5","1","1","1","10","10","1","0.9","77","36","0.45","0.48","0.2","0","0.002","0.001","true","1","no","0","0","60","0","0","0","0.005","false","false","false","2","2","0.5","0.5","1","1","2","0.136","0.136"
"4","200","watts-strogatz","0.01","2","0.1","2","CES","0.5","1","1","1","10","10","1","0.9","77","36","0.45","0.48","0.2","0","0.002","0.001","true","1","no","0","0","60","0","0","0","0.005","false","false","false","2","2","0.5","0.5","1","1","3","0.183","0.183"
"4","200","watts-strogatz","0.01","2","0.1","2","CES","0.5","1","1","1","10","10","1","0.9","77","36","0.45","0.48","0.2","0","0.002","0.001","true","1","no","0","0","60","0","0","0","0.005","false","false","false","2","2","0.5","0.5","1","1","4","0.228","0.228"
"4","200","watts-strogatz","0.01","2","0.1","2","CES","0.5","1","1","1","10","10","1","0.9","77","36","0.45","0.48","0.2","0","0.002","0.001","true","1","no","0","0","60","0","0","0","0.005","false","false","false","2","2","0.5","0.5","1","1","5","0.271","0.271"
"4","200","watts-strogatz","0.01","2","0.1","2","CES","0.5","1","1","1","10","10","1","0.9","77","36","0.45","0.48","0.2","0","0.002","0.001","true","1","no","0","0","60","0","0","0","0.005","false","false","false","2","2","0.5","0.5","1","1","6","0.313","0.313"
"4","200","watts-strogatz","0.01","2","0.1","2","CES","0.5","1","1","1","10","10","1","0.9","77","36","0.45","0.48","0.2","0","0.002","0.001","true","1","no","0","0","60","0","0","0","0.005","false","false","false","2","2","0.5","0.5","1","1","7","0.353","0.352"
"4","200","watts-strogatz","0.01","2","0.1","2","CES","0.5","1","1","1","10","10","1","0.9","77","36","0.45","0.48","0.2","0","0.002","0.001","true","1","no","0","0","60","0","0","0","0.005","false","false","false","2","2","0.5","0.5","1","1","8","0.388","0.388"
"4","200","watts-strogatz","0.01","2","0.1","2","CES","0.5","1","1","1","10","10","1","0.9","77","36","0.45","0.48","0.2","0","0.002","0.001","true","1","no","0","0","60","0","0","0","0.005","false","false","false","2","2","0.5","0.5","1","1","9","0.423","0.423"
"4","200","watts-strogatz","0.01","2","0.1","2","CES","0.5","1","1","1","10","10","1","0.9","77","36","0.45","0.48","0.2","0","0.002","0.001","true","1","no","0","0","60","0","0","0","0.005","false","false","false","2","2","0.5","0.5","1","1","10","0.459","0.459"
"4","200","watts-strogatz","0.01","2","0.1","2","CES","0.5","1","1","1","10","10","1","0.9","77","36","0.45","0.48","0.2","0","0.002","0.001","true","1","no","0","0","60","0","0","0","0.005","false","false","false","2","2","0.5","0.5","1","1","11","0.492","0.491"
"4","200","watts-strogatz","0.01","2","0.1","2","CES","0.5","1","1","1","10","10","1","0.9","77","36","0.45","0.48","0.2","0","0.002","0.001","true","1","no","0","0","60","0","0","0","0.005","false","false","false","2","2","0.5","0.5","1","1","12","0.524","0.524"
"4","200","watts-strogatz","0.01","2","0.1","2","CES","0.5","1","1","1","10","10","1","0.9","77","36","0.45","0.48","0.2","0","0.002","0.001","true","1","no","0","0","60","0","0","0","0.005","false","false","false","2","2","0.5","0.5","1","1","13","0.557","0.557"
"4","200","watts-strogatz","0.01","2","0.1","2","CES","0.5","1","1","1","10","10","1","0.9","77","36","0.45","0.48","0.2","0","0.002","0.001","true","1","no","0","0","60","0","0","0","0.005","false","false","false","2","2","0.5","0.5","1","1","14","0.587","0.587"
"4","200","watts-strogatz","0.01","2","0.1","2","CES","0.5","1","1","1","10","10","1","0.9","77","36","0.45","0.48","0.2","0","0.002","0.001","true","1","no","0","0","60","0","0","0","0.005","false","false","false","2","2","0.5","0.5","1","1","15","0.617","0.617"
"4","200","watts-strogatz","0.01","2","0.1","2","CES","0.5","1","1","1","10","10","1","0.9","77","36","0.45","0.48","0.2","0","0.002","0.001","true","1","no","0","0","60","0","0","0","0.005","false","false","false","2","2","0.5","0.5","1","1","16","0.646","0.646"
"4","200","watts-strogatz","0.01","2","0.1","2","CES","0.5","1","1","1","10","10","1","0.9","77","36","0.45","0.48","0.2","0","0.002","0.001","true","1","no","0","0","60","0","0","0","0.005","false","false","false","2","2","0.5","0.5","1","1","17","0.674","0.674"
"4","200","watts-strogatz","0.01","2","0.1","2","CES","0.5","1","1","1","10","10","1","0.9","77","36","0.45","0.48","0.2","0","0.002","0.001","true","1","no","0","0","60","0","0","0","0.005","false","false","false","2","2","0.5","0.5","1","1","18","0.702","0.702"
"4","200","watts-strogatz","0.01","2","0.1","2","CES","0.5","1","1","1","10","10","1","0.9","77","36","0.45","0.48","0.2","0","0.002","0.001","true","1","no","0","0","60","0","0","0","0.005","false","false","false","2","2","0.5","0.5","1","1","19","0.729","0.729"
"4","200","watts-strogatz","0.01","2","0.1","2","CES","0.5","1","1","1","10","10","1","0.9","77","36","0.45","0.48","0.2","0","0.002","0.001","true","1","no","0","0","60","0","0","0","0.005","false","false","false","2","2","0.5","0.5","1","1","20","0.755","0.755"
"4","200","watts-strogatz","0.01","2","0.1","2","CES","0.5","1","1","1","10","10","1","0.9","77","36","0.45","0.48","0.2","0","0.002","0.001","true","1","no","0","0","60","0","0","0","0.005","false","false","false","2","2","0.5","0.5","1","1","21","0.781","0.781"
"4","200","watts-strogatz","0.01","2","0.1","2","CES","0.5","1","1","1","10","10","1","0.9","77","36","0.45","0.48","0.2","0","0.002","0.001","true","1","no","0","0","60","0","0","0","0.005","false","false","false","2","2","0.5","0.5","1","1","22","0.806","0.806"
"4","200","watts-strogatz","0.01","2","0.1","2","CES","0.5","1","1","1","10","10","1","0.9","77","36","0.45","0.48","0.2","0","0.002","0.001","true","1","no","0","0","60","0","0","0","0.005","false","false","false","2","2","0.5","0.5","1","1","23","0.83","0.83"
"4","200","watts-strogatz","0.01","2","0.1","2","CES","0.5","1","1","1","10","10","1","0.9","77","36","0.45","0.48","0.2","0","0.002","0.001","true","1","no","0","0","60","0","0","0","0.005","false","false","false","2","2","0.5","0.5","1","1","24","0.854","0.854"
"4","200","watts-strogatz","0.01","2","0.1","2","CES","0.5","1","1","1","10","10","1","0.9","77","36","0.45","0.48","0.2","0","0.002","0.001","true","1","no","0","0","60","0","0","0","0.005","false","false","false","2","2","0.5","0.5","1","1","25","0.877","0.877"
"4","200","watts-strogatz","0.01","2","0.1","2","CES","0.5","1","1","1","10","10","1","0.9","77","36","0.45","0.48","0.2","0","0.002","0.001","true","1","no","0","0","60","0","0","0","0.005","false","false","false","2","2","0.5","0.5","1","1","26","0.899","0.899"
"4","200","watts-strogatz","0.01","2","0.1","2","CES","0.5","1","1","1","10","10","1","0.9","77","36","0.45","0.48","0.2","0","0.002","0.001","true","1","no","0","0","60","0","0","0","0.005","false","false","false","2","2","0.5","0.5","1","1","27","0.921","0.921"
"4","200","watts-strogatz","0.01","2","0.1","2","CES","0.5","1","1","1","10","10","1","0.9","77","36","0.45","0.48","0.2","0","0.002","0.001","true","1","no","0","0","60","0","0","0","0.005","false","false","false","2","2","0.5","0.5","1","1","28","0.942","0.942"
"4","200","watts-strogatz","0.01","2","0.1","2","CES","0.5","1","1","1","10","10","1","0.9","77","36","0.45","0.48","0.2","0","0.002","0.001","true","1","no","0","0","60","0","0","0","0.005","false","false","false","2","2","0.5","0.5","1","1","29","0.963","0.963"
"4","200","watts-strogatz","0.01","2","0.1","2","CES","0.5","1","1","1","10","10","1","0.9","77","36","0.45","0.48","0.2","0","0.002","0.001","true","1","no","0","0","60","0","0","0","0.005","false","false","false","2","2","0.5","0.5","1","1","30","0.984","0.984"
"4","200","watts-strogatz","0.01","2","0.1","2","CES","0.5","1","1","1","10","10","1","0.9","77","36","0.45","0.48","0.2","0","0.002","0.001","true","1","no","0","0","60","0","0","0","0.005","false","false","false","2","2","0.5","0.5","1","1","31","1.004","1.004"
"4","200","watts-strogatz","0.01","2","0.1","2","CES","0.5","1","1","1","10","10","1","0.9","77","36","0.45","0.48","0.2","0","0.002","0.001","true","1","no","0","0","60","0","0","0","0.005","false","false","false","2","2","0.5","0.5","1","1","32","1.024","1.024"
"4","200","watts-strogatz","0.01","2","0.1","2","CES","0.5","1","1","1","10","10","1","0.9","77","36","0.45","0.48","0.2","0","0.002","0.001","true","1","no","0","0","60","0","0","0","0.005","false","false","false","2","2","0.5","0.5","1","1","33","1.043","1.043"
"4","200","watts-strogatz","0.01","2","0.1","2","CES","0.5","1","1","1","10","10","1","0.9","77","36","0.45","0.48","0.2","0","0.002","0.001","true","1","no","0","0","60","0","0","0","0.005","false","false","false","2","2","0.5","0.5","1","1","34","1.062","1.062"
"4","200","watts-strogatz","0.01","2","0.1","2","CES","0.5","1","1","1","10","10","1","0.9","77","36","0.45","0.48","0.2","0","0.002","0.001","true","1","no","0","0","60","0","0","0","0.005","false","false","false","2","2","0.5","0.5","1","1","35","1.081","1.081"
"4","200","watts-strogatz","0.01","2","0.1","2","CES","0.5","1","1","1","10","10","1","0.9","77","36","0.45","0.48","0.2","0","0.002","0.001","true","1","no","0","0","60","0","0","0","0.005","false","false","false","2","2","0.5","0.5","1","1","36","1.099","1.099"
"4","200","watts-strogatz","0.01","2","0.1","2","CES","0.5","1","1","1","10","10","1","0.9","77","36","0.45","0.48","0.2","0","0.002","0.001","true","1","no","0","0","60","0","0","0","0.005","false","false","false","2","2","0.5","0.5","1","1","37","1.117","1.117"
"4","200","watts-strogatz","0.01","2","0.1","2","CES","0.5","1","1","1","10","10","1","0.9","77","36","0.45","0.48","0.2","0","0.002","0.001","true","1","no","0","0","60","0","0","0","0.005","false","false","false","2","2","0.5","0.5","1","1","38","1.134","1.134"
"4","200","watts-strogatz","0.01","2","0.1","2","CES","0.5","1","1","1","10","10","1","0.9","77","36","0.45","0.48","0.2","0","0.002","0.001","true","1","no","0","0","60","0","0","0","0.005","false","false","false","2","2","0.5","0.5","1","1","39","1.151","1.151"
"4","200","watts-strogatz","0.01","2","0.1","2","CES","0.5","1","1","1","10","10","1","0.9","77","36","0.45","0.48","0.2","0","0.002","0.001","true","1","no","0","0","60","0","0","0","0.005","false","false","false","2","2","0.5","0.5","1","1","40","1.168","1.168"
"4","200","watts-strogatz","0.01","2","0.1","2","CES","0.5","1","1","1","10","10","1","0.9","77","36","0.45","0.48","0.2","0","0.002","0.001","true","1","no","0","0","60","0","0","0","0.005","false","false","false","2","2","0.5","0.5","1","1","41","1.184","1.184"
"4","200","watts-strogatz","0.01","2","0.1","2","CES","0.5","1","1","1","10","10","1","0.9","77","36","0.45","0.48","0.2","0","0.002","0.001","true","1","no","0","0","60","0","0","0","0.005","false","false","false","2","2","0.5","0.5","1","1","42","1.2","1.2"
"4","200","watts-strogatz","0.01","2","0.1","2","CES","0.5","1","1","1","10","10","1","0.9","77","36","0.45","0.48","0.2","0","0.002","0.001","true","1","no","0","0","60","0","0","0","0.005","false","false","false","2","2","0.5","0.5","1","1","43","1.216","1.216"
"4","200","watts-strogatz","0.01","2","0.1","2","CES","0.5","1","1","1","10","10","1","0.9","77","36","0.45","0.48","0.2","0","0.002","0.001","true","1","no","0","0","60","0","0","0","0.005","false","false","false","2","2","0.5","0.5","1","1","44","1.232","1.232"
"4","200","watts-strogatz","0.01","2","0.1","2","CES","0.5","1","1","1","10","10","1","0.9","77","36","0.45","0.48","0.2","0","0.002","0.001","true","1","no","0","0","60","0","0","0","0.005","false","false","false","2","2","0.5","0.5","1","1","45","1.248","1.247"
"4","200","watts-strogatz","0.01","2","0.1","2","CES","0.5","1","1","1","10","10","1","0.9","77","36","0.45","0.48","0.2","0","0.002","0.001","true","1","no","0","0","60","0","0","0","0.005","false","false","false","2","2","0.5","0.5","1","1","46","1.264","1.264"
"4","200","watts-strogatz","0.01","2","0.1","2","CES","0.5","1","1","1","10","10","1","0.9","77","36","0.45","0.48","0.2","0","0.002","0.001","true","1","no","0","0","60","0","0","0","0.005","false","false","false","2","2","0.5","0.5","1","1","47","1.279","1.279"
"4","200","watts-strogatz","0.01","2","0.1","2","CES","0.5","1","1","1","10","10","1","0.9","77","36","0.45","0.48","0.2","0","0.002","0.001","true","1","no","0","0","60","0","0","0","0.005","false","false","false","2","2","0.5","0.5","1","1","48","1.293","1.293"
"4","200","watts-strogatz","0.01","2","0.1","2","CES","0.5","1","1","1","10","10","1","0.9","77","36","0.45","0.48","0.2","0","0.002","0.001","true","1","no","0","0","60","0","0","0","0.005","false","false","false","2","2","0.5","0.5","1","1","49","1.308","1.308"
"4","200","watts-strogatz","0.01","2","0.1","2","CES","0.5","1","1","1","10","10","1","0.9","77","36","0.45","0.48","0.2","0","0.002","0.001","true","1","no","0","0","60","0","0","0","0.005","false","false","false","2","2","0.5","0.5","1","1","50","1.322","1.322"
"5","200","watts-strogatz","0.01","2","0.1","2","CES","0.5","1","1","1","10","10","1","0.9","77","36","0.45","0.48","0.2","0","0.002","0.001","true","1","no","0","0","60","0","0","0","0.005","false","false","false","2","2","0.5","0.5","1","1","0","0.006","0"
"5","200","watts-strogatz","0.01","2","0.1","2","CES","0.5","1","1","1","10","10","1","0.9","77","36","0.45","0.48","0.2","0","0.002","0.001","true","1","no","0","0","60","0","0","0","0.005","false","false","false","2","2","0.5","0.5","1","1","1","0.08","0.079"
"5","200","watts-strogatz","0.01","2","0.1","2","CES","0.5","1","1","1","10","10","1","0.9","77","36","0.45","0.48","0.2","0","0.002","0.001","true","1","no","0","0","60","0","0","0","0.005","false","false","false","2","2","0.5","0.5","1","1","2","0.131","0.131"
"5","200","watts-strogatz","0.01","2","0.1","2","CES","0.5","1","1","1","10","10","1","0.9","77","36","0.45","0.48","0.2","0","0.002","0.001","true","1","no","0","0","60","0","0","0","0.005","false","false","false","2","2","0.5","0.5","1","1","3","0.179","0.179"
"5","200","watts-strogatz","0.01","2","0.1","2","CES","0.5","1","1","1","10","10","1","0.9","77","36","0.45","0.48","0.2","0","0.002","0.001","true","1","no","0","0","60","0","0","0","0.005","false","false","false","2","2","0.5","0.5","1","1","4","0.225","0.225"
"5","200","watts-strogatz","0.01","2","0.1","2","CES","0.5","1","1","1","10","10","1","0.9","77","36","0.45","0.48","0.2","0","0.002","0.001","true","1","no","0","0","60","0","0","0","0.005","false","false","false","2","2","0.5","0.5","1","1","5","0.267","0.267"
"5","200","watts-strogatz","0.01","2","0.1","2","CES","0.5","1","1","1","10","10","1","0.9","77","36","0.45","0.48","0.2","0","0.002","0.001","true","1","no","0","0","60","0","0","0","0.005","false","false","false","2","2","0.5","0.5","1","1","6","0.31","0.31"
"5","200","watts-strogatz","0.01","2","0.1","2","CES","0.5","1","1","1","10","10","1","0.9","77","36","0.45","0.48","0.2","0","0.002","0.001","true","1","no","0","0","60","0","0","0","0.005","false","false","false","2","2","0.5","0.5","1","1","7","0.351","0.351"
"5","200","watts-strogatz","0.01","2","0.1","2","CES","0.5","1","1","1","10","10","1","0.9","77","36","0.45","0.48","0.2","0","0.002","0.001","true","1","no","0","0","60","0","0","0","0.005","false","false","false","2","2","0.5","0.5","1","1","8","0.389","0.389"
"5","200","watts-strogatz","0.01","2","0.1","2","CES","0.5","1","1","1","10","10","1","0.9","77","36","0.45","0.48","0.2","0","0.002","0.001","true","1","no","0","0","60","0","0","0","0.005","false","false","false","2","2","0.5","0.5","1","1","9","0.427","0.427"
"5","200","watts-strogatz","0.01","2","0.1","2","CES","0.5","1","1","1","10","10","1","0.9","77","36","0.45","0.48","0.2","0","0.002","0.001","true","1","no","0","0","60","0","0","0","0.005","false","false","false","2","2","0.5","0.5","1","1","10","0.463","0.463"
"5","200","watts-strogatz","0.01","2","0.1","2","CES","0.5","1","1","1","10","10","1","0.9","77","36","0.45","0.48","0.2","0","0.002","0.001","true","1","no","0","0","60","0","0","0","0.005","false","false","false","2","2","0.5","0.5","1","1","11","0.497","0.497"
"5","200","watts-strogatz","0.01","2","0.1","2","CES","0.5","1","1","1","10","10","1","0.9","77","36","0.45","0.48","0.2","0","0.002","0.001","true","1","no","0","0","60","0","0","0","0.005","false","false","false","2","2","0.5","0.5","1","1","12","0.531","0.531"
"5","200","watts-strogatz","0.01","2","0.1","2","CES","0.5","1","1","1","10","10","1","0.9","77","36","0.45","0.48","0.2","0","0.002","0.001","true","1","no","0","0","60","0","0","0","0.005","false","false","false","2","2","0.5","0.5","1","1","13","0.564","0.564"
"5","200","watts-strogatz","0.01","2","0.1","2","CES","0.5","1","1","1","10","10","1","0.9","77","36","0.45","0.48","0.2","0","0.002","0.001","true","1","no","0","0","60","0","0","0","0.005","false","false","false","2","2","0.5","0.5","1","1","14","0.596","0.595"
"5","200","watts-strogatz","0.01","2","0.1","2","CES","0.5","1","1","1","10","10","1","0.9","77","36","0.45","0.48","0.2","0","0.002","0.001","true","1","no","0","0","60","0","0","0","0.005","false","false","false","2","2","0.5","0.5","1","1","15","0.627","0.626"
"5","200","watts-strogatz","0.01","2","0.1","2","CES","0.5","1","1","1","10","10","1","0.9","77","36","0.45","0.48","0.2","0","0.002","0.001","true","1","no","0","0","60","0","0","0","0.005","false","false","false","2","2","0.5","0.5","1","1","16","0.657","0.657"
"5","200","watts-strogatz","0.01","2","0.1","2","CES","0.5","1","1","1","10","10","1","0.9","77","36","0.45","0.48","0.2","0","0.002","0.001","true","1","no","0","0","60","0","0","0","0.005","false","false","false","2","2","0.5","0.5","1","1","17","0.686","0.686"
"5","200","watts-strogatz","0.01","2","0.1","2","CES","0.5","1","1","1","10","10","1","0.9","77","36","0.45","0.48","0.2","0","0.002","0.001","true","1","no","0","0","60","0","0","0","0.005","false","false","false","2","2","0.5","0.5","1","1","18","0.715","0.715"
"5","200","watts-strogatz","0.01","2","0.1","2","CES","0.5","1","1","1","10","10","1","0.9","77","36","0.45","0.48","0.2","0","0.002","0.001","true","1","no","0","0","60","0","0","0","0.005","false","false","false","2","2","0.5","0.5","1","1","19","0.743","0.743"
"5","200","watts-strogatz","0.01","2","0.1","2","CES","0.5","1","1","1","10","10","1","0.9","77","36","0.45","0.48","0.2","0","0.002","0.001","true","1","no","0","0","60","0","0","0","0.005","false","false","false","2","2","0.5","0.5","1","1","20","0.77","0.77"
"5","200","watts-strogatz","0.01","2","0.1","2","CES","0.5","1","1","1","10","10","1","0.9","77","36","0.45","0.48","0.2","0","0.002","0.001","true","1","no","0","0","60","0","0","0","0.005","false","false","false","2","2","0.5","0.5","1","1","21","0.797","0.797"
"5","200","watts-strogatz","0.01","2","0.1","2","CES","0.5","1","1","1","10","10","1","0.9","77","36","0.45","0.48","0.2","0","0.002","0.001","true","1","no","0","0","60","0","0","0","0.005","false","false","false","2","2","0.5","0.5","1","1","22","0.822","0.822"
"5","200","watts-strogatz","0.01","2","0.1","2","CES","0.5","1","1","1","10","10","1","0.9","77","36","0.45","0.48","0.2","0","0.002","0.001","true","1","no","0","0","60","0","0","0","0.005","false","false","false","2","2","0.5","0.5","1","1","23","0.847","0.847"
"5","200","watts-strogatz","0.01","2","0.1","2","CES","0.5","1","1","1","10","10","1","0.9","77","36","0.45","0.48","0.2","0","0.002","0.001","true","1","no","0","0","60","0","0","0","0.005","false","false","false","2","2","0.5","0.5","1","1","24","0.872","0.872"
"5","200","watts-strogatz","0.01","2","0.1","2","CES","0.5","1","1","1","10","10","1","0.9","77","36","0.45","0.48","0.2","0","0.002","0.001","true","1","no","0","0","60","0","0","0","0.005","false","false","false","2","2","0.5","0.5","1","1","25","0.896","0.896"
"5","200","watts-strogatz","0.01","2","0.1","2","CES","0.5","1","1","1","10","10","1","0.9","77","36","0.45","0.48","0.2","0","0.002","0.001","true","1","no","0","0","60","0","0","0","0.005","false","false","false","2","2","0.5","0.5","1","1","26","0.92","0.92"
"5","200","watts-strogatz","0.01","2","0.1","2","CES","0.5","1","1","1","10","10","1","0.9","77","36","0.45","0.48","0.2","0","0.002","0.001","true","1","no","0","0","60","0","0","0","0.005","false","false","false","2","2","0.5","0.5","1","1","27","0.943","0.943"
"5","200","watts-strogatz","0.01","2","0.1","2","CES","0.5","1","1","1","10","10","1","0.9","77","36","0.45","0.48","0.2","0","0.002","0.001","true","1","no","0","0","60","0","0","0","0.005","false","false","false","2","2","0.5","0.5","1","1","28","0.965","0.965"
"5","200","watts-strogatz","0.01","2","0.1","2","CES","0.5","1","1","1","10","10","1","0.9","77","36","0.45","0.48","0.2","0","0.002","0.001","true","1","no","0","0","60","0","0","0","0.005","false","false","false","2","2","0.5","0.5","1","1","29","0.987","0.987"
"5","200","watts-strogatz","0.01","2","0.1","2","CES","0.5","1","1","1","10","10","1","0.9","77","36","0.45","0.48","0.2","0","0.002","0.001","true","1","no","0","0","60","0","0","0","0.005","false","false","false","2","2","0.5","0.5","1","1","30","1.008","1.008"
"5","200","watts-strogatz","0.01","2","0.1","2","CES","0.5","1","1","1","10","10","1","0.9","77","36","0.45","0.48","0.2","0","0.002","0.001","true","1","no","0","0","60","0","0","0","0.005","false","false","false","2","2","0.5","0.5","1","1","31","1.029","1.029"
"5","200","watts-strogatz","0.01","2","0.1","2","CES","0.5","1","1","1","10","10","1","0.9","77","36","0.45","0.48","0.2","0","0.002","0.001","true","1","no","0","0","60","0","0","0","0.005","false","false","false","2","2","0.5","0.5","1","1","32","1.05","1.05"
"5","200","watts-strogatz","0.01","2","0.1","2","CES","0.5","1","1","1","10","10","1","0.9","77","36","0.45","0.48","0.2","0","0.002","0.001","true","1","no","0","0","60","0","0","0","0.005","false","false","false","2","2","0.5","0.5","1","1","33","1.07","1.07"
"5","200","watts-strogatz","0.01","2","0.1","2","CES","0.5","1","1","1","10","10","1","0.9","77","36","0.45","0.48","0.2","0","0.002","0.001","true","1","no","0","0","60","0","0","0","0.005","false","false","false","2","2","0.5","0.5","1","1","34","1.089","1.089"
"5","200","watts-strogatz","0.01","2","0.1","2","CES","0.5","1","1","1","10","10","1","0.9","77","36","0.45","0.48","0.2","0","0.002","0.001","true","1","no","0","0","60","0","0","0","0.005","false","false","false","2","2","0.5","0.5","1","1","35","1.109","1.108"
"5","200","watts-strogatz","0.01","2","0.1","2","CES","0.5","1","1","1","10","10","1","0.9","77","36","0.45","0.48","0.2","0","0.002","0.001","true","1","no","0","0","60","0","0","0","0.005","false","false","false","2","2","0.5","0.5","1","1","36","1.127","1.127"
"5","200","watts-strogatz","0.01","2","0.1","2","CES","0.5","1","1","1","10","10","1","0.9","77","36","0.45","0.48","0.2","0","0.002","0.001","true","1","no","0","0","60","0","0","0","0.005","false","false","false","2","2","0.5","0.5","1","1","37","1.146","1.146"
"5","200","watts-strogatz","0.01","2","0.1","2","CES","0.5","1","1","1","10","10","1","0.9","77","36","0.45","0.48","0.2","0","0.002","0.001","true","1","no","0","0","60","0","0","0","0.005","false","false","false","2","2","0.5","0.5","1","1","38","1.165","1.165"
"5","200","watts-strogatz","0.01","2","0.1","2","CES","0.5","1","1","1","10","10","1","0.9","77","36","0.45","0.48","0.2","0","0.002","0.001","true","1","no","0","0","60","0","0","0","0.005","false","false","false","2","2","0.5","0.5","1","1","39","1.183","1.183"
"5","200","watts-strogatz","0.01","2","0.1","2","CES","0.5","1","1","1","10","10","1","0.9","77","36","0.45","0.48","0.2","0","0.002","0.001","true","1","no","0","0","60","0","0","0","0.005","false","false","false","2","2","0.5","0.5","1","1","40","1.2","1.2"
"5","200","watts-strogatz","0.01","2","0.1","2","CES","0.5","1","1","1","10","10","1","0.9","77","36","0.45","0.48","0.2","0","0.002","0.001","true","1","no","0","0","60","0","0","0","0.005","false","false","false","2","2","0.5","0.5","1","1","41","1.217","1.217"
"5","200","watts-strogatz","0.01","2","0.1","2","CES","0.5","1","1","1","10","10","1","0.9","77","36","0.45","0.48","0.2","0","0.002","0.001","true","1","no","0","0","60","0","0","0","0.005","false","false","false","2","2","0.5","0.5","1","1","42","1.234","1.234"
"5","200","watts-strogatz","0.01","2","0.1","2","CES","0.5","1","1","1","10","10","1","0.9","77","36","0.45","0.48","0.2","0","0.002","0.001","true","1","no","0","0","60","0","0","0","0.005","false","false","false","2","2","0.5","0.5","1","1","43","1.25","1.25"
"5","200","watts-strogatz","0.01","2","0.1","2","CES","0.5","1","1","1","10","10","1","0.9","77","36","0.45","0.48","0.2","0","0.002","0.001","true","1","no","0","0","60","0","0","0","0.005","false","false","false","2","2","0.5","0.5","1","1","44","1.267","1.267"
"5","200","watts-strogatz","0.01","2","0.1","2","CES","0.5","1","1","1","10","10","1","0.9","77","36","0.45","0.48","0.2","0","0.002","0.001","true","1","no","0","0","60","0","0","0","0.005","false","false","false","2","2","0.5","0.5","1","1","45","1.283","1.283"
"5","200","watts-strogatz","0.01","2","0.1","2","CES","0.5","1","1","1","10","10","1","0.9","77","36","0.45","0.48","0.2","0","0.002","0.001","true","1","no","0","0","60","0","0","0","0.005","false","false","false","2","2","0.5","0.5","1","1","46","1.299","1.299"
"5","200","watts-strogatz","0.01","2","0.1","2","CES","0.5","1","1","1","10","10","1","0.9","77","36","0.45","0.48","0.2","0","0.002","0.001","true","1","no","0","0","60","0","0","0","0.005","false","false","false","2","2","0.5","0.5","1","1","47","1.315","1.315"
"5","200","watts-strogatz","0.01","2","0.1","2","CES","0.5","1","1","1","10","10","1","0.9","77","36","0.45","0.48","0.2","0","0.002","0.001","true","1","no","0","0","60","0","0","0","0.005","false","false","false","2","2","0.5","0.5","1","1","48","1.331","1.331"
"5","200","watts-strogatz","0.01","2","0.1","2","CES","0.5","1","1","1","10","10","1","0.9","77","36","0.45","0.48","0.2","0","0.002","0.001","true","1","no","0","0","60","0","0","0","0.005","false","false","false","2","2","0.5","0.5","1","1","49","1.346","1.346"
"5","200","watts-strogatz","0.01","2","0.1","2","CES","0.5","1","1","1","10","10","1","0.9","77","36","0.45","0.48","0.2","0","0.002","0.001","true","1","no","0","0","60","0","0","0","0.005","false","false","false","2","2","0.5","0.5","1","1","50","1.362","1.361"
"6","200","watts-strogatz","0.01","2","0.1","2","CES","0.5","1","1","1","10","10","1","0.9","77","36","0.45","0.48","0.2","0","0.002","0.001","true","1","no","0","0","60","0","0","0","0.005","false","false","false","2","2","0.5","0.5","1","1","0","0.006","0"
"6","200","watts-strogatz","0.01","2","0.1","2","CES","0.5","1","1","1","10","10","1","0.9","77","36","0.45","0.48","0.2","0","0.002","0.001","true","1","no","0","0","60","0","0","0","0.005","false","false","false","2","2","0.5","0.5","1","1","1","0.085","0.085"
"6","200","watts-strogatz","0.01","2","0.1","2","CES","0.5","1","1","1","10","10","1","0.9","77","36","0.45","0.48","0.2","0","0.002","0.001","true","1","no","0","0","60","0","0","0","0.005","false","false","false","2","2","0.5","0.5","1","1","2","0.138","0.138"
"6","200","watts-strogatz","0.01","2","0.1","2","CES","0.5","1","1","1","10","10","1","0.9","77","36","0.45","0.48","0.2","0","0.002","0.001","true","1","no","0","0","60","0","0","0","0.005","false","false","false","2","2","0.5","0.5","1","1","3","0.185","0.185"
"6","200","watts-strogatz","0.01","2","0.1","2","CES","0.5","1","1","1","10","10","1","0.9","77","36","0.45","0.48","0.2","0","0.002","0.001","true","1","no","0","0","60","0","0","0","0.005","false","false","false","2","2","0.5","0.5","1","1","4","0.23","0.23"
"6","200","watts-strogatz","0.01","2","0.1","2","CES","0.5","1","1","1","10","10","1","0.9","77","36","0.45","0.48","0.2","0","0.002","0.001","true","1","no","0","0","60","0","0","0","0.005","false","false","false","2","2","0.5","0.5","1","1","5","0.273","0.273"
"6","200","watts-strogatz","0.01","2","0.1","2","CES","0.5","1","1","1","10","10","1","0.9","77","36","0.45","0.48","0.2","0","0.002","0.001","true","1","no","0","0","60","0","0","0","0.005","false","false","false","2","2","0.5","0.5","1","1","6","0.315","0.315"
"6","200","watts-strogatz","0.01","2","0.1","2","CES","0.5","1","1","1","10","10","1","0.9","77","36","0.45","0.48","0.2","0","0.002","0.001","true","1","no","0","0","60","0","0","0","0.005","false","false","false","2","2","0.5","0.5","1","1","7","0.354","0.354"
"6","200","watts-strogatz","0.01","2","0.1","2","CES","0.5","1","1","1","10","10","1","0.9","77","36","0.45","0.48","0.2","0","0.002","0.001","true","1","no","0","0","60","0","0","0","0.005","false","false","false","2","2","0.5","0.5","1","1","8","0.392","0.392"
"6","200","watts-strogatz","0.01","2","0.1","2","CES","0.5","1","1","1","10","10","1","0.9","77","36","0.45","0.48","0.2","0","0.002","0.001","true","1","no","0","0","60","0","0","0","0.005","false","false","false","2","2","0.5","0.5","1","1","9","0.429","0.429"
"6","200","watts-strogatz","0.01","2","0.1","2","CES","0.5","1","1","1","10","10","1","0.9","77","36","0.45","0.48","0.2","0","0.002","0.001","true","1","no","0","0","60","0","0","0","0.005","false","false","false","2","2","0.5","0.5","1","1","10","0.465","0.465"
"6","200","watts-strogatz","0.01","2","0.1","2","CES","0.5","1","1","1","10","10","1","0.9","77","36","0.45","0.48","0.2","0","0.002","0.001","true","1","no","0","0","60","0","0","0","0.005","false","false","false","2","2","0.5","0.5","1","1","11","0.499","0.499"
"6","200","watts-strogatz","0.01","2","0.1","2","CES","0.5","1","1","1","10","10","1","0.9","77","36","0.45","0.48","0.2","0","0.002","0.001","true","1","no","0","0","60","0","0","0","0.005","false","false","false","2","2","0.5","0.5","1","1","12","0.532","0.532"
"6","200","watts-strogatz","0.01","2","0.1","2","CES","0.5","1","1","1","10","10","1","0.9","77","36","0.45","0.48","0.2","0","0.002","0.001","true","1","no","0","0","60","0","0","0","0.005","false","false","false","2","2","0.5","0.5","1","1","13","0.565","0.565"
"6","200","watts-strogatz","0.01","2","0.1","2","CES","0.5","1","1","1","10","10","1","0.9","77","36","0.45","0.48","0.2","0","0.002","0.001","true","1","no","0","0","60","0","0","0","0.005","false","false","false","2","2","0.5","0.5","1","1","14","0.596","0.596"
"6","200","watts-strogatz","0.01","2","0.1","2","CES","0.5","1","1","1","10","10","1","0.9","77","36","0.45","0.48","0.2","0","0.002","0.001","true","1","no","0","0","60","0","0","0","0.005","false","false","false","2","2","0.5","0.5","1","1","15","0.627","0.627"
"6","200","watts-strogatz","0.01","2","0.1","2","CES","0.5","1","1","1","10","10","1","0.9","77","36","0.45","0.48","0.2","0","0.002","0.001","true","1","no","0","0","60","0","0","0","0.005","false","false","false","2","2","0.5","0.5","1","1","16","0.657","0.657"
"6","200","watts-strogatz","0.01","2","0.1","2","CES","0.5","1","1","1","10","10","1","0.9","77","36","0.45","0.48","0.2","0","0.002","0.001","true","1","no","0","0","60","0","0","0","0.005","false","false","false","2","2","0.5","0.5","1","1","17","0.686","0.685"
"6","200","watts-strogatz","0.01","2","0.1","2","CES","0.5","1","1","1","10","10","1","0.9","77","36","0.45","0.48","0.2","0","0.002","0.001","true","1","no","0","0","60","0","0","0","0.005","false","false","false","2","2","0.5","0.5","1","1","18","0.714","0.714"
"6","200","watts-strogatz","0.01","2","0.1","2","CES","0.5","1","1","1","10","10","1","0.9","77","36","0.45","0.48","0.2","0","0.002","0.001","true","1","no","0","0","60","0","0","0","0.005","false","false","false","2","2","0.5","0.5","1","1","19","0.741","0.741"
"6","200","watts-strogatz","0.01","2","0.1","2","CES","0.5","1","1","1","10","10","1","0.9","77","36","0.45","0.48","0.2","0","0.002","0.001","true","1","no","0","0","60","0","0","0","0.005","false","false","false","2","2","0.5","0.5","1","1","20","0.768","0.768"
"6","200","watts-strogatz","0.01","2","0.1","2","CES","0.5","1","1","1","10","10","1","0.9","77","36","0.45","0.48","0.2","0","0.002","0.001","true","1","no","0","0","60","0","0","0","0.005","false","false","false","2","2","0.5","0.5","1","1","21","0.796","0.795"
"6","200","watts-strogatz","0.01","2","0.1","2","CES","0.5","1","1","1","10","10","1","0.9","77","36","0.45","0.48","0.2","0","0.002","0.001","true","1","no","0","0","60","0","0","0","0.005","false","false","false","2","2","0.5","0.5","1","1","22","0.821","0.821"
"6","200","watts-strogatz","0.01","2","0.1","2","CES","0.5","1","1","1","10","10","1","0.9","77","36","0.45","0.48","0.2","0","0.002","0.001","true","1","no","0","0","60","0","0","0","0.005","false","false","false","2","2","0.5","0.5","1","1","23","0.846","0.846"
"6","200","watts-strogatz","0.01","2","0.1","2","CES","0.5","1","1","1","10","10","1","0.9","77","36","0.45","0.48","0.2","0","0.002","0.001","true","1","no","0","0","60","0","0","0","0.005","false","false","false","2","2","0.5","0.5","1","1","24","0.87","0.87"
"6","200","watts-strogatz","0.01","2","0.1","2","CES","0.5","1","1","1","10","10","1","0.9","77","36","0.45","0.48","0.2","0","0.002","0.001","true","1","no","0","0","60","0","0","0","0.005","false","false","false","2","2","0.5","0.5","1","1","25","0.893","0.893"
"6","200","watts-strogatz","0.01","2","0.1","2","CES","0.5","1","1","1","10","10","1","0.9","77","36","0.45","0.48","0.2","0","0.002","0.001","true","1","no","0","0","60","0","0","0","0.005","false","false","false","2","2","0.5","0.5","1","1","26","0.916","0.916"
"6","200","watts-strogatz","0.01","2","0.1","2","CES","0.5","1","1","1","10","10","1","0.9","77","36","0.45","0.48","0.2","0","0.002","0.001","true","1","no","0","0","60","0","0","0","0.005","false","false","false","2","2","0.5","0.5","1","1","27","0.939","0.938"
"6","200","watts-strogatz","0.01","2","0.1","2","CES","0.5","1","1","1","10","10","1","0.9","77","36","0.45","0.48","0.2","0","0.002","0.001","true","1","no","0","0","60","0","0","0","0.005","false","false","false","2","2","0.5","0.5","1","1","28","0.96","0.96"
"6","200","watts-strogatz","0.01","2","0.1","2","CES","0.5","1","1","1","10","10","1","0.9","77","36","0.45","0.48","0.2","0","0.002","0.001","true","1","no","0","0","60","0","0","0","0.005","false","false","false","2","2","0.5","0.5","1","1","29","0.982","0.982"
"6","200","watts-strogatz","0.01","2","0.1","2","CES","0.5","1","1","1","10","10","1","0.9","77","36","0.45","0.48","0.2","0","0.002","0.001","true","1","no","0","0","60","0","0","0","0.005","false","false","false","2","2","0.5","0.5","1","1","30","1.003","1.003"
"6","200","watts-strogatz","0.01","2","0.1","2","CES","0.5","1","1","1","10","10","1","0.9","77","36","0.45","0.48","0.2","0","0.002","0.001","true","1","no","0","0","60","0","0","0","0.005","false","false","false","2","2","0.5","0.5","1","1","31","1.024","1.024"
"6","200","watts-strogatz","0.01","2","0.1","2","CES","0.5","1","1","1","10","10","1","0.9","77","36","0.45","0.48","0.2","0","0.002","0.001","true","1","no","0","0","60","0","0","0","0.005","false","false","false","2","2","0.5","0.5","1","1","32","1.045","1.045"
"6","200","watts-strogatz","0.01","2","0.1","2","CES","0.5","1","1","1","10","10","1","0.9","77","36","0.45","0.48","0.2","0","0.002","0.001","true","1","no","0","0","60","0","0","0","0.005","false","false","false","2","2","0.5","0.5","1","1","33","1.065","1.065"
"6","200","watts-strogatz","0.01","2","0.1","2","CES","0.5","1","1","1","10","10","1","0.9","77","36","0.45","0.48","0.2","0","0.002","0.001","true","1","no","0","0","60","0","0","0","0.005","false","false","false","2","2","0.5","0.5","1","1","34","1.084","1.084"
"6","200","watts-strogatz","0.01","2","0.1","2","CES","0.5","1","1","1","10","10","1","0.9","77","36","0.45","0.48","0.2","0","0.002","0.001","true","1","no","0","0","60","0","0","0","0.005","false","false","false","2","2","0.5","0.5","1","1","35","1.103","1.103"
"6","200","watts-strogatz","0.01","2","0.1","2","CES","0.5","1","1","1","10","10","1","0.9","77","36","0.45","0.48","0.2","0","0.002","0.001","true","1","no","0","0","60","0","0","0","0.005","false","false","false","2","2","0.5","0.5","1","1","36","1.121","1.121"
"6","200","watts-strogatz","0.01","2","0.1","2","CES","0.5","1","1","1","10","10","1","0.9","77","36","0.45","0.48","0.2","0","0.002","0.001","true","1","no","0","0","60","0","0","0","0.005","false","false","false","2","2","0.5","0.5","1","1","37","1.139","1.139"
"6","200","watts-strogatz","0.01","2","0.1","2","CES","0.5","1","1","1","10","10","1","0.9","77","36","0.45","0.48","0.2","0","0.002","0.001","true","1","no","0","0","60","0","0","0","0.005","false","false","false","2","2","0.5","0.5","1","1","38","1.157","1.157"
"6","200","watts-strogatz","0.01","2","0.1","2","CES","0.5","1","1","1","10","10","1","0.9","77","36","0.45","0.48","0.2","0","0.002","0.001","true","1","no","0","0","60","0","0","0","0.005","false","false","false","2","2","0.5","0.5","1","1","39","1.175","1.175"
"6","200","watts-strogatz","0.01","2","0.1","2","CES","0.5","1","1","1","10","10","1","0.9","77","36","0.45","0.48","0.2","0","0.002","0.001","true","1","no","0","0","60","0","0","0","0.005","false","false","false","2","2","0.5","0.5","1","1","40","1.192","1.192"
"6","200","watts-strogatz","0.01","2","0.1","2","CES","0.5","1","1","1","10","10","1","0.9","77","36","0.45","0.48","0.2","0","0.002","0.001","true","1","no","0","0","60","0","0","0","0.005","false","false","false","2","2","0.5","0.5","1","1","41","1.209","1.209"
"6","200","watts-strogatz","0.01","2","0.1","2","CES","0.5","1","1","1","10","10","1","0.9","77","36","0.45","0.48","0.2","0","0.002","0.001","true","1","no","0","0","60","0","0","0","0.005","false","false","false","2","2","0.5","0.5","1","1","42","1.226","1.226"
"6","200","watts-strogatz","0.01","2","0.1","2","CES","0.5","1","1","1","10","10","1","0.9","77","36","0.45","0.48","0.2","0","0.002","0.001","true","1","no","0","0","60","0","0","0","0.005","false","false","false","2","2","0.5","0.5","1","1","43","1.243","1.243"
"6","200","watts-strogatz","0.01","2","0.1","2","CES","0.5","1","1","1","10","10","1","0.9","77","36","0.45","0.48","0.2","0","0.002","0.001","true","1","no","0","0","60","0","0","0","0.005","false","false","false","2","2","0.5","0.5","1","1","44","1.259","1.259"
"6","200","watts-strogatz","0.01","2","0.1","2","CES","0.5","1","1","1","10","10","1","0.9","77","36","0.45","0.48","0.2","0","0.002","0.001","true","1","no","0","0","60","0","0","0","0.005","false","false","false","2","2","0.5","0.5","1","1","45","1.274","1.274"
"6","200","watts-strogatz","0.01","2","0.1","2","CES","0.5","1","1","1","10","10","1","0.9","77","36","0.45","0.48","0.2","0","0.002","0.001","true","1","no","0","0","60","0","0","0","0.005","false","false","false","2","2","0.5","0.5","1","1","46","1.291","1.291"
"6","200","watts-strogatz","0.01","2","0.1","2","CES","0.5","1","1","1","10","10","1","0.9","77","36","0.45","0.48","0.2","0","0.002","0.001","true","1","no","0","0","60","0","0","0","0.005","false","false","false","2","2","0.5","0.5","1","1","47","1.306","1.306"
"6","200","watts-strogatz","0.01","2","0.1","2","CES","0.5","1","1","1","10","10","1","0.9","77","36","0.45","0.48","0.2","0","0.002","0.001","true","1","no","0","0","60","0","0","0","0.005","false","false","false","2","2","0.5","0.5","1","1","48","1.321","1.321"
"6","200","watts-strogatz","0.01","2","0.1","2","CES","0.5","1","1","1","10","10","1","0.9","77","36","0.45","0.48","0.2","0","0.002","0.001","true","1","no","0","0","60","0","0","0","0.005","false","false","false","2","2","0.5","0.5","1","1","49","1.336","1.336"
"6","200","watts-strogatz","0.01","2","0.1","2","CES","0.5","1","1","1","10","10","1","0.9","77","36","0.45","0.48","0.2","0","0.002","0.001","true","1","no","0","0","60","0","0","0","0.005","false","false","false","2","2","0.5","0.5","1","1","50","1.351","1.351"
"7","200","watts-strogatz","0.01","2","0.1","2","CES","0.5","1","1","1","10","10","1","0.9","77","36","0.45","0.48","0.2","0","0.002","0.001","true","1","no","0","0","60","0","0","0","0.005","false","false","false","2","2","0.5","0.5","1","1","0","0.006","0"
"7","200","watts-strogatz","0.01","2","0.1","2","CES","0.5","1","1","1","10","10","1","0.9","77","36","0.45","0.48","0.2","0","0.002","0.001","true","1","no","0","0","60","0","0","0","0.005","false","false","false","2","2","0.5","0.5","1","1","1","0.08","0.08"
"7","200","watts-strogatz","0.01","2","0.1","2","CES","0.5","1","1","1","10","10","1","0.9","77","36","0.45","0.48","0.2","0","0.002","0.001","true","1","no","0","0","60","0","0","0","0.005","false","false","false","2","2","0.5","0.5","1","1","2","0.132","0.132"
"7","200","watts-strogatz","0.01","2","0.1","2","CES","0.5","1","1","1","10","10","1","0.9","77","36","0.45","0.48","0.2","0","0.002","0.001","true","1","no","0","0","60","0","0","0","0.005","false","false","false","2","2","0.5","0.5","1","1","3","0.18","0.179"
"7","200","watts-strogatz","0.01","2","0.1","2","CES","0.5","1","1","1","10","10","1","0.9","77","36","0.45","0.48","0.2","0","0.002","0.001","true","1","no","0","0","60","0","0","0","0.005","false","false","false","2","2","0.5","0.5","1","1","4","0.224","0.224"
"7","200","watts-strogatz","0.01","2","0.1","2","CES","0.5","1","1","1","10","10","1","0.9","77","36","0.45","0.48","0.2","0","0.002","0.001","true","1","no","0","0","60","0","0","0","0.005","false","false","false","2","2","0.5","0.5","1","1","5","0.267","0.267"
"7","200","watts-strogatz","0.01","2","0.1","2","CES","0.5","1","1","1","10","10","1","0.9","77","36","0.45","0.48","0.2","0","0.002","0.001","true","1","no","0","0","60","0","0","0","0.005","false","false","false","2","2","0.5","0.5","1","1","6","0.308","0.308"
"7","200","watts-strogatz","0.01","2","0.1","2","CES","0.5","1","1","1","10","10","1","0.9","77","36","0.45","0.48","0.2","0","0.002","0.001","true","1","no","0","0","60","0","0","0","0.005","false","false","false","2","2","0.5","0.5","1","1","7","0.347","0.347"
"7","200","watts-strogatz","0.01","2","0.1","2","CES","0.5","1","1","1","10","10","1","0.9","77","36","0.45","0.48","0.2","0","0.002","0.001","true","1","no","0","0","60","0","0","0","0.005","false","false","false","2","2","0.5","0.5","1","1","8","0.385","0.385"
"7","200","watts-strogatz","0.01","2","0.1","2","CES","0.5","1","1","1","10","10","1","0.9","77","36","0.45","0.48","0.2","0","0.002","0.001","true","1","no","0","0","60","0","0","0","0.005","false","false","false","2","2","0.5","0.5","1","1","9","0.423","0.423"
"7","200","watts-strogatz","0.01","2","0.1","2","CES","0.5","1","1","1","10","10","1","0.9","77","36","0.45","0.48","0.2","0","0.002","0.001","true","1","no","0","0","60","0","0","0","0.005","false","false","false","2","2","0.5","0.5","1","1","10","0.458","0.458"
"7","200","watts-strogatz","0.01","2","0.1","2","CES","0.5","1","1","1","10","10","1","0.9","77","36","0.45","0.48","0.2","0","0.002","0.001","true","1","no","0","0","60","0","0","0","0.005","false","false","false","2","2","0.5","0.5","1","1","11","0.493","0.493"
"7","200","watts-strogatz","0.01","2","0.1","2","CES","0.5","1","1","1","10","10","1","0.9","77","36","0.45","0.48","0.2","0","0.002","0.001","true","1","no","0","0","60","0","0","0","0.005","false","false","false","2","2","0.5","0.5","1","1","12","0.526","0.526"
"7","200","watts-strogatz","0.01","2","0.1","2","CES","0.5","1","1","1","10","10","1","0.9","77","36","0.45","0.48","0.2","0","0.002","0.001","true","1","no","0","0","60","0","0","0","0.005","false","false","false","2","2","0.5","0.5","1","1","13","0.558","0.558"
"7","200","watts-strogatz","0.01","2","0.1","2","CES","0.5","1","1","1","10","10","1","0.9","77","36","0.45","0.48","0.2","0","0.002","0.001","true","1","no","0","0","60","0","0","0","0.005","false","false","false","2","2","0.5","0.5","1","1","14","0.589","0.589"
"7","200","watts-strogatz","0.01","2","0.1","2","CES","0.5","1","1","1","10","10","1","0.9","77","36","0.45","0.48","0.2","0","0.002","0.001","true","1","no","0","0","60","0","0","0","0.005","false","false","false","2","2","0.5","0.5","1","1","15","0.619","0.619"
"7","200","watts-strogatz","0.01","2","0.1","2","CES","0.5","1","1","1","10","10","1","0.9","77","36","0.45","0.48","0.2","0","0.002","0.001","true","1","no","0","0","60","0","0","0","0.005","false","false","false","2","2","0.5","0.5","1","1","16","0.649","0.649"
"7","200","watts-strogatz","0.01","2","0.1","2","CES","0.5","1","1","1","10","10","1","0.9","77","36","0.45","0.48","0.2","0","0.002","0.001","true","1","no","0","0","60","0","0","0","0.005","false","false","false","2","2","0.5","0.5","1","1","17","0.678","0.678"
"7","200","watts-strogatz","0.01","2","0.1","2","CES","0.5","1","1","1","10","10","1","0.9","77","36","0.45","0.48","0.2","0","0.002","0.001","true","1","no","0","0","60","0","0","0","0.005","false","false","false","2","2","0.5","0.5","1","1","18","0.706","0.706"
"7","200","watts-strogatz","0.01","2","0.1","2","CES","0.5","1","1","1","10","10","1","0.9","77","36","0.45","0.48","0.2","0","0.002","0.001","true","1","no","0","0","60","0","0","0","0.005","false","false","false","2","2","0.5","0.5","1","1","19","0.733","0.733"
"7","200","watts-strogatz","0.01","2","0.1","2","CES","0.5","1","1","1","10","10","1","0.9","77","36","0.45","0.48","0.2","0","0.002","0.001","true","1","no","0","0","60","0","0","0","0.005","false","false","false","2","2","0.5","0.5","1","1","20","0.76","0.76"
"7","200","watts-strogatz","0.01","2","0.1","2","CES","0.5","1","1","1","10","10","1","0.9","77","36","0.45","0.48","0.2","0","0.002","0.001","true","1","no","0","0","60","0","0","0","0.005","false","false","false","2","2","0.5","0.5","1","1","21","0.786","0.786"
"7","200","watts-strogatz","0.01","2","0.1","2","CES","0.5","1","1","1","10","10","1","0.9","77","36","0.45","0.48","0.2","0","0.002","0.001","true","1","no","0","0","60","0","0","0","0.005","false","false","false","2","2","0.5","0.5","1","1","22","0.811","0.811"
"7","200","watts-strogatz","0.01","2","0.1","2","CES","0.5","1","1","1","10","10","1","0.9","77","36","0.45","0.48","0.2","0","0.002","0.001","true","1","no","0","0","60","0","0","0","0.005","false","false","false","2","2","0.5","0.5","1","1","23","0.836","0.836"
"7","200","watts-strogatz","0.01","2","0.1","2","CES","0.5","1","1","1","10","10","1","0.9","77","36","0.45","0.48","0.2","0","0.002","0.001","true","1","no","0","0","60","0","0","0","0.005","false","false","false","2","2","0.5","0.5","1","1","24","0.86","0.86"
"7","200","watts-strogatz","0.01","2","0.1","2","CES","0.5","1","1","1","10","10","1","0.9","77","36","0.45","0.48","0.2","0","0.002","0.001","true","1","no","0","0","60","0","0","0","0.005","false","false","false","2","2","0.5","0.5","1","1","25","0.883","0.883"
"7","200","watts-strogatz","0.01","2","0.1","2","CES","0.5","1","1","1","10","10","1","0.9","77","36","0.45","0.48","0.2","0","0.002","0.001","true","1","no","0","0","60","0","0","0","0.005","false","false","false","2","2","0.5","0.5","1","1","26","0.907","0.907"
"7","200","watts-strogatz","0.01","2","0.1","2","CES","0.5","1","1","1","10","10","1","0.9","77","36","0.45","0.48","0.2","0","0.002","0.001","true","1","no","0","0","60","0","0","0","0.005","false","false","false","2","2","0.5","0.5","1","1","27","0.93","0.93"
"7","200","watts-strogatz","0.01","2","0.1","2","CES","0.5","1","1","1","10","10","1","0.9","77","36","0.45","0.48","0.2","0","0.002","0.001","true","1","no","0","0","60","0","0","0","0.005","false","false","false","2","2","0.5","0.5","1","1","28","0.951","0.951"
"7","200","watts-strogatz","0.01","2","0.1","2","CES","0.5","1","1","1","10","10","1","0.9","77","36","0.45","0.48","0.2","0","0.002","0.001","true","1","no","0","0","60","0","0","0","0.005","false","false","false","2","2","0.5","0.5","1","1","29","0.972","0.972"
"7","200","watts-strogatz","0.01","2","0.1","2","CES","0.5","1","1","1","10","10","1","0.9","77","36","0.45","0.48","0.2","0","0.002","0.001","true","1","no","0","0","60","0","0","0","0.005","false","false","false","2","2","0.5","0.5","1","1","30","0.993","0.992"
"7","200","watts-strogatz","0.01","2","0.1","2","CES","0.5","1","1","1","10","10","1","0.9","77","36","0.45","0.48","0.2","0","0.002","0.001","true","1","no","0","0","60","0","0","0","0.005","false","false","false","2","2","0.5","0.5","1","1","31","1.012","1.012"
"7","200","watts-strogatz","0.01","2","0.1","2","CES","0.5","1","1","1","10","10","1","0.9","77","36","0.45","0.48","0.2","0","0.002","0.001","true","1","no","0","0","60","0","0","0","0.005","false","false","false","2","2","0.5","0.5","1","1","32","1.031","1.031"
"7","200","watts-strogatz","0.01","2","0.1","2","CES","0.5","1","1","1","10","10","1","0.9","77","36","0.45","0.48","0.2","0","0.002","0.001","true","1","no","0","0","60","0","0","0","0.005","false","false","false","2","2","0.5","0.5","1","1","33","1.05","1.05"
"7","200","watts-strogatz","0.01","2","0.1","2","CES","0.5","1","1","1","10","10","1","0.9","77","36","0.45","0.48","0.2","0","0.002","0.001","true","1","no","0","0","60","0","0","0","0.005","false","false","false","2","2","0.5","0.5","1","1","34","1.068","1.068"
"7","200","watts-strogatz","0.01","2","0.1","2","CES","0.5","1","1","1","10","10","1","0.9","77","36","0.45","0.48","0.2","0","0.002","0.001","true","1","no","0","0","60","0","0","0","0.005","false","false","false","2","2","0.5","0.5","1","1","35","1.087","1.087"
"7","200","watts-strogatz","0.01","2","0.1","2","CES","0.5","1","1","1","10","10","1","0.9","77","36","0.45","0.48","0.2","0","0.002","0.001","true","1","no","0","0","60","0","0","0","0.005","false","false","false","2","2","0.5","0.5","1","1","36","1.105","1.105"
"7","200","watts-strogatz","0.01","2","0.1","2","CES","0.5","1","1","1","10","10","1","0.9","77","36","0.45","0.48","0.2","0","0.002","0.001","true","1","no","0","0","60","0","0","0","0.005","false","false","false","2","2","0.5","0.5","1","1","37","1.123","1.123"
"7","200","watts-strogatz","0.01","2","0.1","2","CES","0.5","1","1","1","10","10","1","0.9","77","36","0.45","0.48","0.2","0","0.002","0.001","true","1","no","0","0","60","0","0","0","0.005","false","false","false","2","2","0.5","0.5","1","1","38","1.141","1.141"
"7","200","watts-strogatz","0.01","2","0.1","2","CES","0.5","1","1","1","10","10","1","0.9","77","36","0.45","0.48","0.2","0","0.002","0.001","true","1","no","0","0","60","0","0","0","0.005","false","false","false","2","2","0.5","0.5","1","1","39","1.159","1.158"
"7","200","watts-strogatz","0.01","2","0.1","2","CES","0.5","1","1","1","10","10","1","0.9","77","36","0.45","0.48","0.2","0","0.002","0.001","true","1","no","0","0","60","0","0","0","0.005","false","false","false","2","2","0.5","0.5","1","1","40","1.175","1.175"
"7","200","watts-strogatz","0.01","2","0.1","2","CES","0.5","1","1","1","10","10","1","0.9","77","36","0.45","0.48","0.2","0","0.002","0.001","true","1","no","0","0","60","0","0","0","0.005","false","false","false","2","2","0.5","0.5","1","1","41","1.192","1.192"
"7","200","watts-strogatz","0.01","2","0.1","2","CES","0.5","1","1","1","10","10","1","0.9","77","36","0.45","0.48","0.2","0","0.002","0.001","true","1","no","0","0","60","0","0","0","0.005","false","false","false","2","2","0.5","0.5","1","1","42","1.208","1.208"
"7","200","watts-strogatz","0.01","2","0.1","2","CES","0.5","1","1","1","10","10","1","0.9","77","36","0.45","0.48","0.2","0","0.002","0.001","true","1","no","0","0","60","0","0","0","0.005","false","false","false","2","2","0.5","0.5","1","1","43","1.224","1.224"
"7","200","watts-strogatz","0.01","2","0.1","2","CES","0.5","1","1","1","10","10","1","0.9","77","36","0.45","0.48","0.2","0","0.002","0.001","true","1","no","0","0","60","0","0","0","0.005","false","false","false","2","2","0.5","0.5","1","1","44","1.24","1.239"
"7","200","watts-strogatz","0.01","2","0.1","2","CES","0.5","1","1","1","10","10","1","0.9","77","36","0.45","0.48","0.2","0","0.002","0.001","true","1","no","0","0","60","0","0","0","0.005","false","false","false","2","2","0.5","0.5","1","1","45","1.255","1.255"
"7","200","watts-strogatz","0.01","2","0.1","2","CES","0.5","1","1","1","10","10","1","0.9","77","36","0.45","0.48","0.2","0","0.002","0.001","true","1","no","0","0","60","0","0","0","0.005","false","false","false","2","2","0.5","0.5","1","1","46","1.271","1.27"
"7","200","watts-strogatz","0.01","2","0.1","2","CES","0.5","1","1","1","10","10","1","0.9","77","36","0.45","0.48","0.2","0","0.002","0.001","true","1","no","0","0","60","0","0","0","0.005","false","false","false","2","2","0.5","0.5","1","1","47","1.285","1.285"
"7","200","watts-strogatz","0.01","2","0.1","2","CES","0.5","1","1","1","10","10","1","0.9","77","36","0.45","0.48","0.2","0","0.002","0.001","true","1","no","0","0","60","0","0","0","0.005","false","false","false","2","2","0.5","0.5","1","1","48","1.3","1.3"
"7","200","watts-strogatz","0.01","2","0.1","2","CES","0.5","1","1","1","10","10","1","0.9","77","36","0.45","0.48","0.2","0","0.002","0.001","true","1","no","0","0","60","0","0","0","0.005","false","false","false","2","2","0.5","0.5","1","1","49","1.315","1.315"
"7","200","watts-strogatz","0.01","2","0.1","2","CES","0.5","1","1","1","10","10","1","0.9","77","36","0.45","0.48","0.2","0","0.002","0.001","true","1","no","0","0","60","0","0","0","0.005","false","false","false","2","2","0.5","0.5","1","1","50","1.33","1.329"
"8","200","watts-strogatz","0.01","2","0.1","2","CES","0.5","1","1","1","10","10","1","0.9","77","36","0.45","0.48","0.2","0","0.002","0.001","true","1","no","0","0","60","0","0","0","0.005","false","false","false","2","2","0.5","0.5","1","1","0","0.006","0"
"8","200","watts-strogatz","0.01","2","0.1","2","CES","0.5","1","1","1","10","10","1","0.9","77","36","0.45","0.48","0.2","0","0.002","0.001","true","1","no","0","0","60","0","0","0","0.005","false","false","false","2","2","0.5","0.5","1","1","1","0.079","0.079"
"8","200","watts-strogatz","0.01","2","0.1","2","CES","0.5","1","1","1","10","10","1","0.9","77","36","0.45","0.48","0.2","0","0.002","0.001","true","1","no","0","0","60","0","0","0","0.005","false","false","false","2","2","0.5","0.5","1","1","2","0.13","0.13"
"8","200","watts-strogatz","0.01","2","0.1","2","CES","0.5","1","1","1","10","10","1","0.9","77","36","0.45","0.48","0.2","0","0.002","0.001","true","1","no","0","0","60","0","0","0","0.005","false","false","false","2","2","0.5","0.5","1","1","3","0.176","0.176"
"8","200","watts-strogatz","0.01","2","0.1","2","CES","0.5","1","1","1","10","10","1","0.9","77","36","0.45","0.48","0.2","0","0.002","0.001","true","1","no","0","0","60","0","0","0","0.005","false","false","false","2","2","0.5","0.5","1","1","4","0.22","0.22"
"8","200","watts-strogatz","0.01","2","0.1","2","CES","0.5","1","1","1","10","10","1","0.9","77","36","0.45","0.48","0.2","0","0.002","0.001","true","1","no","0","0","60","0","0","0","0.005","false","false","false","2","2","0.5","0.5","1","1","5","0.262","0.262"
"8","200","watts-strogatz","0.01","2","0.1","2","CES","0.5","1","1","1","10","10","1","0.9","77","36","0.45","0.48","0.2","0","0.002","0.001","true","1","no","0","0","60","0","0","0","0.005","false","false","false","2","2","0.5","0.5","1","1","6","0.303","0.303"
"8","200","watts-strogatz","0.01","2","0.1","2","CES","0.5","1","1","1","10","10","1","0.9","77","36","0.45","0.48","0.2","0","0.002","0.001","true","1","no","0","0","60","0","0","0","0.005","false","false","false","2","2","0.5","0.5","1","1","7","0.342","0.341"
"8","200","watts-strogatz","0.01","2","0.1","2","CES","0.5","1","1","1","10","10","1","0.9","77","36","0.45","0.48","0.2","0","0.002","0.001","true","1","no","0","0","60","0","0","0","0.005","false","false","false","2","2","0.5","0.5","1","1","8","0.379","0.379"
"8","200","watts-strogatz","0.01","2","0.1","2","CES","0.5","1","1","1","10","10","1","0.9","77","36","0.45","0.48","0.2","0","0.002","0.001","true","1","no","0","0","60","0","0","0","0.005","false","false","false","2","2","0.5","0.5","1","1","9","0.416","0.416"
"8","200","watts-strogatz","0.01","2","0.1","2","CES","0.5","1","1","1","10","10","1","0.9","77","36","0.45","0.48","0.2","0","0.002","0.001","true","1","no","0","0","60","0","0","0","0.005","false","false","false","2","2","0.5","0.5","1","1","10","0.451","0.451"
"8","200","watts-strogatz","0.01","2","0.1","2","CES","0.5","1","1","1","10","10","1","0.9","77","36","0.45","0.48","0.2","0","0.002","0.001","true","1","no","0","0","60","0","0","0","0.005","false","false","false","2","2","0.5","0.5","1","1","11","0.485","0.485"
"8","200","watts-strogatz","0.01","2","0.1","2","CES","0.5","1","1","1","10","10","1","0.9","77","36","0.45","0.48","0.2","0","0.002","0.001","true","1","no","0","0","60","0","0","0","0.005","false","false","false","2","2","0.5","0.5","1","1","12","0.517","0.517"
"8","200","watts-strogatz","0.01","2","0.1","2","CES","0.5","1","1","1","10","10","1","0.9","77","36","0.45","0.48","0.2","0","0.002","0.001","true","1","no","0","0","60","0","0","0","0.005","false","false","false","2","2","0.5","0.5","1","1","13","0.55","0.55"
"8","200","watts-strogatz","0.01","2","0.1","2","CES","0.5","1","1","1","10","10","1","0.9","77","36","0.45","0.48","0.2","0","0.002","0.001","true","1","no","0","0","60","0","0","0","0.005","false","false","false","2","2","0.5","0.5","1","1","14","0.58","0.58"
"8","200","watts-strogatz","0.01","2","0.1","2","CES","0.5","1","1","1","10","10","1","0.9","77","36","0.45","0.48","0.2","0","0.002","0.001","true","1","no","0","0","60","0","0","0","0.005","false","false","false","2","2","0.5","0.5","1","1","15","0.61","0.61"
"8","200","watts-strogatz","0.01","2","0.1","2","CES","0.5","1","1","1","10","10","1","0.9","77","36","0.45","0.48","0.2","0","0.002","0.001","true","1","no","0","0","60","0","0","0","0.005","false","false","false","2","2","0.5","0.5","1","1","16","0.639","0.639"
"8","200","watts-strogatz","0.01","2","0.1","2","CES","0.5","1","1","1","10","10","1","0.9","77","36","0.45","0.48","0.2","0","0.002","0.001","true","1","no","0","0","60","0","0","0","0.005","false","false","false","2","2","0.5","0.5","1","1","17","0.667","0.667"
"8","200","watts-strogatz","0.01","2","0.1","2","CES","0.5","1","1","1","10","10","1","0.9","77","36","0.45","0.48","0.2","0","0.002","0.001","true","1","no","0","0","60","0","0","0","0.005","false","false","false","2","2","0.5","0.5","1","1","18","0.694","0.694"
"8","200","watts-strogatz","0.01","2","0.1","2","CES","0.5","1","1","1","10","10","1","0.9","77","36","0.45","0.48","0.2","0","0.002","0.001","true","1","no","0","0","60","0","0","0","0.005","false","false","false","2","2","0.5","0.5","1","1","19","0.72","0.72"
"8","200","watts-strogatz","0.01","2","0.1","2","CES","0.5","1","1","1","10","10","1","0.9","77","36","0.45","0.48","0.2","0","0.002","0.001","true","1","no","0","0","60","0","0","0","0.005","false","false","false","2","2","0.5","0.5","1","1","20","0.746","0.746"
"8","200","watts-strogatz","0.01","2","0.1","2","CES","0.5","1","1","1","10","10","1","0.9","77","36","0.45","0.48","0.2","0","0.002","0.001","true","1","no","0","0","60","0","0","0","0.005","false","false","false","2","2","0.5","0.5","1","1","21","0.772","0.771"
"8","200","watts-strogatz","0.01","2","0.1","2","CES","0.5","1","1","1","10","10","1","0.9","77","36","0.45","0.48","0.2","0","0.002","0.001","true","1","no","0","0","60","0","0","0","0.005","false","false","false","2","2","0.5","0.5","1","1","22","0.797","0.797"
"8","200","watts-strogatz","0.01","2","0.1","2","CES","0.5","1","1","1","10","10","1","0.9","77","36","0.45","0.48","0.2","0","0.002","0.001","true","1","no","0","0","60","0","0","0","0.005","false","false","false","2","2","0.5","0.5","1","1","23","0.82","0.82"
"8","200","watts-strogatz","0.01","2","0.1","2","CES","0.5","1","1","1","10","10","1","0.9","77","36","0.45","0.48","0.2","0","0.002","0.001","true","1","no","0","0","60","0","0","0","0.005","false","false","false","2","2","0.5","0.5","1","1","24","0.844","0.844"
"8","200","watts-strogatz","0.01","2","0.1","2","CES","0.5","1","1","1","10","10","1","0.9","77","36","0.45","0.48","0.2","0","0.002","0.001","true","1","no","0","0","60","0","0","0","0.005","false","false","false","2","2","0.5","0.5","1","1","25","0.868","0.868"
"8","200","watts-strogatz","0.01","2","0.1","2","CES","0.5","1","1","1","10","10","1","0.9","77","36","0.45","0.48","0.2","0","0.002","0.001","true","1","no","0","0","60","0","0","0","0.005","false","false","false","2","2","0.5","0.5","1","1","26","0.891","0.891"
"8","200","watts-strogatz","0.01","2","0.1","2","CES","0.5","1","1","1","10","10","1","0.9","77","36","0.45","0.48","0.2","0","0.002","0.001","true","1","no","0","0","60","0","0","0","0.005","false","false","false","2","2","0.5","0.5","1","1","27","0.914","0.913"
"8","200","watts-strogatz","0.01","2","0.1","2","CES","0.5","1","1","1","10","10","1","0.9","77","36","0.45","0.48","0.2","0","0.002","0.001","true","1","no","0","0","60","0","0","0","0.005","false","false","false","2","2","0.5","0.5","1","1","28","0.935","0.935"
"8","200","watts-strogatz","0.01","2","0.1","2","CES","0.5","1","1","1","10","10","1","0.9","77","36","0.45","0.48","0.2","0","0.002","0.001","true","1","no","0","0","60","0","0","0","0.005","false","false","false","2","2","0.5","0.5","1","1","29","0.957","0.957"
"8","200","watts-strogatz","0.01","2","0.1","2","CES","0.5","1","1","1","10","10","1","0.9","77","36","0.45","0.48","0.2","0","0.002","0.001","true","1","no","0","0","60","0","0","0","0.005","false","false","false","2","2","0.5","0.5","1","1","30","0.977","0.977"
"8","200","watts-strogatz","0.01","2","0.1","2","CES","0.5","1","1","1","10","10","1","0.9","77","36","0.45","0.48","0.2","0","0.002","0.001","true","1","no","0","0","60","0","0","0","0.005","false","false","false","2","2","0.5","0.5","1","1","31","0.998","0.998"
"8","200","watts-strogatz","0.01","2","0.1","2","CES","0.5","1","1","1","10","10","1","0.9","77","36","0.45","0.48","0.2","0","0.002","0.001","true","1","no","0","0","60","0","0","0","0.005","false","false","false","2","2","0.5","0.5","1","1","32","1.02","1.019"
"8","200","watts-strogatz","0.01","2","0.1","2","CES","0.5","1","1","1","10","10","1","0.9","77","36","0.45","0.48","0.2","0","0.002","0.001","true","1","no","0","0","60","0","0","0","0.005","false","false","false","2","2","0.5","0.5","1","1","33","1.039","1.039"
"8","200","watts-strogatz","0.01","2","0.1","2","CES","0.5","1","1","1","10","10","1","0.9","77","36","0.45","0.48","0.2","0","0.002","0.001","true","1","no","0","0","60","0","0","0","0.005","false","false","false","2","2","0.5","0.5","1","1","34","1.059","1.059"
"8","200","watts-strogatz","0.01","2","0.1","2","CES","0.5","1","1","1","10","10","1","0.9","77","36","0.45","0.48","0.2","0","0.002","0.001","true","1","no","0","0","60","0","0","0","0.005","false","false","false","2","2","0.5","0.5","1","1","35","1.078","1.078"
"8","200","watts-strogatz","0.01","2","0.1","2","CES","0.5","1","1","1","10","10","1","0.9","77","36","0.45","0.48","0.2","0","0.002","0.001","true","1","no","0","0","60","0","0","0","0.005","false","false","false","2","2","0.5","0.5","1","1","36","1.097","1.097"
"8","200","watts-strogatz","0.01","2","0.1","2","CES","0.5","1","1","1","10","10","1","0.9","77","36","0.45","0.48","0.2","0","0.002","0.001","true","1","no","0","0","60","0","0","0","0.005","false","false","false","2","2","0.5","0.5","1","1","37","1.115","1.115"
"8","200","watts-strogatz","0.01","2","0.1","2","CES","0.5","1","1","1","10","10","1","0.9","77","36","0.45","0.48","0.2","0","0.002","0.001","true","1","no","0","0","60","0","0","0","0.005","false","false","false","2","2","0.5","0.5","1","1","38","1.133","1.133"
"8","200","watts-strogatz","0.01","2","0.1","2","CES","0.5","1","1","1","10","10","1","0.9","77","36","0.45","0.48","0.2","0","0.002","0.001","true","1","no","0","0","60","0","0","0","0.005","false","false","false","2","2","0.5","0.5","1","1","39","1.151","1.151"
"8","200","watts-strogatz","0.01","2","0.1","2","CES","0.5","1","1","1","10","10","1","0.9","77","36","0.45","0.48","0.2","0","0.002","0.001","true","1","no","0","0","60","0","0","0","0.005","false","false","false","2","2","0.5","0.5","1","1","40","1.168","1.168"
"8","200","watts-strogatz","0.01","2","0.1","2","CES","0.5","1","1","1","10","10","1","0.9","77","36","0.45","0.48","0.2","0","0.002","0.001","true","1","no","0","0","60","0","0","0","0.005","false","false","false","2","2","0.5","0.5","1","1","41","1.184","1.184"
"8","200","watts-strogatz","0.01","2","0.1","2","CES","0.5","1","1","1","10","10","1","0.9","77","36","0.45","0.48","0.2","0","0.002","0.001","true","1","no","0","0","60","0","0","0","0.005","false","false","false","2","2","0.5","0.5","1","1","42","1.201","1.201"
"8","200","watts-strogatz","0.01","2","0.1","2","CES","0.5","1","1","1","10","10","1","0.9","77","36","0.45","0.48","0.2","0","0.002","0.001","true","1","no","0","0","60","0","0","0","0.005","false","false","false","2","2","0.5","0.5","1","1","43","1.218","1.217"
"8","200","watts-strogatz","0.01","2","0.1","2","CES","0.5","1","1","1","10","10","1","0.9","77","36","0.45","0.48","0.2","0","0.002","0.001","true","1","no","0","0","60","0","0","0","0.005","false","false","false","2","2","0.5","0.5","1","1","44","1.234","1.234"
"8","200","watts-strogatz","0.01","2","0.1","2","CES","0.5","1","1","1","10","10","1","0.9","77","36","0.45","0.48","0.2","0","0.002","0.001","true","1","no","0","0","60","0","0","0","0.005","false","false","false","2","2","0.5","0.5","1","1","45","1.25","1.25"
"8","200","watts-strogatz","0.01","2","0.1","2","CES","0.5","1","1","1","10","10","1","0.9","77","36","0.45","0.48","0.2","0","0.002","0.001","true","1","no","0","0","60","0","0","0","0.005","false","false","false","2","2","0.5","0.5","1","1","46","1.265","1.265"
"8","200","watts-strogatz","0.01","2","0.1","2","CES","0.5","1","1","1","10","10","1","0.9","77","36","0.45","0.48","0.2","0","0.002","0.001","true","1","no","0","0","60","0","0","0","0.005","false","false","false","2","2","0.5","0.5","1","1","47","1.281","1.281"
"8","200","watts-strogatz","0.01","2","0.1","2","CES","0.5","1","1","1","10","10","1","0.9","77","36","0.45","0.48","0.2","0","0.002","0.001","true","1","no","0","0","60","0","0","0","0.005","false","false","false","2","2","0.5","0.5","1","1","48","1.296","1.296"
"8","200","watts-strogatz","0.01","2","0.1","2","CES","0.5","1","1","1","10","10","1","0.9","77","36","0.45","0.48","0.2","0","0.002","0.001","true","1","no","0","0","60","0","0","0","0.005","false","false","false","2","2","0.5","0.5","1","1","49","1.311","1.311"
"8","200","watts-strogatz","0.01","2","0.1","2","CES","0.5","1","1","1","10","10","1","0.9","77","36","0.45","0.48","0.2","0","0.002","0.001","true","1","no","0","0","60","0","0","0","0.005","false","false","false","2","2","0.5","0.5","1","1","50","1.325","1.325"
"9","200","watts-strogatz","0.01","2","0.1","2","CES","0.5","1","1","1","10","10","1","0.9","77","36","0.45","0.48","0.2","0","0.002","0.001","true","1","no","0","0","60","0","0","0","0.005","false","false","false","2","2","0.5","0.5","1","1","0","0.005","0"
"9","200","watts-strogatz","0.01","2","0.1","2","CES","0.5","1","1","1","10","10","1","0.9","77","36","0.45","0.48","0.2","0","0.002","0.001","true","1","no","0","0","60","0","0","0","0.005","false","false","false","2","2","0.5","0.5","1","1","1","0.081","0.081"
"9","200","watts-strogatz","0.01","2","0.1","2","CES","0.5","1","1","1","10","10","1","0.9","77","36","0.45","0.48","0.2","0","0.002","0.001","true","1","no","0","0","60","0","0","0","0.005","false","false","false","2","2","0.5","0.5","1","1","2","0.133","0.133"
"9","200","watts-strogatz","0.01","2","0.1","2","CES","0.5","1","1","1","10","10","1","0.9","77","36","0.45","0.48","0.2","0","0.002","0.001","true","1","no","0","0","60","0","0","0","0.005","false","false","false","2","2","0.5","0.5","1","1","3","0.18","0.18"
"9","200","watts-strogatz","0.01","2","0.1","2","CES","0.5","1","1","1","10","10","1","0.9","77","36","0.45","0.48","0.2","0","0.002","0.001","true","1","no","0","0","60","0","0","0","0.005","false","false","false","2","2","0.5","0.5","1","1","4","0.226","0.226"
"9","200","watts-strogatz","0.01","2","0.1","2","CES","0.5","1","1","1","10","10","1","0.9","77","36","0.45","0.48","0.2","0","0.002","0.001","true","1","no","0","0","60","0","0","0","0.005","false","false","false","2","2","0.5","0.5","1","1","5","0.269","0.268"
"9","200","watts-strogatz","0.01","2","0.1","2","CES","0.5","1","1","1","10","10","1","0.9","77","36","0.45","0.48","0.2","0","0.002","0.001","true","1","no","0","0","60","0","0","0","0.005","false","false","false","2","2","0.5","0.5","1","1","6","0.31","0.31"
"9","200","watts-strogatz","0.01","2","0.1","2","CES","0.5","1","1","1","10","10","1","0.9","77","36","0.45","0.48","0.2","0","0.002","0.001","true","1","no","0","0","60","0","0","0","0.005","false","false","false","2","2","0.5","0.5","1","1","7","0.349","0.349"
"9","200","watts-strogatz","0.01","2","0.1","2","CES","0.5","1","1","1","10","10","1","0.9","77","36","0.45","0.48","0.2","0","0.002","0.001","true","1","no","0","0","60","0","0","0","0.005","false","false","false","2","2","0.5","0.5","1","1","8","0.387","0.387"
"9","200","watts-strogatz","0.01","2","0.1","2","CES","0.5","1","1","1","10","10","1","0.9","77","36","0.45","0.48","0.2","0","0.002","0.001","true","1","no","0","0","60","0","0","0","0.005","false","false","false","2","2","0.5","0.5","1","1","9","0.424","0.423"
"9","200","watts-strogatz","0.01","2","0.1","2","CES","0.5","1","1","1","10","10","1","0.9","77","36","0.45","0.48","0.2","0","0.002","0.001","true","1","no","0","0","60","0","0","0","0.005","false","false","false","2","2","0.5","0.5","1","1","10","0.459","0.459"
"9","200","watts-strogatz","0.01","2","0.1","2","CES","0.5","1","1","1","10","10","1","0.9","77","36","0.45","0.48","0.2","0","0.002","0.001","true","1","no","0","0","60","0","0","0","0.005","false","false","false","2","2","0.5","0.5","1","1","11","0.493","0.493"
"9","200","watts-strogatz","0.01","2","0.1","2","CES","0.5","1","1","1","10","10","1","0.9","77","36","0.45","0.48","0.2","0","0.002","0.001","true","1","no","0","0","60","0","0","0","0.005","false","false","false","2","2","0.5","0.5","1","1","12","0.527","0.527"
"9","200","watts-strogatz","0.01","2","0.1","2","CES","0.5","1","1","1","10","10","1","0.9","77","36","0.45","0.48","0.2","0","0.002","0.001","true","1","no","0","0","60","0","0","0","0.005","false","false","false","2","2","0.5","0.5","1","1","13","0.559","0.559"
"9","200","watts-strogatz","0.01","2","0.1","2","CES","0.5","1","1","1","10","10","1","0.9","77","36","0.45","0.48","0.2","0","0.002","0.001","true","1","no","0","0","60","0","0","0","0.005","false","false","false","2","2","0.5","0.5","1","1","14","0.59","0.59"
"9","200","watts-strogatz","0.01","2","0.1","2","CES","0.5","1","1","1","10","10","1","0.9","77","36","0.45","0.48","0.2","0","0.002","0.001","true","1","no","0","0","60","0","0","0","0.005","false","false","false","2","2","0.5","0.5","1","1","15","0.62","0.62"
"9","200","watts-strogatz","0.01","2","0.1","2","CES","0.5","1","1","1","10","10","1","0.9","77","36","0.45","0.48","0.2","0","0.002","0.001","true","1","no","0","0","60","0","0","0","0.005","false","false","false","2","2","0.5","0.5","1","1","16","0.649","0.649"
"9","200","watts-strogatz","0.01","2","0.1","2","CES","0.5","1","1","1","10","10","1","0.9","77","36","0.45","0.48","0.2","0","0.002","0.001","true","1","no","0","0","60","0","0","0","0.005","false","false","false","2","2","0.5","0.5","1","1","17","0.679","0.679"
"9","200","watts-strogatz","0.01","2","0.1","2","CES","0.5","1","1","1","10","10","1","0.9","77","36","0.45","0.48","0.2","0","0.002","0.001","true","1","no","0","0","60","0","0","0","0.005","false","false","false","2","2","0.5","0.5","1","1","18","0.707","0.706"
"9","200","watts-strogatz","0.01","2","0.1","2","CES","0.5","1","1","1","10","10","1","0.9","77","36","0.45","0.48","0.2","0","0.002","0.001","true","1","no","0","0","60","0","0","0","0.005","false","false","false","2","2","0.5","0.5","1","1","19","0.734","0.733"
"9","200","watts-strogatz","0.01","2","0.1","2","CES","0.5","1","1","1","10","10","1","0.9","77","36","0.45","0.48","0.2","0","0.002","0.001","true","1","no","0","0","60","0","0","0","0.005","false","false","false","2","2","0.5","0.5","1","1","20","0.76","0.76"
"9","200","watts-strogatz","0.01","2","0.1","2","CES","0.5","1","1","1","10","10","1","0.9","77","36","0.45","0.48","0.2","0","0.002","0.001","true","1","no","0","0","60","0","0","0","0.005","false","false","false","2","2","0.5","0.5","1","1","21","0.786","0.786"
"9","200","watts-strogatz","0.01","2","0.1","2","CES","0.5","1","1","1","10","10","1","0.9","77","36","0.45","0.48","0.2","0","0.002","0.001","true","1","no","0","0","60","0","0","0","0.005","false","false","false","2","2","0.5","0.5","1","1","22","0.811","0.811"
"9","200","watts-strogatz","0.01","2","0.1","2","CES","0.5","1","1","1","10","10","1","0.9","77","36","0.45","0.48","0.2","0","0.002","0.001","true","1","no","0","0","60","0","0","0","0.005","false","false","false","2","2","0.5","0.5","1","1","23","0.834","0.834"
"9","200","watts-strogatz","0.01","2","0.1","2","CES","0.5","1","1","1","10","10","1","0.9","77","36","0.45","0.48","0.2","0","0.002","0.001","true","1","no","0","0","60","0","0","0","0.005","false","false","false","2","2","0.5","0.5","1","1","24","0.857","0.857"
"9","200","watts-strogatz","0.01","2","0.1","2","CES","0.5","1","1","1","10","10","1","0.9","77","36","0.45","0.48","0.2","0","0.002","0.001","true","1","no","0","0","60","0","0","0","0.005","false","false","false","2","2","0.5","0.5","1","1","25","0.88","0.88"
"9","200","watts-strogatz","0.01","2","0.1","2","CES","0.5","1","1","1","10","10","1","0.9","77","36","0.45","0.48","0.2","0","0.002","0.001","true","1","no","0","0","60","0","0","0","0.005","false","false","false","2","2","0.5","0.5","1","1","26","0.903","0.902"
"9","200","watts-strogatz","0.01","2","0.1","2","CES","0.5","1","1","1","10","10","1","0.9","77","36","0.45","0.48","0.2","0","0.002","0.001","true","1","no","0","0","60","0","0","0","0.005","false","false","false","2","2","0.5","0.5","1","1","27","0.925","0.925"
"9","200","watts-strogatz","0.01","2","0.1","2","CES","0.5","1","1","1","10","10","1","0.9","77","36","0.45","0.48","0.2","0","0.002","0.001","true","1","no","0","0","60","0","0","0","0.005","false","false","false","2","2","0.5","0.5","1","1","28","0.946","0.946"
"9","200","watts-strogatz","0.01","2","0.1","2","CES","0.5","1","1","1","10","10","1","0.9","77","36","0.45","0.48","0.2","0","0.002","0.001","true","1","no","0","0","60","0","0","0","0.005","false","false","false","2","2","0.5","0.5","1","1","29","0.967","0.967"
"9","200","watts-strogatz","0.01","2","0.1","2","CES","0.5","1","1","1","10","10","1","0.9","77","36","0.45","0.48","0.2","0","0.002","0.001","true","1","no","0","0","60","0","0","0","0.005","false","false","false","2","2","0.5","0.5","1","1","30","1.041","1.041"
"9","200","watts-strogatz","0.01","2","0.1","2","CES","0.5","1","1","1","10","10","1","0.9","77","36","0.45","0.48","0.2","0","0.002","0.001","true","1","no","0","0","60","0","0","0","0.005","false","false","false","2","2","0.5","0.5","1","1","31","1.061","1.06"
"9","200","watts-strogatz","0.01","2","0.1","2","CES","0.5","1","1","1","10","10","1","0.9","77","36","0.45","0.48","0.2","0","0.002","0.001","true","1","no","0","0","60","0","0","0","0.005","false","false","false","2","2","0.5","0.5","1","1","32","1.08","1.08"
"9","200","watts-strogatz","0.01","2","0.1","2","CES","0.5","1","1","1","10","10","1","0.9","77","36","0.45","0.48","0.2","0","0.002","0.001","true","1","no","0","0","60","0","0","0","0.005","false","false","false","2","2","0.5","0.5","1","1","33","1.1","1.1"
"9","200","watts-strogatz","0.01","2","0.1","2","CES","0.5","1","1","1","10","10","1","0.9","77","36","0.45","0.48","0.2","0","0.002","0.001","true","1","no","0","0","60","0","0","0","0.005","false","false","false","2","2","0.5","0.5","1","1","34","1.12","1.12"
"9","200","watts-strogatz","0.01","2","0.1","2","CES","0.5","1","1","1","10","10","1","0.9","77","36","0.45","0.48","0.2","0","0.002","0.001","true","1","no","0","0","60","0","0","0","0.005","false","false","false","2","2","0.5","0.5","1","1","35","1.138","1.138"
"9","200","watts-strogatz","0.01","2","0.1","2","CES","0.5","1","1","1","10","10","1","0.9","77","36","0.45","0.48","0.2","0","0.002","0.001","true","1","no","0","0","60","0","0","0","0.005","false","false","false","2","2","0.5","0.5","1","1","36","1.156","1.156"
"9","200","watts-strogatz","0.01","2","0.1","2","CES","0.5","1","1","1","10","10","1","0.9","77","36","0.45","0.48","0.2","0","0.002","0.001","true","1","no","0","0","60","0","0","0","0.005","false","false","false","2","2","0.5","0.5","1","1","37","1.174","1.174"
"9","200","watts-strogatz","0.01","2","0.1","2","CES","0.5","1","1","1","10","10","1","0.9","77","36","0.45","0.48","0.2","0","0.002","0.001","true","1","no","0","0","60","0","0","0","0.005","false","false","false","2","2","0.5","0.5","1","1","38","1.191","1.191"
"9","200","watts-strogatz","0.01","2","0.1","2","CES","0.5","1","1","1","10","10","1","0.9","77","36","0.45","0.48","0.2","0","0.002","0.001","true","1","no","0","0","60","0","0","0","0.005","false","false","false","2","2","0.5","0.5","1","1","39","1.209","1.209"
"9","200","watts-strogatz","0.01","2","0.1","2","CES","0.5","1","1","1","10","10","1","0.9","77","36","0.45","0.48","0.2","0","0.002","0.001","true","1","no","0","0","60","0","0","0","0.005","false","false","false","2","2","0.5","0.5","1","1","40","1.226","1.226"
"9","200","watts-strogatz","0.01","2","0.1","2","CES","0.5","1","1","1","10","10","1","0.9","77","36","0.45","0.48","0.2","0","0.002","0.001","true","1","no","0","0","60","0","0","0","0.005","false","false","false","2","2","0.5","0.5","1","1","41","1.242","1.242"
"9","200","watts-strogatz","0.01","2","0.1","2","CES","0.5","1","1","1","10","10","1","0.9","77","36","0.45","0.48","0.2","0","0.002","0.001","true","1","no","0","0","60","0","0","0","0.005","false","false","false","2","2","0.5","0.5","1","1","42","1.258","1.258"
"9","200","watts-strogatz","0.01","2","0.1","2","CES","0.5","1","1","1","10","10","1","0.9","77","36","0.45","0.48","0.2","0","0.002","0.001","true","1","no","0","0","60","0","0","0","0.005","false","false","false","2","2","0.5","0.5","1","1","43","1.274","1.274"
"9","200","watts-strogatz","0.01","2","0.1","2","CES","0.5","1","1","1","10","10","1","0.9","77","36","0.45","0.48","0.2","0","0.002","0.001","true","1","no","0","0","60","0","0","0","0.005","false","false","false","2","2","0.5","0.5","1","1","44","1.29","1.29"
"9","200","watts-strogatz","0.01","2","0.1","2","CES","0.5","1","1","1","10","10","1","0.9","77","36","0.45","0.48","0.2","0","0.002","0.001","true","1","no","0","0","60","0","0","0","0.005","false","false","false","2","2","0.5","0.5","1","1","45","1.305","1.305"
"9","200","watts-strogatz","0.01","2","0.1","2","CES","0.5","1","1","1","10","10","1","0.9","77","36","0.45","0.48","0.2","0","0.002","0.001","true","1","no","0","0","60","0","0","0","0.005","false","false","false","2","2","0.5","0.5","1","1","46","1.32","1.32"
"9","200","watts-strogatz","0.01","2","0.1","2","CES","0.5","1","1","1","10","10","1","0.9","77","36","0.45","0.48","0.2","0","0.002","0.001","true","1","no","0","0","60","0","0","0","0.005","false","false","false","2","2","0.5","0.5","1","1","47","1.335","1.335"
"9","200","watts-strogatz","0.01","2","0.1","2","CES","0.5","1","1","1","10","10","1","0.9","77","36","0.45","0.48","0.2","0","0.002","0.001","true","1","no","0","0","60","0","0","0","0.005","false","false","false","2","2","0.5","0.5","1","1","48","1.35","1.35"
"9","200","watts-strogatz","0.01","2","0.1","2","CES","0.5","1","1","1","10","10","1","0.9","77","36","0.45","0.48","0.2","0","0.002","0.001","true","1","no","0","0","60","0","0","0","0.005","false","false","false","2","2","0.5","0.5","1","1","49","1.364","1.364"
"9","200","watts-strogatz","0.01","2","0.1","2","CES","0.5","1","1","1","10","10","1","0.9","77","36","0.45","0.48","0.2","0","0.002","0.001","true","1","no","0","0","60","0","0","0","0.005","false","false","false","2","2","0.5","0.5","1","1","50","1.379","1.379"
