"BehaviorSpace results (NetLogo 7.0.4)","Table version 2.0"
"/home/franzs/Schreibtisch/Arbeit/gendernorms/gender_model_shocks_preferences.nlogox"
"pop_n800_t50"
"09/26/2026 12:16:56:017 +0200"
"min-pxcor","max-pxcor","min-pycor","max-pycor"
"-38","38","-16","16"
"[run number]","number-agents-each-type","network-structure","random-network-prob","watts-strogatz-neighbors","watts-strogatz-rewiring","preferential-attachment-min-degree","utility-function","CES_beta","weight-working-time-self","weight-working-time-partner","weight-transfer","conformism-male","conformism-female","wage-male","wage-female","norm-paid-time-male","norm-paid-time-female","preference-private-mean-male","preference-private-mean-female","std-dev-values","initial-transfer","lambda","convergence_epsilon","fixed-rs","random-seed-fixed","shock","perc-affected-male","perc-affected-female","shock-start","wage-growth-rate","preference-private-shock-male","preference-private-shock-female","shock-depreciation","import-csv","specific-couple","output-locations","wage-female-in-question","wage-male-in-question","preference-private-female-in-question","preference-private-male-in-question","conformism-male-in-question","conformism-female-in-question","[step]","timer","run-time"
"1","800","watts-strogatz","0.01","2","0.1","2","CES","0.5","1","1","1","10","10","1","0.9","77","36","0.45","0.48","0.2","0","0.002","0.001","true","1","no","0","0","60","0","0","0","0.005","false","false","false","2","2","0.5","0.5","1","1","0","0.21","0"
"1","800","watts-strogatz","0.01","2","0.1","2","CES","0.5","1","1","1","10","10","1","0.9","77","36","0.45","0.48","0.2","0","0.002","0.001","true","1","no","0","0","60","0","0","0","0.005","false","false","false","2","2","0.5","0.5","1","1","1","0.789","0.789"
"1","800","watts-strogatz","0.01","2","0.1","2","CES","0.5","1","1","1","10","10","1","0.9","77","36","0.45","0.48","0.2","0","0.002","0.001","true","1","no","0","0","60","0","0","0","0.005","false","false","false","2","2","0.5","0.5","1","1","2","1.033","1.033"
"1","800","watts-strogatz","0.01","2","0.1","2","CES","0.5","1","1","1","10","10","1","0.9","77","36","0.45","0.48","0.2","0","0.002","0.001","true","1","no","0","0","60","0","0","0","0.005","false","false","false","2","2","0.5","0.5","1","1","3","1.254","1.254"
"1","800","watts-strogatz","0.01","2","0.1","2","CES","0.5","1","1","1","10","10","1","0.9","77","36","0.45","0.48","0.2","0","0.002","0.001","true","1","no","0","0","60","0","0","0","0.005","false","false","false","2","2","0.5","0.5","1","1","4","1.45","1.449"
"1","800","watts-strogatz","0.01","2","0.1","2","CES","0.5","1","1","1","10","10","1","0.9","77","36","0.45","0.48","0.2","0","0.002","0.001","true","1","no","0","0","60","0","0","0","0.005","false","false","false","2","2","0.5","0.5","1","1","5","1.638","1.638"
"1","800","watts-strogatz","0.01","2","0.1","2","CES","0.5","1","1","1","10","10","1","0.9","77","36","0.45","0.48","0.2","0","0.002","0.001","true","1","no","0","0","60","0","0","0","0.005","false","false","false","2","2","0.5","0.5","1","1","6","1.815","1.815"
"1","800","watts-strogatz","0.01","2","0.1","2","CES","0.5","1","1","1","10","10","1","0.9","77","36","0.45","0.48","0.2","0","0.002","0.001","true","1","no","0","0","60","0","0","0","0.005","false","false","false","2","2","0.5","0.5","1","1","7","1.996","1.996"
"1","800","watts-strogatz","0.01","2","0.1","2","CES","0.5","1","1","1","10","10","1","0.9","77","36","0.45","0.48","0.2","0","0.002","0.001","true","1","no","0","0","60","0","0","0","0.005","false","false","false","2","2","0.5","0.5","1","1","8","2.162","2.161"
"1","800","watts-strogatz","0.01","2","0.1","2","CES","0.5","1","1","1","10","10","1","0.9","77","36","0.45","0.48","0.2","0","0.002","0.001","true","1","no","0","0","60","0","0","0","0.005","false","false","false","2","2","0.5","0.5","1","1","9","2.325","2.325"
"1","800","watts-strogatz","0.01","2","0.1","2","CES","0.5","1","1","1","10","10","1","0.9","77","36","0.45","0.48","0.2","0","0.002","0.001","true","1","no","0","0","60","0","0","0","0.005","false","false","false","2","2","0.5","0.5","1","1","10","2.483","2.483"
"1","800","watts-strogatz","0.01","2","0.1","2","CES","0.5","1","1","1","10","10","1","0.9","77","36","0.45","0.48","0.2","0","0.002","0.001","true","1","no","0","0","60","0","0","0","0.005","false","false","false","2","2","0.5","0.5","1","1","11","2.624","2.624"
"1","800","watts-strogatz","0.01","2","0.1","2","CES","0.5","1","1","1","10","10","1","0.9","77","36","0.45","0.48","0.2","0","0.002","0.001","true","1","no","0","0","60","0","0","0","0.005","false","false","false","2","2","0.5","0.5","1","1","12","2.765","2.765"
"1","800","watts-strogatz","0.01","2","0.1","2","CES","0.5","1","1","1","10","10","1","0.9","77","36","0.45","0.48","0.2","0","0.002","0.001","true","1","no","0","0","60","0","0","0","0.005","false","false","false","2","2","0.5","0.5","1","1","13","2.907","2.907"
"1","800","watts-strogatz","0.01","2","0.1","2","CES","0.5","1","1","1","10","10","1","0.9","77","36","0.45","0.48","0.2","0","0.002","0.001","true","1","no","0","0","60","0","0","0","0.005","false","false","false","2","2","0.5","0.5","1","1","14","3.042","3.042"
"1","800","watts-strogatz","0.01","2","0.1","2","CES","0.5","1","1","1","10","10","1","0.9","77","36","0.45","0.48","0.2","0","0.002","0.001","true","1","no","0","0","60","0","0","0","0.005","false","false","false","2","2","0.5","0.5","1","1","15","3.166","3.166"
"1","800","watts-strogatz","0.01","2","0.1","2","CES","0.5","1","1","1","10","10","1","0.9","77","36","0.45","0.48","0.2","0","0.002","0.001","true","1","no","0","0","60","0","0","0","0.005","false","false","false","2","2","0.5","0.5","1","1","16","3.284","3.284"
"1","800","watts-strogatz","0.01","2","0.1","2","CES","0.5","1","1","1","10","10","1","0.9","77","36","0.45","0.48","0.2","0","0.002","0.001","true","1","no","0","0","60","0","0","0","0.005","false","false","false","2","2","0.5","0.5","1","1","17","3.443","3.443"
"1","800","watts-strogatz","0.01","2","0.1","2","CES","0.5","1","1","1","10","10","1","0.9","77","36","0.45","0.48","0.2","0","0.002","0.001","true","1","no","0","0","60","0","0","0","0.005","false","false","false","2","2","0.5","0.5","1","1","18","3.55","3.55"
"1","800","watts-strogatz","0.01","2","0.1","2","CES","0.5","1","1","1","10","10","1","0.9","77","36","0.45","0.48","0.2","0","0.002","0.001","true","1","no","0","0","60","0","0","0","0.005","false","false","false","2","2","0.5","0.5","1","1","19","3.655","3.655"
"1","800","watts-strogatz","0.01","2","0.1","2","CES","0.5","1","1","1","10","10","1","0.9","77","36","0.45","0.48","0.2","0","0.002","0.001","true","1","no","0","0","60","0","0","0","0.005","false","false","false","2","2","0.5","0.5","1","1","20","3.757","3.757"
"1","800","watts-strogatz","0.01","2","0.1","2","CES","0.5","1","1","1","10","10","1","0.9","77","36","0.45","0.48","0.2","0","0.002","0.001","true","1","no","0","0","60","0","0","0","0.005","false","false","false","2","2","0.5","0.5","1","1","21","3.857","3.857"
"1","800","watts-strogatz","0.01","2","0.1","2","CES","0.5","1","1","1","10","10","1","0.9","77","36","0.45","0.48","0.2","0","0.002","0.001","true","1","no","0","0","60","0","0","0","0.005","false","false","false","2","2","0.5","0.5","1","1","22","3.956","3.956"
"1","800","watts-strogatz","0.01","2","0.1","2","CES","0.5","1","1","1","10","10","1","0.9","77","36","0.45","0.48","0.2","0","0.002","0.001","true","1","no","0","0","60","0","0","0","0.005","false","false","false","2","2","0.5","0.5","1","1","23","4.051","4.051"
"1","800","watts-strogatz","0.01","2","0.1","2","CES","0.5","1","1","1","10","10","1","0.9","77","36","0.45","0.48","0.2","0","0.002","0.001","true","1","no","0","0","60","0","0","0","0.005","false","false","false","2","2","0.5","0.5","1","1","24","4.144","4.144"
"1","800","watts-strogatz","0.01","2","0.1","2","CES","0.5","1","1","1","10","10","1","0.9","77","36","0.45","0.48","0.2","0","0.002","0.001","true","1","no","0","0","60","0","0","0","0.005","false","false","false","2","2","0.5","0.5","1","1","25","4.234","4.234"
"1","800","watts-strogatz","0.01","2","0.1","2","CES","0.5","1","1","1","10","10","1","0.9","77","36","0.45","0.48","0.2","0","0.002","0.001","true","1","no","0","0","60","0","0","0","0.005","false","false","false","2","2","0.5","0.5","1","1","26","4.322","4.322"
"1","800","watts-strogatz","0.01","2","0.1","2","CES","0.5","1","1","1","10","10","1","0.9","77","36","0.45","0.48","0.2","0","0.002","0.001","true","1","no","0","0","60","0","0","0","0.005","false","false","false","2","2","0.5","0.5","1","1","27","4.408","4.408"
"1","800","watts-strogatz","0.01","2","0.1","2","CES","0.5","1","1","1","10","10","1","0.9","77","36","0.45","0.48","0.2","0","0.002","0.001","true","1","no","0","0","60","0","0","0","0.005","false","false","false","2","2","0.5","0.5","1","1","28","4.491","4.491"
"1","800","watts-strogatz","0.01","2","0.1","2","CES","0.5","1","1","1","10","10","1","0.9","77","36","0.45","0.48","0.2","0","0.002","0.001","true","1","no","0","0","60","0","0","0","0.005","false","false","false","2","2","0.5","0.5","1","1","29","4.573","4.573"
"1","800","watts-strogatz","0.01","2","0.1","2","CES","0.5","1","1","1","10","10","1","0.9","77","36","0.45","0.48","0.2","0","0.002","0.001","true","1","no","0","0","60","0","0","0","0.005","false","false","false","2","2","0.5","0.5","1","1","30","4.653","4.653"
"1","800","watts-strogatz","0.01","2","0.1","2","CES","0.5","1","1","1","10","10","1","0.9","77","36","0.45","0.48","0.2","0","0.002","0.001","true","1","no","0","0","60","0","0","0","0.005","false","false","false","2","2","0.5","0.5","1","1","31","4.732","4.732"
"1","800","watts-strogatz","0.01","2","0.1","2","CES","0.5","1","1","1","10","10","1","0.9","77","36","0.45","0.48","0.2","0","0.002","0.001","true","1","no","0","0","60","0","0","0","0.005","false","false","false","2","2","0.5","0.5","1","1","32","4.81","4.81"
"1","800","watts-strogatz","0.01","2","0.1","2","CES","0.5","1","1","1","10","10","1","0.9","77","36","0.45","0.48","0.2","0","0.002","0.001","true","1","no","0","0","60","0","0","0","0.005","false","false","false","2","2","0.5","0.5","1","1","33","4.886","4.886"
"1","800","watts-strogatz","0.01","2","0.1","2","CES","0.5","1","1","1","10","10","1","0.9","77","36","0.45","0.48","0.2","0","0.002","0.001","true","1","no","0","0","60","0","0","0","0.005","false","false","false","2","2","0.5","0.5","1","1","34","4.961","4.961"
"1","800","watts-strogatz","0.01","2","0.1","2","CES","0.5","1","1","1","10","10","1","0.9","77","36","0.45","0.48","0.2","0","0.002","0.001","true","1","no","0","0","60","0","0","0","0.005","false","false","false","2","2","0.5","0.5","1","1","35","5.034","5.034"
"1","800","watts-strogatz","0.01","2","0.1","2","CES","0.5","1","1","1","10","10","1","0.9","77","36","0.45","0.48","0.2","0","0.002","0.001","true","1","no","0","0","60","0","0","0","0.005","false","false","false","2","2","0.5","0.5","1","1","36","5.108","5.108"
"1","800","watts-strogatz","0.01","2","0.1","2","CES","0.5","1","1","1","10","10","1","0.9","77","36","0.45","0.48","0.2","0","0.002","0.001","true","1","no","0","0","60","0","0","0","0.005","false","false","false","2","2","0.5","0.5","1","1","37","5.179","5.179"
"1","800","watts-strogatz","0.01","2","0.1","2","CES","0.5","1","1","1","10","10","1","0.9","77","36","0.45","0.48","0.2","0","0.002","0.001","true","1","no","0","0","60","0","0","0","0.005","false","false","false","2","2","0.5","0.5","1","1","38","5.249","5.249"
"1","800","watts-strogatz","0.01","2","0.1","2","CES","0.5","1","1","1","10","10","1","0.9","77","36","0.45","0.48","0.2","0","0.002","0.001","true","1","no","0","0","60","0","0","0","0.005","false","false","false","2","2","0.5","0.5","1","1","39","5.317","5.317"
"1","800","watts-strogatz","0.01","2","0.1","2","CES","0.5","1","1","1","10","10","1","0.9","77","36","0.45","0.48","0.2","0","0.002","0.001","true","1","no","0","0","60","0","0","0","0.005","false","false","false","2","2","0.5","0.5","1","1","40","5.384","5.384"
"1","800","watts-strogatz","0.01","2","0.1","2","CES","0.5","1","1","1","10","10","1","0.9","77","36","0.45","0.48","0.2","0","0.002","0.001","true","1","no","0","0","60","0","0","0","0.005","false","false","false","2","2","0.5","0.5","1","1","41","5.45","5.45"
"1","800","watts-strogatz","0.01","2","0.1","2","CES","0.5","1","1","1","10","10","1","0.9","77","36","0.45","0.48","0.2","0","0.002","0.001","true","1","no","0","0","60","0","0","0","0.005","false","false","false","2","2","0.5","0.5","1","1","42","5.515","5.515"
"1","800","watts-strogatz","0.01","2","0.1","2","CES","0.5","1","1","1","10","10","1","0.9","77","36","0.45","0.48","0.2","0","0.002","0.001","true","1","no","0","0","60","0","0","0","0.005","false","false","false","2","2","0.5","0.5","1","1","43","5.577","5.577"
"1","800","watts-strogatz","0.01","2","0.1","2","CES","0.5","1","1","1","10","10","1","0.9","77","36","0.45","0.48","0.2","0","0.002","0.001","true","1","no","0","0","60","0","0","0","0.005","false","false","false","2","2","0.5","0.5","1","1","44","5.638","5.637"
"1","800","watts-strogatz","0.01","2","0.1","2","CES","0.5","1","1","1","10","10","1","0.9","77","36","0.45","0.48","0.2","0","0.002","0.001","true","1","no","0","0","60","0","0","0","0.005","false","false","false","2","2","0.5","0.5","1","1","45","5.699","5.698"
"1","800","watts-strogatz","0.01","2","0.1","2","CES","0.5","1","1","1","10","10","1","0.9","77","36","0.45","0.48","0.2","0","0.002","0.001","true","1","no","0","0","60","0","0","0","0.005","false","false","false","2","2","0.5","0.5","1","1","46","5.758","5.758"
"1","800","watts-strogatz","0.01","2","0.1","2","CES","0.5","1","1","1","10","10","1","0.9","77","36","0.45","0.48","0.2","0","0.002","0.001","true","1","no","0","0","60","0","0","0","0.005","false","false","false","2","2","0.5","0.5","1","1","47","5.814","5.814"
"1","800","watts-strogatz","0.01","2","0.1","2","CES","0.5","1","1","1","10","10","1","0.9","77","36","0.45","0.48","0.2","0","0.002","0.001","true","1","no","0","0","60","0","0","0","0.005","false","false","false","2","2","0.5","0.5","1","1","48","5.871","5.87"
"1","800","watts-strogatz","0.01","2","0.1","2","CES","0.5","1","1","1","10","10","1","0.9","77","36","0.45","0.48","0.2","0","0.002","0.001","true","1","no","0","0","60","0","0","0","0.005","false","false","false","2","2","0.5","0.5","1","1","49","5.926","5.926"
"1","800","watts-strogatz","0.01","2","0.1","2","CES","0.5","1","1","1","10","10","1","0.9","77","36","0.45","0.48","0.2","0","0.002","0.001","true","1","no","0","0","60","0","0","0","0.005","false","false","false","2","2","0.5","0.5","1","1","50","5.982","5.982"
"2","800","watts-strogatz","0.01","2","0.1","2","CES","0.5","1","1","1","10","10","1","0.9","77","36","0.45","0.48","0.2","0","0.002","0.001","true","1","no","0","0","60","0","0","0","0.005","false","false","false","2","2","0.5","0.5","1","1","0","0.025","0"
"2","800","watts-strogatz","0.01","2","0.1","2","CES","0.5","1","1","1","10","10","1","0.9","77","36","0.45","0.48","0.2","0","0.002","0.001","true","1","no","0","0","60","0","0","0","0.005","false","false","false","2","2","0.5","0.5","1","1","1","0.358","0.358"
"2","800","watts-strogatz","0.01","2","0.1","2","CES","0.5","1","1","1","10","10","1","0.9","77","36","0.45","0.48","0.2","0","0.002","0.001","true","1","no","0","0","60","0","0","0","0.005","false","false","false","2","2","0.5","0.5","1","1","2","0.577","0.577"
"2","800","watts-strogatz","0.01","2","0.1","2","CES","0.5","1","1","1","10","10","1","0.9","77","36","0.45","0.48","0.2","0","0.002","0.001","true","1","no","0","0","60","0","0","0","0.005","false","false","false","2","2","0.5","0.5","1","1","3","0.771","0.771"
"2","800","watts-strogatz","0.01","2","0.1","2","CES","0.5","1","1","1","10","10","1","0.9","77","36","0.45","0.48","0.2","0","0.002","0.001","true","1","no","0","0","60","0","0","0","0.005","false","false","false","2","2","0.5","0.5","1","1","4","0.954","0.954"
"2","800","watts-strogatz","0.01","2","0.1","2","CES","0.5","1","1","1","10","10","1","0.9","77","36","0.45","0.48","0.2","0","0.002","0.001","true","1","no","0","0","60","0","0","0","0.005","false","false","false","2","2","0.5","0.5","1","1","5","1.131","1.131"
"2","800","watts-strogatz","0.01","2","0.1","2","CES","0.5","1","1","1","10","10","1","0.9","77","36","0.45","0.48","0.2","0","0.002","0.001","true","1","no","0","0","60","0","0","0","0.005","false","false","false","2","2","0.5","0.5","1","1","6","1.294","1.294"
"2","800","watts-strogatz","0.01","2","0.1","2","CES","0.5","1","1","1","10","10","1","0.9","77","36","0.45","0.48","0.2","0","0.002","0.001","true","1","no","0","0","60","0","0","0","0.005","false","false","false","2","2","0.5","0.5","1","1","7","1.447","1.447"
"2","800","watts-strogatz","0.01","2","0.1","2","CES","0.5","1","1","1","10","10","1","0.9","77","36","0.45","0.48","0.2","0","0.002","0.001","true","1","no","0","0","60","0","0","0","0.005","false","false","false","2","2","0.5","0.5","1","1","8","1.595","1.594"
"2","800","watts-strogatz","0.01","2","0.1","2","CES","0.5","1","1","1","10","10","1","0.9","77","36","0.45","0.48","0.2","0","0.002","0.001","true","1","no","0","0","60","0","0","0","0.005","false","false","false","2","2","0.5","0.5","1","1","9","1.737","1.737"
"2","800","watts-strogatz","0.01","2","0.1","2","CES","0.5","1","1","1","10","10","1","0.9","77","36","0.45","0.48","0.2","0","0.002","0.001","true","1","no","0","0","60","0","0","0","0.005","false","false","false","2","2","0.5","0.5","1","1","10","1.882","1.88"
"2","800","watts-strogatz","0.01","2","0.1","2","CES","0.5","1","1","1","10","10","1","0.9","77","36","0.45","0.48","0.2","0","0.002","0.001","true","1","no","0","0","60","0","0","0","0.005","false","false","false","2","2","0.5","0.5","1","1","11","2.038","2.038"
"2","800","watts-strogatz","0.01","2","0.1","2","CES","0.5","1","1","1","10","10","1","0.9","77","36","0.45","0.48","0.2","0","0.002","0.001","true","1","no","0","0","60","0","0","0","0.005","false","false","false","2","2","0.5","0.5","1","1","12","2.171","2.17"
"2","800","watts-strogatz","0.01","2","0.1","2","CES","0.5","1","1","1","10","10","1","0.9","77","36","0.45","0.48","0.2","0","0.002","0.001","true","1","no","0","0","60","0","0","0","0.005","false","false","false","2","2","0.5","0.5","1","1","13","2.297","2.296"
"2","800","watts-strogatz","0.01","2","0.1","2","CES","0.5","1","1","1","10","10","1","0.9","77","36","0.45","0.48","0.2","0","0.002","0.001","true","1","no","0","0","60","0","0","0","0.005","false","false","false","2","2","0.5","0.5","1","1","14","2.42","2.42"
"2","800","watts-strogatz","0.01","2","0.1","2","CES","0.5","1","1","1","10","10","1","0.9","77","36","0.45","0.48","0.2","0","0.002","0.001","true","1","no","0","0","60","0","0","0","0.005","false","false","false","2","2","0.5","0.5","1","1","15","2.54","2.54"
"2","800","watts-strogatz","0.01","2","0.1","2","CES","0.5","1","1","1","10","10","1","0.9","77","36","0.45","0.48","0.2","0","0.002","0.001","true","1","no","0","0","60","0","0","0","0.005","false","false","false","2","2","0.5","0.5","1","1","16","2.658","2.658"
"2","800","watts-strogatz","0.01","2","0.1","2","CES","0.5","1","1","1","10","10","1","0.9","77","36","0.45","0.48","0.2","0","0.002","0.001","true","1","no","0","0","60","0","0","0","0.005","false","false","false","2","2","0.5","0.5","1","1","17","2.767","2.767"
"2","800","watts-strogatz","0.01","2","0.1","2","CES","0.5","1","1","1","10","10","1","0.9","77","36","0.45","0.48","0.2","0","0.002","0.001","true","1","no","0","0","60","0","0","0","0.005","false","false","false","2","2","0.5","0.5","1","1","18","2.872","2.872"
"2","800","watts-strogatz","0.01","2","0.1","2","CES","0.5","1","1","1","10","10","1","0.9","77","36","0.45","0.48","0.2","0","0.002","0.001","true","1","no","0","0","60","0","0","0","0.005","false","false","false","2","2","0.5","0.5","1","1","19","2.976","2.976"
"2","800","watts-strogatz","0.01","2","0.1","2","CES","0.5","1","1","1","10","10","1","0.9","77","36","0.45","0.48","0.2","0","0.002","0.001","true","1","no","0","0","60","0","0","0","0.005","false","false","false","2","2","0.5","0.5","1","1","20","3.08","3.08"
"2","800","watts-strogatz","0.01","2","0.1","2","CES","0.5","1","1","1","10","10","1","0.9","77","36","0.45","0.48","0.2","0","0.002","0.001","true","1","no","0","0","60","0","0","0","0.005","false","false","false","2","2","0.5","0.5","1","1","21","3.179","3.179"
"2","800","watts-strogatz","0.01","2","0.1","2","CES","0.5","1","1","1","10","10","1","0.9","77","36","0.45","0.48","0.2","0","0.002","0.001","true","1","no","0","0","60","0","0","0","0.005","false","false","false","2","2","0.5","0.5","1","1","22","3.276","3.276"
"2","800","watts-strogatz","0.01","2","0.1","2","CES","0.5","1","1","1","10","10","1","0.9","77","36","0.45","0.48","0.2","0","0.002","0.001","true","1","no","0","0","60","0","0","0","0.005","false","false","false","2","2","0.5","0.5","1","1","23","3.368","3.368"
"2","800","watts-strogatz","0.01","2","0.1","2","CES","0.5","1","1","1","10","10","1","0.9","77","36","0.45","0.48","0.2","0","0.002","0.001","true","1","no","0","0","60","0","0","0","0.005","false","false","false","2","2","0.5","0.5","1","1","24","3.457","3.457"
"2","800","watts-strogatz","0.01","2","0.1","2","CES","0.5","1","1","1","10","10","1","0.9","77","36","0.45","0.48","0.2","0","0.002","0.001","true","1","no","0","0","60","0","0","0","0.005","false","false","false","2","2","0.5","0.5","1","1","25","3.547","3.547"
"2","800","watts-strogatz","0.01","2","0.1","2","CES","0.5","1","1","1","10","10","1","0.9","77","36","0.45","0.48","0.2","0","0.002","0.001","true","1","no","0","0","60","0","0","0","0.005","false","false","false","2","2","0.5","0.5","1","1","26","3.634","3.634"
"2","800","watts-strogatz","0.01","2","0.1","2","CES","0.5","1","1","1","10","10","1","0.9","77","36","0.45","0.48","0.2","0","0.002","0.001","true","1","no","0","0","60","0","0","0","0.005","false","false","false","2","2","0.5","0.5","1","1","27","3.721","3.72"
"2","800","watts-strogatz","0.01","2","0.1","2","CES","0.5","1","1","1","10","10","1","0.9","77","36","0.45","0.48","0.2","0","0.002","0.001","true","1","no","0","0","60","0","0","0","0.005","false","false","false","2","2","0.5","0.5","1","1","28","3.803","3.803"
"2","800","watts-strogatz","0.01","2","0.1","2","CES","0.5","1","1","1","10","10","1","0.9","77","36","0.45","0.48","0.2","0","0.002","0.001","true","1","no","0","0","60","0","0","0","0.005","false","false","false","2","2","0.5","0.5","1","1","29","3.884","3.884"
"2","800","watts-strogatz","0.01","2","0.1","2","CES","0.5","1","1","1","10","10","1","0.9","77","36","0.45","0.48","0.2","0","0.002","0.001","true","1","no","0","0","60","0","0","0","0.005","false","false","false","2","2","0.5","0.5","1","1","30","3.964","3.964"
"2","800","watts-strogatz","0.01","2","0.1","2","CES","0.5","1","1","1","10","10","1","0.9","77","36","0.45","0.48","0.2","0","0.002","0.001","true","1","no","0","0","60","0","0","0","0.005","false","false","false","2","2","0.5","0.5","1","1","31","4.042","4.042"
"2","800","watts-strogatz","0.01","2","0.1","2","CES","0.5","1","1","1","10","10","1","0.9","77","36","0.45","0.48","0.2","0","0.002","0.001","true","1","no","0","0","60","0","0","0","0.005","false","false","false","2","2","0.5","0.5","1","1","32","4.119","4.118"
"2","800","watts-strogatz","0.01","2","0.1","2","CES","0.5","1","1","1","10","10","1","0.9","77","36","0.45","0.48","0.2","0","0.002","0.001","true","1","no","0","0","60","0","0","0","0.005","false","false","false","2","2","0.5","0.5","1","1","33","4.193","4.192"
"2","800","watts-strogatz","0.01","2","0.1","2","CES","0.5","1","1","1","10","10","1","0.9","77","36","0.45","0.48","0.2","0","0.002","0.001","true","1","no","0","0","60","0","0","0","0.005","false","false","false","2","2","0.5","0.5","1","1","34","4.263","4.263"
"2","800","watts-strogatz","0.01","2","0.1","2","CES","0.5","1","1","1","10","10","1","0.9","77","36","0.45","0.48","0.2","0","0.002","0.001","true","1","no","0","0","60","0","0","0","0.005","false","false","false","2","2","0.5","0.5","1","1","35","4.333","4.333"
"2","800","watts-strogatz","0.01","2","0.1","2","CES","0.5","1","1","1","10","10","1","0.9","77","36","0.45","0.48","0.2","0","0.002","0.001","true","1","no","0","0","60","0","0","0","0.005","false","false","false","2","2","0.5","0.5","1","1","36","4.403","4.402"
"2","800","watts-strogatz","0.01","2","0.1","2","CES","0.5","1","1","1","10","10","1","0.9","77","36","0.45","0.48","0.2","0","0.002","0.001","true","1","no","0","0","60","0","0","0","0.005","false","false","false","2","2","0.5","0.5","1","1","37","4.471","4.471"
"2","800","watts-strogatz","0.01","2","0.1","2","CES","0.5","1","1","1","10","10","1","0.9","77","36","0.45","0.48","0.2","0","0.002","0.001","true","1","no","0","0","60","0","0","0","0.005","false","false","false","2","2","0.5","0.5","1","1","38","4.538","4.538"
"2","800","watts-strogatz","0.01","2","0.1","2","CES","0.5","1","1","1","10","10","1","0.9","77","36","0.45","0.48","0.2","0","0.002","0.001","true","1","no","0","0","60","0","0","0","0.005","false","false","false","2","2","0.5","0.5","1","1","39","4.603","4.603"
"2","800","watts-strogatz","0.01","2","0.1","2","CES","0.5","1","1","1","10","10","1","0.9","77","36","0.45","0.48","0.2","0","0.002","0.001","true","1","no","0","0","60","0","0","0","0.005","false","false","false","2","2","0.5","0.5","1","1","40","4.668","4.667"
"2","800","watts-strogatz","0.01","2","0.1","2","CES","0.5","1","1","1","10","10","1","0.9","77","36","0.45","0.48","0.2","0","0.002","0.001","true","1","no","0","0","60","0","0","0","0.005","false","false","false","2","2","0.5","0.5","1","1","41","4.731","4.731"
"2","800","watts-strogatz","0.01","2","0.1","2","CES","0.5","1","1","1","10","10","1","0.9","77","36","0.45","0.48","0.2","0","0.002","0.001","true","1","no","0","0","60","0","0","0","0.005","false","false","false","2","2","0.5","0.5","1","1","42","4.793","4.793"
"2","800","watts-strogatz","0.01","2","0.1","2","CES","0.5","1","1","1","10","10","1","0.9","77","36","0.45","0.48","0.2","0","0.002","0.001","true","1","no","0","0","60","0","0","0","0.005","false","false","false","2","2","0.5","0.5","1","1","43","4.854","4.854"
"2","800","watts-strogatz","0.01","2","0.1","2","CES","0.5","1","1","1","10","10","1","0.9","77","36","0.45","0.48","0.2","0","0.002","0.001","true","1","no","0","0","60","0","0","0","0.005","false","false","false","2","2","0.5","0.5","1","1","44","4.914","4.914"
"2","800","watts-strogatz","0.01","2","0.1","2","CES","0.5","1","1","1","10","10","1","0.9","77","36","0.45","0.48","0.2","0","0.002","0.001","true","1","no","0","0","60","0","0","0","0.005","false","false","false","2","2","0.5","0.5","1","1","45","4.973","4.973"
"2","800","watts-strogatz","0.01","2","0.1","2","CES","0.5","1","1","1","10","10","1","0.9","77","36","0.45","0.48","0.2","0","0.002","0.001","true","1","no","0","0","60","0","0","0","0.005","false","false","false","2","2","0.5","0.5","1","1","46","5.03","5.03"
"2","800","watts-strogatz","0.01","2","0.1","2","CES","0.5","1","1","1","10","10","1","0.9","77","36","0.45","0.48","0.2","0","0.002","0.001","true","1","no","0","0","60","0","0","0","0.005","false","false","false","2","2","0.5","0.5","1","1","47","5.09","5.09"
"2","800","watts-strogatz","0.01","2","0.1","2","CES","0.5","1","1","1","10","10","1","0.9","77","36","0.45","0.48","0.2","0","0.002","0.001","true","1","no","0","0","60","0","0","0","0.005","false","false","false","2","2","0.5","0.5","1","1","48","5.146","5.146"
"2","800","watts-strogatz","0.01","2","0.1","2","CES","0.5","1","1","1","10","10","1","0.9","77","36","0.45","0.48","0.2","0","0.002","0.001","true","1","no","0","0","60","0","0","0","0.005","false","false","false","2","2","0.5","0.5","1","1","49","5.2","5.2"
"2","800","watts-strogatz","0.01","2","0.1","2","CES","0.5","1","1","1","10","10","1","0.9","77","36","0.45","0.48","0.2","0","0.002","0.001","true","1","no","0","0","60","0","0","0","0.005","false","false","false","2","2","0.5","0.5","1","1","50","5.255","5.255"
"3","800","watts-strogatz","0.01","2","0.1","2","CES","0.5","1","1","1","10","10","1","0.9","77","36","0.45","0.48","0.2","0","0.002","0.001","true","1","no","0","0","60","0","0","0","0.005","false","false","false","2","2","0.5","0.5","1","1","0","0.029","0"
"3","800","watts-strogatz","0.01","2","0.1","2","CES","0.5","1","1","1","10","10","1","0.9","77","36","0.45","0.48","0.2","0","0.002","0.001","true","1","no","0","0","60","0","0","0","0.005","false","false","false","2","2","0.5","0.5","1","1","1","0.345","0.345"
"3","800","watts-strogatz","0.01","2","0.1","2","CES","0.5","1","1","1","10","10","1","0.9","77","36","0.45","0.48","0.2","0","0.002","0.001","true","1","no","0","0","60","0","0","0","0.005","false","false","false","2","2","0.5","0.5","1","1","2","0.554","0.554"
"3","800","watts-strogatz","0.01","2","0.1","2","CES","0.5","1","1","1","10","10","1","0.9","77","36","0.45","0.48","0.2","0","0.002","0.001","true","1","no","0","0","60","0","0","0","0.005","false","false","false","2","2","0.5","0.5","1","1","3","0.74","0.74"
"3","800","watts-strogatz","0.01","2","0.1","2","CES","0.5","1","1","1","10","10","1","0.9","77","36","0.45","0.48","0.2","0","0.002","0.001","true","1","no","0","0","60","0","0","0","0.005","false","false","false","2","2","0.5","0.5","1","1","4","0.917","0.917"
"3","800","watts-strogatz","0.01","2","0.1","2","CES","0.5","1","1","1","10","10","1","0.9","77","36","0.45","0.48","0.2","0","0.002","0.001","true","1","no","0","0","60","0","0","0","0.005","false","false","false","2","2","0.5","0.5","1","1","5","1.083","1.083"
"3","800","watts-strogatz","0.01","2","0.1","2","CES","0.5","1","1","1","10","10","1","0.9","77","36","0.45","0.48","0.2","0","0.002","0.001","true","1","no","0","0","60","0","0","0","0.005","false","false","false","2","2","0.5","0.5","1","1","6","1.243","1.243"
"3","800","watts-strogatz","0.01","2","0.1","2","CES","0.5","1","1","1","10","10","1","0.9","77","36","0.45","0.48","0.2","0","0.002","0.001","true","1","no","0","0","60","0","0","0","0.005","false","false","false","2","2","0.5","0.5","1","1","7","1.396","1.396"
"3","800","watts-strogatz","0.01","2","0.1","2","CES","0.5","1","1","1","10","10","1","0.9","77","36","0.45","0.48","0.2","0","0.002","0.001","true","1","no","0","0","60","0","0","0","0.005","false","false","false","2","2","0.5","0.5","1","1","8","1.542","1.542"
"3","800","watts-strogatz","0.01","2","0.1","2","CES","0.5","1","1","1","10","10","1","0.9","77","36","0.45","0.48","0.2","0","0.002","0.001","true","1","no","0","0","60","0","0","0","0.005","false","false","false","2","2","0.5","0.5","1","1","9","1.682","1.682"
"3","800","watts-strogatz","0.01","2","0.1","2","CES","0.5","1","1","1","10","10","1","0.9","77","36","0.45","0.48","0.2","0","0.002","0.001","true","1","no","0","0","60","0","0","0","0.005","false","false","false","2","2","0.5","0.5","1","1","10","1.817","1.817"
"3","800","watts-strogatz","0.01","2","0.1","2","CES","0.5","1","1","1","10","10","1","0.9","77","36","0.45","0.48","0.2","0","0.002","0.001","true","1","no","0","0","60","0","0","0","0.005","false","false","false","2","2","0.5","0.5","1","1","11","1.95","1.95"
"3","800","watts-strogatz","0.01","2","0.1","2","CES","0.5","1","1","1","10","10","1","0.9","77","36","0.45","0.48","0.2","0","0.002","0.001","true","1","no","0","0","60","0","0","0","0.005","false","false","false","2","2","0.5","0.5","1","1","12","2.079","2.079"
"3","800","watts-strogatz","0.01","2","0.1","2","CES","0.5","1","1","1","10","10","1","0.9","77","36","0.45","0.48","0.2","0","0.002","0.001","true","1","no","0","0","60","0","0","0","0.005","false","false","false","2","2","0.5","0.5","1","1","13","2.203","2.202"
"3","800","watts-strogatz","0.01","2","0.1","2","CES","0.5","1","1","1","10","10","1","0.9","77","36","0.45","0.48","0.2","0","0.002","0.001","true","1","no","0","0","60","0","0","0","0.005","false","false","false","2","2","0.5","0.5","1","1","14","2.322","2.322"
"3","800","watts-strogatz","0.01","2","0.1","2","CES","0.5","1","1","1","10","10","1","0.9","77","36","0.45","0.48","0.2","0","0.002","0.001","true","1","no","0","0","60","0","0","0","0.005","false","false","false","2","2","0.5","0.5","1","1","15","2.44","2.44"
"3","800","watts-strogatz","0.01","2","0.1","2","CES","0.5","1","1","1","10","10","1","0.9","77","36","0.45","0.48","0.2","0","0.002","0.001","true","1","no","0","0","60","0","0","0","0.005","false","false","false","2","2","0.5","0.5","1","1","16","2.554","2.554"
"3","800","watts-strogatz","0.01","2","0.1","2","CES","0.5","1","1","1","10","10","1","0.9","77","36","0.45","0.48","0.2","0","0.002","0.001","true","1","no","0","0","60","0","0","0","0.005","false","false","false","2","2","0.5","0.5","1","1","17","2.664","2.664"
"3","800","watts-strogatz","0.01","2","0.1","2","CES","0.5","1","1","1","10","10","1","0.9","77","36","0.45","0.48","0.2","0","0.002","0.001","true","1","no","0","0","60","0","0","0","0.005","false","false","false","2","2","0.5","0.5","1","1","18","2.771","2.771"
"3","800","watts-strogatz","0.01","2","0.1","2","CES","0.5","1","1","1","10","10","1","0.9","77","36","0.45","0.48","0.2","0","0.002","0.001","true","1","no","0","0","60","0","0","0","0.005","false","false","false","2","2","0.5","0.5","1","1","19","2.875","2.875"
"3","800","watts-strogatz","0.01","2","0.1","2","CES","0.5","1","1","1","10","10","1","0.9","77","36","0.45","0.48","0.2","0","0.002","0.001","true","1","no","0","0","60","0","0","0","0.005","false","false","false","2","2","0.5","0.5","1","1","20","2.979","2.979"
"3","800","watts-strogatz","0.01","2","0.1","2","CES","0.5","1","1","1","10","10","1","0.9","77","36","0.45","0.48","0.2","0","0.002","0.001","true","1","no","0","0","60","0","0","0","0.005","false","false","false","2","2","0.5","0.5","1","1","21","3.077","3.077"
"3","800","watts-strogatz","0.01","2","0.1","2","CES","0.5","1","1","1","10","10","1","0.9","77","36","0.45","0.48","0.2","0","0.002","0.001","true","1","no","0","0","60","0","0","0","0.005","false","false","false","2","2","0.5","0.5","1","1","22","3.174","3.174"
"3","800","watts-strogatz","0.01","2","0.1","2","CES","0.5","1","1","1","10","10","1","0.9","77","36","0.45","0.48","0.2","0","0.002","0.001","true","1","no","0","0","60","0","0","0","0.005","false","false","false","2","2","0.5","0.5","1","1","23","3.266","3.266"
"3","800","watts-strogatz","0.01","2","0.1","2","CES","0.5","1","1","1","10","10","1","0.9","77","36","0.45","0.48","0.2","0","0.002","0.001","true","1","no","0","0","60","0","0","0","0.005","false","false","false","2","2","0.5","0.5","1","1","24","3.356","3.356"
"3","800","watts-strogatz","0.01","2","0.1","2","CES","0.5","1","1","1","10","10","1","0.9","77","36","0.45","0.48","0.2","0","0.002","0.001","true","1","no","0","0","60","0","0","0","0.005","false","false","false","2","2","0.5","0.5","1","1","25","3.447","3.446"
"3","800","watts-strogatz","0.01","2","0.1","2","CES","0.5","1","1","1","10","10","1","0.9","77","36","0.45","0.48","0.2","0","0.002","0.001","true","1","no","0","0","60","0","0","0","0.005","false","false","false","2","2","0.5","0.5","1","1","26","3.532","3.532"
"3","800","watts-strogatz","0.01","2","0.1","2","CES","0.5","1","1","1","10","10","1","0.9","77","36","0.45","0.48","0.2","0","0.002","0.001","true","1","no","0","0","60","0","0","0","0.005","false","false","false","2","2","0.5","0.5","1","1","27","3.616","3.616"
"3","800","watts-strogatz","0.01","2","0.1","2","CES","0.5","1","1","1","10","10","1","0.9","77","36","0.45","0.48","0.2","0","0.002","0.001","true","1","no","0","0","60","0","0","0","0.005","false","false","false","2","2","0.5","0.5","1","1","28","3.699","3.699"
"3","800","watts-strogatz","0.01","2","0.1","2","CES","0.5","1","1","1","10","10","1","0.9","77","36","0.45","0.48","0.2","0","0.002","0.001","true","1","no","0","0","60","0","0","0","0.005","false","false","false","2","2","0.5","0.5","1","1","29","3.779","3.779"
"3","800","watts-strogatz","0.01","2","0.1","2","CES","0.5","1","1","1","10","10","1","0.9","77","36","0.45","0.48","0.2","0","0.002","0.001","true","1","no","0","0","60","0","0","0","0.005","false","false","false","2","2","0.5","0.5","1","1","30","3.858","3.858"
"3","800","watts-strogatz","0.01","2","0.1","2","CES","0.5","1","1","1","10","10","1","0.9","77","36","0.45","0.48","0.2","0","0.002","0.001","true","1","no","0","0","60","0","0","0","0.005","false","false","false","2","2","0.5","0.5","1","1","31","3.936","3.936"
"3","800","watts-strogatz","0.01","2","0.1","2","CES","0.5","1","1","1","10","10","1","0.9","77","36","0.45","0.48","0.2","0","0.002","0.001","true","1","no","0","0","60","0","0","0","0.005","false","false","false","2","2","0.5","0.5","1","1","32","4.014","4.014"
"3","800","watts-strogatz","0.01","2","0.1","2","CES","0.5","1","1","1","10","10","1","0.9","77","36","0.45","0.48","0.2","0","0.002","0.001","true","1","no","0","0","60","0","0","0","0.005","false","false","false","2","2","0.5","0.5","1","1","33","4.09","4.09"
"3","800","watts-strogatz","0.01","2","0.1","2","CES","0.5","1","1","1","10","10","1","0.9","77","36","0.45","0.48","0.2","0","0.002","0.001","true","1","no","0","0","60","0","0","0","0.005","false","false","false","2","2","0.5","0.5","1","1","34","4.164","4.164"
"3","800","watts-strogatz","0.01","2","0.1","2","CES","0.5","1","1","1","10","10","1","0.9","77","36","0.45","0.48","0.2","0","0.002","0.001","true","1","no","0","0","60","0","0","0","0.005","false","false","false","2","2","0.5","0.5","1","1","35","4.236","4.236"
"3","800","watts-strogatz","0.01","2","0.1","2","CES","0.5","1","1","1","10","10","1","0.9","77","36","0.45","0.48","0.2","0","0.002","0.001","true","1","no","0","0","60","0","0","0","0.005","false","false","false","2","2","0.5","0.5","1","1","36","4.306","4.306"
"3","800","watts-strogatz","0.01","2","0.1","2","CES","0.5","1","1","1","10","10","1","0.9","77","36","0.45","0.48","0.2","0","0.002","0.001","true","1","no","0","0","60","0","0","0","0.005","false","false","false","2","2","0.5","0.5","1","1","37","4.375","4.375"
"3","800","watts-strogatz","0.01","2","0.1","2","CES","0.5","1","1","1","10","10","1","0.9","77","36","0.45","0.48","0.2","0","0.002","0.001","true","1","no","0","0","60","0","0","0","0.005","false","false","false","2","2","0.5","0.5","1","1","38","4.442","4.442"
"3","800","watts-strogatz","0.01","2","0.1","2","CES","0.5","1","1","1","10","10","1","0.9","77","36","0.45","0.48","0.2","0","0.002","0.001","true","1","no","0","0","60","0","0","0","0.005","false","false","false","2","2","0.5","0.5","1","1","39","4.509","4.509"
"3","800","watts-strogatz","0.01","2","0.1","2","CES","0.5","1","1","1","10","10","1","0.9","77","36","0.45","0.48","0.2","0","0.002","0.001","true","1","no","0","0","60","0","0","0","0.005","false","false","false","2","2","0.5","0.5","1","1","40","4.573","4.573"
"3","800","watts-strogatz","0.01","2","0.1","2","CES","0.5","1","1","1","10","10","1","0.9","77","36","0.45","0.48","0.2","0","0.002","0.001","true","1","no","0","0","60","0","0","0","0.005","false","false","false","2","2","0.5","0.5","1","1","41","4.637","4.636"
"3","800","watts-strogatz","0.01","2","0.1","2","CES","0.5","1","1","1","10","10","1","0.9","77","36","0.45","0.48","0.2","0","0.002","0.001","true","1","no","0","0","60","0","0","0","0.005","false","false","false","2","2","0.5","0.5","1","1","42","4.699","4.699"
"3","800","watts-strogatz","0.01","2","0.1","2","CES","0.5","1","1","1","10","10","1","0.9","77","36","0.45","0.48","0.2","0","0.002","0.001","true","1","no","0","0","60","0","0","0","0.005","false","false","false","2","2","0.5","0.5","1","1","43","4.76","4.76"
"3","800","watts-strogatz","0.01","2","0.1","2","CES","0.5","1","1","1","10","10","1","0.9","77","36","0.45","0.48","0.2","0","0.002","0.001","true","1","no","0","0","60","0","0","0","0.005","false","false","false","2","2","0.5","0.5","1","1","44","4.821","4.821"
"3","800","watts-strogatz","0.01","2","0.1","2","CES","0.5","1","1","1","10","10","1","0.9","77","36","0.45","0.48","0.2","0","0.002","0.001","true","1","no","0","0","60","0","0","0","0.005","false","false","false","2","2","0.5","0.5","1","1","45","4.881","4.881"
"3","800","watts-strogatz","0.01","2","0.1","2","CES","0.5","1","1","1","10","10","1","0.9","77","36","0.45","0.48","0.2","0","0.002","0.001","true","1","no","0","0","60","0","0","0","0.005","false","false","false","2","2","0.5","0.5","1","1","46","4.936","4.936"
"3","800","watts-strogatz","0.01","2","0.1","2","CES","0.5","1","1","1","10","10","1","0.9","77","36","0.45","0.48","0.2","0","0.002","0.001","true","1","no","0","0","60","0","0","0","0.005","false","false","false","2","2","0.5","0.5","1","1","47","4.991","4.991"
"3","800","watts-strogatz","0.01","2","0.1","2","CES","0.5","1","1","1","10","10","1","0.9","77","36","0.45","0.48","0.2","0","0.002","0.001","true","1","no","0","0","60","0","0","0","0.005","false","false","false","2","2","0.5","0.5","1","1","48","5.045","5.045"
"3","800","watts-strogatz","0.01","2","0.1","2","CES","0.5","1","1","1","10","10","1","0.9","77","36","0.45","0.48","0.2","0","0.002","0.001","true","1","no","0","0","60","0","0","0","0.005","false","false","false","2","2","0.5","0.5","1","1","49","5.1","5.1"
"3","800","watts-strogatz","0.01","2","0.1","2","CES","0.5","1","1","1","10","10","1","0.9","77","36","0.45","0.48","0.2","0","0.002","0.001","true","1","no","0","0","60","0","0","0","0.005","false","false","false","2","2","0.5","0.5","1","1","50","5.154","5.154"
"4","800","watts-strogatz","0.01","2","0.1","2","CES","0.5","1","1","1","10","10","1","0.9","77","36","0.45","0.48","0.2","0","0.002","0.001","true","1","no","0","0","60","0","0","0","0.005","false","false","false","2","2","0.5","0.5","1","1","0","0.024","0"
"4","800","watts-strogatz","0.01","2","0.1","2","CES","0.5","1","1","1","10","10","1","0.9","77","36","0.45","0.48","0.2","0","0.002","0.001","true","1","no","0","0","60","0","0","0","0.005","false","false","false","2","2","0.5","0.5","1","1","1","0.33","0.33"
"4","800","watts-strogatz","0.01","2","0.1","2","CES","0.5","1","1","1","10","10","1","0.9","77","36","0.45","0.48","0.2","0","0.002","0.001","true","1","no","0","0","60","0","0","0","0.005","false","false","false","2","2","0.5","0.5","1","1","2","0.542","0.542"
"4","800","watts-strogatz","0.01","2","0.1","2","CES","0.5","1","1","1","10","10","1","0.9","77","36","0.45","0.48","0.2","0","0.002","0.001","true","1","no","0","0","60","0","0","0","0.005","false","false","false","2","2","0.5","0.5","1","1","3","0.733","0.733"
"4","800","watts-strogatz","0.01","2","0.1","2","CES","0.5","1","1","1","10","10","1","0.9","77","36","0.45","0.48","0.2","0","0.002","0.001","true","1","no","0","0","60","0","0","0","0.005","false","false","false","2","2","0.5","0.5","1","1","4","0.914","0.913"
"4","800","watts-strogatz","0.01","2","0.1","2","CES","0.5","1","1","1","10","10","1","0.9","77","36","0.45","0.48","0.2","0","0.002","0.001","true","1","no","0","0","60","0","0","0","0.005","false","false","false","2","2","0.5","0.5","1","1","5","1.082","1.081"
"4","800","watts-strogatz","0.01","2","0.1","2","CES","0.5","1","1","1","10","10","1","0.9","77","36","0.45","0.48","0.2","0","0.002","0.001","true","1","no","0","0","60","0","0","0","0.005","false","false","false","2","2","0.5","0.5","1","1","6","1.241","1.241"
"4","800","watts-strogatz","0.01","2","0.1","2","CES","0.5","1","1","1","10","10","1","0.9","77","36","0.45","0.48","0.2","0","0.002","0.001","true","1","no","0","0","60","0","0","0","0.005","false","false","false","2","2","0.5","0.5","1","1","7","1.389","1.389"
"4","800","watts-strogatz","0.01","2","0.1","2","CES","0.5","1","1","1","10","10","1","0.9","77","36","0.45","0.48","0.2","0","0.002","0.001","true","1","no","0","0","60","0","0","0","0.005","false","false","false","2","2","0.5","0.5","1","1","8","1.533","1.533"
"4","800","watts-strogatz","0.01","2","0.1","2","CES","0.5","1","1","1","10","10","1","0.9","77","36","0.45","0.48","0.2","0","0.002","0.001","true","1","no","0","0","60","0","0","0","0.005","false","false","false","2","2","0.5","0.5","1","1","9","1.673","1.673"
"4","800","watts-strogatz","0.01","2","0.1","2","CES","0.5","1","1","1","10","10","1","0.9","77","36","0.45","0.48","0.2","0","0.002","0.001","true","1","no","0","0","60","0","0","0","0.005","false","false","false","2","2","0.5","0.5","1","1","10","1.808","1.808"
"4","800","watts-strogatz","0.01","2","0.1","2","CES","0.5","1","1","1","10","10","1","0.9","77","36","0.45","0.48","0.2","0","0.002","0.001","true","1","no","0","0","60","0","0","0","0.005","false","false","false","2","2","0.5","0.5","1","1","11","1.939","1.939"
"4","800","watts-strogatz","0.01","2","0.1","2","CES","0.5","1","1","1","10","10","1","0.9","77","36","0.45","0.48","0.2","0","0.002","0.001","true","1","no","0","0","60","0","0","0","0.005","false","false","false","2","2","0.5","0.5","1","1","12","2.065","2.065"
"4","800","watts-strogatz","0.01","2","0.1","2","CES","0.5","1","1","1","10","10","1","0.9","77","36","0.45","0.48","0.2","0","0.002","0.001","true","1","no","0","0","60","0","0","0","0.005","false","false","false","2","2","0.5","0.5","1","1","13","2.186","2.186"
"4","800","watts-strogatz","0.01","2","0.1","2","CES","0.5","1","1","1","10","10","1","0.9","77","36","0.45","0.48","0.2","0","0.002","0.001","true","1","no","0","0","60","0","0","0","0.005","false","false","false","2","2","0.5","0.5","1","1","14","2.305","2.305"
"4","800","watts-strogatz","0.01","2","0.1","2","CES","0.5","1","1","1","10","10","1","0.9","77","36","0.45","0.48","0.2","0","0.002","0.001","true","1","no","0","0","60","0","0","0","0.005","false","false","false","2","2","0.5","0.5","1","1","15","2.419","2.419"
"4","800","watts-strogatz","0.01","2","0.1","2","CES","0.5","1","1","1","10","10","1","0.9","77","36","0.45","0.48","0.2","0","0.002","0.001","true","1","no","0","0","60","0","0","0","0.005","false","false","false","2","2","0.5","0.5","1","1","16","2.53","2.53"
"4","800","watts-strogatz","0.01","2","0.1","2","CES","0.5","1","1","1","10","10","1","0.9","77","36","0.45","0.48","0.2","0","0.002","0.001","true","1","no","0","0","60","0","0","0","0.005","false","false","false","2","2","0.5","0.5","1","1","17","2.637","2.637"
"4","800","watts-strogatz","0.01","2","0.1","2","CES","0.5","1","1","1","10","10","1","0.9","77","36","0.45","0.48","0.2","0","0.002","0.001","true","1","no","0","0","60","0","0","0","0.005","false","false","false","2","2","0.5","0.5","1","1","18","2.743","2.743"
"4","800","watts-strogatz","0.01","2","0.1","2","CES","0.5","1","1","1","10","10","1","0.9","77","36","0.45","0.48","0.2","0","0.002","0.001","true","1","no","0","0","60","0","0","0","0.005","false","false","false","2","2","0.5","0.5","1","1","19","2.846","2.846"
"4","800","watts-strogatz","0.01","2","0.1","2","CES","0.5","1","1","1","10","10","1","0.9","77","36","0.45","0.48","0.2","0","0.002","0.001","true","1","no","0","0","60","0","0","0","0.005","false","false","false","2","2","0.5","0.5","1","1","20","2.95","2.95"
"4","800","watts-strogatz","0.01","2","0.1","2","CES","0.5","1","1","1","10","10","1","0.9","77","36","0.45","0.48","0.2","0","0.002","0.001","true","1","no","0","0","60","0","0","0","0.005","false","false","false","2","2","0.5","0.5","1","1","21","3.048","3.047"
"4","800","watts-strogatz","0.01","2","0.1","2","CES","0.5","1","1","1","10","10","1","0.9","77","36","0.45","0.48","0.2","0","0.002","0.001","true","1","no","0","0","60","0","0","0","0.005","false","false","false","2","2","0.5","0.5","1","1","22","3.142","3.141"
"4","800","watts-strogatz","0.01","2","0.1","2","CES","0.5","1","1","1","10","10","1","0.9","77","36","0.45","0.48","0.2","0","0.002","0.001","true","1","no","0","0","60","0","0","0","0.005","false","false","false","2","2","0.5","0.5","1","1","23","3.234","3.233"
"4","800","watts-strogatz","0.01","2","0.1","2","CES","0.5","1","1","1","10","10","1","0.9","77","36","0.45","0.48","0.2","0","0.002","0.001","true","1","no","0","0","60","0","0","0","0.005","false","false","false","2","2","0.5","0.5","1","1","24","3.323","3.323"
"4","800","watts-strogatz","0.01","2","0.1","2","CES","0.5","1","1","1","10","10","1","0.9","77","36","0.45","0.48","0.2","0","0.002","0.001","true","1","no","0","0","60","0","0","0","0.005","false","false","false","2","2","0.5","0.5","1","1","25","3.411","3.41"
"4","800","watts-strogatz","0.01","2","0.1","2","CES","0.5","1","1","1","10","10","1","0.9","77","36","0.45","0.48","0.2","0","0.002","0.001","true","1","no","0","0","60","0","0","0","0.005","false","false","false","2","2","0.5","0.5","1","1","26","3.497","3.496"
"4","800","watts-strogatz","0.01","2","0.1","2","CES","0.5","1","1","1","10","10","1","0.9","77","36","0.45","0.48","0.2","0","0.002","0.001","true","1","no","0","0","60","0","0","0","0.005","false","false","false","2","2","0.5","0.5","1","1","27","3.579","3.579"
"4","800","watts-strogatz","0.01","2","0.1","2","CES","0.5","1","1","1","10","10","1","0.9","77","36","0.45","0.48","0.2","0","0.002","0.001","true","1","no","0","0","60","0","0","0","0.005","false","false","false","2","2","0.5","0.5","1","1","28","3.661","3.661"
"4","800","watts-strogatz","0.01","2","0.1","2","CES","0.5","1","1","1","10","10","1","0.9","77","36","0.45","0.48","0.2","0","0.002","0.001","true","1","no","0","0","60","0","0","0","0.005","false","false","false","2","2","0.5","0.5","1","1","29","3.74","3.74"
"4","800","watts-strogatz","0.01","2","0.1","2","CES","0.5","1","1","1","10","10","1","0.9","77","36","0.45","0.48","0.2","0","0.002","0.001","true","1","no","0","0","60","0","0","0","0.005","false","false","false","2","2","0.5","0.5","1","1","30","3.819","3.819"
"4","800","watts-strogatz","0.01","2","0.1","2","CES","0.5","1","1","1","10","10","1","0.9","77","36","0.45","0.48","0.2","0","0.002","0.001","true","1","no","0","0","60","0","0","0","0.005","false","false","false","2","2","0.5","0.5","1","1","31","3.895","3.895"
"4","800","watts-strogatz","0.01","2","0.1","2","CES","0.5","1","1","1","10","10","1","0.9","77","36","0.45","0.48","0.2","0","0.002","0.001","true","1","no","0","0","60","0","0","0","0.005","false","false","false","2","2","0.5","0.5","1","1","32","3.97","3.97"
"4","800","watts-strogatz","0.01","2","0.1","2","CES","0.5","1","1","1","10","10","1","0.9","77","36","0.45","0.48","0.2","0","0.002","0.001","true","1","no","0","0","60","0","0","0","0.005","false","false","false","2","2","0.5","0.5","1","1","33","4.044","4.044"
"4","800","watts-strogatz","0.01","2","0.1","2","CES","0.5","1","1","1","10","10","1","0.9","77","36","0.45","0.48","0.2","0","0.002","0.001","true","1","no","0","0","60","0","0","0","0.005","false","false","false","2","2","0.5","0.5","1","1","34","4.116","4.116"
"4","800","watts-strogatz","0.01","2","0.1","2","CES","0.5","1","1","1","10","10","1","0.9","77","36","0.45","0.48","0.2","0","0.002","0.001","true","1","no","0","0","60","0","0","0","0.005","false","false","false","2","2","0.5","0.5","1","1","35","4.186","4.186"
"4","800","watts-strogatz","0.01","2","0.1","2","CES","0.5","1","1","1","10","10","1","0.9","77","36","0.45","0.48","0.2","0","0.002","0.001","true","1","no","0","0","60","0","0","0","0.005","false","false","false","2","2","0.5","0.5","1","1","36","4.255","4.255"
"4","800","watts-strogatz","0.01","2","0.1","2","CES","0.5","1","1","1","10","10","1","0.9","77","36","0.45","0.48","0.2","0","0.002","0.001","true","1","no","0","0","60","0","0","0","0.005","false","false","false","2","2","0.5","0.5","1","1","37","4.323","4.323"
"4","800","watts-strogatz","0.01","2","0.1","2","CES","0.5","1","1","1","10","10","1","0.9","77","36","0.45","0.48","0.2","0","0.002","0.001","true","1","no","0","0","60","0","0","0","0.005","false","false","false","2","2","0.5","0.5","1","1","38","4.389","4.389"
"4","800","watts-strogatz","0.01","2","0.1","2","CES","0.5","1","1","1","10","10","1","0.9","77","36","0.45","0.48","0.2","0","0.002","0.001","true","1","no","0","0","60","0","0","0","0.005","false","false","false","2","2","0.5","0.5","1","1","39","4.454","4.454"
"4","800","watts-strogatz","0.01","2","0.1","2","CES","0.5","1","1","1","10","10","1","0.9","77","36","0.45","0.48","0.2","0","0.002","0.001","true","1","no","0","0","60","0","0","0","0.005","false","false","false","2","2","0.5","0.5","1","1","40","4.517","4.517"
"4","800","watts-strogatz","0.01","2","0.1","2","CES","0.5","1","1","1","10","10","1","0.9","77","36","0.45","0.48","0.2","0","0.002","0.001","true","1","no","0","0","60","0","0","0","0.005","false","false","false","2","2","0.5","0.5","1","1","41","4.58","4.58"
"4","800","watts-strogatz","0.01","2","0.1","2","CES","0.5","1","1","1","10","10","1","0.9","77","36","0.45","0.48","0.2","0","0.002","0.001","true","1","no","0","0","60","0","0","0","0.005","false","false","false","2","2","0.5","0.5","1","1","42","4.641","4.641"
"4","800","watts-strogatz","0.01","2","0.1","2","CES","0.5","1","1","1","10","10","1","0.9","77","36","0.45","0.48","0.2","0","0.002","0.001","true","1","no","0","0","60","0","0","0","0.005","false","false","false","2","2","0.5","0.5","1","1","43","4.701","4.701"
"4","800","watts-strogatz","0.01","2","0.1","2","CES","0.5","1","1","1","10","10","1","0.9","77","36","0.45","0.48","0.2","0","0.002","0.001","true","1","no","0","0","60","0","0","0","0.005","false","false","false","2","2","0.5","0.5","1","1","44","4.761","4.761"
"4","800","watts-strogatz","0.01","2","0.1","2","CES","0.5","1","1","1","10","10","1","0.9","77","36","0.45","0.48","0.2","0","0.002","0.001","true","1","no","0","0","60","0","0","0","0.005","false","false","false","2","2","0.5","0.5","1","1","45","4.819","4.819"
"4","800","watts-strogatz","0.01","2","0.1","2","CES","0.5","1","1","1","10","10","1","0.9","77","36","0.45","0.48","0.2","0","0.002","0.001","true","1","no","0","0","60","0","0","0","0.005","false","false","false","2","2","0.5","0.5","1","1","46","4.877","4.877"
"4","800","watts-strogatz","0.01","2","0.1","2","CES","0.5","1","1","1","10","10","1","0.9","77","36","0.45","0.48","0.2","0","0.002","0.001","true","1","no","0","0","60","0","0","0","0.005","false","false","false","2","2","0.5","0.5","1","1","47","4.936","4.936"
"4","800","watts-strogatz","0.01","2","0.1","2","CES","0.5","1","1","1","10","10","1","0.9","77","36","0.45","0.48","0.2","0","0.002","0.001","true","1","no","0","0","60","0","0","0","0.005","false","false","false","2","2","0.5","0.5","1","1","48","4.992","4.992"
"4","800","watts-strogatz","0.01","2","0.1","2","CES","0.5","1","1","1","10","10","1","0.9","77","36","0.45","0.48","0.2","0","0.002","0.001","true","1","no","0","0","60","0","0","0","0.005","false","false","false","2","2","0.5","0.5","1","1","49","5.046","5.046"
"4","800","watts-strogatz","0.01","2","0.1","2","CES","0.5","1","1","1","10","10","1","0.9","77","36","0.45","0.48","0.2","0","0.002","0.001","true","1","no","0","0","60","0","0","0","0.005","false","false","false","2","2","0.5","0.5","1","1","50","5.101","5.1"
"5","800","watts-strogatz","0.01","2","0.1","2","CES","0.5","1","1","1","10","10","1","0.9","77","36","0.45","0.48","0.2","0","0.002","0.001","true","1","no","0","0","60","0","0","0","0.005","false","false","false","2","2","0.5","0.5","1","1","0","0.021","0"
"5","800","watts-strogatz","0.01","2","0.1","2","CES","0.5","1","1","1","10","10","1","0.9","77","36","0.45","0.48","0.2","0","0.002","0.001","true","1","no","0","0","60","0","0","0","0.005","false","false","false","2","2","0.5","0.5","1","1","1","0.327","0.327"
"5","800","watts-strogatz","0.01","2","0.1","2","CES","0.5","1","1","1","10","10","1","0.9","77","36","0.45","0.48","0.2","0","0.002","0.001","true","1","no","0","0","60","0","0","0","0.005","false","false","false","2","2","0.5","0.5","1","1","2","0.542","0.542"
"5","800","watts-strogatz","0.01","2","0.1","2","CES","0.5","1","1","1","10","10","1","0.9","77","36","0.45","0.48","0.2","0","0.002","0.001","true","1","no","0","0","60","0","0","0","0.005","false","false","false","2","2","0.5","0.5","1","1","3","0.732","0.731"
"5","800","watts-strogatz","0.01","2","0.1","2","CES","0.5","1","1","1","10","10","1","0.9","77","36","0.45","0.48","0.2","0","0.002","0.001","true","1","no","0","0","60","0","0","0","0.005","false","false","false","2","2","0.5","0.5","1","1","4","0.91","0.91"
"5","800","watts-strogatz","0.01","2","0.1","2","CES","0.5","1","1","1","10","10","1","0.9","77","36","0.45","0.48","0.2","0","0.002","0.001","true","1","no","0","0","60","0","0","0","0.005","false","false","false","2","2","0.5","0.5","1","1","5","1.08","1.08"
"5","800","watts-strogatz","0.01","2","0.1","2","CES","0.5","1","1","1","10","10","1","0.9","77","36","0.45","0.48","0.2","0","0.002","0.001","true","1","no","0","0","60","0","0","0","0.005","false","false","false","2","2","0.5","0.5","1","1","6","1.245","1.245"
"5","800","watts-strogatz","0.01","2","0.1","2","CES","0.5","1","1","1","10","10","1","0.9","77","36","0.45","0.48","0.2","0","0.002","0.001","true","1","no","0","0","60","0","0","0","0.005","false","false","false","2","2","0.5","0.5","1","1","7","1.4","1.4"
"5","800","watts-strogatz","0.01","2","0.1","2","CES","0.5","1","1","1","10","10","1","0.9","77","36","0.45","0.48","0.2","0","0.002","0.001","true","1","no","0","0","60","0","0","0","0.005","false","false","false","2","2","0.5","0.5","1","1","8","1.55","1.55"
"5","800","watts-strogatz","0.01","2","0.1","2","CES","0.5","1","1","1","10","10","1","0.9","77","36","0.45","0.48","0.2","0","0.002","0.001","true","1","no","0","0","60","0","0","0","0.005","false","false","false","2","2","0.5","0.5","1","1","9","1.697","1.697"
"5","800","watts-strogatz","0.01","2","0.1","2","CES","0.5","1","1","1","10","10","1","0.9","77","36","0.45","0.48","0.2","0","0.002","0.001","true","1","no","0","0","60","0","0","0","0.005","false","false","false","2","2","0.5","0.5","1","1","10","1.84","1.84"
"5","800","watts-strogatz","0.01","2","0.1","2","CES","0.5","1","1","1","10","10","1","0.9","77","36","0.45","0.48","0.2","0","0.002","0.001","true","1","no","0","0","60","0","0","0","0.005","false","false","false","2","2","0.5","0.5","1","1","11","1.976","1.975"
"5","800","watts-strogatz","0.01","2","0.1","2","CES","0.5","1","1","1","10","10","1","0.9","77","36","0.45","0.48","0.2","0","0.002","0.001","true","1","no","0","0","60","0","0","0","0.005","false","false","false","2","2","0.5","0.5","1","1","12","2.107","2.107"
"5","800","watts-strogatz","0.01","2","0.1","2","CES","0.5","1","1","1","10","10","1","0.9","77","36","0.45","0.48","0.2","0","0.002","0.001","true","1","no","0","0","60","0","0","0","0.005","false","false","false","2","2","0.5","0.5","1","1","13","2.233","2.232"
"5","800","watts-strogatz","0.01","2","0.1","2","CES","0.5","1","1","1","10","10","1","0.9","77","36","0.45","0.48","0.2","0","0.002","0.001","true","1","no","0","0","60","0","0","0","0.005","false","false","false","2","2","0.5","0.5","1","1","14","2.356","2.354"
"5","800","watts-strogatz","0.01","2","0.1","2","CES","0.5","1","1","1","10","10","1","0.9","77","36","0.45","0.48","0.2","0","0.002","0.001","true","1","no","0","0","60","0","0","0","0.005","false","false","false","2","2","0.5","0.5","1","1","15","2.474","2.474"
"5","800","watts-strogatz","0.01","2","0.1","2","CES","0.5","1","1","1","10","10","1","0.9","77","36","0.45","0.48","0.2","0","0.002","0.001","true","1","no","0","0","60","0","0","0","0.005","false","false","false","2","2","0.5","0.5","1","1","16","2.589","2.588"
"5","800","watts-strogatz","0.01","2","0.1","2","CES","0.5","1","1","1","10","10","1","0.9","77","36","0.45","0.48","0.2","0","0.002","0.001","true","1","no","0","0","60","0","0","0","0.005","false","false","false","2","2","0.5","0.5","1","1","17","2.7","2.7"
"5","800","watts-strogatz","0.01","2","0.1","2","CES","0.5","1","1","1","10","10","1","0.9","77","36","0.45","0.48","0.2","0","0.002","0.001","true","1","no","0","0","60","0","0","0","0.005","false","false","false","2","2","0.5","0.5","1","1","18","2.81","2.81"
"5","800","watts-strogatz","0.01","2","0.1","2","CES","0.5","1","1","1","10","10","1","0.9","77","36","0.45","0.48","0.2","0","0.002","0.001","true","1","no","0","0","60","0","0","0","0.005","false","false","false","2","2","0.5","0.5","1","1","19","2.918","2.918"
"5","800","watts-strogatz","0.01","2","0.1","2","CES","0.5","1","1","1","10","10","1","0.9","77","36","0.45","0.48","0.2","0","0.002","0.001","true","1","no","0","0","60","0","0","0","0.005","false","false","false","2","2","0.5","0.5","1","1","20","3.022","3.022"
"5","800","watts-strogatz","0.01","2","0.1","2","CES","0.5","1","1","1","10","10","1","0.9","77","36","0.45","0.48","0.2","0","0.002","0.001","true","1","no","0","0","60","0","0","0","0.005","false","false","false","2","2","0.5","0.5","1","1","21","3.122","3.122"
"5","800","watts-strogatz","0.01","2","0.1","2","CES","0.5","1","1","1","10","10","1","0.9","77","36","0.45","0.48","0.2","0","0.002","0.001","true","1","no","0","0","60","0","0","0","0.005","false","false","false","2","2","0.5","0.5","1","1","22","3.22","3.22"
"5","800","watts-strogatz","0.01","2","0.1","2","CES","0.5","1","1","1","10","10","1","0.9","77","36","0.45","0.48","0.2","0","0.002","0.001","true","1","no","0","0","60","0","0","0","0.005","false","false","false","2","2","0.5","0.5","1","1","23","3.317","3.317"
"5","800","watts-strogatz","0.01","2","0.1","2","CES","0.5","1","1","1","10","10","1","0.9","77","36","0.45","0.48","0.2","0","0.002","0.001","true","1","no","0","0","60","0","0","0","0.005","false","false","false","2","2","0.5","0.5","1","1","24","3.41","3.41"
"5","800","watts-strogatz","0.01","2","0.1","2","CES","0.5","1","1","1","10","10","1","0.9","77","36","0.45","0.48","0.2","0","0.002","0.001","true","1","no","0","0","60","0","0","0","0.005","false","false","false","2","2","0.5","0.5","1","1","25","3.501","3.501"
"5","800","watts-strogatz","0.01","2","0.1","2","CES","0.5","1","1","1","10","10","1","0.9","77","36","0.45","0.48","0.2","0","0.002","0.001","true","1","no","0","0","60","0","0","0","0.005","false","false","false","2","2","0.5","0.5","1","1","26","3.59","3.59"
"5","800","watts-strogatz","0.01","2","0.1","2","CES","0.5","1","1","1","10","10","1","0.9","77","36","0.45","0.48","0.2","0","0.002","0.001","true","1","no","0","0","60","0","0","0","0.005","false","false","false","2","2","0.5","0.5","1","1","27","3.676","3.676"
"5","800","watts-strogatz","0.01","2","0.1","2","CES","0.5","1","1","1","10","10","1","0.9","77","36","0.45","0.48","0.2","0","0.002","0.001","true","1","no","0","0","60","0","0","0","0.005","false","false","false","2","2","0.5","0.5","1","1","28","3.762","3.762"
"5","800","watts-strogatz","0.01","2","0.1","2","CES","0.5","1","1","1","10","10","1","0.9","77","36","0.45","0.48","0.2","0","0.002","0.001","true","1","no","0","0","60","0","0","0","0.005","false","false","false","2","2","0.5","0.5","1","1","29","3.845","3.845"
"5","800","watts-strogatz","0.01","2","0.1","2","CES","0.5","1","1","1","10","10","1","0.9","77","36","0.45","0.48","0.2","0","0.002","0.001","true","1","no","0","0","60","0","0","0","0.005","false","false","false","2","2","0.5","0.5","1","1","30","3.926","3.926"
"5","800","watts-strogatz","0.01","2","0.1","2","CES","0.5","1","1","1","10","10","1","0.9","77","36","0.45","0.48","0.2","0","0.002","0.001","true","1","no","0","0","60","0","0","0","0.005","false","false","false","2","2","0.5","0.5","1","1","31","4.006","4.006"
"5","800","watts-strogatz","0.01","2","0.1","2","CES","0.5","1","1","1","10","10","1","0.9","77","36","0.45","0.48","0.2","0","0.002","0.001","true","1","no","0","0","60","0","0","0","0.005","false","false","false","2","2","0.5","0.5","1","1","32","4.083","4.083"
"5","800","watts-strogatz","0.01","2","0.1","2","CES","0.5","1","1","1","10","10","1","0.9","77","36","0.45","0.48","0.2","0","0.002","0.001","true","1","no","0","0","60","0","0","0","0.005","false","false","false","2","2","0.5","0.5","1","1","33","4.159","4.159"
"5","800","watts-strogatz","0.01","2","0.1","2","CES","0.5","1","1","1","10","10","1","0.9","77","36","0.45","0.48","0.2","0","0.002","0.001","true","1","no","0","0","60","0","0","0","0.005","false","false","false","2","2","0.5","0.5","1","1","34","4.233","4.233"
"5","800","watts-strogatz","0.01","2","0.1","2","CES","0.5","1","1","1","10","10","1","0.9","77","36","0.45","0.48","0.2","0","0.002","0.001","true","1","no","0","0","60","0","0","0","0.005","false","false","false","2","2","0.5","0.5","1","1","35","4.305","4.305"
"5","800","watts-strogatz","0.01","2","0.1","2","CES","0.5","1","1","1","10","10","1","0.9","77","36","0.45","0.48","0.2","0","0.002","0.001","true","1","no","0","0","60","0","0","0","0.005","false","false","false","2","2","0.5","0.5","1","1","36","4.376","4.376"
"5","800","watts-strogatz","0.01","2","0.1","2","CES","0.5","1","1","1","10","10","1","0.9","77","36","0.45","0.48","0.2","0","0.002","0.001","true","1","no","0","0","60","0","0","0","0.005","false","false","false","2","2","0.5","0.5","1","1","37","4.446","4.446"
"5","800","watts-strogatz","0.01","2","0.1","2","CES","0.5","1","1","1","10","10","1","0.9","77","36","0.45","0.48","0.2","0","0.002","0.001","true","1","no","0","0","60","0","0","0","0.005","false","false","false","2","2","0.5","0.5","1","1","38","4.514","4.514"
"5","800","watts-strogatz","0.01","2","0.1","2","CES","0.5","1","1","1","10","10","1","0.9","77","36","0.45","0.48","0.2","0","0.002","0.001","true","1","no","0","0","60","0","0","0","0.005","false","false","false","2","2","0.5","0.5","1","1","39","4.581","4.581"
"5","800","watts-strogatz","0.01","2","0.1","2","CES","0.5","1","1","1","10","10","1","0.9","77","36","0.45","0.48","0.2","0","0.002","0.001","true","1","no","0","0","60","0","0","0","0.005","false","false","false","2","2","0.5","0.5","1","1","40","4.646","4.646"
"5","800","watts-strogatz","0.01","2","0.1","2","CES","0.5","1","1","1","10","10","1","0.9","77","36","0.45","0.48","0.2","0","0.002","0.001","true","1","no","0","0","60","0","0","0","0.005","false","false","false","2","2","0.5","0.5","1","1","41","4.71","4.71"
"5","800","watts-strogatz","0.01","2","0.1","2","CES","0.5","1","1","1","10","10","1","0.9","77","36","0.45","0.48","0.2","0","0.002","0.001","true","1","no","0","0","60","0","0","0","0.005","false","false","false","2","2","0.5","0.5","1","1","42","4.772","4.772"
"5","800","watts-strogatz","0.01","2","0.1","2","CES","0.5","1","1","1","10","10","1","0.9","77","36","0.45","0.48","0.2","0","0.002","0.001","true","1","no","0","0","60","0","0","0","0.005","false","false","false","2","2","0.5","0.5","1","1","43","4.835","4.835"
"5","800","watts-strogatz","0.01","2","0.1","2","CES","0.5","1","1","1","10","10","1","0.9","77","36","0.45","0.48","0.2","0","0.002","0.001","true","1","no","0","0","60","0","0","0","0.005","false","false","false","2","2","0.5","0.5","1","1","44","4.896","4.896"
"5","800","watts-strogatz","0.01","2","0.1","2","CES","0.5","1","1","1","10","10","1","0.9","77","36","0.45","0.48","0.2","0","0.002","0.001","true","1","no","0","0","60","0","0","0","0.005","false","false","false","2","2","0.5","0.5","1","1","45","4.957","4.957"
"5","800","watts-strogatz","0.01","2","0.1","2","CES","0.5","1","1","1","10","10","1","0.9","77","36","0.45","0.48","0.2","0","0.002","0.001","true","1","no","0","0","60","0","0","0","0.005","false","false","false","2","2","0.5","0.5","1","1","46","5.016","5.016"
"5","800","watts-strogatz","0.01","2","0.1","2","CES","0.5","1","1","1","10","10","1","0.9","77","36","0.45","0.48","0.2","0","0.002","0.001","true","1","no","0","0","60","0","0","0","0.005","false","false","false","2","2","0.5","0.5","1","1","47","5.075","5.075"
"5","800","watts-strogatz","0.01","2","0.1","2","CES","0.5","1","1","1","10","10","1","0.9","77","36","0.45","0.48","0.2","0","0.002","0.001","true","1","no","0","0","60","0","0","0","0.005","false","false","false","2","2","0.5","0.5","1","1","48","5.134","5.134"
"5","800","watts-strogatz","0.01","2","0.1","2","CES","0.5","1","1","1","10","10","1","0.9","77","36","0.45","0.48","0.2","0","0.002","0.001","true","1","no","0","0","60","0","0","0","0.005","false","false","false","2","2","0.5","0.5","1","1","49","5.191","5.191"
"5","800","watts-strogatz","0.01","2","0.1","2","CES","0.5","1","1","1","10","10","1","0.9","77","36","0.45","0.48","0.2","0","0.002","0.001","true","1","no","0","0","60","0","0","0","0.005","false","false","false","2","2","0.5","0.5","1","1","50","5.248","5.248"
"6","800","watts-strogatz","0.01","2","0.1","2","CES","0.5","1","1","1","10","10","1","0.9","77","36","0.45","0.48","0.2","0","0.002","0.001","true","1","no","0","0","60","0","0","0","0.005","false","false","false","2","2","0.5","0.5","1","1","0","0.019","0"
"6","800","watts-strogatz","0.01","2","0.1","2","CES","0.5","1","1","1","10","10","1","0.9","77","36","0.45","0.48","0.2","0","0.002","0.001","true","1","no","0","0","60","0","0","0","0.005","false","false","false","2","2","0.5","0.5","1","1","1","0.323","0.323"
"6","800","watts-strogatz","0.01","2","0.1","2","CES","0.5","1","1","1","10","10","1","0.9","77","36","0.45","0.48","0.2","0","0.002","0.001","true","1","no","0","0","60","0","0","0","0.005","false","false","false","2","2","0.5","0.5","1","1","2","0.536","0.536"
"6","800","watts-strogatz","0.01","2","0.1","2","CES","0.5","1","1","1","10","10","1","0.9","77","36","0.45","0.48","0.2","0","0.002","0.001","true","1","no","0","0","60","0","0","0","0.005","false","false","false","2","2","0.5","0.5","1","1","3","0.727","0.727"
"6","800","watts-strogatz","0.01","2","0.1","2","CES","0.5","1","1","1","10","10","1","0.9","77","36","0.45","0.48","0.2","0","0.002","0.001","true","1","no","0","0","60","0","0","0","0.005","false","false","false","2","2","0.5","0.5","1","1","4","0.905","0.905"
"6","800","watts-strogatz","0.01","2","0.1","2","CES","0.5","1","1","1","10","10","1","0.9","77","36","0.45","0.48","0.2","0","0.002","0.001","true","1","no","0","0","60","0","0","0","0.005","false","false","false","2","2","0.5","0.5","1","1","5","1.077","1.077"
"6","800","watts-strogatz","0.01","2","0.1","2","CES","0.5","1","1","1","10","10","1","0.9","77","36","0.45","0.48","0.2","0","0.002","0.001","true","1","no","0","0","60","0","0","0","0.005","false","false","false","2","2","0.5","0.5","1","1","6","1.239","1.239"
"6","800","watts-strogatz","0.01","2","0.1","2","CES","0.5","1","1","1","10","10","1","0.9","77","36","0.45","0.48","0.2","0","0.002","0.001","true","1","no","0","0","60","0","0","0","0.005","false","false","false","2","2","0.5","0.5","1","1","7","1.394","1.394"
"6","800","watts-strogatz","0.01","2","0.1","2","CES","0.5","1","1","1","10","10","1","0.9","77","36","0.45","0.48","0.2","0","0.002","0.001","true","1","no","0","0","60","0","0","0","0.005","false","false","false","2","2","0.5","0.5","1","1","8","1.544","1.544"
"6","800","watts-strogatz","0.01","2","0.1","2","CES","0.5","1","1","1","10","10","1","0.9","77","36","0.45","0.48","0.2","0","0.002","0.001","true","1","no","0","0","60","0","0","0","0.005","false","false","false","2","2","0.5","0.5","1","1","9","1.689","1.689"
"6","800","watts-strogatz","0.01","2","0.1","2","CES","0.5","1","1","1","10","10","1","0.9","77","36","0.45","0.48","0.2","0","0.002","0.001","true","1","no","0","0","60","0","0","0","0.005","false","false","false","2","2","0.5","0.5","1","1","10","1.828","1.828"
"6","800","watts-strogatz","0.01","2","0.1","2","CES","0.5","1","1","1","10","10","1","0.9","77","36","0.45","0.48","0.2","0","0.002","0.001","true","1","no","0","0","60","0","0","0","0.005","false","false","false","2","2","0.5","0.5","1","1","11","1.963","1.963"
"6","800","watts-strogatz","0.01","2","0.1","2","CES","0.5","1","1","1","10","10","1","0.9","77","36","0.45","0.48","0.2","0","0.002","0.001","true","1","no","0","0","60","0","0","0","0.005","false","false","false","2","2","0.5","0.5","1","1","12","2.094","2.093"
"6","800","watts-strogatz","0.01","2","0.1","2","CES","0.5","1","1","1","10","10","1","0.9","77","36","0.45","0.48","0.2","0","0.002","0.001","true","1","no","0","0","60","0","0","0","0.005","false","false","false","2","2","0.5","0.5","1","1","13","2.22","2.22"
"6","800","watts-strogatz","0.01","2","0.1","2","CES","0.5","1","1","1","10","10","1","0.9","77","36","0.45","0.48","0.2","0","0.002","0.001","true","1","no","0","0","60","0","0","0","0.005","false","false","false","2","2","0.5","0.5","1","1","14","2.341","2.341"
"6","800","watts-strogatz","0.01","2","0.1","2","CES","0.5","1","1","1","10","10","1","0.9","77","36","0.45","0.48","0.2","0","0.002","0.001","true","1","no","0","0","60","0","0","0","0.005","false","false","false","2","2","0.5","0.5","1","1","15","2.46","2.46"
"6","800","watts-strogatz","0.01","2","0.1","2","CES","0.5","1","1","1","10","10","1","0.9","77","36","0.45","0.48","0.2","0","0.002","0.001","true","1","no","0","0","60","0","0","0","0.005","false","false","false","2","2","0.5","0.5","1","1","16","2.575","2.575"
"6","800","watts-strogatz","0.01","2","0.1","2","CES","0.5","1","1","1","10","10","1","0.9","77","36","0.45","0.48","0.2","0","0.002","0.001","true","1","no","0","0","60","0","0","0","0.005","false","false","false","2","2","0.5","0.5","1","1","17","2.687","2.687"
"6","800","watts-strogatz","0.01","2","0.1","2","CES","0.5","1","1","1","10","10","1","0.9","77","36","0.45","0.48","0.2","0","0.002","0.001","true","1","no","0","0","60","0","0","0","0.005","false","false","false","2","2","0.5","0.5","1","1","18","2.8","2.8"
"6","800","watts-strogatz","0.01","2","0.1","2","CES","0.5","1","1","1","10","10","1","0.9","77","36","0.45","0.48","0.2","0","0.002","0.001","true","1","no","0","0","60","0","0","0","0.005","false","false","false","2","2","0.5","0.5","1","1","19","2.903","2.903"
"6","800","watts-strogatz","0.01","2","0.1","2","CES","0.5","1","1","1","10","10","1","0.9","77","36","0.45","0.48","0.2","0","0.002","0.001","true","1","no","0","0","60","0","0","0","0.005","false","false","false","2","2","0.5","0.5","1","1","20","3.002","3.002"
"6","800","watts-strogatz","0.01","2","0.1","2","CES","0.5","1","1","1","10","10","1","0.9","77","36","0.45","0.48","0.2","0","0.002","0.001","true","1","no","0","0","60","0","0","0","0.005","false","false","false","2","2","0.5","0.5","1","1","21","3.096","3.095"
"6","800","watts-strogatz","0.01","2","0.1","2","CES","0.5","1","1","1","10","10","1","0.9","77","36","0.45","0.48","0.2","0","0.002","0.001","true","1","no","0","0","60","0","0","0","0.005","false","false","false","2","2","0.5","0.5","1","1","22","3.189","3.189"
"6","800","watts-strogatz","0.01","2","0.1","2","CES","0.5","1","1","1","10","10","1","0.9","77","36","0.45","0.48","0.2","0","0.002","0.001","true","1","no","0","0","60","0","0","0","0.005","false","false","false","2","2","0.5","0.5","1","1","23","3.282","3.282"
"6","800","watts-strogatz","0.01","2","0.1","2","CES","0.5","1","1","1","10","10","1","0.9","77","36","0.45","0.48","0.2","0","0.002","0.001","true","1","no","0","0","60","0","0","0","0.005","false","false","false","2","2","0.5","0.5","1","1","24","3.373","3.373"
"6","800","watts-strogatz","0.01","2","0.1","2","CES","0.5","1","1","1","10","10","1","0.9","77","36","0.45","0.48","0.2","0","0.002","0.001","true","1","no","0","0","60","0","0","0","0.005","false","false","false","2","2","0.5","0.5","1","1","25","3.462","3.462"
"6","800","watts-strogatz","0.01","2","0.1","2","CES","0.5","1","1","1","10","10","1","0.9","77","36","0.45","0.48","0.2","0","0.002","0.001","true","1","no","0","0","60","0","0","0","0.005","false","false","false","2","2","0.5","0.5","1","1","26","3.547","3.546"
"6","800","watts-strogatz","0.01","2","0.1","2","CES","0.5","1","1","1","10","10","1","0.9","77","36","0.45","0.48","0.2","0","0.002","0.001","true","1","no","0","0","60","0","0","0","0.005","false","false","false","2","2","0.5","0.5","1","1","27","3.631","3.631"
"6","800","watts-strogatz","0.01","2","0.1","2","CES","0.5","1","1","1","10","10","1","0.9","77","36","0.45","0.48","0.2","0","0.002","0.001","true","1","no","0","0","60","0","0","0","0.005","false","false","false","2","2","0.5","0.5","1","1","28","3.71","3.71"
"6","800","watts-strogatz","0.01","2","0.1","2","CES","0.5","1","1","1","10","10","1","0.9","77","36","0.45","0.48","0.2","0","0.002","0.001","true","1","no","0","0","60","0","0","0","0.005","false","false","false","2","2","0.5","0.5","1","1","29","3.79","3.79"
"6","800","watts-strogatz","0.01","2","0.1","2","CES","0.5","1","1","1","10","10","1","0.9","77","36","0.45","0.48","0.2","0","0.002","0.001","true","1","no","0","0","60","0","0","0","0.005","false","false","false","2","2","0.5","0.5","1","1","30","3.867","3.866"
"6","800","watts-strogatz","0.01","2","0.1","2","CES","0.5","1","1","1","10","10","1","0.9","77","36","0.45","0.48","0.2","0","0.002","0.001","true","1","no","0","0","60","0","0","0","0.005","false","false","false","2","2","0.5","0.5","1","1","31","3.943","3.943"
"6","800","watts-strogatz","0.01","2","0.1","2","CES","0.5","1","1","1","10","10","1","0.9","77","36","0.45","0.48","0.2","0","0.002","0.001","true","1","no","0","0","60","0","0","0","0.005","false","false","false","2","2","0.5","0.5","1","1","32","4.017","4.017"
"6","800","watts-strogatz","0.01","2","0.1","2","CES","0.5","1","1","1","10","10","1","0.9","77","36","0.45","0.48","0.2","0","0.002","0.001","true","1","no","0","0","60","0","0","0","0.005","false","false","false","2","2","0.5","0.5","1","1","33","4.092","4.092"
"6","800","watts-strogatz","0.01","2","0.1","2","CES","0.5","1","1","1","10","10","1","0.9","77","36","0.45","0.48","0.2","0","0.002","0.001","true","1","no","0","0","60","0","0","0","0.005","false","false","false","2","2","0.5","0.5","1","1","34","4.165","4.164"
"6","800","watts-strogatz","0.01","2","0.1","2","CES","0.5","1","1","1","10","10","1","0.9","77","36","0.45","0.48","0.2","0","0.002","0.001","true","1","no","0","0","60","0","0","0","0.005","false","false","false","2","2","0.5","0.5","1","1","35","4.236","4.236"
"6","800","watts-strogatz","0.01","2","0.1","2","CES","0.5","1","1","1","10","10","1","0.9","77","36","0.45","0.48","0.2","0","0.002","0.001","true","1","no","0","0","60","0","0","0","0.005","false","false","false","2","2","0.5","0.5","1","1","36","4.306","4.306"
"6","800","watts-strogatz","0.01","2","0.1","2","CES","0.5","1","1","1","10","10","1","0.9","77","36","0.45","0.48","0.2","0","0.002","0.001","true","1","no","0","0","60","0","0","0","0.005","false","false","false","2","2","0.5","0.5","1","1","37","4.374","4.374"
"6","800","watts-strogatz","0.01","2","0.1","2","CES","0.5","1","1","1","10","10","1","0.9","77","36","0.45","0.48","0.2","0","0.002","0.001","true","1","no","0","0","60","0","0","0","0.005","false","false","false","2","2","0.5","0.5","1","1","38","4.441","4.441"
"6","800","watts-strogatz","0.01","2","0.1","2","CES","0.5","1","1","1","10","10","1","0.9","77","36","0.45","0.48","0.2","0","0.002","0.001","true","1","no","0","0","60","0","0","0","0.005","false","false","false","2","2","0.5","0.5","1","1","39","4.506","4.506"
"6","800","watts-strogatz","0.01","2","0.1","2","CES","0.5","1","1","1","10","10","1","0.9","77","36","0.45","0.48","0.2","0","0.002","0.001","true","1","no","0","0","60","0","0","0","0.005","false","false","false","2","2","0.5","0.5","1","1","40","4.571","4.571"
"6","800","watts-strogatz","0.01","2","0.1","2","CES","0.5","1","1","1","10","10","1","0.9","77","36","0.45","0.48","0.2","0","0.002","0.001","true","1","no","0","0","60","0","0","0","0.005","false","false","false","2","2","0.5","0.5","1","1","41","4.633","4.633"
"6","800","watts-strogatz","0.01","2","0.1","2","CES","0.5","1","1","1","10","10","1","0.9","77","36","0.45","0.48","0.2","0","0.002","0.001","true","1","no","0","0","60","0","0","0","0.005","false","false","false","2","2","0.5","0.5","1","1","42","4.695","4.694"
"6","800","watts-strogatz","0.01","2","0.1","2","CES","0.5","1","1","1","10","10","1","0.9","77","36","0.45","0.48","0.2","0","0.002","0.001","true","1","no","0","0","60","0","0","0","0.005","false","false","false","2","2","0.5","0.5","1","1","43","4.756","4.756"
"6","800","watts-strogatz","0.01","2","0.1","2","CES","0.5","1","1","1","10","10","1","0.9","77","36","0.45","0.48","0.2","0","0.002","0.001","true","1","no","0","0","60","0","0","0","0.005","false","false","false","2","2","0.5","0.5","1","1","44","4.817","4.817"
"6","800","watts-strogatz","0.01","2","0.1","2","CES","0.5","1","1","1","10","10","1","0.9","77","36","0.45","0.48","0.2","0","0.002","0.001","true","1","no","0","0","60","0","0","0","0.005","false","false","false","2","2","0.5","0.5","1","1","45","4.877","4.877"
"6","800","watts-strogatz","0.01","2","0.1","2","CES","0.5","1","1","1","10","10","1","0.9","77","36","0.45","0.48","0.2","0","0.002","0.001","true","1","no","0","0","60","0","0","0","0.005","false","false","false","2","2","0.5","0.5","1","1","46","4.936","4.935"
"6","800","watts-strogatz","0.01","2","0.1","2","CES","0.5","1","1","1","10","10","1","0.9","77","36","0.45","0.48","0.2","0","0.002","0.001","true","1","no","0","0","60","0","0","0","0.005","false","false","false","2","2","0.5","0.5","1","1","47","4.995","4.995"
"6","800","watts-strogatz","0.01","2","0.1","2","CES","0.5","1","1","1","10","10","1","0.9","77","36","0.45","0.48","0.2","0","0.002","0.001","true","1","no","0","0","60","0","0","0","0.005","false","false","false","2","2","0.5","0.5","1","1","48","5.05","5.05"
"6","800","watts-strogatz","0.01","2","0.1","2","CES","0.5","1","1","1","10","10","1","0.9","77","36","0.45","0.48","0.2","0","0.002","0.001","true","1","no","0","0","60","0","0","0","0.005","false","false","false","2","2","0.5","0.5","1","1","49","5.105","5.105"
"6","800","watts-strogatz","0.01","2","0.1","2","CES","0.5","1","1","1","10","10","1","0.9","77","36","0.45","0.48","0.2","0","0.002","0.001","true","1","no","0","0","60","0","0","0","0.005","false","false","false","2","2","0.5","0.5","1","1","50","5.159","5.159"
"7","800","watts-strogatz","0.01","2","0.1","2","CES","0.5","1","1","1","10","10","1","0.9","77","36","0.45","0.48","0.2","0","0.002","0.001","true","1","no","0","0","60","0","0","0","0.005","false","false","false","2","2","0.5","0.5","1","1","0","0.016","0"
"7","800","watts-strogatz","0.01","2","0.1","2","CES","0.5","1","1","1","10","10","1","0.9","77","36","0.45","0.48","0.2","0","0.002","0.001","true","1","no","0","0","60","0","0","0","0.005","false","false","false","2","2","0.5","0.5","1","1","1","0.316","0.315"
"7","800","watts-strogatz","0.01","2","0.1","2","CES","0.5","1","1","1","10","10","1","0.9","77","36","0.45","0.48","0.2","0","0.002","0.001","true","1","no","0","0","60","0","0","0","0.005","false","false","false","2","2","0.5","0.5","1","1","2","0.524","0.524"
"7","800","watts-strogatz","0.01","2","0.1","2","CES","0.5","1","1","1","10","10","1","0.9","77","36","0.45","0.48","0.2","0","0.002","0.001","true","1","no","0","0","60","0","0","0","0.005","false","false","false","2","2","0.5","0.5","1","1","3","0.708","0.708"
"7","800","watts-strogatz","0.01","2","0.1","2","CES","0.5","1","1","1","10","10","1","0.9","77","36","0.45","0.48","0.2","0","0.002","0.001","true","1","no","0","0","60","0","0","0","0.005","false","false","false","2","2","0.5","0.5","1","1","4","0.881","0.881"
"7","800","watts-strogatz","0.01","2","0.1","2","CES","0.5","1","1","1","10","10","1","0.9","77","36","0.45","0.48","0.2","0","0.002","0.001","true","1","no","0","0","60","0","0","0","0.005","false","false","false","2","2","0.5","0.5","1","1","5","1.046","1.045"
"7","800","watts-strogatz","0.01","2","0.1","2","CES","0.5","1","1","1","10","10","1","0.9","77","36","0.45","0.48","0.2","0","0.002","0.001","true","1","no","0","0","60","0","0","0","0.005","false","false","false","2","2","0.5","0.5","1","1","6","1.203","1.203"
"7","800","watts-strogatz","0.01","2","0.1","2","CES","0.5","1","1","1","10","10","1","0.9","77","36","0.45","0.48","0.2","0","0.002","0.001","true","1","no","0","0","60","0","0","0","0.005","false","false","false","2","2","0.5","0.5","1","1","7","1.355","1.354"
"7","800","watts-strogatz","0.01","2","0.1","2","CES","0.5","1","1","1","10","10","1","0.9","77","36","0.45","0.48","0.2","0","0.002","0.001","true","1","no","0","0","60","0","0","0","0.005","false","false","false","2","2","0.5","0.5","1","1","8","1.501","1.501"
"7","800","watts-strogatz","0.01","2","0.1","2","CES","0.5","1","1","1","10","10","1","0.9","77","36","0.45","0.48","0.2","0","0.002","0.001","true","1","no","0","0","60","0","0","0","0.005","false","false","false","2","2","0.5","0.5","1","1","9","1.641","1.641"
"7","800","watts-strogatz","0.01","2","0.1","2","CES","0.5","1","1","1","10","10","1","0.9","77","36","0.45","0.48","0.2","0","0.002","0.001","true","1","no","0","0","60","0","0","0","0.005","false","false","false","2","2","0.5","0.5","1","1","10","1.778","1.778"
"7","800","watts-strogatz","0.01","2","0.1","2","CES","0.5","1","1","1","10","10","1","0.9","77","36","0.45","0.48","0.2","0","0.002","0.001","true","1","no","0","0","60","0","0","0","0.005","false","false","false","2","2","0.5","0.5","1","1","11","1.911","1.911"
"7","800","watts-strogatz","0.01","2","0.1","2","CES","0.5","1","1","1","10","10","1","0.9","77","36","0.45","0.48","0.2","0","0.002","0.001","true","1","no","0","0","60","0","0","0","0.005","false","false","false","2","2","0.5","0.5","1","1","12","2.04","2.04"
"7","800","watts-strogatz","0.01","2","0.1","2","CES","0.5","1","1","1","10","10","1","0.9","77","36","0.45","0.48","0.2","0","0.002","0.001","true","1","no","0","0","60","0","0","0","0.005","false","false","false","2","2","0.5","0.5","1","1","13","2.163","2.163"
"7","800","watts-strogatz","0.01","2","0.1","2","CES","0.5","1","1","1","10","10","1","0.9","77","36","0.45","0.48","0.2","0","0.002","0.001","true","1","no","0","0","60","0","0","0","0.005","false","false","false","2","2","0.5","0.5","1","1","14","2.283","2.283"
"7","800","watts-strogatz","0.01","2","0.1","2","CES","0.5","1","1","1","10","10","1","0.9","77","36","0.45","0.48","0.2","0","0.002","0.001","true","1","no","0","0","60","0","0","0","0.005","false","false","false","2","2","0.5","0.5","1","1","15","2.398","2.398"
"7","800","watts-strogatz","0.01","2","0.1","2","CES","0.5","1","1","1","10","10","1","0.9","77","36","0.45","0.48","0.2","0","0.002","0.001","true","1","no","0","0","60","0","0","0","0.005","false","false","false","2","2","0.5","0.5","1","1","16","2.511","2.511"
"7","800","watts-strogatz","0.01","2","0.1","2","CES","0.5","1","1","1","10","10","1","0.9","77","36","0.45","0.48","0.2","0","0.002","0.001","true","1","no","0","0","60","0","0","0","0.005","false","false","false","2","2","0.5","0.5","1","1","17","2.62","2.62"
"7","800","watts-strogatz","0.01","2","0.1","2","CES","0.5","1","1","1","10","10","1","0.9","77","36","0.45","0.48","0.2","0","0.002","0.001","true","1","no","0","0","60","0","0","0","0.005","false","false","false","2","2","0.5","0.5","1","1","18","2.73","2.73"
"7","800","watts-strogatz","0.01","2","0.1","2","CES","0.5","1","1","1","10","10","1","0.9","77","36","0.45","0.48","0.2","0","0.002","0.001","true","1","no","0","0","60","0","0","0","0.005","false","false","false","2","2","0.5","0.5","1","1","19","2.834","2.834"
"7","800","watts-strogatz","0.01","2","0.1","2","CES","0.5","1","1","1","10","10","1","0.9","77","36","0.45","0.48","0.2","0","0.002","0.001","true","1","no","0","0","60","0","0","0","0.005","false","false","false","2","2","0.5","0.5","1","1","20","2.933","2.933"
"7","800","watts-strogatz","0.01","2","0.1","2","CES","0.5","1","1","1","10","10","1","0.9","77","36","0.45","0.48","0.2","0","0.002","0.001","true","1","no","0","0","60","0","0","0","0.005","false","false","false","2","2","0.5","0.5","1","1","21","3.029","3.029"
"7","800","watts-strogatz","0.01","2","0.1","2","CES","0.5","1","1","1","10","10","1","0.9","77","36","0.45","0.48","0.2","0","0.002","0.001","true","1","no","0","0","60","0","0","0","0.005","false","false","false","2","2","0.5","0.5","1","1","22","3.125","3.125"
"7","800","watts-strogatz","0.01","2","0.1","2","CES","0.5","1","1","1","10","10","1","0.9","77","36","0.45","0.48","0.2","0","0.002","0.001","true","1","no","0","0","60","0","0","0","0.005","false","false","false","2","2","0.5","0.5","1","1","23","3.218","3.218"
"7","800","watts-strogatz","0.01","2","0.1","2","CES","0.5","1","1","1","10","10","1","0.9","77","36","0.45","0.48","0.2","0","0.002","0.001","true","1","no","0","0","60","0","0","0","0.005","false","false","false","2","2","0.5","0.5","1","1","24","3.311","3.31"
"7","800","watts-strogatz","0.01","2","0.1","2","CES","0.5","1","1","1","10","10","1","0.9","77","36","0.45","0.48","0.2","0","0.002","0.001","true","1","no","0","0","60","0","0","0","0.005","false","false","false","2","2","0.5","0.5","1","1","25","3.398","3.398"
"7","800","watts-strogatz","0.01","2","0.1","2","CES","0.5","1","1","1","10","10","1","0.9","77","36","0.45","0.48","0.2","0","0.002","0.001","true","1","no","0","0","60","0","0","0","0.005","false","false","false","2","2","0.5","0.5","1","1","26","3.484","3.484"
"7","800","watts-strogatz","0.01","2","0.1","2","CES","0.5","1","1","1","10","10","1","0.9","77","36","0.45","0.48","0.2","0","0.002","0.001","true","1","no","0","0","60","0","0","0","0.005","false","false","false","2","2","0.5","0.5","1","1","27","3.568","3.568"
"7","800","watts-strogatz","0.01","2","0.1","2","CES","0.5","1","1","1","10","10","1","0.9","77","36","0.45","0.48","0.2","0","0.002","0.001","true","1","no","0","0","60","0","0","0","0.005","false","false","false","2","2","0.5","0.5","1","1","28","3.648","3.648"
"7","800","watts-strogatz","0.01","2","0.1","2","CES","0.5","1","1","1","10","10","1","0.9","77","36","0.45","0.48","0.2","0","0.002","0.001","true","1","no","0","0","60","0","0","0","0.005","false","false","false","2","2","0.5","0.5","1","1","29","3.729","3.729"
"7","800","watts-strogatz","0.01","2","0.1","2","CES","0.5","1","1","1","10","10","1","0.9","77","36","0.45","0.48","0.2","0","0.002","0.001","true","1","no","0","0","60","0","0","0","0.005","false","false","false","2","2","0.5","0.5","1","1","30","3.809","3.809"
"7","800","watts-strogatz","0.01","2","0.1","2","CES","0.5","1","1","1","10","10","1","0.9","77","36","0.45","0.48","0.2","0","0.002","0.001","true","1","no","0","0","60","0","0","0","0.005","false","false","false","2","2","0.5","0.5","1","1","31","3.886","3.886"
"7","800","watts-strogatz","0.01","2","0.1","2","CES","0.5","1","1","1","10","10","1","0.9","77","36","0.45","0.48","0.2","0","0.002","0.001","true","1","no","0","0","60","0","0","0","0.005","false","false","false","2","2","0.5","0.5","1","1","32","3.961","3.961"
"7","800","watts-strogatz","0.01","2","0.1","2","CES","0.5","1","1","1","10","10","1","0.9","77","36","0.45","0.48","0.2","0","0.002","0.001","true","1","no","0","0","60","0","0","0","0.005","false","false","false","2","2","0.5","0.5","1","1","33","4.034","4.034"
"7","800","watts-strogatz","0.01","2","0.1","2","CES","0.5","1","1","1","10","10","1","0.9","77","36","0.45","0.48","0.2","0","0.002","0.001","true","1","no","0","0","60","0","0","0","0.005","false","false","false","2","2","0.5","0.5","1","1","34","4.109","4.109"
"7","800","watts-strogatz","0.01","2","0.1","2","CES","0.5","1","1","1","10","10","1","0.9","77","36","0.45","0.48","0.2","0","0.002","0.001","true","1","no","0","0","60","0","0","0","0.005","false","false","false","2","2","0.5","0.5","1","1","35","4.179","4.179"
"7","800","watts-strogatz","0.01","2","0.1","2","CES","0.5","1","1","1","10","10","1","0.9","77","36","0.45","0.48","0.2","0","0.002","0.001","true","1","no","0","0","60","0","0","0","0.005","false","false","false","2","2","0.5","0.5","1","1","36","4.248","4.248"
"7","800","watts-strogatz","0.01","2","0.1","2","CES","0.5","1","1","1","10","10","1","0.9","77","36","0.45","0.48","0.2","0","0.002","0.001","true","1","no","0","0","60","0","0","0","0.005","false","false","false","2","2","0.5","0.5","1","1","37","4.315","4.315"
"7","800","watts-strogatz","0.01","2","0.1","2","CES","0.5","1","1","1","10","10","1","0.9","77","36","0.45","0.48","0.2","0","0.002","0.001","true","1","no","0","0","60","0","0","0","0.005","false","false","false","2","2","0.5","0.5","1","1","38","4.381","4.381"
"7","800","watts-strogatz","0.01","2","0.1","2","CES","0.5","1","1","1","10","10","1","0.9","77","36","0.45","0.48","0.2","0","0.002","0.001","true","1","no","0","0","60","0","0","0","0.005","false","false","false","2","2","0.5","0.5","1","1","39","4.446","4.446"
"7","800","watts-strogatz","0.01","2","0.1","2","CES","0.5","1","1","1","10","10","1","0.9","77","36","0.45","0.48","0.2","0","0.002","0.001","true","1","no","0","0","60","0","0","0","0.005","false","false","false","2","2","0.5","0.5","1","1","40","4.51","4.51"
"7","800","watts-strogatz","0.01","2","0.1","2","CES","0.5","1","1","1","10","10","1","0.9","77","36","0.45","0.48","0.2","0","0.002","0.001","true","1","no","0","0","60","0","0","0","0.005","false","false","false","2","2","0.5","0.5","1","1","41","4.573","4.573"
"7","800","watts-strogatz","0.01","2","0.1","2","CES","0.5","1","1","1","10","10","1","0.9","77","36","0.45","0.48","0.2","0","0.002","0.001","true","1","no","0","0","60","0","0","0","0.005","false","false","false","2","2","0.5","0.5","1","1","42","4.636","4.636"
"7","800","watts-strogatz","0.01","2","0.1","2","CES","0.5","1","1","1","10","10","1","0.9","77","36","0.45","0.48","0.2","0","0.002","0.001","true","1","no","0","0","60","0","0","0","0.005","false","false","false","2","2","0.5","0.5","1","1","43","4.699","4.699"
"7","800","watts-strogatz","0.01","2","0.1","2","CES","0.5","1","1","1","10","10","1","0.9","77","36","0.45","0.48","0.2","0","0.002","0.001","true","1","no","0","0","60","0","0","0","0.005","false","false","false","2","2","0.5","0.5","1","1","44","4.759","4.759"
"7","800","watts-strogatz","0.01","2","0.1","2","CES","0.5","1","1","1","10","10","1","0.9","77","36","0.45","0.48","0.2","0","0.002","0.001","true","1","no","0","0","60","0","0","0","0.005","false","false","false","2","2","0.5","0.5","1","1","45","4.817","4.817"
"7","800","watts-strogatz","0.01","2","0.1","2","CES","0.5","1","1","1","10","10","1","0.9","77","36","0.45","0.48","0.2","0","0.002","0.001","true","1","no","0","0","60","0","0","0","0.005","false","false","false","2","2","0.5","0.5","1","1","46","4.875","4.875"
"7","800","watts-strogatz","0.01","2","0.1","2","CES","0.5","1","1","1","10","10","1","0.9","77","36","0.45","0.48","0.2","0","0.002","0.001","true","1","no","0","0","60","0","0","0","0.005","false","false","false","2","2","0.5","0.5","1","1","47","4.933","4.933"
"7","800","watts-strogatz","0.01","2","0.1","2","CES","0.5","1","1","1","10","10","1","0.9","77","36","0.45","0.48","0.2","0","0.002","0.001","true","1","no","0","0","60","0","0","0","0.005","false","false","false","2","2","0.5","0.5","1","1","48","4.99","4.99"
"7","800","watts-strogatz","0.01","2","0.1","2","CES","0.5","1","1","1","10","10","1","0.9","77","36","0.45","0.48","0.2","0","0.002","0.001","true","1","no","0","0","60","0","0","0","0.005","false","false","false","2","2","0.5","0.5","1","1","49","5.047","5.047"
"7","800","watts-strogatz","0.01","2","0.1","2","CES","0.5","1","1","1","10","10","1","0.9","77","36","0.45","0.48","0.2","0","0.002","0.001","true","1","no","0","0","60","0","0","0","0.005","false","false","false","2","2","0.5","0.5","1","1","50","5.103","5.103"
"8","800","watts-strogatz","0.01","2","0.1","2","CES","0.5","1","1","1","10","10","1","0.9","77","36","0.45","0.48","0.2","0","0.002","0.001","true","1","no","0","0","60","0","0","0","0.005","false","false","false","2","2","0.5","0.5","1","1","0","0.015","0"
"8","800","watts-strogatz","0.01","2","0.1","2","CES","0.5","1","1","1","10","10","1","0.9","77","36","0.45","0.48","0.2","0","0.002","0.001","true","1","no","0","0","60","0","0","0","0.005","false","false","false","2","2","0.5","0.5","1","1","1","0.319","0.319"
"8","800","watts-strogatz","0.01","2","0.1","2","CES","0.5","1","1","1","10","10","1","0.9","77","36","0.45","0.48","0.2","0","0.002","0.001","true","1","no","0","0","60","0","0","0","0.005","false","false","false","2","2","0.5","0.5","1","1","2","0.531","0.531"
"8","800","watts-strogatz","0.01","2","0.1","2","CES","0.5","1","1","1","10","10","1","0.9","77","36","0.45","0.48","0.2","0","0.002","0.001","true","1","no","0","0","60","0","0","0","0.005","false","false","false","2","2","0.5","0.5","1","1","3","0.72","0.72"
"8","800","watts-strogatz","0.01","2","0.1","2","CES","0.5","1","1","1","10","10","1","0.9","77","36","0.45","0.48","0.2","0","0.002","0.001","true","1","no","0","0","60","0","0","0","0.005","false","false","false","2","2","0.5","0.5","1","1","4","0.897","0.896"
"8","800","watts-strogatz","0.01","2","0.1","2","CES","0.5","1","1","1","10","10","1","0.9","77","36","0.45","0.48","0.2","0","0.002","0.001","true","1","no","0","0","60","0","0","0","0.005","false","false","false","2","2","0.5","0.5","1","1","5","1.064","1.064"
"8","800","watts-strogatz","0.01","2","0.1","2","CES","0.5","1","1","1","10","10","1","0.9","77","36","0.45","0.48","0.2","0","0.002","0.001","true","1","no","0","0","60","0","0","0","0.005","false","false","false","2","2","0.5","0.5","1","1","6","1.226","1.226"
"8","800","watts-strogatz","0.01","2","0.1","2","CES","0.5","1","1","1","10","10","1","0.9","77","36","0.45","0.48","0.2","0","0.002","0.001","true","1","no","0","0","60","0","0","0","0.005","false","false","false","2","2","0.5","0.5","1","1","7","1.384","1.384"
"8","800","watts-strogatz","0.01","2","0.1","2","CES","0.5","1","1","1","10","10","1","0.9","77","36","0.45","0.48","0.2","0","0.002","0.001","true","1","no","0","0","60","0","0","0","0.005","false","false","false","2","2","0.5","0.5","1","1","8","1.533","1.532"
"8","800","watts-strogatz","0.01","2","0.1","2","CES","0.5","1","1","1","10","10","1","0.9","77","36","0.45","0.48","0.2","0","0.002","0.001","true","1","no","0","0","60","0","0","0","0.005","false","false","false","2","2","0.5","0.5","1","1","9","1.676","1.676"
"8","800","watts-strogatz","0.01","2","0.1","2","CES","0.5","1","1","1","10","10","1","0.9","77","36","0.45","0.48","0.2","0","0.002","0.001","true","1","no","0","0","60","0","0","0","0.005","false","false","false","2","2","0.5","0.5","1","1","10","1.813","1.813"
"8","800","watts-strogatz","0.01","2","0.1","2","CES","0.5","1","1","1","10","10","1","0.9","77","36","0.45","0.48","0.2","0","0.002","0.001","true","1","no","0","0","60","0","0","0","0.005","false","false","false","2","2","0.5","0.5","1","1","11","1.946","1.946"
"8","800","watts-strogatz","0.01","2","0.1","2","CES","0.5","1","1","1","10","10","1","0.9","77","36","0.45","0.48","0.2","0","0.002","0.001","true","1","no","0","0","60","0","0","0","0.005","false","false","false","2","2","0.5","0.5","1","1","12","2.076","2.076"
"8","800","watts-strogatz","0.01","2","0.1","2","CES","0.5","1","1","1","10","10","1","0.9","77","36","0.45","0.48","0.2","0","0.002","0.001","true","1","no","0","0","60","0","0","0","0.005","false","false","false","2","2","0.5","0.5","1","1","13","2.201","2.201"
"8","800","watts-strogatz","0.01","2","0.1","2","CES","0.5","1","1","1","10","10","1","0.9","77","36","0.45","0.48","0.2","0","0.002","0.001","true","1","no","0","0","60","0","0","0","0.005","false","false","false","2","2","0.5","0.5","1","1","14","2.321","2.321"
"8","800","watts-strogatz","0.01","2","0.1","2","CES","0.5","1","1","1","10","10","1","0.9","77","36","0.45","0.48","0.2","0","0.002","0.001","true","1","no","0","0","60","0","0","0","0.005","false","false","false","2","2","0.5","0.5","1","1","15","2.439","2.438"
"8","800","watts-strogatz","0.01","2","0.1","2","CES","0.5","1","1","1","10","10","1","0.9","77","36","0.45","0.48","0.2","0","0.002","0.001","true","1","no","0","0","60","0","0","0","0.005","false","false","false","2","2","0.5","0.5","1","1","16","2.552","2.552"
"8","800","watts-strogatz","0.01","2","0.1","2","CES","0.5","1","1","1","10","10","1","0.9","77","36","0.45","0.48","0.2","0","0.002","0.001","true","1","no","0","0","60","0","0","0","0.005","false","false","false","2","2","0.5","0.5","1","1","17","2.664","2.664"
"8","800","watts-strogatz","0.01","2","0.1","2","CES","0.5","1","1","1","10","10","1","0.9","77","36","0.45","0.48","0.2","0","0.002","0.001","true","1","no","0","0","60","0","0","0","0.005","false","false","false","2","2","0.5","0.5","1","1","18","2.774","2.774"
"8","800","watts-strogatz","0.01","2","0.1","2","CES","0.5","1","1","1","10","10","1","0.9","77","36","0.45","0.48","0.2","0","0.002","0.001","true","1","no","0","0","60","0","0","0","0.005","false","false","false","2","2","0.5","0.5","1","1","19","2.878","2.878"
"8","800","watts-strogatz","0.01","2","0.1","2","CES","0.5","1","1","1","10","10","1","0.9","77","36","0.45","0.48","0.2","0","0.002","0.001","true","1","no","0","0","60","0","0","0","0.005","false","false","false","2","2","0.5","0.5","1","1","20","2.981","2.981"
"8","800","watts-strogatz","0.01","2","0.1","2","CES","0.5","1","1","1","10","10","1","0.9","77","36","0.45","0.48","0.2","0","0.002","0.001","true","1","no","0","0","60","0","0","0","0.005","false","false","false","2","2","0.5","0.5","1","1","21","3.081","3.081"
"8","800","watts-strogatz","0.01","2","0.1","2","CES","0.5","1","1","1","10","10","1","0.9","77","36","0.45","0.48","0.2","0","0.002","0.001","true","1","no","0","0","60","0","0","0","0.005","false","false","false","2","2","0.5","0.5","1","1","22","3.178","3.178"
"8","800","watts-strogatz","0.01","2","0.1","2","CES","0.5","1","1","1","10","10","1","0.9","77","36","0.45","0.48","0.2","0","0.002","0.001","true","1","no","0","0","60","0","0","0","0.005","false","false","false","2","2","0.5","0.5","1","1","23","3.272","3.272"
"8","800","watts-strogatz","0.01","2","0.1","2","CES","0.5","1","1","1","10","10","1","0.9","77","36","0.45","0.48","0.2","0","0.002","0.001","true","1","no","0","0","60","0","0","0","0.005","false","false","false","2","2","0.5","0.5","1","1","24","3.364","3.364"
"8","800","watts-strogatz","0.01","2","0.1","2","CES","0.5","1","1","1","10","10","1","0.9","77","36","0.45","0.48","0.2","0","0.002","0.001","true","1","no","0","0","60","0","0","0","0.005","false","false","false","2","2","0.5","0.5","1","1","25","3.454","3.454"
"8","800","watts-strogatz","0.01","2","0.1","2","CES","0.5","1","1","1","10","10","1","0.9","77","36","0.45","0.48","0.2","0","0.002","0.001","true","1","no","0","0","60","0","0","0","0.005","false","false","false","2","2","0.5","0.5","1","1","26","3.54","3.54"
"8","800","watts-strogatz","0.01","2","0.1","2","CES","0.5","1","1","1","10","10","1","0.9","77","36","0.45","0.48","0.2","0","0.002","0.001","true","1","no","0","0","60","0","0","0","0.005","false","false","false","2","2","0.5","0.5","1","1","27","3.626","3.626"
"8","800","watts-strogatz","0.01","2","0.1","2","CES","0.5","1","1","1","10","10","1","0.9","77","36","0.45","0.48","0.2","0","0.002","0.001","true","1","no","0","0","60","0","0","0","0.005","false","false","false","2","2","0.5","0.5","1","1","28","3.71","3.709"
"8","800","watts-strogatz","0.01","2","0.1","2","CES","0.5","1","1","1","10","10","1","0.9","77","36","0.45","0.48","0.2","0","0.002","0.001","true","1","no","0","0","60","0","0","0","0.005","false","false","false","2","2","0.5","0.5","1","1","29","3.79","3.79"
"8","800","watts-strogatz","0.01","2","0.1","2","CES","0.5","1","1","1","10","10","1","0.9","77","36","0.45","0.48","0.2","0","0.002","0.001","true","1","no","0","0","60","0","0","0","0.005","false","false","false","2","2","0.5","0.5","1","1","30","3.869","3.869"
"8","800","watts-strogatz","0.01","2","0.1","2","CES","0.5","1","1","1","10","10","1","0.9","77","36","0.45","0.48","0.2","0","0.002","0.001","true","1","no","0","0","60","0","0","0","0.005","false","false","false","2","2","0.5","0.5","1","1","31","3.946","3.946"
"8","800","watts-strogatz","0.01","2","0.1","2","CES","0.5","1","1","1","10","10","1","0.9","77","36","0.45","0.48","0.2","0","0.002","0.001","true","1","no","0","0","60","0","0","0","0.005","false","false","false","2","2","0.5","0.5","1","1","32","4.021","4.021"
"8","800","watts-strogatz","0.01","2","0.1","2","CES","0.5","1","1","1","10","10","1","0.9","77","36","0.45","0.48","0.2","0","0.002","0.001","true","1","no","0","0","60","0","0","0","0.005","false","false","false","2","2","0.5","0.5","1","1","33","4.093","4.093"
"8","800","watts-strogatz","0.01","2","0.1","2","CES","0.5","1","1","1","10","10","1","0.9","77","36","0.45","0.48","0.2","0","0.002","0.001","true","1","no","0","0","60","0","0","0","0.005","false","false","false","2","2","0.5","0.5","1","1","34","4.165","4.165"
"8","800","watts-strogatz","0.01","2","0.1","2","CES","0.5","1","1","1","10","10","1","0.9","77","36","0.45","0.48","0.2","0","0.002","0.001","true","1","no","0","0","60","0","0","0","0.005","false","false","false","2","2","0.5","0.5","1","1","35","4.234","4.234"
"8","800","watts-strogatz","0.01","2","0.1","2","CES","0.5","1","1","1","10","10","1","0.9","77","36","0.45","0.48","0.2","0","0.002","0.001","true","1","no","0","0","60","0","0","0","0.005","false","false","false","2","2","0.5","0.5","1","1","36","4.302","4.302"
"8","800","watts-strogatz","0.01","2","0.1","2","CES","0.5","1","1","1","10","10","1","0.9","77","36","0.45","0.48","0.2","0","0.002","0.001","true","1","no","0","0","60","0","0","0","0.005","false","false","false","2","2","0.5","0.5","1","1","37","4.369","4.369"
"8","800","watts-strogatz","0.01","2","0.1","2","CES","0.5","1","1","1","10","10","1","0.9","77","36","0.45","0.48","0.2","0","0.002","0.001","true","1","no","0","0","60","0","0","0","0.005","false","false","false","2","2","0.5","0.5","1","1","38","4.434","4.434"
"8","800","watts-strogatz","0.01","2","0.1","2","CES","0.5","1","1","1","10","10","1","0.9","77","36","0.45","0.48","0.2","0","0.002","0.001","true","1","no","0","0","60","0","0","0","0.005","false","false","false","2","2","0.5","0.5","1","1","39","4.498","4.498"
"8","800","watts-strogatz","0.01","2","0.1","2","CES","0.5","1","1","1","10","10","1","0.9","77","36","0.45","0.48","0.2","0","0.002","0.001","true","1","no","0","0","60","0","0","0","0.005","false","false","false","2","2","0.5","0.5","1","1","40","4.565","4.565"
"8","800","watts-strogatz","0.01","2","0.1","2","CES","0.5","1","1","1","10","10","1","0.9","77","36","0.45","0.48","0.2","0","0.002","0.001","true","1","no","0","0","60","0","0","0","0.005","false","false","false","2","2","0.5","0.5","1","1","41","4.629","4.629"
"8","800","watts-strogatz","0.01","2","0.1","2","CES","0.5","1","1","1","10","10","1","0.9","77","36","0.45","0.48","0.2","0","0.002","0.001","true","1","no","0","0","60","0","0","0","0.005","false","false","false","2","2","0.5","0.5","1","1","42","4.691","4.691"
"8","800","watts-strogatz","0.01","2","0.1","2","CES","0.5","1","1","1","10","10","1","0.9","77","36","0.45","0.48","0.2","0","0.002","0.001","true","1","no","0","0","60","0","0","0","0.005","false","false","false","2","2","0.5","0.5","1","1","43","4.751","4.751"
"8","800","watts-strogatz","0.01","2","0.1","2","CES","0.5","1","1","1","10","10","1","0.9","77","36","0.45","0.48","0.2","0","0.002","0.001","true","1","no","0","0","60","0","0","0","0.005","false","false","false","2","2","0.5","0.5","1","1","44","4.81","4.81"
"8","800","watts-strogatz","0.01","2","0.1","2","CES","0.5","1","1","1","10","10","1","0.9","77","36","0.45","0.48","0.2","0","0.002","0.001","true","1","no","0","0","60","0","0","0","0.005","false","false","false","2","2","0.5","0.5","1","1","45","4.868","4.868"
"8","800","watts-strogatz","0.01","2","0.1","2","CES","0.5","1","1","1","10","10","1","0.9","77","36","0.45","0.48","0.2","0","0.002","0.001","true","1","no","0","0","60","0","0","0","0.005","false","false","false","2","2","0.5","0.5","1","1","46","4.925","4.925"
"8","800","watts-strogatz","0.01","2","0.1","2","CES","0.5","1","1","1","10","10","1","0.9","77","36","0.45","0.48","0.2","0","0.002","0.001","true","1","no","0","0","60","0","0","0","0.005","false","false","false","2","2","0.5","0.5","1","1","47","4.981","4.981"
"8","800","watts-strogatz","0.01","2","0.1","2","CES","0.5","1","1","1","10","10","1","0.9","77","36","0.45","0.48","0.2","0","0.002","0.001","true","1","no","0","0","60","0","0","0","0.005","false","false","false","2","2","0.5","0.5","1","1","48","5.035","5.035"
"8","800","watts-strogatz","0.01","2","0.1","2","CES","0.5","1","1","1","10","10","1","0.9","77","36","0.45","0.48","0.2","0","0.002","0.001","true","1","no","0","0","60","0","0","0","0.005","false","false","false","2","2","0.5","0.5","1","1","49","5.09","5.09"
"8","800","watts-strogatz","0.01","2","0.1","2","CES","0.5","1","1","1","10","10","1","0.9","77","36","0.45","0.48","0.2","0","0.002","0.001","true","1","no","0","0","60","0","0","0","0.005","false","false","false","2","2","0.5","0.5","1","1","50","5.143","5.143"
"9","800","watts-strogatz","0.01","2","0.1","2","CES","0.5","1","1","1","10","10","1","0.9","77","36","0.45","0.48","0.2","0","0.002","0.001","true","1","no","0","0","60","0","0","0","0.005","false","false","false","2","2","0.5","0.5","1","1","0","0.017","0"
"9","800","watts-strogatz","0.01","2","0.1","2","CES","0.5","1","1","1","10","10","1","0.9","77","36","0.45","0.48","0.2","0","0.002","0.001","true","1","no","0","0","60","0","0","0","0.005","false","false","false","2","2","0.5","0.5","1","1","1","0.314","0.313"
"9","800","watts-strogatz","0.01","2","0.1","2","CES","0.5","1","1","1","10","10","1","0.9","77","36","0.45","0.48","0.2","0","0.002","0.001","true","1","no","0","0","60","0","0","0","0.005","false","false","false","2","2","0.5","0.5","1","1","2","0.52","0.52"
"9","800","watts-strogatz","0.01","2","0.1","2","CES","0.5","1","1","1","10","10","1","0.9","77","36","0.45","0.48","0.2","0","0.002","0.001","true","1","no","0","0","60","0","0","0","0.005","false","false","false","2","2","0.5","0.5","1","1","3","0.705","0.705"
"9","800","watts-strogatz","0.01","2","0.1","2","CES","0.5","1","1","1","10","10","1","0.9","77","36","0.45","0.48","0.2","0","0.002","0.001","true","1","no","0","0","60","0","0","0","0.005","false","false","false","2","2","0.5","0.5","1","1","4","0.874","0.874"
"9","800","watts-strogatz","0.01","2","0.1","2","CES","0.5","1","1","1","10","10","1","0.9","77","36","0.45","0.48","0.2","0","0.002","0.001","true","1","no","0","0","60","0","0","0","0.005","false","false","false","2","2","0.5","0.5","1","1","5","1.037","1.037"
"9","800","watts-strogatz","0.01","2","0.1","2","CES","0.5","1","1","1","10","10","1","0.9","77","36","0.45","0.48","0.2","0","0.002","0.001","true","1","no","0","0","60","0","0","0","0.005","false","false","false","2","2","0.5","0.5","1","1","6","1.193","1.193"
"9","800","watts-strogatz","0.01","2","0.1","2","CES","0.5","1","1","1","10","10","1","0.9","77","36","0.45","0.48","0.2","0","0.002","0.001","true","1","no","0","0","60","0","0","0","0.005","false","false","false","2","2","0.5","0.5","1","1","7","1.342","1.342"
"9","800","watts-strogatz","0.01","2","0.1","2","CES","0.5","1","1","1","10","10","1","0.9","77","36","0.45","0.48","0.2","0","0.002","0.001","true","1","no","0","0","60","0","0","0","0.005","false","false","false","2","2","0.5","0.5","1","1","8","1.487","1.487"
"9","800","watts-strogatz","0.01","2","0.1","2","CES","0.5","1","1","1","10","10","1","0.9","77","36","0.45","0.48","0.2","0","0.002","0.001","true","1","no","0","0","60","0","0","0","0.005","false","false","false","2","2","0.5","0.5","1","1","9","1.625","1.625"
"9","800","watts-strogatz","0.01","2","0.1","2","CES","0.5","1","1","1","10","10","1","0.9","77","36","0.45","0.48","0.2","0","0.002","0.001","true","1","no","0","0","60","0","0","0","0.005","false","false","false","2","2","0.5","0.5","1","1","10","1.761","1.761"
"9","800","watts-strogatz","0.01","2","0.1","2","CES","0.5","1","1","1","10","10","1","0.9","77","36","0.45","0.48","0.2","0","0.002","0.001","true","1","no","0","0","60","0","0","0","0.005","false","false","false","2","2","0.5","0.5","1","1","11","1.891","1.891"
"9","800","watts-strogatz","0.01","2","0.1","2","CES","0.5","1","1","1","10","10","1","0.9","77","36","0.45","0.48","0.2","0","0.002","0.001","true","1","no","0","0","60","0","0","0","0.005","false","false","false","2","2","0.5","0.5","1","1","12","2.017","2.017"
"9","800","watts-strogatz","0.01","2","0.1","2","CES","0.5","1","1","1","10","10","1","0.9","77","36","0.45","0.48","0.2","0","0.002","0.001","true","1","no","0","0","60","0","0","0","0.005","false","false","false","2","2","0.5","0.5","1","1","13","2.138","2.138"
"9","800","watts-strogatz","0.01","2","0.1","2","CES","0.5","1","1","1","10","10","1","0.9","77","36","0.45","0.48","0.2","0","0.002","0.001","true","1","no","0","0","60","0","0","0","0.005","false","false","false","2","2","0.5","0.5","1","1","14","2.256","2.256"
"9","800","watts-strogatz","0.01","2","0.1","2","CES","0.5","1","1","1","10","10","1","0.9","77","36","0.45","0.48","0.2","0","0.002","0.001","true","1","no","0","0","60","0","0","0","0.005","false","false","false","2","2","0.5","0.5","1","1","15","2.369","2.369"
"9","800","watts-strogatz","0.01","2","0.1","2","CES","0.5","1","1","1","10","10","1","0.9","77","36","0.45","0.48","0.2","0","0.002","0.001","true","1","no","0","0","60","0","0","0","0.005","false","false","false","2","2","0.5","0.5","1","1","16","2.481","2.481"
"9","800","watts-strogatz","0.01","2","0.1","2","CES","0.5","1","1","1","10","10","1","0.9","77","36","0.45","0.48","0.2","0","0.002","0.001","true","1","no","0","0","60","0","0","0","0.005","false","false","false","2","2","0.5","0.5","1","1","17","2.588","2.588"
"9","800","watts-strogatz","0.01","2","0.1","2","CES","0.5","1","1","1","10","10","1","0.9","77","36","0.45","0.48","0.2","0","0.002","0.001","true","1","no","0","0","60","0","0","0","0.005","false","false","false","2","2","0.5","0.5","1","1","18","2.692","2.692"
"9","800","watts-strogatz","0.01","2","0.1","2","CES","0.5","1","1","1","10","10","1","0.9","77","36","0.45","0.48","0.2","0","0.002","0.001","true","1","no","0","0","60","0","0","0","0.005","false","false","false","2","2","0.5","0.5","1","1","19","2.796","2.796"
"9","800","watts-strogatz","0.01","2","0.1","2","CES","0.5","1","1","1","10","10","1","0.9","77","36","0.45","0.48","0.2","0","0.002","0.001","true","1","no","0","0","60","0","0","0","0.005","false","false","false","2","2","0.5","0.5","1","1","20","2.895","2.895"
"9","800","watts-strogatz","0.01","2","0.1","2","CES","0.5","1","1","1","10","10","1","0.9","77","36","0.45","0.48","0.2","0","0.002","0.001","true","1","no","0","0","60","0","0","0","0.005","false","false","false","2","2","0.5","0.5","1","1","21","2.992","2.992"
"9","800","watts-strogatz","0.01","2","0.1","2","CES","0.5","1","1","1","10","10","1","0.9","77","36","0.45","0.48","0.2","0","0.002","0.001","true","1","no","0","0","60","0","0","0","0.005","false","false","false","2","2","0.5","0.5","1","1","22","3.085","3.085"
"9","800","watts-strogatz","0.01","2","0.1","2","CES","0.5","1","1","1","10","10","1","0.9","77","36","0.45","0.48","0.2","0","0.002","0.001","true","1","no","0","0","60","0","0","0","0.005","false","false","false","2","2","0.5","0.5","1","1","23","3.177","3.177"
"9","800","watts-strogatz","0.01","2","0.1","2","CES","0.5","1","1","1","10","10","1","0.9","77","36","0.45","0.48","0.2","0","0.002","0.001","true","1","no","0","0","60","0","0","0","0.005","false","false","false","2","2","0.5","0.5","1","1","24","3.266","3.266"
"9","800","watts-strogatz","0.01","2","0.1","2","CES","0.5","1","1","1","10","10","1","0.9","77","36","0.45","0.48","0.2","0","0.002","0.001","true","1","no","0","0","60","0","0","0","0.005","false","false","false","2","2","0.5","0.5","1","1","25","3.352","3.352"
"9","800","watts-strogatz","0.01","2","0.1","2","CES","0.5","1","1","1","10","10","1","0.9","77","36","0.45","0.48","0.2","0","0.002","0.001","true","1","no","0","0","60","0","0","0","0.005","false","false","false","2","2","0.5","0.5","1","1","26","3.436","3.436"
"9","800","watts-strogatz","0.01","2","0.1","2","CES","0.5","1","1","1","10","10","1","0.9","77","36","0.45","0.48","0.2","0","0.002","0.001","true","1","no","0","0","60","0","0","0","0.005","false","false","false","2","2","0.5","0.5","1","1","27","3.52","3.52"
"9","800","watts-strogatz","0.01","2","0.1","2","CES","0.5","1","1","1","10","10","1","0.9","77","36","0.45","0.48","0.2","0","0.002","0.001","true","1","no","0","0","60","0","0","0","0.005","false","false","false","2","2","0.5","0.5","1","1","28","3.6","3.6"
"9","800","watts-strogatz","0.01","2","0.1","2","CES","0.5","1","1","1","10","10","1","0.9","77","36","0.45","0.48","0.2","0","0.002","0.001","true","1","no","0","0","60","0","0","0","0.005","false","false","false","2","2","0.5","0.5","1","1","29","3.679","3.679"
"9","800","watts-strogatz","0.01","2","0.1","2","CES","0.5","1","1","1","10","10","1","0.9","77","36","0.45","0.48","0.2","0","0.002","0.001","true","1","no","0","0","60","0","0","0","0.005","false","false","false","2","2","0.5","0.5","1","1","30","3.757","3.757"
"9","800","watts-strogatz","0.01","2","0.1","2","CES","0.5","1","1","1","10","10","1","0.9","77","36","0.45","0.48","0.2","0","0.002","0.001","true","1","no","0","0","60","0","0","0","0.005","false","false","false","2","2","0.5","0.5","1","1","31","3.836","3.836"
"9","800","watts-strogatz","0.01","2","0.1","2","CES","0.5","1","1","1","10","10","1","0.9","77","36","0.45","0.48","0.2","0","0.002","0.001","true","1","no","0","0","60","0","0","0","0.005","false","false","false","2","2","0.5","0.5","1","1","32","3.91","3.91"
"9","800","watts-strogatz","0.01","2","0.1","2","CES","0.5","1","1","1","10","10","1","0.9","77","36","0.45","0.48","0.2","0","0.002","0.001","true","1","no","0","0","60","0","0","0","0.005","false","false","false","2","2","0.5","0.5","1","1","33","3.984","3.983"
"9","800","watts-strogatz","0.01","2","0.1","2","CES","0.5","1","1","1","10","10","1","0.9","77","36","0.45","0.48","0.2","0","0.002","0.001","true","1","no","0","0","60","0","0","0","0.005","false","false","false","2","2","0.5","0.5","1","1","34","4.055","4.055"
"9","800","watts-strogatz","0.01","2","0.1","2","CES","0.5","1","1","1","10","10","1","0.9","77","36","0.45","0.48","0.2","0","0.002","0.001","true","1","no","0","0","60","0","0","0","0.005","false","false","false","2","2","0.5","0.5","1","1","35","4.124","4.124"
"9","800","watts-strogatz","0.01","2","0.1","2","CES","0.5","1","1","1","10","10","1","0.9","77","36","0.45","0.48","0.2","0","0.002","0.001","true","1","no","0","0","60","0","0","0","0.005","false","false","false","2","2","0.5","0.5","1","1","36","4.194","4.194"
"9","800","watts-strogatz","0.01","2","0.1","2","CES","0.5","1","1","1","10","10","1","0.9","77","36","0.45","0.48","0.2","0","0.002","0.001","true","1","no","0","0","60","0","0","0","0.005","false","false","false","2","2","0.5","0.5","1","1","37","4.261","4.261"
"9","800","watts-strogatz","0.01","2","0.1","2","CES","0.5","1","1","1","10","10","1","0.9","77","36","0.45","0.48","0.2","0","0.002","0.001","true","1","no","0","0","60","0","0","0","0.005","false","false","false","2","2","0.5","0.5","1","1","38","4.326","4.326"
"9","800","watts-strogatz","0.01","2","0.1","2","CES","0.5","1","1","1","10","10","1","0.9","77","36","0.45","0.48","0.2","0","0.002","0.001","true","1","no","0","0","60","0","0","0","0.005","false","false","false","2","2","0.5","0.5","1","1","39","4.391","4.391"
"9","800","watts-strogatz","0.01","2","0.1","2","CES","0.5","1","1","1","10","10","1","0.9","77","36","0.45","0.48","0.2","0","0.002","0.001","true","1","no","0","0","60","0","0","0","0.005","false","false","false","2","2","0.5","0.5","1","1","40","4.455","4.455"
"9","800","watts-strogatz","0.01","2","0.1","2","CES","0.5","1","1","1","10","10","1","0.9","77","36","0.45","0.48","0.2","0","0.002","0.001","true","1","no","0","0","60","0","0","0","0.005","false","false","false","2","2","0.5","0.5","1","1","41","4.517","4.517"
"9","800","watts-strogatz","0.01","2","0.1","2","CES","0.5","1","1","1","10","10","1","0.9","77","36","0.45","0.48","0.2","0","0.002","0.001","true","1","no","0","0","60","0","0","0","0.005","false","false","false","2","2","0.5","0.5","1","1","42","4.578","4.578"
"9","800","watts-strogatz","0.01","2","0.1","2","CES","0.5","1","1","1","10","10","1","0.9","77","36","0.45","0.48","0.2","0","0.002","0.001","true","1","no","0","0","60","0","0","0","0.005","false","false","false","2","2","0.5","0.5","1","1","43","4.639","4.639"
"9","800","watts-strogatz","0.01","2","0.1","2","CES","0.5","1","1","1","10","10","1","0.9","77","36","0.45","0.48","0.2","0","0.002","0.001","true","1","no","0","0","60","0","0","0","0.005","false","false","false","2","2","0.5","0.5","1","1","44","4.698","4.698"
"9","800","watts-strogatz","0.01","2","0.1","2","CES","0.5","1","1","1","10","10","1","0.9","77","36","0.45","0.48","0.2","0","0.002","0.001","true","1","no","0","0","60","0","0","0","0.005","false","false","false","2","2","0.5","0.5","1","1","45","4.756","4.756"
"9","800","watts-strogatz","0.01","2","0.1","2","CES","0.5","1","1","1","10","10","1","0.9","77","36","0.45","0.48","0.2","0","0.002","0.001","true","1","no","0","0","60","0","0","0","0.005","false","false","false","2","2","0.5","0.5","1","1","46","4.814","4.814"
"9","800","watts-strogatz","0.01","2","0.1","2","CES","0.5","1","1","1","10","10","1","0.9","77","36","0.45","0.48","0.2","0","0.002","0.001","true","1","no","0","0","60","0","0","0","0.005","false","false","false","2","2","0.5","0.5","1","1","47","4.871","4.871"
"9","800","watts-strogatz","0.01","2","0.1","2","CES","0.5","1","1","1","10","10","1","0.9","77","36","0.45","0.48","0.2","0","0.002","0.001","true","1","no","0","0","60","0","0","0","0.005","false","false","false","2","2","0.5","0.5","1","1","48","4.926","4.926"
"9","800","watts-strogatz","0.01","2","0.1","2","CES","0.5","1","1","1","10","10","1","0.9","77","36","0.45","0.48","0.2","0","0.002","0.001","true","1","no","0","0","60","0","0","0","0.005","false","false","false","2","2","0.5","0.5","1","1","49","4.981","4.981"
"9","800","watts-strogatz","0.01","2","0.1","2","CES","0.5","1","1","1","10","10","1","0.9","77","36","0.45","0.48","0.2","0","0.002","0.001","true","1","no","0","0","60","0","0","0","0.005","false","false","false","2","2","0.5","0.5","1","1","50","5.035","5.035"
