"BehaviorSpace results (NetLogo 7.0.4)","Table version 2.0"
"/home/franzs/Schreibtisch/Arbeit/gendernorms/gender_model_shocks_preferences.nlogox"
"pop_n400_t50"
"09/26/2026 12:15:15:769 +0200"
"min-pxcor","max-pxcor","min-pycor","max-pycor"
"-38","38","-16","16"
"[run number]","number-agents-each-type","network-structure","random-network-prob","watts-strogatz-neighbors","watts-strogatz-rewiring","preferential-attachment-min-degree","utility-function","CES_beta","weight-working-time-self","weight-working-time-partner","weight-transfer","conformism-male","conformism-female","wage-male","wage-female","norm-paid-time-male","norm-paid-time-female","preference-private-mean-male","preference-private-mean-female","std-dev-values","initial-transfer","lambda","convergence_epsilon","fixed-rs","random-seed-fixed","shock","perc-affected-male","perc-affected-female","shock-start","wage-growth-rate","preference-private-shock-male","preference-private-shock-female","shock-depreciation","import-csv","specific-couple","output-locations","wage-female-in-question","wage-male-in-question","preference-private-female-in-question","preference-private-male-in-question","conformism-male-in-question","conformism-female-in-question","[step]","timer","run-time"
"1","400","watts-strogatz","0.01","2","0.1","2","CES","0.5","1","1","1","10","10","1","0.9","77","36","0.45","0.48","0.2","0","0.002","0.001","true","1","no","0","0","60","0","0","0","0.005","false","false","false","2","2","0.5","0.5","1","1","0","0.115","0"
"1","400","watts-strogatz","0.01","2","0.1","2","CES","0.5","1","1","1","10","10","1","0.9","77","36","0.45","0.48","0.2","0","0.002","0.001","true","1","no","0","0","60","0","0","0","0.005","false","false","false","2","2","0.5","0.5","1","1","1","0.445","0.444"
"1","400","watts-strogatz","0.01","2","0.1","2","CES","0.5","1","1","1","10","10","1","0.9","77","36","0.45","0.48","0.2","0","0.002","0.001","true","1","no","0","0","60","0","0","0","0.005","false","false","false","2","2","0.5","0.5","1","1","2","0.587","0.587"
"1","400","watts-strogatz","0.01","2","0.1","2","CES","0.5","1","1","1","10","10","1","0.9","77","36","0.45","0.48","0.2","0","0.002","0.001","true","1","no","0","0","60","0","0","0","0.005","false","false","false","2","2","0.5","0.5","1","1","3","0.686","0.686"
"1","400","watts-strogatz","0.01","2","0.1","2","CES","0.5","1","1","1","10","10","1","0.9","77","36","0.45","0.48","0.2","0","0.002","0.001","true","1","no","0","0","60","0","0","0","0.005","false","false","false","2","2","0.5","0.5","1","1","4","0.778","0.778"
"1","400","watts-strogatz","0.01","2","0.1","2","CES","0.5","1","1","1","10","10","1","0.9","77","36","0.45","0.48","0.2","0","0.002","0.001","true","1","no","0","0","60","0","0","0","0.005","false","false","false","2","2","0.5","0.5","1","1","5","0.925","0.925"
"1","400","watts-strogatz","0.01","2","0.1","2","CES","0.5","1","1","1","10","10","1","0.9","77","36","0.45","0.48","0.2","0","0.002","0.001","true","1","no","0","0","60","0","0","0","0.005","false","false","false","2","2","0.5","0.5","1","1","6","1.01","1.01"
"1","400","watts-strogatz","0.01","2","0.1","2","CES","0.5","1","1","1","10","10","1","0.9","77","36","0.45","0.48","0.2","0","0.002","0.001","true","1","no","0","0","60","0","0","0","0.005","false","false","false","2","2","0.5","0.5","1","1","7","1.094","1.094"
"1","400","watts-strogatz","0.01","2","0.1","2","CES","0.5","1","1","1","10","10","1","0.9","77","36","0.45","0.48","0.2","0","0.002","0.001","true","1","no","0","0","60","0","0","0","0.005","false","false","false","2","2","0.5","0.5","1","1","8","1.171","1.171"
"1","400","watts-strogatz","0.01","2","0.1","2","CES","0.5","1","1","1","10","10","1","0.9","77","36","0.45","0.48","0.2","0","0.002","0.001","true","1","no","0","0","60","0","0","0","0.005","false","false","false","2","2","0.5","0.5","1","1","9","1.243","1.243"
"1","400","watts-strogatz","0.01","2","0.1","2","CES","0.5","1","1","1","10","10","1","0.9","77","36","0.45","0.48","0.2","0","0.002","0.001","true","1","no","0","0","60","0","0","0","0.005","false","false","false","2","2","0.5","0.5","1","1","10","1.315","1.315"
"1","400","watts-strogatz","0.01","2","0.1","2","CES","0.5","1","1","1","10","10","1","0.9","77","36","0.45","0.48","0.2","0","0.002","0.001","true","1","no","0","0","60","0","0","0","0.005","false","false","false","2","2","0.5","0.5","1","1","11","1.381","1.381"
"1","400","watts-strogatz","0.01","2","0.1","2","CES","0.5","1","1","1","10","10","1","0.9","77","36","0.45","0.48","0.2","0","0.002","0.001","true","1","no","0","0","60","0","0","0","0.005","false","false","false","2","2","0.5","0.5","1","1","12","1.448","1.448"
"1","400","watts-strogatz","0.01","2","0.1","2","CES","0.5","1","1","1","10","10","1","0.9","77","36","0.45","0.48","0.2","0","0.002","0.001","true","1","no","0","0","60","0","0","0","0.005","false","false","false","2","2","0.5","0.5","1","1","13","1.51","1.51"
"1","400","watts-strogatz","0.01","2","0.1","2","CES","0.5","1","1","1","10","10","1","0.9","77","36","0.45","0.48","0.2","0","0.002","0.001","true","1","no","0","0","60","0","0","0","0.005","false","false","false","2","2","0.5","0.5","1","1","14","1.569","1.569"
"1","400","watts-strogatz","0.01","2","0.1","2","CES","0.5","1","1","1","10","10","1","0.9","77","36","0.45","0.48","0.2","0","0.002","0.001","true","1","no","0","0","60","0","0","0","0.005","false","false","false","2","2","0.5","0.5","1","1","15","1.64","1.64"
"1","400","watts-strogatz","0.01","2","0.1","2","CES","0.5","1","1","1","10","10","1","0.9","77","36","0.45","0.48","0.2","0","0.002","0.001","true","1","no","0","0","60","0","0","0","0.005","false","false","false","2","2","0.5","0.5","1","1","16","1.699","1.699"
"1","400","watts-strogatz","0.01","2","0.1","2","CES","0.5","1","1","1","10","10","1","0.9","77","36","0.45","0.48","0.2","0","0.002","0.001","true","1","no","0","0","60","0","0","0","0.005","false","false","false","2","2","0.5","0.5","1","1","17","1.755","1.755"
"1","400","watts-strogatz","0.01","2","0.1","2","CES","0.5","1","1","1","10","10","1","0.9","77","36","0.45","0.48","0.2","0","0.002","0.001","true","1","no","0","0","60","0","0","0","0.005","false","false","false","2","2","0.5","0.5","1","1","18","1.813","1.813"
"1","400","watts-strogatz","0.01","2","0.1","2","CES","0.5","1","1","1","10","10","1","0.9","77","36","0.45","0.48","0.2","0","0.002","0.001","true","1","no","0","0","60","0","0","0","0.005","false","false","false","2","2","0.5","0.5","1","1","19","1.864","1.864"
"1","400","watts-strogatz","0.01","2","0.1","2","CES","0.5","1","1","1","10","10","1","0.9","77","36","0.45","0.48","0.2","0","0.002","0.001","true","1","no","0","0","60","0","0","0","0.005","false","false","false","2","2","0.5","0.5","1","1","20","1.914","1.914"
"1","400","watts-strogatz","0.01","2","0.1","2","CES","0.5","1","1","1","10","10","1","0.9","77","36","0.45","0.48","0.2","0","0.002","0.001","true","1","no","0","0","60","0","0","0","0.005","false","false","false","2","2","0.5","0.5","1","1","21","1.962","1.962"
"1","400","watts-strogatz","0.01","2","0.1","2","CES","0.5","1","1","1","10","10","1","0.9","77","36","0.45","0.48","0.2","0","0.002","0.001","true","1","no","0","0","60","0","0","0","0.005","false","false","false","2","2","0.5","0.5","1","1","22","2.012","2.012"
"1","400","watts-strogatz","0.01","2","0.1","2","CES","0.5","1","1","1","10","10","1","0.9","77","36","0.45","0.48","0.2","0","0.002","0.001","true","1","no","0","0","60","0","0","0","0.005","false","false","false","2","2","0.5","0.5","1","1","23","2.057","2.057"
"1","400","watts-strogatz","0.01","2","0.1","2","CES","0.5","1","1","1","10","10","1","0.9","77","36","0.45","0.48","0.2","0","0.002","0.001","true","1","no","0","0","60","0","0","0","0.005","false","false","false","2","2","0.5","0.5","1","1","24","2.101","2.101"
"1","400","watts-strogatz","0.01","2","0.1","2","CES","0.5","1","1","1","10","10","1","0.9","77","36","0.45","0.48","0.2","0","0.002","0.001","true","1","no","0","0","60","0","0","0","0.005","false","false","false","2","2","0.5","0.5","1","1","25","2.145","2.144"
"1","400","watts-strogatz","0.01","2","0.1","2","CES","0.5","1","1","1","10","10","1","0.9","77","36","0.45","0.48","0.2","0","0.002","0.001","true","1","no","0","0","60","0","0","0","0.005","false","false","false","2","2","0.5","0.5","1","1","26","2.19","2.19"
"1","400","watts-strogatz","0.01","2","0.1","2","CES","0.5","1","1","1","10","10","1","0.9","77","36","0.45","0.48","0.2","0","0.002","0.001","true","1","no","0","0","60","0","0","0","0.005","false","false","false","2","2","0.5","0.5","1","1","27","2.232","2.232"
"1","400","watts-strogatz","0.01","2","0.1","2","CES","0.5","1","1","1","10","10","1","0.9","77","36","0.45","0.48","0.2","0","0.002","0.001","true","1","no","0","0","60","0","0","0","0.005","false","false","false","2","2","0.5","0.5","1","1","28","2.272","2.272"
"1","400","watts-strogatz","0.01","2","0.1","2","CES","0.5","1","1","1","10","10","1","0.9","77","36","0.45","0.48","0.2","0","0.002","0.001","true","1","no","0","0","60","0","0","0","0.005","false","false","false","2","2","0.5","0.5","1","1","29","2.313","2.313"
"1","400","watts-strogatz","0.01","2","0.1","2","CES","0.5","1","1","1","10","10","1","0.9","77","36","0.45","0.48","0.2","0","0.002","0.001","true","1","no","0","0","60","0","0","0","0.005","false","false","false","2","2","0.5","0.5","1","1","30","2.351","2.351"
"1","400","watts-strogatz","0.01","2","0.1","2","CES","0.5","1","1","1","10","10","1","0.9","77","36","0.45","0.48","0.2","0","0.002","0.001","true","1","no","0","0","60","0","0","0","0.005","false","false","false","2","2","0.5","0.5","1","1","31","2.396","2.396"
"1","400","watts-strogatz","0.01","2","0.1","2","CES","0.5","1","1","1","10","10","1","0.9","77","36","0.45","0.48","0.2","0","0.002","0.001","true","1","no","0","0","60","0","0","0","0.005","false","false","false","2","2","0.5","0.5","1","1","32","2.438","2.438"
"1","400","watts-strogatz","0.01","2","0.1","2","CES","0.5","1","1","1","10","10","1","0.9","77","36","0.45","0.48","0.2","0","0.002","0.001","true","1","no","0","0","60","0","0","0","0.005","false","false","false","2","2","0.5","0.5","1","1","33","2.475","2.474"
"1","400","watts-strogatz","0.01","2","0.1","2","CES","0.5","1","1","1","10","10","1","0.9","77","36","0.45","0.48","0.2","0","0.002","0.001","true","1","no","0","0","60","0","0","0","0.005","false","false","false","2","2","0.5","0.5","1","1","34","2.509","2.509"
"1","400","watts-strogatz","0.01","2","0.1","2","CES","0.5","1","1","1","10","10","1","0.9","77","36","0.45","0.48","0.2","0","0.002","0.001","true","1","no","0","0","60","0","0","0","0.005","false","false","false","2","2","0.5","0.5","1","1","35","2.543","2.543"
"1","400","watts-strogatz","0.01","2","0.1","2","CES","0.5","1","1","1","10","10","1","0.9","77","36","0.45","0.48","0.2","0","0.002","0.001","true","1","no","0","0","60","0","0","0","0.005","false","false","false","2","2","0.5","0.5","1","1","36","2.63","2.63"
"1","400","watts-strogatz","0.01","2","0.1","2","CES","0.5","1","1","1","10","10","1","0.9","77","36","0.45","0.48","0.2","0","0.002","0.001","true","1","no","0","0","60","0","0","0","0.005","false","false","false","2","2","0.5","0.5","1","1","37","2.665","2.665"
"1","400","watts-strogatz","0.01","2","0.1","2","CES","0.5","1","1","1","10","10","1","0.9","77","36","0.45","0.48","0.2","0","0.002","0.001","true","1","no","0","0","60","0","0","0","0.005","false","false","false","2","2","0.5","0.5","1","1","38","2.697","2.697"
"1","400","watts-strogatz","0.01","2","0.1","2","CES","0.5","1","1","1","10","10","1","0.9","77","36","0.45","0.48","0.2","0","0.002","0.001","true","1","no","0","0","60","0","0","0","0.005","false","false","false","2","2","0.5","0.5","1","1","39","2.728","2.728"
"1","400","watts-strogatz","0.01","2","0.1","2","CES","0.5","1","1","1","10","10","1","0.9","77","36","0.45","0.48","0.2","0","0.002","0.001","true","1","no","0","0","60","0","0","0","0.005","false","false","false","2","2","0.5","0.5","1","1","40","2.759","2.759"
"1","400","watts-strogatz","0.01","2","0.1","2","CES","0.5","1","1","1","10","10","1","0.9","77","36","0.45","0.48","0.2","0","0.002","0.001","true","1","no","0","0","60","0","0","0","0.005","false","false","false","2","2","0.5","0.5","1","1","41","2.789","2.789"
"1","400","watts-strogatz","0.01","2","0.1","2","CES","0.5","1","1","1","10","10","1","0.9","77","36","0.45","0.48","0.2","0","0.002","0.001","true","1","no","0","0","60","0","0","0","0.005","false","false","false","2","2","0.5","0.5","1","1","42","2.819","2.819"
"1","400","watts-strogatz","0.01","2","0.1","2","CES","0.5","1","1","1","10","10","1","0.9","77","36","0.45","0.48","0.2","0","0.002","0.001","true","1","no","0","0","60","0","0","0","0.005","false","false","false","2","2","0.5","0.5","1","1","43","2.848","2.848"
"1","400","watts-strogatz","0.01","2","0.1","2","CES","0.5","1","1","1","10","10","1","0.9","77","36","0.45","0.48","0.2","0","0.002","0.001","true","1","no","0","0","60","0","0","0","0.005","false","false","false","2","2","0.5","0.5","1","1","44","2.878","2.877"
"1","400","watts-strogatz","0.01","2","0.1","2","CES","0.5","1","1","1","10","10","1","0.9","77","36","0.45","0.48","0.2","0","0.002","0.001","true","1","no","0","0","60","0","0","0","0.005","false","false","false","2","2","0.5","0.5","1","1","45","2.907","2.906"
"1","400","watts-strogatz","0.01","2","0.1","2","CES","0.5","1","1","1","10","10","1","0.9","77","36","0.45","0.48","0.2","0","0.002","0.001","true","1","no","0","0","60","0","0","0","0.005","false","false","false","2","2","0.5","0.5","1","1","46","2.934","2.934"
"1","400","watts-strogatz","0.01","2","0.1","2","CES","0.5","1","1","1","10","10","1","0.9","77","36","0.45","0.48","0.2","0","0.002","0.001","true","1","no","0","0","60","0","0","0","0.005","false","false","false","2","2","0.5","0.5","1","1","47","2.962","2.962"
"1","400","watts-strogatz","0.01","2","0.1","2","CES","0.5","1","1","1","10","10","1","0.9","77","36","0.45","0.48","0.2","0","0.002","0.001","true","1","no","0","0","60","0","0","0","0.005","false","false","false","2","2","0.5","0.5","1","1","48","2.989","2.989"
"1","400","watts-strogatz","0.01","2","0.1","2","CES","0.5","1","1","1","10","10","1","0.9","77","36","0.45","0.48","0.2","0","0.002","0.001","true","1","no","0","0","60","0","0","0","0.005","false","false","false","2","2","0.5","0.5","1","1","49","3.016","3.016"
"1","400","watts-strogatz","0.01","2","0.1","2","CES","0.5","1","1","1","10","10","1","0.9","77","36","0.45","0.48","0.2","0","0.002","0.001","true","1","no","0","0","60","0","0","0","0.005","false","false","false","2","2","0.5","0.5","1","1","50","3.042","3.042"
"2","400","watts-strogatz","0.01","2","0.1","2","CES","0.5","1","1","1","10","10","1","0.9","77","36","0.45","0.48","0.2","0","0.002","0.001","true","1","no","0","0","60","0","0","0","0.005","false","false","false","2","2","0.5","0.5","1","1","0","0.015","0"
"2","400","watts-strogatz","0.01","2","0.1","2","CES","0.5","1","1","1","10","10","1","0.9","77","36","0.45","0.48","0.2","0","0.002","0.001","true","1","no","0","0","60","0","0","0","0.005","false","false","false","2","2","0.5","0.5","1","1","1","0.163","0.163"
"2","400","watts-strogatz","0.01","2","0.1","2","CES","0.5","1","1","1","10","10","1","0.9","77","36","0.45","0.48","0.2","0","0.002","0.001","true","1","no","0","0","60","0","0","0","0.005","false","false","false","2","2","0.5","0.5","1","1","2","0.265","0.265"
"2","400","watts-strogatz","0.01","2","0.1","2","CES","0.5","1","1","1","10","10","1","0.9","77","36","0.45","0.48","0.2","0","0.002","0.001","true","1","no","0","0","60","0","0","0","0.005","false","false","false","2","2","0.5","0.5","1","1","3","0.356","0.356"
"2","400","watts-strogatz","0.01","2","0.1","2","CES","0.5","1","1","1","10","10","1","0.9","77","36","0.45","0.48","0.2","0","0.002","0.001","true","1","no","0","0","60","0","0","0","0.005","false","false","false","2","2","0.5","0.5","1","1","4","0.44","0.44"
"2","400","watts-strogatz","0.01","2","0.1","2","CES","0.5","1","1","1","10","10","1","0.9","77","36","0.45","0.48","0.2","0","0.002","0.001","true","1","no","0","0","60","0","0","0","0.005","false","false","false","2","2","0.5","0.5","1","1","5","0.522","0.522"
"2","400","watts-strogatz","0.01","2","0.1","2","CES","0.5","1","1","1","10","10","1","0.9","77","36","0.45","0.48","0.2","0","0.002","0.001","true","1","no","0","0","60","0","0","0","0.005","false","false","false","2","2","0.5","0.5","1","1","6","0.598","0.598"
"2","400","watts-strogatz","0.01","2","0.1","2","CES","0.5","1","1","1","10","10","1","0.9","77","36","0.45","0.48","0.2","0","0.002","0.001","true","1","no","0","0","60","0","0","0","0.005","false","false","false","2","2","0.5","0.5","1","1","7","0.671","0.671"
"2","400","watts-strogatz","0.01","2","0.1","2","CES","0.5","1","1","1","10","10","1","0.9","77","36","0.45","0.48","0.2","0","0.002","0.001","true","1","no","0","0","60","0","0","0","0.005","false","false","false","2","2","0.5","0.5","1","1","8","0.742","0.742"
"2","400","watts-strogatz","0.01","2","0.1","2","CES","0.5","1","1","1","10","10","1","0.9","77","36","0.45","0.48","0.2","0","0.002","0.001","true","1","no","0","0","60","0","0","0","0.005","false","false","false","2","2","0.5","0.5","1","1","9","0.81","0.81"
"2","400","watts-strogatz","0.01","2","0.1","2","CES","0.5","1","1","1","10","10","1","0.9","77","36","0.45","0.48","0.2","0","0.002","0.001","true","1","no","0","0","60","0","0","0","0.005","false","false","false","2","2","0.5","0.5","1","1","10","0.875","0.875"
"2","400","watts-strogatz","0.01","2","0.1","2","CES","0.5","1","1","1","10","10","1","0.9","77","36","0.45","0.48","0.2","0","0.002","0.001","true","1","no","0","0","60","0","0","0","0.005","false","false","false","2","2","0.5","0.5","1","1","11","0.94","0.939"
"2","400","watts-strogatz","0.01","2","0.1","2","CES","0.5","1","1","1","10","10","1","0.9","77","36","0.45","0.48","0.2","0","0.002","0.001","true","1","no","0","0","60","0","0","0","0.005","false","false","false","2","2","0.5","0.5","1","1","12","1.001","1.001"
"2","400","watts-strogatz","0.01","2","0.1","2","CES","0.5","1","1","1","10","10","1","0.9","77","36","0.45","0.48","0.2","0","0.002","0.001","true","1","no","0","0","60","0","0","0","0.005","false","false","false","2","2","0.5","0.5","1","1","13","1.06","1.06"
"2","400","watts-strogatz","0.01","2","0.1","2","CES","0.5","1","1","1","10","10","1","0.9","77","36","0.45","0.48","0.2","0","0.002","0.001","true","1","no","0","0","60","0","0","0","0.005","false","false","false","2","2","0.5","0.5","1","1","14","1.118","1.117"
"2","400","watts-strogatz","0.01","2","0.1","2","CES","0.5","1","1","1","10","10","1","0.9","77","36","0.45","0.48","0.2","0","0.002","0.001","true","1","no","0","0","60","0","0","0","0.005","false","false","false","2","2","0.5","0.5","1","1","15","1.174","1.174"
"2","400","watts-strogatz","0.01","2","0.1","2","CES","0.5","1","1","1","10","10","1","0.9","77","36","0.45","0.48","0.2","0","0.002","0.001","true","1","no","0","0","60","0","0","0","0.005","false","false","false","2","2","0.5","0.5","1","1","16","1.228","1.228"
"2","400","watts-strogatz","0.01","2","0.1","2","CES","0.5","1","1","1","10","10","1","0.9","77","36","0.45","0.48","0.2","0","0.002","0.001","true","1","no","0","0","60","0","0","0","0.005","false","false","false","2","2","0.5","0.5","1","1","17","1.281","1.281"
"2","400","watts-strogatz","0.01","2","0.1","2","CES","0.5","1","1","1","10","10","1","0.9","77","36","0.45","0.48","0.2","0","0.002","0.001","true","1","no","0","0","60","0","0","0","0.005","false","false","false","2","2","0.5","0.5","1","1","18","1.333","1.333"
"2","400","watts-strogatz","0.01","2","0.1","2","CES","0.5","1","1","1","10","10","1","0.9","77","36","0.45","0.48","0.2","0","0.002","0.001","true","1","no","0","0","60","0","0","0","0.005","false","false","false","2","2","0.5","0.5","1","1","19","1.383","1.383"
"2","400","watts-strogatz","0.01","2","0.1","2","CES","0.5","1","1","1","10","10","1","0.9","77","36","0.45","0.48","0.2","0","0.002","0.001","true","1","no","0","0","60","0","0","0","0.005","false","false","false","2","2","0.5","0.5","1","1","20","1.43","1.43"
"2","400","watts-strogatz","0.01","2","0.1","2","CES","0.5","1","1","1","10","10","1","0.9","77","36","0.45","0.48","0.2","0","0.002","0.001","true","1","no","0","0","60","0","0","0","0.005","false","false","false","2","2","0.5","0.5","1","1","21","1.476","1.476"
"2","400","watts-strogatz","0.01","2","0.1","2","CES","0.5","1","1","1","10","10","1","0.9","77","36","0.45","0.48","0.2","0","0.002","0.001","true","1","no","0","0","60","0","0","0","0.005","false","false","false","2","2","0.5","0.5","1","1","22","1.522","1.522"
"2","400","watts-strogatz","0.01","2","0.1","2","CES","0.5","1","1","1","10","10","1","0.9","77","36","0.45","0.48","0.2","0","0.002","0.001","true","1","no","0","0","60","0","0","0","0.005","false","false","false","2","2","0.5","0.5","1","1","23","1.566","1.566"
"2","400","watts-strogatz","0.01","2","0.1","2","CES","0.5","1","1","1","10","10","1","0.9","77","36","0.45","0.48","0.2","0","0.002","0.001","true","1","no","0","0","60","0","0","0","0.005","false","false","false","2","2","0.5","0.5","1","1","24","1.61","1.61"
"2","400","watts-strogatz","0.01","2","0.1","2","CES","0.5","1","1","1","10","10","1","0.9","77","36","0.45","0.48","0.2","0","0.002","0.001","true","1","no","0","0","60","0","0","0","0.005","false","false","false","2","2","0.5","0.5","1","1","25","1.652","1.652"
"2","400","watts-strogatz","0.01","2","0.1","2","CES","0.5","1","1","1","10","10","1","0.9","77","36","0.45","0.48","0.2","0","0.002","0.001","true","1","no","0","0","60","0","0","0","0.005","false","false","false","2","2","0.5","0.5","1","1","26","1.694","1.694"
"2","400","watts-strogatz","0.01","2","0.1","2","CES","0.5","1","1","1","10","10","1","0.9","77","36","0.45","0.48","0.2","0","0.002","0.001","true","1","no","0","0","60","0","0","0","0.005","false","false","false","2","2","0.5","0.5","1","1","27","1.734","1.734"
"2","400","watts-strogatz","0.01","2","0.1","2","CES","0.5","1","1","1","10","10","1","0.9","77","36","0.45","0.48","0.2","0","0.002","0.001","true","1","no","0","0","60","0","0","0","0.005","false","false","false","2","2","0.5","0.5","1","1","28","1.773","1.773"
"2","400","watts-strogatz","0.01","2","0.1","2","CES","0.5","1","1","1","10","10","1","0.9","77","36","0.45","0.48","0.2","0","0.002","0.001","true","1","no","0","0","60","0","0","0","0.005","false","false","false","2","2","0.5","0.5","1","1","29","1.812","1.812"
"2","400","watts-strogatz","0.01","2","0.1","2","CES","0.5","1","1","1","10","10","1","0.9","77","36","0.45","0.48","0.2","0","0.002","0.001","true","1","no","0","0","60","0","0","0","0.005","false","false","false","2","2","0.5","0.5","1","1","30","1.849","1.849"
"2","400","watts-strogatz","0.01","2","0.1","2","CES","0.5","1","1","1","10","10","1","0.9","77","36","0.45","0.48","0.2","0","0.002","0.001","true","1","no","0","0","60","0","0","0","0.005","false","false","false","2","2","0.5","0.5","1","1","31","1.886","1.886"
"2","400","watts-strogatz","0.01","2","0.1","2","CES","0.5","1","1","1","10","10","1","0.9","77","36","0.45","0.48","0.2","0","0.002","0.001","true","1","no","0","0","60","0","0","0","0.005","false","false","false","2","2","0.5","0.5","1","1","32","1.921","1.921"
"2","400","watts-strogatz","0.01","2","0.1","2","CES","0.5","1","1","1","10","10","1","0.9","77","36","0.45","0.48","0.2","0","0.002","0.001","true","1","no","0","0","60","0","0","0","0.005","false","false","false","2","2","0.5","0.5","1","1","33","1.956","1.956"
"2","400","watts-strogatz","0.01","2","0.1","2","CES","0.5","1","1","1","10","10","1","0.9","77","36","0.45","0.48","0.2","0","0.002","0.001","true","1","no","0","0","60","0","0","0","0.005","false","false","false","2","2","0.5","0.5","1","1","34","1.99","1.99"
"2","400","watts-strogatz","0.01","2","0.1","2","CES","0.5","1","1","1","10","10","1","0.9","77","36","0.45","0.48","0.2","0","0.002","0.001","true","1","no","0","0","60","0","0","0","0.005","false","false","false","2","2","0.5","0.5","1","1","35","2.023","2.023"
"2","400","watts-strogatz","0.01","2","0.1","2","CES","0.5","1","1","1","10","10","1","0.9","77","36","0.45","0.48","0.2","0","0.002","0.001","true","1","no","0","0","60","0","0","0","0.005","false","false","false","2","2","0.5","0.5","1","1","36","2.057","2.057"
"2","400","watts-strogatz","0.01","2","0.1","2","CES","0.5","1","1","1","10","10","1","0.9","77","36","0.45","0.48","0.2","0","0.002","0.001","true","1","no","0","0","60","0","0","0","0.005","false","false","false","2","2","0.5","0.5","1","1","37","2.089","2.089"
"2","400","watts-strogatz","0.01","2","0.1","2","CES","0.5","1","1","1","10","10","1","0.9","77","36","0.45","0.48","0.2","0","0.002","0.001","true","1","no","0","0","60","0","0","0","0.005","false","false","false","2","2","0.5","0.5","1","1","38","2.12","2.12"
"2","400","watts-strogatz","0.01","2","0.1","2","CES","0.5","1","1","1","10","10","1","0.9","77","36","0.45","0.48","0.2","0","0.002","0.001","true","1","no","0","0","60","0","0","0","0.005","false","false","false","2","2","0.5","0.5","1","1","39","2.151","2.151"
"2","400","watts-strogatz","0.01","2","0.1","2","CES","0.5","1","1","1","10","10","1","0.9","77","36","0.45","0.48","0.2","0","0.002","0.001","true","1","no","0","0","60","0","0","0","0.005","false","false","false","2","2","0.5","0.5","1","1","40","2.182","2.182"
"2","400","watts-strogatz","0.01","2","0.1","2","CES","0.5","1","1","1","10","10","1","0.9","77","36","0.45","0.48","0.2","0","0.002","0.001","true","1","no","0","0","60","0","0","0","0.005","false","false","false","2","2","0.5","0.5","1","1","41","2.212","2.212"
"2","400","watts-strogatz","0.01","2","0.1","2","CES","0.5","1","1","1","10","10","1","0.9","77","36","0.45","0.48","0.2","0","0.002","0.001","true","1","no","0","0","60","0","0","0","0.005","false","false","false","2","2","0.5","0.5","1","1","42","2.241","2.241"
"2","400","watts-strogatz","0.01","2","0.1","2","CES","0.5","1","1","1","10","10","1","0.9","77","36","0.45","0.48","0.2","0","0.002","0.001","true","1","no","0","0","60","0","0","0","0.005","false","false","false","2","2","0.5","0.5","1","1","43","2.272","2.272"
"2","400","watts-strogatz","0.01","2","0.1","2","CES","0.5","1","1","1","10","10","1","0.9","77","36","0.45","0.48","0.2","0","0.002","0.001","true","1","no","0","0","60","0","0","0","0.005","false","false","false","2","2","0.5","0.5","1","1","44","2.3","2.3"
"2","400","watts-strogatz","0.01","2","0.1","2","CES","0.5","1","1","1","10","10","1","0.9","77","36","0.45","0.48","0.2","0","0.002","0.001","true","1","no","0","0","60","0","0","0","0.005","false","false","false","2","2","0.5","0.5","1","1","45","2.328","2.328"
"2","400","watts-strogatz","0.01","2","0.1","2","CES","0.5","1","1","1","10","10","1","0.9","77","36","0.45","0.48","0.2","0","0.002","0.001","true","1","no","0","0","60","0","0","0","0.005","false","false","false","2","2","0.5","0.5","1","1","46","2.355","2.355"
"2","400","watts-strogatz","0.01","2","0.1","2","CES","0.5","1","1","1","10","10","1","0.9","77","36","0.45","0.48","0.2","0","0.002","0.001","true","1","no","0","0","60","0","0","0","0.005","false","false","false","2","2","0.5","0.5","1","1","47","2.382","2.382"
"2","400","watts-strogatz","0.01","2","0.1","2","CES","0.5","1","1","1","10","10","1","0.9","77","36","0.45","0.48","0.2","0","0.002","0.001","true","1","no","0","0","60","0","0","0","0.005","false","false","false","2","2","0.5","0.5","1","1","48","2.409","2.408"
"2","400","watts-strogatz","0.01","2","0.1","2","CES","0.5","1","1","1","10","10","1","0.9","77","36","0.45","0.48","0.2","0","0.002","0.001","true","1","no","0","0","60","0","0","0","0.005","false","false","false","2","2","0.5","0.5","1","1","49","2.435","2.435"
"2","400","watts-strogatz","0.01","2","0.1","2","CES","0.5","1","1","1","10","10","1","0.9","77","36","0.45","0.48","0.2","0","0.002","0.001","true","1","no","0","0","60","0","0","0","0.005","false","false","false","2","2","0.5","0.5","1","1","50","2.46","2.46"
"3","400","watts-strogatz","0.01","2","0.1","2","CES","0.5","1","1","1","10","10","1","0.9","77","36","0.45","0.48","0.2","0","0.002","0.001","true","1","no","0","0","60","0","0","0","0.005","false","false","false","2","2","0.5","0.5","1","1","0","0.011","0"
"3","400","watts-strogatz","0.01","2","0.1","2","CES","0.5","1","1","1","10","10","1","0.9","77","36","0.45","0.48","0.2","0","0.002","0.001","true","1","no","0","0","60","0","0","0","0.005","false","false","false","2","2","0.5","0.5","1","1","1","0.154","0.154"
"3","400","watts-strogatz","0.01","2","0.1","2","CES","0.5","1","1","1","10","10","1","0.9","77","36","0.45","0.48","0.2","0","0.002","0.001","true","1","no","0","0","60","0","0","0","0.005","false","false","false","2","2","0.5","0.5","1","1","2","0.255","0.255"
"3","400","watts-strogatz","0.01","2","0.1","2","CES","0.5","1","1","1","10","10","1","0.9","77","36","0.45","0.48","0.2","0","0.002","0.001","true","1","no","0","0","60","0","0","0","0.005","false","false","false","2","2","0.5","0.5","1","1","3","0.342","0.342"
"3","400","watts-strogatz","0.01","2","0.1","2","CES","0.5","1","1","1","10","10","1","0.9","77","36","0.45","0.48","0.2","0","0.002","0.001","true","1","no","0","0","60","0","0","0","0.005","false","false","false","2","2","0.5","0.5","1","1","4","0.426","0.426"
"3","400","watts-strogatz","0.01","2","0.1","2","CES","0.5","1","1","1","10","10","1","0.9","77","36","0.45","0.48","0.2","0","0.002","0.001","true","1","no","0","0","60","0","0","0","0.005","false","false","false","2","2","0.5","0.5","1","1","5","0.504","0.504"
"3","400","watts-strogatz","0.01","2","0.1","2","CES","0.5","1","1","1","10","10","1","0.9","77","36","0.45","0.48","0.2","0","0.002","0.001","true","1","no","0","0","60","0","0","0","0.005","false","false","false","2","2","0.5","0.5","1","1","6","0.579","0.579"
"3","400","watts-strogatz","0.01","2","0.1","2","CES","0.5","1","1","1","10","10","1","0.9","77","36","0.45","0.48","0.2","0","0.002","0.001","true","1","no","0","0","60","0","0","0","0.005","false","false","false","2","2","0.5","0.5","1","1","7","0.65","0.65"
"3","400","watts-strogatz","0.01","2","0.1","2","CES","0.5","1","1","1","10","10","1","0.9","77","36","0.45","0.48","0.2","0","0.002","0.001","true","1","no","0","0","60","0","0","0","0.005","false","false","false","2","2","0.5","0.5","1","1","8","0.722","0.722"
"3","400","watts-strogatz","0.01","2","0.1","2","CES","0.5","1","1","1","10","10","1","0.9","77","36","0.45","0.48","0.2","0","0.002","0.001","true","1","no","0","0","60","0","0","0","0.005","false","false","false","2","2","0.5","0.5","1","1","9","0.789","0.789"
"3","400","watts-strogatz","0.01","2","0.1","2","CES","0.5","1","1","1","10","10","1","0.9","77","36","0.45","0.48","0.2","0","0.002","0.001","true","1","no","0","0","60","0","0","0","0.005","false","false","false","2","2","0.5","0.5","1","1","10","0.853","0.853"
"3","400","watts-strogatz","0.01","2","0.1","2","CES","0.5","1","1","1","10","10","1","0.9","77","36","0.45","0.48","0.2","0","0.002","0.001","true","1","no","0","0","60","0","0","0","0.005","false","false","false","2","2","0.5","0.5","1","1","11","0.918","0.918"
"3","400","watts-strogatz","0.01","2","0.1","2","CES","0.5","1","1","1","10","10","1","0.9","77","36","0.45","0.48","0.2","0","0.002","0.001","true","1","no","0","0","60","0","0","0","0.005","false","false","false","2","2","0.5","0.5","1","1","12","0.977","0.977"
"3","400","watts-strogatz","0.01","2","0.1","2","CES","0.5","1","1","1","10","10","1","0.9","77","36","0.45","0.48","0.2","0","0.002","0.001","true","1","no","0","0","60","0","0","0","0.005","false","false","false","2","2","0.5","0.5","1","1","13","1.035","1.035"
"3","400","watts-strogatz","0.01","2","0.1","2","CES","0.5","1","1","1","10","10","1","0.9","77","36","0.45","0.48","0.2","0","0.002","0.001","true","1","no","0","0","60","0","0","0","0.005","false","false","false","2","2","0.5","0.5","1","1","14","1.092","1.092"
"3","400","watts-strogatz","0.01","2","0.1","2","CES","0.5","1","1","1","10","10","1","0.9","77","36","0.45","0.48","0.2","0","0.002","0.001","true","1","no","0","0","60","0","0","0","0.005","false","false","false","2","2","0.5","0.5","1","1","15","1.146","1.146"
"3","400","watts-strogatz","0.01","2","0.1","2","CES","0.5","1","1","1","10","10","1","0.9","77","36","0.45","0.48","0.2","0","0.002","0.001","true","1","no","0","0","60","0","0","0","0.005","false","false","false","2","2","0.5","0.5","1","1","16","1.2","1.2"
"3","400","watts-strogatz","0.01","2","0.1","2","CES","0.5","1","1","1","10","10","1","0.9","77","36","0.45","0.48","0.2","0","0.002","0.001","true","1","no","0","0","60","0","0","0","0.005","false","false","false","2","2","0.5","0.5","1","1","17","1.252","1.252"
"3","400","watts-strogatz","0.01","2","0.1","2","CES","0.5","1","1","1","10","10","1","0.9","77","36","0.45","0.48","0.2","0","0.002","0.001","true","1","no","0","0","60","0","0","0","0.005","false","false","false","2","2","0.5","0.5","1","1","18","1.304","1.304"
"3","400","watts-strogatz","0.01","2","0.1","2","CES","0.5","1","1","1","10","10","1","0.9","77","36","0.45","0.48","0.2","0","0.002","0.001","true","1","no","0","0","60","0","0","0","0.005","false","false","false","2","2","0.5","0.5","1","1","19","1.352","1.352"
"3","400","watts-strogatz","0.01","2","0.1","2","CES","0.5","1","1","1","10","10","1","0.9","77","36","0.45","0.48","0.2","0","0.002","0.001","true","1","no","0","0","60","0","0","0","0.005","false","false","false","2","2","0.5","0.5","1","1","20","1.406","1.406"
"3","400","watts-strogatz","0.01","2","0.1","2","CES","0.5","1","1","1","10","10","1","0.9","77","36","0.45","0.48","0.2","0","0.002","0.001","true","1","no","0","0","60","0","0","0","0.005","false","false","false","2","2","0.5","0.5","1","1","21","1.452","1.452"
"3","400","watts-strogatz","0.01","2","0.1","2","CES","0.5","1","1","1","10","10","1","0.9","77","36","0.45","0.48","0.2","0","0.002","0.001","true","1","no","0","0","60","0","0","0","0.005","false","false","false","2","2","0.5","0.5","1","1","22","1.496","1.496"
"3","400","watts-strogatz","0.01","2","0.1","2","CES","0.5","1","1","1","10","10","1","0.9","77","36","0.45","0.48","0.2","0","0.002","0.001","true","1","no","0","0","60","0","0","0","0.005","false","false","false","2","2","0.5","0.5","1","1","23","1.54","1.54"
"3","400","watts-strogatz","0.01","2","0.1","2","CES","0.5","1","1","1","10","10","1","0.9","77","36","0.45","0.48","0.2","0","0.002","0.001","true","1","no","0","0","60","0","0","0","0.005","false","false","false","2","2","0.5","0.5","1","1","24","1.582","1.582"
"3","400","watts-strogatz","0.01","2","0.1","2","CES","0.5","1","1","1","10","10","1","0.9","77","36","0.45","0.48","0.2","0","0.002","0.001","true","1","no","0","0","60","0","0","0","0.005","false","false","false","2","2","0.5","0.5","1","1","25","1.624","1.624"
"3","400","watts-strogatz","0.01","2","0.1","2","CES","0.5","1","1","1","10","10","1","0.9","77","36","0.45","0.48","0.2","0","0.002","0.001","true","1","no","0","0","60","0","0","0","0.005","false","false","false","2","2","0.5","0.5","1","1","26","1.664","1.664"
"3","400","watts-strogatz","0.01","2","0.1","2","CES","0.5","1","1","1","10","10","1","0.9","77","36","0.45","0.48","0.2","0","0.002","0.001","true","1","no","0","0","60","0","0","0","0.005","false","false","false","2","2","0.5","0.5","1","1","27","1.703","1.703"
"3","400","watts-strogatz","0.01","2","0.1","2","CES","0.5","1","1","1","10","10","1","0.9","77","36","0.45","0.48","0.2","0","0.002","0.001","true","1","no","0","0","60","0","0","0","0.005","false","false","false","2","2","0.5","0.5","1","1","28","1.743","1.743"
"3","400","watts-strogatz","0.01","2","0.1","2","CES","0.5","1","1","1","10","10","1","0.9","77","36","0.45","0.48","0.2","0","0.002","0.001","true","1","no","0","0","60","0","0","0","0.005","false","false","false","2","2","0.5","0.5","1","1","29","1.78","1.78"
"3","400","watts-strogatz","0.01","2","0.1","2","CES","0.5","1","1","1","10","10","1","0.9","77","36","0.45","0.48","0.2","0","0.002","0.001","true","1","no","0","0","60","0","0","0","0.005","false","false","false","2","2","0.5","0.5","1","1","30","1.817","1.817"
"3","400","watts-strogatz","0.01","2","0.1","2","CES","0.5","1","1","1","10","10","1","0.9","77","36","0.45","0.48","0.2","0","0.002","0.001","true","1","no","0","0","60","0","0","0","0.005","false","false","false","2","2","0.5","0.5","1","1","31","1.853","1.853"
"3","400","watts-strogatz","0.01","2","0.1","2","CES","0.5","1","1","1","10","10","1","0.9","77","36","0.45","0.48","0.2","0","0.002","0.001","true","1","no","0","0","60","0","0","0","0.005","false","false","false","2","2","0.5","0.5","1","1","32","1.889","1.889"
"3","400","watts-strogatz","0.01","2","0.1","2","CES","0.5","1","1","1","10","10","1","0.9","77","36","0.45","0.48","0.2","0","0.002","0.001","true","1","no","0","0","60","0","0","0","0.005","false","false","false","2","2","0.5","0.5","1","1","33","1.924","1.924"
"3","400","watts-strogatz","0.01","2","0.1","2","CES","0.5","1","1","1","10","10","1","0.9","77","36","0.45","0.48","0.2","0","0.002","0.001","true","1","no","0","0","60","0","0","0","0.005","false","false","false","2","2","0.5","0.5","1","1","34","1.958","1.958"
"3","400","watts-strogatz","0.01","2","0.1","2","CES","0.5","1","1","1","10","10","1","0.9","77","36","0.45","0.48","0.2","0","0.002","0.001","true","1","no","0","0","60","0","0","0","0.005","false","false","false","2","2","0.5","0.5","1","1","35","1.992","1.991"
"3","400","watts-strogatz","0.01","2","0.1","2","CES","0.5","1","1","1","10","10","1","0.9","77","36","0.45","0.48","0.2","0","0.002","0.001","true","1","no","0","0","60","0","0","0","0.005","false","false","false","2","2","0.5","0.5","1","1","36","2.024","2.024"
"3","400","watts-strogatz","0.01","2","0.1","2","CES","0.5","1","1","1","10","10","1","0.9","77","36","0.45","0.48","0.2","0","0.002","0.001","true","1","no","0","0","60","0","0","0","0.005","false","false","false","2","2","0.5","0.5","1","1","37","2.056","2.056"
"3","400","watts-strogatz","0.01","2","0.1","2","CES","0.5","1","1","1","10","10","1","0.9","77","36","0.45","0.48","0.2","0","0.002","0.001","true","1","no","0","0","60","0","0","0","0.005","false","false","false","2","2","0.5","0.5","1","1","38","2.087","2.087"
"3","400","watts-strogatz","0.01","2","0.1","2","CES","0.5","1","1","1","10","10","1","0.9","77","36","0.45","0.48","0.2","0","0.002","0.001","true","1","no","0","0","60","0","0","0","0.005","false","false","false","2","2","0.5","0.5","1","1","39","2.118","2.118"
"3","400","watts-strogatz","0.01","2","0.1","2","CES","0.5","1","1","1","10","10","1","0.9","77","36","0.45","0.48","0.2","0","0.002","0.001","true","1","no","0","0","60","0","0","0","0.005","false","false","false","2","2","0.5","0.5","1","1","40","2.149","2.149"
"3","400","watts-strogatz","0.01","2","0.1","2","CES","0.5","1","1","1","10","10","1","0.9","77","36","0.45","0.48","0.2","0","0.002","0.001","true","1","no","0","0","60","0","0","0","0.005","false","false","false","2","2","0.5","0.5","1","1","41","2.18","2.179"
"3","400","watts-strogatz","0.01","2","0.1","2","CES","0.5","1","1","1","10","10","1","0.9","77","36","0.45","0.48","0.2","0","0.002","0.001","true","1","no","0","0","60","0","0","0","0.005","false","false","false","2","2","0.5","0.5","1","1","42","2.209","2.209"
"3","400","watts-strogatz","0.01","2","0.1","2","CES","0.5","1","1","1","10","10","1","0.9","77","36","0.45","0.48","0.2","0","0.002","0.001","true","1","no","0","0","60","0","0","0","0.005","false","false","false","2","2","0.5","0.5","1","1","43","2.238","2.238"
"3","400","watts-strogatz","0.01","2","0.1","2","CES","0.5","1","1","1","10","10","1","0.9","77","36","0.45","0.48","0.2","0","0.002","0.001","true","1","no","0","0","60","0","0","0","0.005","false","false","false","2","2","0.5","0.5","1","1","44","2.266","2.266"
"3","400","watts-strogatz","0.01","2","0.1","2","CES","0.5","1","1","1","10","10","1","0.9","77","36","0.45","0.48","0.2","0","0.002","0.001","true","1","no","0","0","60","0","0","0","0.005","false","false","false","2","2","0.5","0.5","1","1","45","2.295","2.295"
"3","400","watts-strogatz","0.01","2","0.1","2","CES","0.5","1","1","1","10","10","1","0.9","77","36","0.45","0.48","0.2","0","0.002","0.001","true","1","no","0","0","60","0","0","0","0.005","false","false","false","2","2","0.5","0.5","1","1","46","2.321","2.321"
"3","400","watts-strogatz","0.01","2","0.1","2","CES","0.5","1","1","1","10","10","1","0.9","77","36","0.45","0.48","0.2","0","0.002","0.001","true","1","no","0","0","60","0","0","0","0.005","false","false","false","2","2","0.5","0.5","1","1","47","2.348","2.348"
"3","400","watts-strogatz","0.01","2","0.1","2","CES","0.5","1","1","1","10","10","1","0.9","77","36","0.45","0.48","0.2","0","0.002","0.001","true","1","no","0","0","60","0","0","0","0.005","false","false","false","2","2","0.5","0.5","1","1","48","2.374","2.374"
"3","400","watts-strogatz","0.01","2","0.1","2","CES","0.5","1","1","1","10","10","1","0.9","77","36","0.45","0.48","0.2","0","0.002","0.001","true","1","no","0","0","60","0","0","0","0.005","false","false","false","2","2","0.5","0.5","1","1","49","2.4","2.4"
"3","400","watts-strogatz","0.01","2","0.1","2","CES","0.5","1","1","1","10","10","1","0.9","77","36","0.45","0.48","0.2","0","0.002","0.001","true","1","no","0","0","60","0","0","0","0.005","false","false","false","2","2","0.5","0.5","1","1","50","2.426","2.426"
"4","400","watts-strogatz","0.01","2","0.1","2","CES","0.5","1","1","1","10","10","1","0.9","77","36","0.45","0.48","0.2","0","0.002","0.001","true","1","no","0","0","60","0","0","0","0.005","false","false","false","2","2","0.5","0.5","1","1","0","0.011","0"
"4","400","watts-strogatz","0.01","2","0.1","2","CES","0.5","1","1","1","10","10","1","0.9","77","36","0.45","0.48","0.2","0","0.002","0.001","true","1","no","0","0","60","0","0","0","0.005","false","false","false","2","2","0.5","0.5","1","1","1","0.153","0.152"
"4","400","watts-strogatz","0.01","2","0.1","2","CES","0.5","1","1","1","10","10","1","0.9","77","36","0.45","0.48","0.2","0","0.002","0.001","true","1","no","0","0","60","0","0","0","0.005","false","false","false","2","2","0.5","0.5","1","1","2","0.253","0.253"
"4","400","watts-strogatz","0.01","2","0.1","2","CES","0.5","1","1","1","10","10","1","0.9","77","36","0.45","0.48","0.2","0","0.002","0.001","true","1","no","0","0","60","0","0","0","0.005","false","false","false","2","2","0.5","0.5","1","1","3","0.342","0.342"
"4","400","watts-strogatz","0.01","2","0.1","2","CES","0.5","1","1","1","10","10","1","0.9","77","36","0.45","0.48","0.2","0","0.002","0.001","true","1","no","0","0","60","0","0","0","0.005","false","false","false","2","2","0.5","0.5","1","1","4","0.425","0.425"
"4","400","watts-strogatz","0.01","2","0.1","2","CES","0.5","1","1","1","10","10","1","0.9","77","36","0.45","0.48","0.2","0","0.002","0.001","true","1","no","0","0","60","0","0","0","0.005","false","false","false","2","2","0.5","0.5","1","1","5","0.503","0.503"
"4","400","watts-strogatz","0.01","2","0.1","2","CES","0.5","1","1","1","10","10","1","0.9","77","36","0.45","0.48","0.2","0","0.002","0.001","true","1","no","0","0","60","0","0","0","0.005","false","false","false","2","2","0.5","0.5","1","1","6","0.578","0.578"
"4","400","watts-strogatz","0.01","2","0.1","2","CES","0.5","1","1","1","10","10","1","0.9","77","36","0.45","0.48","0.2","0","0.002","0.001","true","1","no","0","0","60","0","0","0","0.005","false","false","false","2","2","0.5","0.5","1","1","7","0.649","0.649"
"4","400","watts-strogatz","0.01","2","0.1","2","CES","0.5","1","1","1","10","10","1","0.9","77","36","0.45","0.48","0.2","0","0.002","0.001","true","1","no","0","0","60","0","0","0","0.005","false","false","false","2","2","0.5","0.5","1","1","8","0.718","0.718"
"4","400","watts-strogatz","0.01","2","0.1","2","CES","0.5","1","1","1","10","10","1","0.9","77","36","0.45","0.48","0.2","0","0.002","0.001","true","1","no","0","0","60","0","0","0","0.005","false","false","false","2","2","0.5","0.5","1","1","9","0.785","0.785"
"4","400","watts-strogatz","0.01","2","0.1","2","CES","0.5","1","1","1","10","10","1","0.9","77","36","0.45","0.48","0.2","0","0.002","0.001","true","1","no","0","0","60","0","0","0","0.005","false","false","false","2","2","0.5","0.5","1","1","10","0.85","0.85"
"4","400","watts-strogatz","0.01","2","0.1","2","CES","0.5","1","1","1","10","10","1","0.9","77","36","0.45","0.48","0.2","0","0.002","0.001","true","1","no","0","0","60","0","0","0","0.005","false","false","false","2","2","0.5","0.5","1","1","11","0.913","0.912"
"4","400","watts-strogatz","0.01","2","0.1","2","CES","0.5","1","1","1","10","10","1","0.9","77","36","0.45","0.48","0.2","0","0.002","0.001","true","1","no","0","0","60","0","0","0","0.005","false","false","false","2","2","0.5","0.5","1","1","12","0.973","0.973"
"4","400","watts-strogatz","0.01","2","0.1","2","CES","0.5","1","1","1","10","10","1","0.9","77","36","0.45","0.48","0.2","0","0.002","0.001","true","1","no","0","0","60","0","0","0","0.005","false","false","false","2","2","0.5","0.5","1","1","13","1.029","1.029"
"4","400","watts-strogatz","0.01","2","0.1","2","CES","0.5","1","1","1","10","10","1","0.9","77","36","0.45","0.48","0.2","0","0.002","0.001","true","1","no","0","0","60","0","0","0","0.005","false","false","false","2","2","0.5","0.5","1","1","14","1.084","1.084"
"4","400","watts-strogatz","0.01","2","0.1","2","CES","0.5","1","1","1","10","10","1","0.9","77","36","0.45","0.48","0.2","0","0.002","0.001","true","1","no","0","0","60","0","0","0","0.005","false","false","false","2","2","0.5","0.5","1","1","15","1.138","1.138"
"4","400","watts-strogatz","0.01","2","0.1","2","CES","0.5","1","1","1","10","10","1","0.9","77","36","0.45","0.48","0.2","0","0.002","0.001","true","1","no","0","0","60","0","0","0","0.005","false","false","false","2","2","0.5","0.5","1","1","16","1.19","1.19"
"4","400","watts-strogatz","0.01","2","0.1","2","CES","0.5","1","1","1","10","10","1","0.9","77","36","0.45","0.48","0.2","0","0.002","0.001","true","1","no","0","0","60","0","0","0","0.005","false","false","false","2","2","0.5","0.5","1","1","17","1.242","1.242"
"4","400","watts-strogatz","0.01","2","0.1","2","CES","0.5","1","1","1","10","10","1","0.9","77","36","0.45","0.48","0.2","0","0.002","0.001","true","1","no","0","0","60","0","0","0","0.005","false","false","false","2","2","0.5","0.5","1","1","18","1.291","1.291"
"4","400","watts-strogatz","0.01","2","0.1","2","CES","0.5","1","1","1","10","10","1","0.9","77","36","0.45","0.48","0.2","0","0.002","0.001","true","1","no","0","0","60","0","0","0","0.005","false","false","false","2","2","0.5","0.5","1","1","19","1.34","1.34"
"4","400","watts-strogatz","0.01","2","0.1","2","CES","0.5","1","1","1","10","10","1","0.9","77","36","0.45","0.48","0.2","0","0.002","0.001","true","1","no","0","0","60","0","0","0","0.005","false","false","false","2","2","0.5","0.5","1","1","20","1.386","1.386"
"4","400","watts-strogatz","0.01","2","0.1","2","CES","0.5","1","1","1","10","10","1","0.9","77","36","0.45","0.48","0.2","0","0.002","0.001","true","1","no","0","0","60","0","0","0","0.005","false","false","false","2","2","0.5","0.5","1","1","21","1.432","1.432"
"4","400","watts-strogatz","0.01","2","0.1","2","CES","0.5","1","1","1","10","10","1","0.9","77","36","0.45","0.48","0.2","0","0.002","0.001","true","1","no","0","0","60","0","0","0","0.005","false","false","false","2","2","0.5","0.5","1","1","22","1.477","1.477"
"4","400","watts-strogatz","0.01","2","0.1","2","CES","0.5","1","1","1","10","10","1","0.9","77","36","0.45","0.48","0.2","0","0.002","0.001","true","1","no","0","0","60","0","0","0","0.005","false","false","false","2","2","0.5","0.5","1","1","23","1.52","1.52"
"4","400","watts-strogatz","0.01","2","0.1","2","CES","0.5","1","1","1","10","10","1","0.9","77","36","0.45","0.48","0.2","0","0.002","0.001","true","1","no","0","0","60","0","0","0","0.005","false","false","false","2","2","0.5","0.5","1","1","24","1.562","1.562"
"4","400","watts-strogatz","0.01","2","0.1","2","CES","0.5","1","1","1","10","10","1","0.9","77","36","0.45","0.48","0.2","0","0.002","0.001","true","1","no","0","0","60","0","0","0","0.005","false","false","false","2","2","0.5","0.5","1","1","25","1.602","1.602"
"4","400","watts-strogatz","0.01","2","0.1","2","CES","0.5","1","1","1","10","10","1","0.9","77","36","0.45","0.48","0.2","0","0.002","0.001","true","1","no","0","0","60","0","0","0","0.005","false","false","false","2","2","0.5","0.5","1","1","26","1.643","1.643"
"4","400","watts-strogatz","0.01","2","0.1","2","CES","0.5","1","1","1","10","10","1","0.9","77","36","0.45","0.48","0.2","0","0.002","0.001","true","1","no","0","0","60","0","0","0","0.005","false","false","false","2","2","0.5","0.5","1","1","27","1.682","1.682"
"4","400","watts-strogatz","0.01","2","0.1","2","CES","0.5","1","1","1","10","10","1","0.9","77","36","0.45","0.48","0.2","0","0.002","0.001","true","1","no","0","0","60","0","0","0","0.005","false","false","false","2","2","0.5","0.5","1","1","28","1.72","1.72"
"4","400","watts-strogatz","0.01","2","0.1","2","CES","0.5","1","1","1","10","10","1","0.9","77","36","0.45","0.48","0.2","0","0.002","0.001","true","1","no","0","0","60","0","0","0","0.005","false","false","false","2","2","0.5","0.5","1","1","29","1.758","1.758"
"4","400","watts-strogatz","0.01","2","0.1","2","CES","0.5","1","1","1","10","10","1","0.9","77","36","0.45","0.48","0.2","0","0.002","0.001","true","1","no","0","0","60","0","0","0","0.005","false","false","false","2","2","0.5","0.5","1","1","30","1.794","1.794"
"4","400","watts-strogatz","0.01","2","0.1","2","CES","0.5","1","1","1","10","10","1","0.9","77","36","0.45","0.48","0.2","0","0.002","0.001","true","1","no","0","0","60","0","0","0","0.005","false","false","false","2","2","0.5","0.5","1","1","31","1.831","1.831"
"4","400","watts-strogatz","0.01","2","0.1","2","CES","0.5","1","1","1","10","10","1","0.9","77","36","0.45","0.48","0.2","0","0.002","0.001","true","1","no","0","0","60","0","0","0","0.005","false","false","false","2","2","0.5","0.5","1","1","32","1.866","1.866"
"4","400","watts-strogatz","0.01","2","0.1","2","CES","0.5","1","1","1","10","10","1","0.9","77","36","0.45","0.48","0.2","0","0.002","0.001","true","1","no","0","0","60","0","0","0","0.005","false","false","false","2","2","0.5","0.5","1","1","33","1.901","1.901"
"4","400","watts-strogatz","0.01","2","0.1","2","CES","0.5","1","1","1","10","10","1","0.9","77","36","0.45","0.48","0.2","0","0.002","0.001","true","1","no","0","0","60","0","0","0","0.005","false","false","false","2","2","0.5","0.5","1","1","34","1.935","1.935"
"4","400","watts-strogatz","0.01","2","0.1","2","CES","0.5","1","1","1","10","10","1","0.9","77","36","0.45","0.48","0.2","0","0.002","0.001","true","1","no","0","0","60","0","0","0","0.005","false","false","false","2","2","0.5","0.5","1","1","35","1.968","1.968"
"4","400","watts-strogatz","0.01","2","0.1","2","CES","0.5","1","1","1","10","10","1","0.9","77","36","0.45","0.48","0.2","0","0.002","0.001","true","1","no","0","0","60","0","0","0","0.005","false","false","false","2","2","0.5","0.5","1","1","36","2","2"
"4","400","watts-strogatz","0.01","2","0.1","2","CES","0.5","1","1","1","10","10","1","0.9","77","36","0.45","0.48","0.2","0","0.002","0.001","true","1","no","0","0","60","0","0","0","0.005","false","false","false","2","2","0.5","0.5","1","1","37","2.031","2.031"
"4","400","watts-strogatz","0.01","2","0.1","2","CES","0.5","1","1","1","10","10","1","0.9","77","36","0.45","0.48","0.2","0","0.002","0.001","true","1","no","0","0","60","0","0","0","0.005","false","false","false","2","2","0.5","0.5","1","1","38","2.062","2.062"
"4","400","watts-strogatz","0.01","2","0.1","2","CES","0.5","1","1","1","10","10","1","0.9","77","36","0.45","0.48","0.2","0","0.002","0.001","true","1","no","0","0","60","0","0","0","0.005","false","false","false","2","2","0.5","0.5","1","1","39","2.092","2.092"
"4","400","watts-strogatz","0.01","2","0.1","2","CES","0.5","1","1","1","10","10","1","0.9","77","36","0.45","0.48","0.2","0","0.002","0.001","true","1","no","0","0","60","0","0","0","0.005","false","false","false","2","2","0.5","0.5","1","1","40","2.123","2.123"
"4","400","watts-strogatz","0.01","2","0.1","2","CES","0.5","1","1","1","10","10","1","0.9","77","36","0.45","0.48","0.2","0","0.002","0.001","true","1","no","0","0","60","0","0","0","0.005","false","false","false","2","2","0.5","0.5","1","1","41","2.152","2.152"
"4","400","watts-strogatz","0.01","2","0.1","2","CES","0.5","1","1","1","10","10","1","0.9","77","36","0.45","0.48","0.2","0","0.002","0.001","true","1","no","0","0","60","0","0","0","0.005","false","false","false","2","2","0.5","0.5","1","1","42","2.181","2.181"
"4","400","watts-strogatz","0.01","2","0.1","2","CES","0.5","1","1","1","10","10","1","0.9","77","36","0.45","0.48","0.2","0","0.002","0.001","true","1","no","0","0","60","0","0","0","0.005","false","false","false","2","2","0.5","0.5","1","1","43","2.209","2.209"
"4","400","watts-strogatz","0.01","2","0.1","2","CES","0.5","1","1","1","10","10","1","0.9","77","36","0.45","0.48","0.2","0","0.002","0.001","true","1","no","0","0","60","0","0","0","0.005","false","false","false","2","2","0.5","0.5","1","1","44","2.237","2.236"
"4","400","watts-strogatz","0.01","2","0.1","2","CES","0.5","1","1","1","10","10","1","0.9","77","36","0.45","0.48","0.2","0","0.002","0.001","true","1","no","0","0","60","0","0","0","0.005","false","false","false","2","2","0.5","0.5","1","1","45","2.264","2.264"
"4","400","watts-strogatz","0.01","2","0.1","2","CES","0.5","1","1","1","10","10","1","0.9","77","36","0.45","0.48","0.2","0","0.002","0.001","true","1","no","0","0","60","0","0","0","0.005","false","false","false","2","2","0.5","0.5","1","1","46","2.291","2.291"
"4","400","watts-strogatz","0.01","2","0.1","2","CES","0.5","1","1","1","10","10","1","0.9","77","36","0.45","0.48","0.2","0","0.002","0.001","true","1","no","0","0","60","0","0","0","0.005","false","false","false","2","2","0.5","0.5","1","1","47","2.318","2.318"
"4","400","watts-strogatz","0.01","2","0.1","2","CES","0.5","1","1","1","10","10","1","0.9","77","36","0.45","0.48","0.2","0","0.002","0.001","true","1","no","0","0","60","0","0","0","0.005","false","false","false","2","2","0.5","0.5","1","1","48","2.344","2.344"
"4","400","watts-strogatz","0.01","2","0.1","2","CES","0.5","1","1","1","10","10","1","0.9","77","36","0.45","0.48","0.2","0","0.002","0.001","true","1","no","0","0","60","0","0","0","0.005","false","false","false","2","2","0.5","0.5","1","1","49","2.37","2.37"
"4","400","watts-strogatz","0.01","2","0.1","2","CES","0.5","1","1","1","10","10","1","0.9","77","36","0.45","0.48","0.2","0","0.002","0.001","true","1","no","0","0","60","0","0","0","0.005","false","false","false","2","2","0.5","0.5","1","1","50","2.395","2.395"
"5","400","watts-strogatz","0.01","2","0.1","2","CES","0.5","1","1","1","10","10","1","0.9","77","36","0.45","0.48","0.2","0","0.002","0.001","true","1","no","0","0","60","0","0","0","0.005","false","false","false","2","2","0.5","0.5","1","1","0","0.012","0"
"5","400","watts-strogatz","0.01","2","0.1","2","CES","0.5","1","1","1","10","10","1","0.9","77","36","0.45","0.48","0.2","0","0.002","0.001","true","1","no","0","0","60","0","0","0","0.005","false","false","false","2","2","0.5","0.5","1","1","1","0.163","0.163"
"5","400","watts-strogatz","0.01","2","0.1","2","CES","0.5","1","1","1","10","10","1","0.9","77","36","0.45","0.48","0.2","0","0.002","0.001","true","1","no","0","0","60","0","0","0","0.005","false","false","false","2","2","0.5","0.5","1","1","2","0.262","0.262"
"5","400","watts-strogatz","0.01","2","0.1","2","CES","0.5","1","1","1","10","10","1","0.9","77","36","0.45","0.48","0.2","0","0.002","0.001","true","1","no","0","0","60","0","0","0","0.005","false","false","false","2","2","0.5","0.5","1","1","3","0.351","0.351"
"5","400","watts-strogatz","0.01","2","0.1","2","CES","0.5","1","1","1","10","10","1","0.9","77","36","0.45","0.48","0.2","0","0.002","0.001","true","1","no","0","0","60","0","0","0","0.005","false","false","false","2","2","0.5","0.5","1","1","4","0.432","0.432"
"5","400","watts-strogatz","0.01","2","0.1","2","CES","0.5","1","1","1","10","10","1","0.9","77","36","0.45","0.48","0.2","0","0.002","0.001","true","1","no","0","0","60","0","0","0","0.005","false","false","false","2","2","0.5","0.5","1","1","5","0.509","0.509"
"5","400","watts-strogatz","0.01","2","0.1","2","CES","0.5","1","1","1","10","10","1","0.9","77","36","0.45","0.48","0.2","0","0.002","0.001","true","1","no","0","0","60","0","0","0","0.005","false","false","false","2","2","0.5","0.5","1","1","6","0.584","0.584"
"5","400","watts-strogatz","0.01","2","0.1","2","CES","0.5","1","1","1","10","10","1","0.9","77","36","0.45","0.48","0.2","0","0.002","0.001","true","1","no","0","0","60","0","0","0","0.005","false","false","false","2","2","0.5","0.5","1","1","7","0.655","0.655"
"5","400","watts-strogatz","0.01","2","0.1","2","CES","0.5","1","1","1","10","10","1","0.9","77","36","0.45","0.48","0.2","0","0.002","0.001","true","1","no","0","0","60","0","0","0","0.005","false","false","false","2","2","0.5","0.5","1","1","8","0.724","0.723"
"5","400","watts-strogatz","0.01","2","0.1","2","CES","0.5","1","1","1","10","10","1","0.9","77","36","0.45","0.48","0.2","0","0.002","0.001","true","1","no","0","0","60","0","0","0","0.005","false","false","false","2","2","0.5","0.5","1","1","9","0.791","0.791"
"5","400","watts-strogatz","0.01","2","0.1","2","CES","0.5","1","1","1","10","10","1","0.9","77","36","0.45","0.48","0.2","0","0.002","0.001","true","1","no","0","0","60","0","0","0","0.005","false","false","false","2","2","0.5","0.5","1","1","10","0.853","0.853"
"5","400","watts-strogatz","0.01","2","0.1","2","CES","0.5","1","1","1","10","10","1","0.9","77","36","0.45","0.48","0.2","0","0.002","0.001","true","1","no","0","0","60","0","0","0","0.005","false","false","false","2","2","0.5","0.5","1","1","11","0.914","0.914"
"5","400","watts-strogatz","0.01","2","0.1","2","CES","0.5","1","1","1","10","10","1","0.9","77","36","0.45","0.48","0.2","0","0.002","0.001","true","1","no","0","0","60","0","0","0","0.005","false","false","false","2","2","0.5","0.5","1","1","12","0.973","0.973"
"5","400","watts-strogatz","0.01","2","0.1","2","CES","0.5","1","1","1","10","10","1","0.9","77","36","0.45","0.48","0.2","0","0.002","0.001","true","1","no","0","0","60","0","0","0","0.005","false","false","false","2","2","0.5","0.5","1","1","13","1.03","1.03"
"5","400","watts-strogatz","0.01","2","0.1","2","CES","0.5","1","1","1","10","10","1","0.9","77","36","0.45","0.48","0.2","0","0.002","0.001","true","1","no","0","0","60","0","0","0","0.005","false","false","false","2","2","0.5","0.5","1","1","14","1.086","1.086"
"5","400","watts-strogatz","0.01","2","0.1","2","CES","0.5","1","1","1","10","10","1","0.9","77","36","0.45","0.48","0.2","0","0.002","0.001","true","1","no","0","0","60","0","0","0","0.005","false","false","false","2","2","0.5","0.5","1","1","15","1.141","1.141"
"5","400","watts-strogatz","0.01","2","0.1","2","CES","0.5","1","1","1","10","10","1","0.9","77","36","0.45","0.48","0.2","0","0.002","0.001","true","1","no","0","0","60","0","0","0","0.005","false","false","false","2","2","0.5","0.5","1","1","16","1.194","1.194"
"5","400","watts-strogatz","0.01","2","0.1","2","CES","0.5","1","1","1","10","10","1","0.9","77","36","0.45","0.48","0.2","0","0.002","0.001","true","1","no","0","0","60","0","0","0","0.005","false","false","false","2","2","0.5","0.5","1","1","17","1.247","1.247"
"5","400","watts-strogatz","0.01","2","0.1","2","CES","0.5","1","1","1","10","10","1","0.9","77","36","0.45","0.48","0.2","0","0.002","0.001","true","1","no","0","0","60","0","0","0","0.005","false","false","false","2","2","0.5","0.5","1","1","18","1.298","1.298"
"5","400","watts-strogatz","0.01","2","0.1","2","CES","0.5","1","1","1","10","10","1","0.9","77","36","0.45","0.48","0.2","0","0.002","0.001","true","1","no","0","0","60","0","0","0","0.005","false","false","false","2","2","0.5","0.5","1","1","19","1.345","1.345"
"5","400","watts-strogatz","0.01","2","0.1","2","CES","0.5","1","1","1","10","10","1","0.9","77","36","0.45","0.48","0.2","0","0.002","0.001","true","1","no","0","0","60","0","0","0","0.005","false","false","false","2","2","0.5","0.5","1","1","20","1.392","1.391"
"5","400","watts-strogatz","0.01","2","0.1","2","CES","0.5","1","1","1","10","10","1","0.9","77","36","0.45","0.48","0.2","0","0.002","0.001","true","1","no","0","0","60","0","0","0","0.005","false","false","false","2","2","0.5","0.5","1","1","21","1.437","1.437"
"5","400","watts-strogatz","0.01","2","0.1","2","CES","0.5","1","1","1","10","10","1","0.9","77","36","0.45","0.48","0.2","0","0.002","0.001","true","1","no","0","0","60","0","0","0","0.005","false","false","false","2","2","0.5","0.5","1","1","22","1.482","1.481"
"5","400","watts-strogatz","0.01","2","0.1","2","CES","0.5","1","1","1","10","10","1","0.9","77","36","0.45","0.48","0.2","0","0.002","0.001","true","1","no","0","0","60","0","0","0","0.005","false","false","false","2","2","0.5","0.5","1","1","23","1.525","1.525"
"5","400","watts-strogatz","0.01","2","0.1","2","CES","0.5","1","1","1","10","10","1","0.9","77","36","0.45","0.48","0.2","0","0.002","0.001","true","1","no","0","0","60","0","0","0","0.005","false","false","false","2","2","0.5","0.5","1","1","24","1.569","1.568"
"5","400","watts-strogatz","0.01","2","0.1","2","CES","0.5","1","1","1","10","10","1","0.9","77","36","0.45","0.48","0.2","0","0.002","0.001","true","1","no","0","0","60","0","0","0","0.005","false","false","false","2","2","0.5","0.5","1","1","25","1.61","1.61"
"5","400","watts-strogatz","0.01","2","0.1","2","CES","0.5","1","1","1","10","10","1","0.9","77","36","0.45","0.48","0.2","0","0.002","0.001","true","1","no","0","0","60","0","0","0","0.005","false","false","false","2","2","0.5","0.5","1","1","26","1.651","1.651"
"5","400","watts-strogatz","0.01","2","0.1","2","CES","0.5","1","1","1","10","10","1","0.9","77","36","0.45","0.48","0.2","0","0.002","0.001","true","1","no","0","0","60","0","0","0","0.005","false","false","false","2","2","0.5","0.5","1","1","27","1.692","1.692"
"5","400","watts-strogatz","0.01","2","0.1","2","CES","0.5","1","1","1","10","10","1","0.9","77","36","0.45","0.48","0.2","0","0.002","0.001","true","1","no","0","0","60","0","0","0","0.005","false","false","false","2","2","0.5","0.5","1","1","28","1.731","1.731"
"5","400","watts-strogatz","0.01","2","0.1","2","CES","0.5","1","1","1","10","10","1","0.9","77","36","0.45","0.48","0.2","0","0.002","0.001","true","1","no","0","0","60","0","0","0","0.005","false","false","false","2","2","0.5","0.5","1","1","29","1.77","1.769"
"5","400","watts-strogatz","0.01","2","0.1","2","CES","0.5","1","1","1","10","10","1","0.9","77","36","0.45","0.48","0.2","0","0.002","0.001","true","1","no","0","0","60","0","0","0","0.005","false","false","false","2","2","0.5","0.5","1","1","30","1.807","1.806"
"5","400","watts-strogatz","0.01","2","0.1","2","CES","0.5","1","1","1","10","10","1","0.9","77","36","0.45","0.48","0.2","0","0.002","0.001","true","1","no","0","0","60","0","0","0","0.005","false","false","false","2","2","0.5","0.5","1","1","31","1.843","1.843"
"5","400","watts-strogatz","0.01","2","0.1","2","CES","0.5","1","1","1","10","10","1","0.9","77","36","0.45","0.48","0.2","0","0.002","0.001","true","1","no","0","0","60","0","0","0","0.005","false","false","false","2","2","0.5","0.5","1","1","32","1.879","1.879"
"5","400","watts-strogatz","0.01","2","0.1","2","CES","0.5","1","1","1","10","10","1","0.9","77","36","0.45","0.48","0.2","0","0.002","0.001","true","1","no","0","0","60","0","0","0","0.005","false","false","false","2","2","0.5","0.5","1","1","33","1.914","1.914"
"5","400","watts-strogatz","0.01","2","0.1","2","CES","0.5","1","1","1","10","10","1","0.9","77","36","0.45","0.48","0.2","0","0.002","0.001","true","1","no","0","0","60","0","0","0","0.005","false","false","false","2","2","0.5","0.5","1","1","34","1.948","1.948"
"5","400","watts-strogatz","0.01","2","0.1","2","CES","0.5","1","1","1","10","10","1","0.9","77","36","0.45","0.48","0.2","0","0.002","0.001","true","1","no","0","0","60","0","0","0","0.005","false","false","false","2","2","0.5","0.5","1","1","35","1.981","1.981"
"5","400","watts-strogatz","0.01","2","0.1","2","CES","0.5","1","1","1","10","10","1","0.9","77","36","0.45","0.48","0.2","0","0.002","0.001","true","1","no","0","0","60","0","0","0","0.005","false","false","false","2","2","0.5","0.5","1","1","36","2.014","2.014"
"5","400","watts-strogatz","0.01","2","0.1","2","CES","0.5","1","1","1","10","10","1","0.9","77","36","0.45","0.48","0.2","0","0.002","0.001","true","1","no","0","0","60","0","0","0","0.005","false","false","false","2","2","0.5","0.5","1","1","37","2.044","2.044"
"5","400","watts-strogatz","0.01","2","0.1","2","CES","0.5","1","1","1","10","10","1","0.9","77","36","0.45","0.48","0.2","0","0.002","0.001","true","1","no","0","0","60","0","0","0","0.005","false","false","false","2","2","0.5","0.5","1","1","38","2.075","2.075"
"5","400","watts-strogatz","0.01","2","0.1","2","CES","0.5","1","1","1","10","10","1","0.9","77","36","0.45","0.48","0.2","0","0.002","0.001","true","1","no","0","0","60","0","0","0","0.005","false","false","false","2","2","0.5","0.5","1","1","39","2.105","2.105"
"5","400","watts-strogatz","0.01","2","0.1","2","CES","0.5","1","1","1","10","10","1","0.9","77","36","0.45","0.48","0.2","0","0.002","0.001","true","1","no","0","0","60","0","0","0","0.005","false","false","false","2","2","0.5","0.5","1","1","40","2.134","2.134"
"5","400","watts-strogatz","0.01","2","0.1","2","CES","0.5","1","1","1","10","10","1","0.9","77","36","0.45","0.48","0.2","0","0.002","0.001","true","1","no","0","0","60","0","0","0","0.005","false","false","false","2","2","0.5","0.5","1","1","41","2.162","2.162"
"5","400","watts-strogatz","0.01","2","0.1","2","CES","0.5","1","1","1","10","10","1","0.9","77","36","0.45","0.48","0.2","0","0.002","0.001","true","1","no","0","0","60","0","0","0","0.005","false","false","false","2","2","0.5","0.5","1","1","42","2.193","2.193"
"5","400","watts-strogatz","0.01","2","0.1","2","CES","0.5","1","1","1","10","10","1","0.9","77","36","0.45","0.48","0.2","0","0.002","0.001","true","1","no","0","0","60","0","0","0","0.005","false","false","false","2","2","0.5","0.5","1","1","43","2.225","2.225"
"5","400","watts-strogatz","0.01","2","0.1","2","CES","0.5","1","1","1","10","10","1","0.9","77","36","0.45","0.48","0.2","0","0.002","0.001","true","1","no","0","0","60","0","0","0","0.005","false","false","false","2","2","0.5","0.5","1","1","44","2.255","2.255"
"5","400","watts-strogatz","0.01","2","0.1","2","CES","0.5","1","1","1","10","10","1","0.9","77","36","0.45","0.48","0.2","0","0.002","0.001","true","1","no","0","0","60","0","0","0","0.005","false","false","false","2","2","0.5","0.5","1","1","45","2.283","2.282"
"5","400","watts-strogatz","0.01","2","0.1","2","CES","0.5","1","1","1","10","10","1","0.9","77","36","0.45","0.48","0.2","0","0.002","0.001","true","1","no","0","0","60","0","0","0","0.005","false","false","false","2","2","0.5","0.5","1","1","46","2.31","2.31"
"5","400","watts-strogatz","0.01","2","0.1","2","CES","0.5","1","1","1","10","10","1","0.9","77","36","0.45","0.48","0.2","0","0.002","0.001","true","1","no","0","0","60","0","0","0","0.005","false","false","false","2","2","0.5","0.5","1","1","47","2.337","2.336"
"5","400","watts-strogatz","0.01","2","0.1","2","CES","0.5","1","1","1","10","10","1","0.9","77","36","0.45","0.48","0.2","0","0.002","0.001","true","1","no","0","0","60","0","0","0","0.005","false","false","false","2","2","0.5","0.5","1","1","48","2.363","2.363"
"5","400","watts-strogatz","0.01","2","0.1","2","CES","0.5","1","1","1","10","10","1","0.9","77","36","0.45","0.48","0.2","0","0.002","0.001","true","1","no","0","0","60","0","0","0","0.005","false","false","false","2","2","0.5","0.5","1","1","49","2.389","2.389"
"5","400","watts-strogatz","0.01","2","0.1","2","CES","0.5","1","1","1","10","10","1","0.9","77","36","0.45","0.48","0.2","0","0.002","0.001","true","1","no","0","0","60","0","0","0","0.005","false","false","false","2","2","0.5","0.5","1","1","50","2.414","2.414"
"6","400","watts-strogatz","0.01","2","0.1","2","CES","0.5","1","1","1","10","10","1","0.9","77","36","0.45","0.48","0.2","0","0.002","0.001","true","1","no","0","0","60","0","0","0","0.005","false","false","false","2","2","0.5","0.5","1","1","0","0.01","0"
"6","400","watts-strogatz","0.01","2","0.1","2","CES","0.5","1","1","1","10","10","1","0.9","77","36","0.45","0.48","0.2","0","0.002","0.001","true","1","no","0","0","60","0","0","0","0.005","false","false","false","2","2","0.5","0.5","1","1","1","0.156","0.156"
"6","400","watts-strogatz","0.01","2","0.1","2","CES","0.5","1","1","1","10","10","1","0.9","77","36","0.45","0.48","0.2","0","0.002","0.001","true","1","no","0","0","60","0","0","0","0.005","false","false","false","2","2","0.5","0.5","1","1","2","0.257","0.257"
"6","400","watts-strogatz","0.01","2","0.1","2","CES","0.5","1","1","1","10","10","1","0.9","77","36","0.45","0.48","0.2","0","0.002","0.001","true","1","no","0","0","60","0","0","0","0.005","false","false","false","2","2","0.5","0.5","1","1","3","0.348","0.348"
"6","400","watts-strogatz","0.01","2","0.1","2","CES","0.5","1","1","1","10","10","1","0.9","77","36","0.45","0.48","0.2","0","0.002","0.001","true","1","no","0","0","60","0","0","0","0.005","false","false","false","2","2","0.5","0.5","1","1","4","0.431","0.431"
"6","400","watts-strogatz","0.01","2","0.1","2","CES","0.5","1","1","1","10","10","1","0.9","77","36","0.45","0.48","0.2","0","0.002","0.001","true","1","no","0","0","60","0","0","0","0.005","false","false","false","2","2","0.5","0.5","1","1","5","0.51","0.51"
"6","400","watts-strogatz","0.01","2","0.1","2","CES","0.5","1","1","1","10","10","1","0.9","77","36","0.45","0.48","0.2","0","0.002","0.001","true","1","no","0","0","60","0","0","0","0.005","false","false","false","2","2","0.5","0.5","1","1","6","0.587","0.586"
"6","400","watts-strogatz","0.01","2","0.1","2","CES","0.5","1","1","1","10","10","1","0.9","77","36","0.45","0.48","0.2","0","0.002","0.001","true","1","no","0","0","60","0","0","0","0.005","false","false","false","2","2","0.5","0.5","1","1","7","0.659","0.659"
"6","400","watts-strogatz","0.01","2","0.1","2","CES","0.5","1","1","1","10","10","1","0.9","77","36","0.45","0.48","0.2","0","0.002","0.001","true","1","no","0","0","60","0","0","0","0.005","false","false","false","2","2","0.5","0.5","1","1","8","0.729","0.728"
"6","400","watts-strogatz","0.01","2","0.1","2","CES","0.5","1","1","1","10","10","1","0.9","77","36","0.45","0.48","0.2","0","0.002","0.001","true","1","no","0","0","60","0","0","0","0.005","false","false","false","2","2","0.5","0.5","1","1","9","0.797","0.797"
"6","400","watts-strogatz","0.01","2","0.1","2","CES","0.5","1","1","1","10","10","1","0.9","77","36","0.45","0.48","0.2","0","0.002","0.001","true","1","no","0","0","60","0","0","0","0.005","false","false","false","2","2","0.5","0.5","1","1","10","0.863","0.863"
"6","400","watts-strogatz","0.01","2","0.1","2","CES","0.5","1","1","1","10","10","1","0.9","77","36","0.45","0.48","0.2","0","0.002","0.001","true","1","no","0","0","60","0","0","0","0.005","false","false","false","2","2","0.5","0.5","1","1","11","0.925","0.925"
"6","400","watts-strogatz","0.01","2","0.1","2","CES","0.5","1","1","1","10","10","1","0.9","77","36","0.45","0.48","0.2","0","0.002","0.001","true","1","no","0","0","60","0","0","0","0.005","false","false","false","2","2","0.5","0.5","1","1","12","0.986","0.986"
"6","400","watts-strogatz","0.01","2","0.1","2","CES","0.5","1","1","1","10","10","1","0.9","77","36","0.45","0.48","0.2","0","0.002","0.001","true","1","no","0","0","60","0","0","0","0.005","false","false","false","2","2","0.5","0.5","1","1","13","1.045","1.045"
"6","400","watts-strogatz","0.01","2","0.1","2","CES","0.5","1","1","1","10","10","1","0.9","77","36","0.45","0.48","0.2","0","0.002","0.001","true","1","no","0","0","60","0","0","0","0.005","false","false","false","2","2","0.5","0.5","1","1","14","1.102","1.102"
"6","400","watts-strogatz","0.01","2","0.1","2","CES","0.5","1","1","1","10","10","1","0.9","77","36","0.45","0.48","0.2","0","0.002","0.001","true","1","no","0","0","60","0","0","0","0.005","false","false","false","2","2","0.5","0.5","1","1","15","1.157","1.157"
"6","400","watts-strogatz","0.01","2","0.1","2","CES","0.5","1","1","1","10","10","1","0.9","77","36","0.45","0.48","0.2","0","0.002","0.001","true","1","no","0","0","60","0","0","0","0.005","false","false","false","2","2","0.5","0.5","1","1","16","1.211","1.211"
"6","400","watts-strogatz","0.01","2","0.1","2","CES","0.5","1","1","1","10","10","1","0.9","77","36","0.45","0.48","0.2","0","0.002","0.001","true","1","no","0","0","60","0","0","0","0.005","false","false","false","2","2","0.5","0.5","1","1","17","1.264","1.264"
"6","400","watts-strogatz","0.01","2","0.1","2","CES","0.5","1","1","1","10","10","1","0.9","77","36","0.45","0.48","0.2","0","0.002","0.001","true","1","no","0","0","60","0","0","0","0.005","false","false","false","2","2","0.5","0.5","1","1","18","1.315","1.315"
"6","400","watts-strogatz","0.01","2","0.1","2","CES","0.5","1","1","1","10","10","1","0.9","77","36","0.45","0.48","0.2","0","0.002","0.001","true","1","no","0","0","60","0","0","0","0.005","false","false","false","2","2","0.5","0.5","1","1","19","1.364","1.364"
"6","400","watts-strogatz","0.01","2","0.1","2","CES","0.5","1","1","1","10","10","1","0.9","77","36","0.45","0.48","0.2","0","0.002","0.001","true","1","no","0","0","60","0","0","0","0.005","false","false","false","2","2","0.5","0.5","1","1","20","1.413","1.413"
"6","400","watts-strogatz","0.01","2","0.1","2","CES","0.5","1","1","1","10","10","1","0.9","77","36","0.45","0.48","0.2","0","0.002","0.001","true","1","no","0","0","60","0","0","0","0.005","false","false","false","2","2","0.5","0.5","1","1","21","1.46","1.46"
"6","400","watts-strogatz","0.01","2","0.1","2","CES","0.5","1","1","1","10","10","1","0.9","77","36","0.45","0.48","0.2","0","0.002","0.001","true","1","no","0","0","60","0","0","0","0.005","false","false","false","2","2","0.5","0.5","1","1","22","1.505","1.505"
"6","400","watts-strogatz","0.01","2","0.1","2","CES","0.5","1","1","1","10","10","1","0.9","77","36","0.45","0.48","0.2","0","0.002","0.001","true","1","no","0","0","60","0","0","0","0.005","false","false","false","2","2","0.5","0.5","1","1","23","1.551","1.551"
"6","400","watts-strogatz","0.01","2","0.1","2","CES","0.5","1","1","1","10","10","1","0.9","77","36","0.45","0.48","0.2","0","0.002","0.001","true","1","no","0","0","60","0","0","0","0.005","false","false","false","2","2","0.5","0.5","1","1","24","1.594","1.594"
"6","400","watts-strogatz","0.01","2","0.1","2","CES","0.5","1","1","1","10","10","1","0.9","77","36","0.45","0.48","0.2","0","0.002","0.001","true","1","no","0","0","60","0","0","0","0.005","false","false","false","2","2","0.5","0.5","1","1","25","1.637","1.637"
"6","400","watts-strogatz","0.01","2","0.1","2","CES","0.5","1","1","1","10","10","1","0.9","77","36","0.45","0.48","0.2","0","0.002","0.001","true","1","no","0","0","60","0","0","0","0.005","false","false","false","2","2","0.5","0.5","1","1","26","1.679","1.678"
"6","400","watts-strogatz","0.01","2","0.1","2","CES","0.5","1","1","1","10","10","1","0.9","77","36","0.45","0.48","0.2","0","0.002","0.001","true","1","no","0","0","60","0","0","0","0.005","false","false","false","2","2","0.5","0.5","1","1","27","1.719","1.719"
"6","400","watts-strogatz","0.01","2","0.1","2","CES","0.5","1","1","1","10","10","1","0.9","77","36","0.45","0.48","0.2","0","0.002","0.001","true","1","no","0","0","60","0","0","0","0.005","false","false","false","2","2","0.5","0.5","1","1","28","1.758","1.758"
"6","400","watts-strogatz","0.01","2","0.1","2","CES","0.5","1","1","1","10","10","1","0.9","77","36","0.45","0.48","0.2","0","0.002","0.001","true","1","no","0","0","60","0","0","0","0.005","false","false","false","2","2","0.5","0.5","1","1","29","1.796","1.796"
"6","400","watts-strogatz","0.01","2","0.1","2","CES","0.5","1","1","1","10","10","1","0.9","77","36","0.45","0.48","0.2","0","0.002","0.001","true","1","no","0","0","60","0","0","0","0.005","false","false","false","2","2","0.5","0.5","1","1","30","1.835","1.834"
"6","400","watts-strogatz","0.01","2","0.1","2","CES","0.5","1","1","1","10","10","1","0.9","77","36","0.45","0.48","0.2","0","0.002","0.001","true","1","no","0","0","60","0","0","0","0.005","false","false","false","2","2","0.5","0.5","1","1","31","1.872","1.872"
"6","400","watts-strogatz","0.01","2","0.1","2","CES","0.5","1","1","1","10","10","1","0.9","77","36","0.45","0.48","0.2","0","0.002","0.001","true","1","no","0","0","60","0","0","0","0.005","false","false","false","2","2","0.5","0.5","1","1","32","1.908","1.908"
"6","400","watts-strogatz","0.01","2","0.1","2","CES","0.5","1","1","1","10","10","1","0.9","77","36","0.45","0.48","0.2","0","0.002","0.001","true","1","no","0","0","60","0","0","0","0.005","false","false","false","2","2","0.5","0.5","1","1","33","1.943","1.943"
"6","400","watts-strogatz","0.01","2","0.1","2","CES","0.5","1","1","1","10","10","1","0.9","77","36","0.45","0.48","0.2","0","0.002","0.001","true","1","no","0","0","60","0","0","0","0.005","false","false","false","2","2","0.5","0.5","1","1","34","1.978","1.978"
"6","400","watts-strogatz","0.01","2","0.1","2","CES","0.5","1","1","1","10","10","1","0.9","77","36","0.45","0.48","0.2","0","0.002","0.001","true","1","no","0","0","60","0","0","0","0.005","false","false","false","2","2","0.5","0.5","1","1","35","2.011","2.011"
"6","400","watts-strogatz","0.01","2","0.1","2","CES","0.5","1","1","1","10","10","1","0.9","77","36","0.45","0.48","0.2","0","0.002","0.001","true","1","no","0","0","60","0","0","0","0.005","false","false","false","2","2","0.5","0.5","1","1","36","2.044","2.044"
"6","400","watts-strogatz","0.01","2","0.1","2","CES","0.5","1","1","1","10","10","1","0.9","77","36","0.45","0.48","0.2","0","0.002","0.001","true","1","no","0","0","60","0","0","0","0.005","false","false","false","2","2","0.5","0.5","1","1","37","2.077","2.077"
"6","400","watts-strogatz","0.01","2","0.1","2","CES","0.5","1","1","1","10","10","1","0.9","77","36","0.45","0.48","0.2","0","0.002","0.001","true","1","no","0","0","60","0","0","0","0.005","false","false","false","2","2","0.5","0.5","1","1","38","2.109","2.109"
"6","400","watts-strogatz","0.01","2","0.1","2","CES","0.5","1","1","1","10","10","1","0.9","77","36","0.45","0.48","0.2","0","0.002","0.001","true","1","no","0","0","60","0","0","0","0.005","false","false","false","2","2","0.5","0.5","1","1","39","2.14","2.14"
"6","400","watts-strogatz","0.01","2","0.1","2","CES","0.5","1","1","1","10","10","1","0.9","77","36","0.45","0.48","0.2","0","0.002","0.001","true","1","no","0","0","60","0","0","0","0.005","false","false","false","2","2","0.5","0.5","1","1","40","2.171","2.171"
"6","400","watts-strogatz","0.01","2","0.1","2","CES","0.5","1","1","1","10","10","1","0.9","77","36","0.45","0.48","0.2","0","0.002","0.001","true","1","no","0","0","60","0","0","0","0.005","false","false","false","2","2","0.5","0.5","1","1","41","2.201","2.201"
"6","400","watts-strogatz","0.01","2","0.1","2","CES","0.5","1","1","1","10","10","1","0.9","77","36","0.45","0.48","0.2","0","0.002","0.001","true","1","no","0","0","60","0","0","0","0.005","false","false","false","2","2","0.5","0.5","1","1","42","2.231","2.231"
"6","400","watts-strogatz","0.01","2","0.1","2","CES","0.5","1","1","1","10","10","1","0.9","77","36","0.45","0.48","0.2","0","0.002","0.001","true","1","no","0","0","60","0","0","0","0.005","false","false","false","2","2","0.5","0.5","1","1","43","2.26","2.26"
"6","400","watts-strogatz","0.01","2","0.1","2","CES","0.5","1","1","1","10","10","1","0.9","77","36","0.45","0.48","0.2","0","0.002","0.001","true","1","no","0","0","60","0","0","0","0.005","false","false","false","2","2","0.5","0.5","1","1","44","2.289","2.288"
"6","400","watts-strogatz","0.01","2","0.1","2","CES","0.5","1","1","1","10","10","1","0.9","77","36","0.45","0.48","0.2","0","0.002","0.001","true","1","no","0","0","60","0","0","0","0.005","false","false","false","2","2","0.5","0.5","1","1","45","2.317","2.317"
"6","400","watts-strogatz","0.01","2","0.1","2","CES","0.5","1","1","1","10","10","1","0.9","77","36","0.45","0.48","0.2","0","0.002","0.001","true","1","no","0","0","60","0","0","0","0.005","false","false","false","2","2","0.5","0.5","1","1","46","2.344","2.344"
"6","400","watts-strogatz","0.01","2","0.1","2","CES","0.5","1","1","1","10","10","1","0.9","77","36","0.45","0.48","0.2","0","0.002","0.001","true","1","no","0","0","60","0","0","0","0.005","false","false","false","2","2","0.5","0.5","1","1","47","2.371","2.371"
"6","400","watts-strogatz","0.01","2","0.1","2","CES","0.5","1","1","1","10","10","1","0.9","77","36","0.45","0.48","0.2","0","0.002","0.001","true","1","no","0","0","60","0","0","0","0.005","false","false","false","2","2","0.5","0.5","1","1","48","2.398","2.398"
"6","400","watts-strogatz","0.01","2","0.1","2","CES","0.5","1","1","1","10","10","1","0.9","77","36","0.45","0.48","0.2","0","0.002","0.001","true","1","no","0","0","60","0","0","0","0.005","false","false","false","2","2","0.5","0.5","1","1","49","2.424","2.424"
"6","400","watts-strogatz","0.01","2","0.1","2","CES","0.5","1","1","1","10","10","1","0.9","77","36","0.45","0.48","0.2","0","0.002","0.001","true","1","no","0","0","60","0","0","0","0.005","false","false","false","2","2","0.5","0.5","1","1","50","2.45","2.45"
"7","400","watts-strogatz","0.01","2","0.1","2","CES","0.5","1","1","1","10","10","1","0.9","77","36","0.45","0.48","0.2","0","0.002","0.001","true","1","no","0","0","60","0","0","0","0.005","false","false","false","2","2","0.5","0.5","1","1","0","0.009","0"
"7","400","watts-strogatz","0.01","2","0.1","2","CES","0.5","1","1","1","10","10","1","0.9","77","36","0.45","0.48","0.2","0","0.002","0.001","true","1","no","0","0","60","0","0","0","0.005","false","false","false","2","2","0.5","0.5","1","1","1","0.153","0.153"
"7","400","watts-strogatz","0.01","2","0.1","2","CES","0.5","1","1","1","10","10","1","0.9","77","36","0.45","0.48","0.2","0","0.002","0.001","true","1","no","0","0","60","0","0","0","0.005","false","false","false","2","2","0.5","0.5","1","1","2","0.254","0.254"
"7","400","watts-strogatz","0.01","2","0.1","2","CES","0.5","1","1","1","10","10","1","0.9","77","36","0.45","0.48","0.2","0","0.002","0.001","true","1","no","0","0","60","0","0","0","0.005","false","false","false","2","2","0.5","0.5","1","1","3","0.345","0.344"
"7","400","watts-strogatz","0.01","2","0.1","2","CES","0.5","1","1","1","10","10","1","0.9","77","36","0.45","0.48","0.2","0","0.002","0.001","true","1","no","0","0","60","0","0","0","0.005","false","false","false","2","2","0.5","0.5","1","1","4","0.429","0.429"
"7","400","watts-strogatz","0.01","2","0.1","2","CES","0.5","1","1","1","10","10","1","0.9","77","36","0.45","0.48","0.2","0","0.002","0.001","true","1","no","0","0","60","0","0","0","0.005","false","false","false","2","2","0.5","0.5","1","1","5","0.509","0.509"
"7","400","watts-strogatz","0.01","2","0.1","2","CES","0.5","1","1","1","10","10","1","0.9","77","36","0.45","0.48","0.2","0","0.002","0.001","true","1","no","0","0","60","0","0","0","0.005","false","false","false","2","2","0.5","0.5","1","1","6","0.585","0.585"
"7","400","watts-strogatz","0.01","2","0.1","2","CES","0.5","1","1","1","10","10","1","0.9","77","36","0.45","0.48","0.2","0","0.002","0.001","true","1","no","0","0","60","0","0","0","0.005","false","false","false","2","2","0.5","0.5","1","1","7","0.658","0.658"
"7","400","watts-strogatz","0.01","2","0.1","2","CES","0.5","1","1","1","10","10","1","0.9","77","36","0.45","0.48","0.2","0","0.002","0.001","true","1","no","0","0","60","0","0","0","0.005","false","false","false","2","2","0.5","0.5","1","1","8","0.729","0.729"
"7","400","watts-strogatz","0.01","2","0.1","2","CES","0.5","1","1","1","10","10","1","0.9","77","36","0.45","0.48","0.2","0","0.002","0.001","true","1","no","0","0","60","0","0","0","0.005","false","false","false","2","2","0.5","0.5","1","1","9","0.796","0.796"
"7","400","watts-strogatz","0.01","2","0.1","2","CES","0.5","1","1","1","10","10","1","0.9","77","36","0.45","0.48","0.2","0","0.002","0.001","true","1","no","0","0","60","0","0","0","0.005","false","false","false","2","2","0.5","0.5","1","1","10","0.861","0.861"
"7","400","watts-strogatz","0.01","2","0.1","2","CES","0.5","1","1","1","10","10","1","0.9","77","36","0.45","0.48","0.2","0","0.002","0.001","true","1","no","0","0","60","0","0","0","0.005","false","false","false","2","2","0.5","0.5","1","1","11","0.924","0.924"
"7","400","watts-strogatz","0.01","2","0.1","2","CES","0.5","1","1","1","10","10","1","0.9","77","36","0.45","0.48","0.2","0","0.002","0.001","true","1","no","0","0","60","0","0","0","0.005","false","false","false","2","2","0.5","0.5","1","1","12","0.985","0.985"
"7","400","watts-strogatz","0.01","2","0.1","2","CES","0.5","1","1","1","10","10","1","0.9","77","36","0.45","0.48","0.2","0","0.002","0.001","true","1","no","0","0","60","0","0","0","0.005","false","false","false","2","2","0.5","0.5","1","1","13","1.045","1.045"
"7","400","watts-strogatz","0.01","2","0.1","2","CES","0.5","1","1","1","10","10","1","0.9","77","36","0.45","0.48","0.2","0","0.002","0.001","true","1","no","0","0","60","0","0","0","0.005","false","false","false","2","2","0.5","0.5","1","1","14","1.102","1.102"
"7","400","watts-strogatz","0.01","2","0.1","2","CES","0.5","1","1","1","10","10","1","0.9","77","36","0.45","0.48","0.2","0","0.002","0.001","true","1","no","0","0","60","0","0","0","0.005","false","false","false","2","2","0.5","0.5","1","1","15","1.158","1.158"
"7","400","watts-strogatz","0.01","2","0.1","2","CES","0.5","1","1","1","10","10","1","0.9","77","36","0.45","0.48","0.2","0","0.002","0.001","true","1","no","0","0","60","0","0","0","0.005","false","false","false","2","2","0.5","0.5","1","1","16","1.212","1.212"
"7","400","watts-strogatz","0.01","2","0.1","2","CES","0.5","1","1","1","10","10","1","0.9","77","36","0.45","0.48","0.2","0","0.002","0.001","true","1","no","0","0","60","0","0","0","0.005","false","false","false","2","2","0.5","0.5","1","1","17","1.264","1.264"
"7","400","watts-strogatz","0.01","2","0.1","2","CES","0.5","1","1","1","10","10","1","0.9","77","36","0.45","0.48","0.2","0","0.002","0.001","true","1","no","0","0","60","0","0","0","0.005","false","false","false","2","2","0.5","0.5","1","1","18","1.315","1.315"
"7","400","watts-strogatz","0.01","2","0.1","2","CES","0.5","1","1","1","10","10","1","0.9","77","36","0.45","0.48","0.2","0","0.002","0.001","true","1","no","0","0","60","0","0","0","0.005","false","false","false","2","2","0.5","0.5","1","1","19","1.366","1.366"
"7","400","watts-strogatz","0.01","2","0.1","2","CES","0.5","1","1","1","10","10","1","0.9","77","36","0.45","0.48","0.2","0","0.002","0.001","true","1","no","0","0","60","0","0","0","0.005","false","false","false","2","2","0.5","0.5","1","1","20","1.414","1.414"
"7","400","watts-strogatz","0.01","2","0.1","2","CES","0.5","1","1","1","10","10","1","0.9","77","36","0.45","0.48","0.2","0","0.002","0.001","true","1","no","0","0","60","0","0","0","0.005","false","false","false","2","2","0.5","0.5","1","1","21","1.461","1.461"
"7","400","watts-strogatz","0.01","2","0.1","2","CES","0.5","1","1","1","10","10","1","0.9","77","36","0.45","0.48","0.2","0","0.002","0.001","true","1","no","0","0","60","0","0","0","0.005","false","false","false","2","2","0.5","0.5","1","1","22","1.508","1.507"
"7","400","watts-strogatz","0.01","2","0.1","2","CES","0.5","1","1","1","10","10","1","0.9","77","36","0.45","0.48","0.2","0","0.002","0.001","true","1","no","0","0","60","0","0","0","0.005","false","false","false","2","2","0.5","0.5","1","1","23","1.552","1.552"
"7","400","watts-strogatz","0.01","2","0.1","2","CES","0.5","1","1","1","10","10","1","0.9","77","36","0.45","0.48","0.2","0","0.002","0.001","true","1","no","0","0","60","0","0","0","0.005","false","false","false","2","2","0.5","0.5","1","1","24","1.596","1.596"
"7","400","watts-strogatz","0.01","2","0.1","2","CES","0.5","1","1","1","10","10","1","0.9","77","36","0.45","0.48","0.2","0","0.002","0.001","true","1","no","0","0","60","0","0","0","0.005","false","false","false","2","2","0.5","0.5","1","1","25","1.639","1.639"
"7","400","watts-strogatz","0.01","2","0.1","2","CES","0.5","1","1","1","10","10","1","0.9","77","36","0.45","0.48","0.2","0","0.002","0.001","true","1","no","0","0","60","0","0","0","0.005","false","false","false","2","2","0.5","0.5","1","1","26","1.681","1.681"
"7","400","watts-strogatz","0.01","2","0.1","2","CES","0.5","1","1","1","10","10","1","0.9","77","36","0.45","0.48","0.2","0","0.002","0.001","true","1","no","0","0","60","0","0","0","0.005","false","false","false","2","2","0.5","0.5","1","1","27","1.721","1.721"
"7","400","watts-strogatz","0.01","2","0.1","2","CES","0.5","1","1","1","10","10","1","0.9","77","36","0.45","0.48","0.2","0","0.002","0.001","true","1","no","0","0","60","0","0","0","0.005","false","false","false","2","2","0.5","0.5","1","1","28","1.76","1.76"
"7","400","watts-strogatz","0.01","2","0.1","2","CES","0.5","1","1","1","10","10","1","0.9","77","36","0.45","0.48","0.2","0","0.002","0.001","true","1","no","0","0","60","0","0","0","0.005","false","false","false","2","2","0.5","0.5","1","1","29","1.799","1.799"
"7","400","watts-strogatz","0.01","2","0.1","2","CES","0.5","1","1","1","10","10","1","0.9","77","36","0.45","0.48","0.2","0","0.002","0.001","true","1","no","0","0","60","0","0","0","0.005","false","false","false","2","2","0.5","0.5","1","1","30","1.837","1.836"
"7","400","watts-strogatz","0.01","2","0.1","2","CES","0.5","1","1","1","10","10","1","0.9","77","36","0.45","0.48","0.2","0","0.002","0.001","true","1","no","0","0","60","0","0","0","0.005","false","false","false","2","2","0.5","0.5","1","1","31","1.873","1.873"
"7","400","watts-strogatz","0.01","2","0.1","2","CES","0.5","1","1","1","10","10","1","0.9","77","36","0.45","0.48","0.2","0","0.002","0.001","true","1","no","0","0","60","0","0","0","0.005","false","false","false","2","2","0.5","0.5","1","1","32","1.909","1.909"
"7","400","watts-strogatz","0.01","2","0.1","2","CES","0.5","1","1","1","10","10","1","0.9","77","36","0.45","0.48","0.2","0","0.002","0.001","true","1","no","0","0","60","0","0","0","0.005","false","false","false","2","2","0.5","0.5","1","1","33","1.946","1.946"
"7","400","watts-strogatz","0.01","2","0.1","2","CES","0.5","1","1","1","10","10","1","0.9","77","36","0.45","0.48","0.2","0","0.002","0.001","true","1","no","0","0","60","0","0","0","0.005","false","false","false","2","2","0.5","0.5","1","1","34","1.981","1.981"
"7","400","watts-strogatz","0.01","2","0.1","2","CES","0.5","1","1","1","10","10","1","0.9","77","36","0.45","0.48","0.2","0","0.002","0.001","true","1","no","0","0","60","0","0","0","0.005","false","false","false","2","2","0.5","0.5","1","1","35","2.015","2.015"
"7","400","watts-strogatz","0.01","2","0.1","2","CES","0.5","1","1","1","10","10","1","0.9","77","36","0.45","0.48","0.2","0","0.002","0.001","true","1","no","0","0","60","0","0","0","0.005","false","false","false","2","2","0.5","0.5","1","1","36","2.049","2.049"
"7","400","watts-strogatz","0.01","2","0.1","2","CES","0.5","1","1","1","10","10","1","0.9","77","36","0.45","0.48","0.2","0","0.002","0.001","true","1","no","0","0","60","0","0","0","0.005","false","false","false","2","2","0.5","0.5","1","1","37","2.081","2.081"
"7","400","watts-strogatz","0.01","2","0.1","2","CES","0.5","1","1","1","10","10","1","0.9","77","36","0.45","0.48","0.2","0","0.002","0.001","true","1","no","0","0","60","0","0","0","0.005","false","false","false","2","2","0.5","0.5","1","1","38","2.113","2.113"
"7","400","watts-strogatz","0.01","2","0.1","2","CES","0.5","1","1","1","10","10","1","0.9","77","36","0.45","0.48","0.2","0","0.002","0.001","true","1","no","0","0","60","0","0","0","0.005","false","false","false","2","2","0.5","0.5","1","1","39","2.144","2.144"
"7","400","watts-strogatz","0.01","2","0.1","2","CES","0.5","1","1","1","10","10","1","0.9","77","36","0.45","0.48","0.2","0","0.002","0.001","true","1","no","0","0","60","0","0","0","0.005","false","false","false","2","2","0.5","0.5","1","1","40","2.175","2.175"
"7","400","watts-strogatz","0.01","2","0.1","2","CES","0.5","1","1","1","10","10","1","0.9","77","36","0.45","0.48","0.2","0","0.002","0.001","true","1","no","0","0","60","0","0","0","0.005","false","false","false","2","2","0.5","0.5","1","1","41","2.206","2.205"
"7","400","watts-strogatz","0.01","2","0.1","2","CES","0.5","1","1","1","10","10","1","0.9","77","36","0.45","0.48","0.2","0","0.002","0.001","true","1","no","0","0","60","0","0","0","0.005","false","false","false","2","2","0.5","0.5","1","1","42","2.235","2.235"
"7","400","watts-strogatz","0.01","2","0.1","2","CES","0.5","1","1","1","10","10","1","0.9","77","36","0.45","0.48","0.2","0","0.002","0.001","true","1","no","0","0","60","0","0","0","0.005","false","false","false","2","2","0.5","0.5","1","1","43","2.265","2.265"
"7","400","watts-strogatz","0.01","2","0.1","2","CES","0.5","1","1","1","10","10","1","0.9","77","36","0.45","0.48","0.2","0","0.002","0.001","true","1","no","0","0","60","0","0","0","0.005","false","false","false","2","2","0.5","0.5","1","1","44","2.293","2.293"
"7","400","watts-strogatz","0.01","2","0.1","2","CES","0.5","1","1","1","10","10","1","0.9","77","36","0.45","0.48","0.2","0","0.002","0.001","true","1","no","0","0","60","0","0","0","0.005","false","false","false","2","2","0.5","0.5","1","1","45","2.321","2.321"
"7","400","watts-strogatz","0.01","2","0.1","2","CES","0.5","1","1","1","10","10","1","0.9","77","36","0.45","0.48","0.2","0","0.002","0.001","true","1","no","0","0","60","0","0","0","0.005","false","false","false","2","2","0.5","0.5","1","1","46","2.349","2.349"
"7","400","watts-strogatz","0.01","2","0.1","2","CES","0.5","1","1","1","10","10","1","0.9","77","36","0.45","0.48","0.2","0","0.002","0.001","true","1","no","0","0","60","0","0","0","0.005","false","false","false","2","2","0.5","0.5","1","1","47","2.377","2.377"
"7","400","watts-strogatz","0.01","2","0.1","2","CES","0.5","1","1","1","10","10","1","0.9","77","36","0.45","0.48","0.2","0","0.002","0.001","true","1","no","0","0","60","0","0","0","0.005","false","false","false","2","2","0.5","0.5","1","1","48","2.404","2.403"
"7","400","watts-strogatz","0.01","2","0.1","2","CES","0.5","1","1","1","10","10","1","0.9","77","36","0.45","0.48","0.2","0","0.002","0.001","true","1","no","0","0","60","0","0","0","0.005","false","false","false","2","2","0.5","0.5","1","1","49","2.43","2.43"
"7","400","watts-strogatz","0.01","2","0.1","2","CES","0.5","1","1","1","10","10","1","0.9","77","36","0.45","0.48","0.2","0","0.002","0.001","true","1","no","0","0","60","0","0","0","0.005","false","false","false","2","2","0.5","0.5","1","1","50","2.455","2.455"
"8","400","watts-strogatz","0.01","2","0.1","2","CES","0.5","1","1","1","10","10","1","0.9","77","36","0.45","0.48","0.2","0","0.002","0.001","true","1","no","0","0","60","0","0","0","0.005","false","false","false","2","2","0.5","0.5","1","1","0","0.009","0"
"8","400","watts-strogatz","0.01","2","0.1","2","CES","0.5","1","1","1","10","10","1","0.9","77","36","0.45","0.48","0.2","0","0.002","0.001","true","1","no","0","0","60","0","0","0","0.005","false","false","false","2","2","0.5","0.5","1","1","1","0.154","0.154"
"8","400","watts-strogatz","0.01","2","0.1","2","CES","0.5","1","1","1","10","10","1","0.9","77","36","0.45","0.48","0.2","0","0.002","0.001","true","1","no","0","0","60","0","0","0","0.005","false","false","false","2","2","0.5","0.5","1","1","2","0.256","0.256"
"8","400","watts-strogatz","0.01","2","0.1","2","CES","0.5","1","1","1","10","10","1","0.9","77","36","0.45","0.48","0.2","0","0.002","0.001","true","1","no","0","0","60","0","0","0","0.005","false","false","false","2","2","0.5","0.5","1","1","3","0.346","0.346"
"8","400","watts-strogatz","0.01","2","0.1","2","CES","0.5","1","1","1","10","10","1","0.9","77","36","0.45","0.48","0.2","0","0.002","0.001","true","1","no","0","0","60","0","0","0","0.005","false","false","false","2","2","0.5","0.5","1","1","4","0.427","0.427"
"8","400","watts-strogatz","0.01","2","0.1","2","CES","0.5","1","1","1","10","10","1","0.9","77","36","0.45","0.48","0.2","0","0.002","0.001","true","1","no","0","0","60","0","0","0","0.005","false","false","false","2","2","0.5","0.5","1","1","5","0.504","0.504"
"8","400","watts-strogatz","0.01","2","0.1","2","CES","0.5","1","1","1","10","10","1","0.9","77","36","0.45","0.48","0.2","0","0.002","0.001","true","1","no","0","0","60","0","0","0","0.005","false","false","false","2","2","0.5","0.5","1","1","6","0.58","0.58"
"8","400","watts-strogatz","0.01","2","0.1","2","CES","0.5","1","1","1","10","10","1","0.9","77","36","0.45","0.48","0.2","0","0.002","0.001","true","1","no","0","0","60","0","0","0","0.005","false","false","false","2","2","0.5","0.5","1","1","7","0.654","0.653"
"8","400","watts-strogatz","0.01","2","0.1","2","CES","0.5","1","1","1","10","10","1","0.9","77","36","0.45","0.48","0.2","0","0.002","0.001","true","1","no","0","0","60","0","0","0","0.005","false","false","false","2","2","0.5","0.5","1","1","8","0.721","0.721"
"8","400","watts-strogatz","0.01","2","0.1","2","CES","0.5","1","1","1","10","10","1","0.9","77","36","0.45","0.48","0.2","0","0.002","0.001","true","1","no","0","0","60","0","0","0","0.005","false","false","false","2","2","0.5","0.5","1","1","9","0.787","0.787"
"8","400","watts-strogatz","0.01","2","0.1","2","CES","0.5","1","1","1","10","10","1","0.9","77","36","0.45","0.48","0.2","0","0.002","0.001","true","1","no","0","0","60","0","0","0","0.005","false","false","false","2","2","0.5","0.5","1","1","10","0.85","0.85"
"8","400","watts-strogatz","0.01","2","0.1","2","CES","0.5","1","1","1","10","10","1","0.9","77","36","0.45","0.48","0.2","0","0.002","0.001","true","1","no","0","0","60","0","0","0","0.005","false","false","false","2","2","0.5","0.5","1","1","11","0.912","0.912"
"8","400","watts-strogatz","0.01","2","0.1","2","CES","0.5","1","1","1","10","10","1","0.9","77","36","0.45","0.48","0.2","0","0.002","0.001","true","1","no","0","0","60","0","0","0","0.005","false","false","false","2","2","0.5","0.5","1","1","12","0.971","0.971"
"8","400","watts-strogatz","0.01","2","0.1","2","CES","0.5","1","1","1","10","10","1","0.9","77","36","0.45","0.48","0.2","0","0.002","0.001","true","1","no","0","0","60","0","0","0","0.005","false","false","false","2","2","0.5","0.5","1","1","13","1.029","1.029"
"8","400","watts-strogatz","0.01","2","0.1","2","CES","0.5","1","1","1","10","10","1","0.9","77","36","0.45","0.48","0.2","0","0.002","0.001","true","1","no","0","0","60","0","0","0","0.005","false","false","false","2","2","0.5","0.5","1","1","14","1.086","1.086"
"8","400","watts-strogatz","0.01","2","0.1","2","CES","0.5","1","1","1","10","10","1","0.9","77","36","0.45","0.48","0.2","0","0.002","0.001","true","1","no","0","0","60","0","0","0","0.005","false","false","false","2","2","0.5","0.5","1","1","15","1.141","1.141"
"8","400","watts-strogatz","0.01","2","0.1","2","CES","0.5","1","1","1","10","10","1","0.9","77","36","0.45","0.48","0.2","0","0.002","0.001","true","1","no","0","0","60","0","0","0","0.005","false","false","false","2","2","0.5","0.5","1","1","16","1.196","1.195"
"8","400","watts-strogatz","0.01","2","0.1","2","CES","0.5","1","1","1","10","10","1","0.9","77","36","0.45","0.48","0.2","0","0.002","0.001","true","1","no","0","0","60","0","0","0","0.005","false","false","false","2","2","0.5","0.5","1","1","17","1.251","1.251"
"8","400","watts-strogatz","0.01","2","0.1","2","CES","0.5","1","1","1","10","10","1","0.9","77","36","0.45","0.48","0.2","0","0.002","0.001","true","1","no","0","0","60","0","0","0","0.005","false","false","false","2","2","0.5","0.5","1","1","18","1.301","1.301"
"8","400","watts-strogatz","0.01","2","0.1","2","CES","0.5","1","1","1","10","10","1","0.9","77","36","0.45","0.48","0.2","0","0.002","0.001","true","1","no","0","0","60","0","0","0","0.005","false","false","false","2","2","0.5","0.5","1","1","19","1.349","1.349"
"8","400","watts-strogatz","0.01","2","0.1","2","CES","0.5","1","1","1","10","10","1","0.9","77","36","0.45","0.48","0.2","0","0.002","0.001","true","1","no","0","0","60","0","0","0","0.005","false","false","false","2","2","0.5","0.5","1","1","20","1.396","1.396"
"8","400","watts-strogatz","0.01","2","0.1","2","CES","0.5","1","1","1","10","10","1","0.9","77","36","0.45","0.48","0.2","0","0.002","0.001","true","1","no","0","0","60","0","0","0","0.005","false","false","false","2","2","0.5","0.5","1","1","21","1.442","1.442"
"8","400","watts-strogatz","0.01","2","0.1","2","CES","0.5","1","1","1","10","10","1","0.9","77","36","0.45","0.48","0.2","0","0.002","0.001","true","1","no","0","0","60","0","0","0","0.005","false","false","false","2","2","0.5","0.5","1","1","22","1.486","1.486"
"8","400","watts-strogatz","0.01","2","0.1","2","CES","0.5","1","1","1","10","10","1","0.9","77","36","0.45","0.48","0.2","0","0.002","0.001","true","1","no","0","0","60","0","0","0","0.005","false","false","false","2","2","0.5","0.5","1","1","23","1.53","1.53"
"8","400","watts-strogatz","0.01","2","0.1","2","CES","0.5","1","1","1","10","10","1","0.9","77","36","0.45","0.48","0.2","0","0.002","0.001","true","1","no","0","0","60","0","0","0","0.005","false","false","false","2","2","0.5","0.5","1","1","24","1.572","1.572"
"8","400","watts-strogatz","0.01","2","0.1","2","CES","0.5","1","1","1","10","10","1","0.9","77","36","0.45","0.48","0.2","0","0.002","0.001","true","1","no","0","0","60","0","0","0","0.005","false","false","false","2","2","0.5","0.5","1","1","25","1.614","1.614"
"8","400","watts-strogatz","0.01","2","0.1","2","CES","0.5","1","1","1","10","10","1","0.9","77","36","0.45","0.48","0.2","0","0.002","0.001","true","1","no","0","0","60","0","0","0","0.005","false","false","false","2","2","0.5","0.5","1","1","26","1.654","1.653"
"8","400","watts-strogatz","0.01","2","0.1","2","CES","0.5","1","1","1","10","10","1","0.9","77","36","0.45","0.48","0.2","0","0.002","0.001","true","1","no","0","0","60","0","0","0","0.005","false","false","false","2","2","0.5","0.5","1","1","27","1.693","1.693"
"8","400","watts-strogatz","0.01","2","0.1","2","CES","0.5","1","1","1","10","10","1","0.9","77","36","0.45","0.48","0.2","0","0.002","0.001","true","1","no","0","0","60","0","0","0","0.005","false","false","false","2","2","0.5","0.5","1","1","28","1.732","1.732"
"8","400","watts-strogatz","0.01","2","0.1","2","CES","0.5","1","1","1","10","10","1","0.9","77","36","0.45","0.48","0.2","0","0.002","0.001","true","1","no","0","0","60","0","0","0","0.005","false","false","false","2","2","0.5","0.5","1","1","29","1.769","1.769"
"8","400","watts-strogatz","0.01","2","0.1","2","CES","0.5","1","1","1","10","10","1","0.9","77","36","0.45","0.48","0.2","0","0.002","0.001","true","1","no","0","0","60","0","0","0","0.005","false","false","false","2","2","0.5","0.5","1","1","30","1.805","1.805"
"8","400","watts-strogatz","0.01","2","0.1","2","CES","0.5","1","1","1","10","10","1","0.9","77","36","0.45","0.48","0.2","0","0.002","0.001","true","1","no","0","0","60","0","0","0","0.005","false","false","false","2","2","0.5","0.5","1","1","31","1.841","1.841"
"8","400","watts-strogatz","0.01","2","0.1","2","CES","0.5","1","1","1","10","10","1","0.9","77","36","0.45","0.48","0.2","0","0.002","0.001","true","1","no","0","0","60","0","0","0","0.005","false","false","false","2","2","0.5","0.5","1","1","32","1.875","1.875"
"8","400","watts-strogatz","0.01","2","0.1","2","CES","0.5","1","1","1","10","10","1","0.9","77","36","0.45","0.48","0.2","0","0.002","0.001","true","1","no","0","0","60","0","0","0","0.005","false","false","false","2","2","0.5","0.5","1","1","33","1.91","1.91"
"8","400","watts-strogatz","0.01","2","0.1","2","CES","0.5","1","1","1","10","10","1","0.9","77","36","0.45","0.48","0.2","0","0.002","0.001","true","1","no","0","0","60","0","0","0","0.005","false","false","false","2","2","0.5","0.5","1","1","34","1.944","1.944"
"8","400","watts-strogatz","0.01","2","0.1","2","CES","0.5","1","1","1","10","10","1","0.9","77","36","0.45","0.48","0.2","0","0.002","0.001","true","1","no","0","0","60","0","0","0","0.005","false","false","false","2","2","0.5","0.5","1","1","35","1.98","1.98"
"8","400","watts-strogatz","0.01","2","0.1","2","CES","0.5","1","1","1","10","10","1","0.9","77","36","0.45","0.48","0.2","0","0.002","0.001","true","1","no","0","0","60","0","0","0","0.005","false","false","false","2","2","0.5","0.5","1","1","36","2.012","2.012"
"8","400","watts-strogatz","0.01","2","0.1","2","CES","0.5","1","1","1","10","10","1","0.9","77","36","0.45","0.48","0.2","0","0.002","0.001","true","1","no","0","0","60","0","0","0","0.005","false","false","false","2","2","0.5","0.5","1","1","37","2.044","2.044"
"8","400","watts-strogatz","0.01","2","0.1","2","CES","0.5","1","1","1","10","10","1","0.9","77","36","0.45","0.48","0.2","0","0.002","0.001","true","1","no","0","0","60","0","0","0","0.005","false","false","false","2","2","0.5","0.5","1","1","38","2.076","2.076"
"8","400","watts-strogatz","0.01","2","0.1","2","CES","0.5","1","1","1","10","10","1","0.9","77","36","0.45","0.48","0.2","0","0.002","0.001","true","1","no","0","0","60","0","0","0","0.005","false","false","false","2","2","0.5","0.5","1","1","39","2.106","2.106"
"8","400","watts-strogatz","0.01","2","0.1","2","CES","0.5","1","1","1","10","10","1","0.9","77","36","0.45","0.48","0.2","0","0.002","0.001","true","1","no","0","0","60","0","0","0","0.005","false","false","false","2","2","0.5","0.5","1","1","40","2.136","2.136"
"8","400","watts-strogatz","0.01","2","0.1","2","CES","0.5","1","1","1","10","10","1","0.9","77","36","0.45","0.48","0.2","0","0.002","0.001","true","1","no","0","0","60","0","0","0","0.005","false","false","false","2","2","0.5","0.5","1","1","41","2.166","2.165"
"8","400","watts-strogatz","0.01","2","0.1","2","CES","0.5","1","1","1","10","10","1","0.9","77","36","0.45","0.48","0.2","0","0.002","0.001","true","1","no","0","0","60","0","0","0","0.005","false","false","false","2","2","0.5","0.5","1","1","42","2.194","2.194"
"8","400","watts-strogatz","0.01","2","0.1","2","CES","0.5","1","1","1","10","10","1","0.9","77","36","0.45","0.48","0.2","0","0.002","0.001","true","1","no","0","0","60","0","0","0","0.005","false","false","false","2","2","0.5","0.5","1","1","43","2.222","2.222"
"8","400","watts-strogatz","0.01","2","0.1","2","CES","0.5","1","1","1","10","10","1","0.9","77","36","0.45","0.48","0.2","0","0.002","0.001","true","1","no","0","0","60","0","0","0","0.005","false","false","false","2","2","0.5","0.5","1","1","44","2.249","2.249"
"8","400","watts-strogatz","0.01","2","0.1","2","CES","0.5","1","1","1","10","10","1","0.9","77","36","0.45","0.48","0.2","0","0.002","0.001","true","1","no","0","0","60","0","0","0","0.005","false","false","false","2","2","0.5","0.5","1","1","45","2.277","2.277"
"8","400","watts-strogatz","0.01","2","0.1","2","CES","0.5","1","1","1","10","10","1","0.9","77","36","0.45","0.48","0.2","0","0.002","0.001","true","1","no","0","0","60","0","0","0","0.005","false","false","false","2","2","0.5","0.5","1","1","46","2.304","2.304"
"8","400","watts-strogatz","0.01","2","0.1","2","CES","0.5","1","1","1","10","10","1","0.9","77","36","0.45","0.48","0.2","0","0.002","0.001","true","1","no","0","0","60","0","0","0","0.005","false","false","false","2","2","0.5","0.5","1","1","47","2.33","2.33"
"8","400","watts-strogatz","0.01","2","0.1","2","CES","0.5","1","1","1","10","10","1","0.9","77","36","0.45","0.48","0.2","0","0.002","0.001","true","1","no","0","0","60","0","0","0","0.005","false","false","false","2","2","0.5","0.5","1","1","48","2.356","2.356"
"8","400","watts-strogatz","0.01","2","0.1","2","CES","0.5","1","1","1","10","10","1","0.9","77","36","0.45","0.48","0.2","0","0.002","0.001","true","1","no","0","0","60","0","0","0","0.005","false","false","false","2","2","0.5","0.5","1","1","49","2.381","2.381"
"8","400","watts-strogatz","0.01","2","0.1","2","CES","0.5","1","1","1","10","10","1","0.9","77","36","0.45","0.48","0.2","0","0.002","0.001","true","1","no","0","0","60","0","0","0","0.005","false","false","false","2","2","0.5","0.5","1","1","50","2.407","2.407"
"9","400","watts-strogatz","0.01","2","0.1","2","CES","0.5","1","1","1","10","10","1","0.9","77","36","0.45","0.48","0.2","0","0.002","0.001","true","1","no","0","0","60","0","0","0","0.005","false","false","false","2","2","0.5","0.5","1","1","0","0.012","0"
"9","400","watts-strogatz","0.01","2","0.1","2","CES","0.5","1","1","1","10","10","1","0.9","77","36","0.45","0.48","0.2","0","0.002","0.001","true","1","no","0","0","60","0","0","0","0.005","false","false","false","2","2","0.5","0.5","1","1","1","0.156","0.156"
"9","400","watts-strogatz","0.01","2","0.1","2","CES","0.5","1","1","1","10","10","1","0.9","77","36","0.45","0.48","0.2","0","0.002","0.001","true","1","no","0","0","60","0","0","0","0.005","false","false","false","2","2","0.5","0.5","1","1","2","0.257","0.257"
"9","400","watts-strogatz","0.01","2","0.1","2","CES","0.5","1","1","1","10","10","1","0.9","77","36","0.45","0.48","0.2","0","0.002","0.001","true","1","no","0","0","60","0","0","0","0.005","false","false","false","2","2","0.5","0.5","1","1","3","0.345","0.345"
"9","400","watts-strogatz","0.01","2","0.1","2","CES","0.5","1","1","1","10","10","1","0.9","77","36","0.45","0.48","0.2","0","0.002","0.001","true","1","no","0","0","60","0","0","0","0.005","false","false","false","2","2","0.5","0.5","1","1","4","0.428","0.428"
"9","400","watts-strogatz","0.01","2","0.1","2","CES","0.5","1","1","1","10","10","1","0.9","77","36","0.45","0.48","0.2","0","0.002","0.001","true","1","no","0","0","60","0","0","0","0.005","false","false","false","2","2","0.5","0.5","1","1","5","0.507","0.507"
"9","400","watts-strogatz","0.01","2","0.1","2","CES","0.5","1","1","1","10","10","1","0.9","77","36","0.45","0.48","0.2","0","0.002","0.001","true","1","no","0","0","60","0","0","0","0.005","false","false","false","2","2","0.5","0.5","1","1","6","0.581","0.581"
"9","400","watts-strogatz","0.01","2","0.1","2","CES","0.5","1","1","1","10","10","1","0.9","77","36","0.45","0.48","0.2","0","0.002","0.001","true","1","no","0","0","60","0","0","0","0.005","false","false","false","2","2","0.5","0.5","1","1","7","0.653","0.653"
"9","400","watts-strogatz","0.01","2","0.1","2","CES","0.5","1","1","1","10","10","1","0.9","77","36","0.45","0.48","0.2","0","0.002","0.001","true","1","no","0","0","60","0","0","0","0.005","false","false","false","2","2","0.5","0.5","1","1","8","0.724","0.724"
"9","400","watts-strogatz","0.01","2","0.1","2","CES","0.5","1","1","1","10","10","1","0.9","77","36","0.45","0.48","0.2","0","0.002","0.001","true","1","no","0","0","60","0","0","0","0.005","false","false","false","2","2","0.5","0.5","1","1","9","0.79","0.79"
"9","400","watts-strogatz","0.01","2","0.1","2","CES","0.5","1","1","1","10","10","1","0.9","77","36","0.45","0.48","0.2","0","0.002","0.001","true","1","no","0","0","60","0","0","0","0.005","false","false","false","2","2","0.5","0.5","1","1","10","0.854","0.854"
"9","400","watts-strogatz","0.01","2","0.1","2","CES","0.5","1","1","1","10","10","1","0.9","77","36","0.45","0.48","0.2","0","0.002","0.001","true","1","no","0","0","60","0","0","0","0.005","false","false","false","2","2","0.5","0.5","1","1","11","0.915","0.915"
"9","400","watts-strogatz","0.01","2","0.1","2","CES","0.5","1","1","1","10","10","1","0.9","77","36","0.45","0.48","0.2","0","0.002","0.001","true","1","no","0","0","60","0","0","0","0.005","false","false","false","2","2","0.5","0.5","1","1","12","0.975","0.975"
"9","400","watts-strogatz","0.01","2","0.1","2","CES","0.5","1","1","1","10","10","1","0.9","77","36","0.45","0.48","0.2","0","0.002","0.001","true","1","no","0","0","60","0","0","0","0.005","false","false","false","2","2","0.5","0.5","1","1","13","1.033","1.032"
"9","400","watts-strogatz","0.01","2","0.1","2","CES","0.5","1","1","1","10","10","1","0.9","77","36","0.45","0.48","0.2","0","0.002","0.001","true","1","no","0","0","60","0","0","0","0.005","false","false","false","2","2","0.5","0.5","1","1","14","1.088","1.088"
"9","400","watts-strogatz","0.01","2","0.1","2","CES","0.5","1","1","1","10","10","1","0.9","77","36","0.45","0.48","0.2","0","0.002","0.001","true","1","no","0","0","60","0","0","0","0.005","false","false","false","2","2","0.5","0.5","1","1","15","1.142","1.142"
"9","400","watts-strogatz","0.01","2","0.1","2","CES","0.5","1","1","1","10","10","1","0.9","77","36","0.45","0.48","0.2","0","0.002","0.001","true","1","no","0","0","60","0","0","0","0.005","false","false","false","2","2","0.5","0.5","1","1","16","1.195","1.195"
"9","400","watts-strogatz","0.01","2","0.1","2","CES","0.5","1","1","1","10","10","1","0.9","77","36","0.45","0.48","0.2","0","0.002","0.001","true","1","no","0","0","60","0","0","0","0.005","false","false","false","2","2","0.5","0.5","1","1","17","1.247","1.247"
"9","400","watts-strogatz","0.01","2","0.1","2","CES","0.5","1","1","1","10","10","1","0.9","77","36","0.45","0.48","0.2","0","0.002","0.001","true","1","no","0","0","60","0","0","0","0.005","false","false","false","2","2","0.5","0.5","1","1","18","1.297","1.297"
"9","400","watts-strogatz","0.01","2","0.1","2","CES","0.5","1","1","1","10","10","1","0.9","77","36","0.45","0.48","0.2","0","0.002","0.001","true","1","no","0","0","60","0","0","0","0.005","false","false","false","2","2","0.5","0.5","1","1","19","1.344","1.344"
"9","400","watts-strogatz","0.01","2","0.1","2","CES","0.5","1","1","1","10","10","1","0.9","77","36","0.45","0.48","0.2","0","0.002","0.001","true","1","no","0","0","60","0","0","0","0.005","false","false","false","2","2","0.5","0.5","1","1","20","1.391","1.391"
"9","400","watts-strogatz","0.01","2","0.1","2","CES","0.5","1","1","1","10","10","1","0.9","77","36","0.45","0.48","0.2","0","0.002","0.001","true","1","no","0","0","60","0","0","0","0.005","false","false","false","2","2","0.5","0.5","1","1","21","1.436","1.436"
"9","400","watts-strogatz","0.01","2","0.1","2","CES","0.5","1","1","1","10","10","1","0.9","77","36","0.45","0.48","0.2","0","0.002","0.001","true","1","no","0","0","60","0","0","0","0.005","false","false","false","2","2","0.5","0.5","1","1","22","1.482","1.482"
"9","400","watts-strogatz","0.01","2","0.1","2","CES","0.5","1","1","1","10","10","1","0.9","77","36","0.45","0.48","0.2","0","0.002","0.001","true","1","no","0","0","60","0","0","0","0.005","false","false","false","2","2","0.5","0.5","1","1","23","1.525","1.525"
"9","400","watts-strogatz","0.01","2","0.1","2","CES","0.5","1","1","1","10","10","1","0.9","77","36","0.45","0.48","0.2","0","0.002","0.001","true","1","no","0","0","60","0","0","0","0.005","false","false","false","2","2","0.5","0.5","1","1","24","1.567","1.567"
"9","400","watts-strogatz","0.01","2","0.1","2","CES","0.5","1","1","1","10","10","1","0.9","77","36","0.45","0.48","0.2","0","0.002","0.001","true","1","no","0","0","60","0","0","0","0.005","false","false","false","2","2","0.5","0.5","1","1","25","1.608","1.608"
"9","400","watts-strogatz","0.01","2","0.1","2","CES","0.5","1","1","1","10","10","1","0.9","77","36","0.45","0.48","0.2","0","0.002","0.001","true","1","no","0","0","60","0","0","0","0.005","false","false","false","2","2","0.5","0.5","1","1","26","1.648","1.648"
"9","400","watts-strogatz","0.01","2","0.1","2","CES","0.5","1","1","1","10","10","1","0.9","77","36","0.45","0.48","0.2","0","0.002","0.001","true","1","no","0","0","60","0","0","0","0.005","false","false","false","2","2","0.5","0.5","1","1","27","1.689","1.689"
"9","400","watts-strogatz","0.01","2","0.1","2","CES","0.5","1","1","1","10","10","1","0.9","77","36","0.45","0.48","0.2","0","0.002","0.001","true","1","no","0","0","60","0","0","0","0.005","false","false","false","2","2","0.5","0.5","1","1","28","1.727","1.727"
"9","400","watts-strogatz","0.01","2","0.1","2","CES","0.5","1","1","1","10","10","1","0.9","77","36","0.45","0.48","0.2","0","0.002","0.001","true","1","no","0","0","60","0","0","0","0.005","false","false","false","2","2","0.5","0.5","1","1","29","1.764","1.764"
"9","400","watts-strogatz","0.01","2","0.1","2","CES","0.5","1","1","1","10","10","1","0.9","77","36","0.45","0.48","0.2","0","0.002","0.001","true","1","no","0","0","60","0","0","0","0.005","false","false","false","2","2","0.5","0.5","1","1","30","1.801","1.801"
"9","400","watts-strogatz","0.01","2","0.1","2","CES","0.5","1","1","1","10","10","1","0.9","77","36","0.45","0.48","0.2","0","0.002","0.001","true","1","no","0","0","60","0","0","0","0.005","false","false","false","2","2","0.5","0.5","1","1","31","1.837","1.837"
"9","400","watts-strogatz","0.01","2","0.1","2","CES","0.5","1","1","1","10","10","1","0.9","77","36","0.45","0.48","0.2","0","0.002","0.001","true","1","no","0","0","60","0","0","0","0.005","false","false","false","2","2","0.5","0.5","1","1","32","1.872","1.872"
"9","400","watts-strogatz","0.01","2","0.1","2","CES","0.5","1","1","1","10","10","1","0.9","77","36","0.45","0.48","0.2","0","0.002","0.001","true","1","no","0","0","60","0","0","0","0.005","false","false","false","2","2","0.5","0.5","1","1","33","1.906","1.906"
"9","400","watts-strogatz","0.01","2","0.1","2","CES","0.5","1","1","1","10","10","1","0.9","77","36","0.45","0.48","0.2","0","0.002","0.001","true","1","no","0","0","60","0","0","0","0.005","false","false","false","2","2","0.5","0.5","1","1","34","1.94","1.94"
"9","400","watts-strogatz","0.01","2","0.1","2","CES","0.5","1","1","1","10","10","1","0.9","77","36","0.45","0.48","0.2","0","0.002","0.001","true","1","no","0","0","60","0","0","0","0.005","false","false","false","2","2","0.5","0.5","1","1","35","1.973","1.973"
"9","400","watts-strogatz","0.01","2","0.1","2","CES","0.5","1","1","1","10","10","1","0.9","77","36","0.45","0.48","0.2","0","0.002","0.001","true","1","no","0","0","60","0","0","0","0.005","false","false","false","2","2","0.5","0.5","1","1","36","2.005","2.005"
"9","400","watts-strogatz","0.01","2","0.1","2","CES","0.5","1","1","1","10","10","1","0.9","77","36","0.45","0.48","0.2","0","0.002","0.001","true","1","no","0","0","60","0","0","0","0.005","false","false","false","2","2","0.5","0.5","1","1","37","2.037","2.037"
"9","400","watts-strogatz","0.01","2","0.1","2","CES","0.5","1","1","1","10","10","1","0.9","77","36","0.45","0.48","0.2","0","0.002","0.001","true","1","no","0","0","60","0","0","0","0.005","false","false","false","2","2","0.5","0.5","1","1","38","2.068","2.068"
"9","400","watts-strogatz","0.01","2","0.1","2","CES","0.5","1","1","1","10","10","1","0.9","77","36","0.45","0.48","0.2","0","0.002","0.001","true","1","no","0","0","60","0","0","0","0.005","false","false","false","2","2","0.5","0.5","1","1","39","2.098","2.098"
"9","400","watts-strogatz","0.01","2","0.1","2","CES","0.5","1","1","1","10","10","1","0.9","77","36","0.45","0.48","0.2","0","0.002","0.001","true","1","no","0","0","60","0","0","0","0.005","false","false","false","2","2","0.5","0.5","1","1","40","2.128","2.128"
"9","400","watts-strogatz","0.01","2","0.1","2","CES","0.5","1","1","1","10","10","1","0.9","77","36","0.45","0.48","0.2","0","0.002","0.001","true","1","no","0","0","60","0","0","0","0.005","false","false","false","2","2","0.5","0.5","1","1","41","2.158","2.158"
"9","400","watts-strogatz","0.01","2","0.1","2","CES","0.5","1","1","1","10","10","1","0.9","77","36","0.45","0.48","0.2","0","0.002","0.001","true","1","no","0","0","60","0","0","0","0.005","false","false","false","2","2","0.5","0.5","1","1","42","2.188","2.188"
"9","400","watts-strogatz","0.01","2","0.1","2","CES","0.5","1","1","1","10","10","1","0.9","77","36","0.45","0.48","0.2","0","0.002","0.001","true","1","no","0","0","60","0","0","0","0.005","false","false","false","2","2","0.5","0.5","1","1","43","2.216","2.216"
"9","400","watts-strogatz","0.01","2","0.1","2","CES","0.5","1","1","1","10","10","1","0.9","77","36","0.45","0.48","0.2","0","0.002","0.001","true","1","no","0","0","60","0","0","0","0.005","false","false","false","2","2","0.5","0.5","1","1","44","2.244","2.244"
"9","400","watts-strogatz","0.01","2","0.1","2","CES","0.5","1","1","1","10","10","1","0.9","77","36","0.45","0.48","0.2","0","0.002","0.001","true","1","no","0","0","60","0","0","0","0.005","false","false","false","2","2","0.5","0.5","1","1","45","2.271","2.271"
"9","400","watts-strogatz","0.01","2","0.1","2","CES","0.5","1","1","1","10","10","1","0.9","77","36","0.45","0.48","0.2","0","0.002","0.001","true","1","no","0","0","60","0","0","0","0.005","false","false","false","2","2","0.5","0.5","1","1","46","2.298","2.298"
"9","400","watts-strogatz","0.01","2","0.1","2","CES","0.5","1","1","1","10","10","1","0.9","77","36","0.45","0.48","0.2","0","0.002","0.001","true","1","no","0","0","60","0","0","0","0.005","false","false","false","2","2","0.5","0.5","1","1","47","2.325","2.325"
"9","400","watts-strogatz","0.01","2","0.1","2","CES","0.5","1","1","1","10","10","1","0.9","77","36","0.45","0.48","0.2","0","0.002","0.001","true","1","no","0","0","60","0","0","0","0.005","false","false","false","2","2","0.5","0.5","1","1","48","2.351","2.351"
"9","400","watts-strogatz","0.01","2","0.1","2","CES","0.5","1","1","1","10","10","1","0.9","77","36","0.45","0.48","0.2","0","0.002","0.001","true","1","no","0","0","60","0","0","0","0.005","false","false","false","2","2","0.5","0.5","1","1","49","2.377","2.377"
"9","400","watts-strogatz","0.01","2","0.1","2","CES","0.5","1","1","1","10","10","1","0.9","77","36","0.45","0.48","0.2","0","0.002","0.001","true","1","no","0","0","60","0","0","0","0.005","false","false","false","2","2","0.5","0.5","1","1","50","2.402","2.402"
